ubp_id,symbol,atomic_number_identity,channel,value_exact,unit,condition,uncertainty,source,status
ELEM_H_001,H,1,atomic_mass,126/125,u (inferred convention; not declared by KB),not_reported,not_reported,ubp_system_kb.json; upstream per-value source not_reported,unit_inferred_source_unresolved
ELEM_H_001,H,1,boiling_point,507/25,K (inferred convention; not declared by KB),pressure/phase convention not_reported,not_reported,ubp_system_kb.json; upstream per-value source not_reported,unit_inferred_conditions_unresolved
ELEM_H_001,H,1,melting_point,1401/100,K (inferred convention; not declared by KB),pressure/allotrope convention not_reported,not_reported,ubp_system_kb.json; upstream per-value source not_reported,unit_inferred_conditions_unresolved
ELEM_H_001,H,1,atomic_number,1,1 (count),chemical-element identity,exact,KB element identifier and M_Count.Z agree,ontology_derived_exact
ELEM_H_001,H,1,density,2247/25000,unresolved: values appear to mix gas and condensed-phase conventions,temperature/pressure/phase not_reported,not_reported,ubp_system_kb.json; upstream per-value source not_reported,unit_and_conditions_unresolved
ELEM_He_002,He,2,atomic_mass,20013/5000,u (inferred convention; not declared by KB),not_reported,not_reported,ubp_system_kb.json; upstream per-value source not_reported,unit_inferred_source_unresolved
ELEM_He_002,He,2,boiling_point,211/50,K (inferred convention; not declared by KB),pressure/phase convention not_reported,not_reported,ubp_system_kb.json; upstream per-value source not_reported,unit_inferred_conditions_unresolved
ELEM_He_002,He,2,melting_point,19/20,K (inferred convention; not declared by KB),pressure/allotrope convention not_reported,not_reported,ubp_system_kb.json; upstream per-value source not_reported,unit_inferred_conditions_unresolved
ELEM_He_002,He,2,atomic_number,2,1 (count),chemical-element identity,exact,KB element identifier and M_Count.Z agree,ontology_derived_exact
ELEM_He_002,He,2,density,893/5000,unresolved: values appear to mix gas and condensed-phase conventions,temperature/pressure/phase not_reported,not_reported,ubp_system_kb.json; upstream per-value source not_reported,unit_and_conditions_unresolved
ELEM_Li_003,Li,3,atomic_mass,6941/1000,u (inferred convention; not declared by KB),not_reported,not_reported,ubp_system_kb.json; upstream per-value source not_reported,unit_inferred_source_unresolved
ELEM_Li_003,Li,3,boiling_point,1615,K (inferred convention; not declared by KB),pressure/phase convention not_reported,not_reported,ubp_system_kb.json; upstream per-value source not_reported,unit_inferred_conditions_unresolved
ELEM_Li_003,Li,3,melting_point,9073/20,K (inferred convention; not declared by KB),pressure/allotrope convention not_reported,not_reported,ubp_system_kb.json; upstream per-value source not_reported,unit_inferred_conditions_unresolved
ELEM_Li_003,Li,3,atomic_number,3,1 (count),chemical-element identity,exact,KB element identifier and M_Count.Z agree,ontology_derived_exact
ELEM_Li_003,Li,3,density,267/500,unresolved: values appear to mix gas and condensed-phase conventions,temperature/pressure/phase not_reported,not_reported,ubp_system_kb.json; upstream per-value source not_reported,unit_and_conditions_unresolved
ELEM_Be_004,Be,4,atomic_mass,45061/5000,u (inferred convention; not declared by KB),not_reported,not_reported,ubp_system_kb.json; upstream per-value source not_reported,unit_inferred_source_unresolved
ELEM_Be_004,Be,4,boiling_point,2742,K (inferred convention; not declared by KB),pressure/phase convention not_reported,not_reported,ubp_system_kb.json; upstream per-value source not_reported,unit_inferred_conditions_unresolved
ELEM_Be_004,Be,4,melting_point,1560,K (inferred convention; not declared by KB),pressure/allotrope convention not_reported,not_reported,ubp_system_kb.json; upstream per-value source not_reported,unit_inferred_conditions_unresolved
ELEM_Be_004,Be,4,atomic_number,4,1 (count),chemical-element identity,exact,KB element identifier and M_Count.Z agree,ontology_derived_exact
ELEM_Be_004,Be,4,density,37/20,unresolved: values appear to mix gas and condensed-phase conventions,temperature/pressure/phase not_reported,not_reported,ubp_system_kb.json; upstream per-value source not_reported,unit_and_conditions_unresolved
ELEM_B_005,B,5,atomic_mass,1081/100,u (inferred convention; not declared by KB),not_reported,not_reported,ubp_system_kb.json; upstream per-value source not_reported,unit_inferred_source_unresolved
ELEM_B_005,B,5,boiling_point,4200,K (inferred convention; not declared by KB),pressure/phase convention not_reported,not_reported,ubp_system_kb.json; upstream per-value source not_reported,unit_inferred_conditions_unresolved
ELEM_B_005,B,5,melting_point,2349,K (inferred convention; not declared by KB),pressure/allotrope convention not_reported,not_reported,ubp_system_kb.json; upstream per-value source not_reported,unit_inferred_conditions_unresolved
ELEM_B_005,B,5,atomic_number,5,1 (count),chemical-element identity,exact,KB element identifier and M_Count.Z agree,ontology_derived_exact
ELEM_B_005,B,5,density,117/50,unresolved: values appear to mix gas and condensed-phase conventions,temperature/pressure/phase not_reported,not_reported,ubp_system_kb.json; upstream per-value source not_reported,unit_and_conditions_unresolved
ELEM_C_006,C,6,atomic_mass,12011/1000,u (inferred convention; not declared by KB),not_reported,not_reported,ubp_system_kb.json; upstream per-value source not_reported,unit_inferred_source_unresolved
ELEM_C_006,C,6,boiling_point,4098,K (inferred convention; not declared by KB),pressure/phase convention not_reported,not_reported,ubp_system_kb.json; upstream per-value source not_reported,unit_inferred_conditions_unresolved
ELEM_C_006,C,6,melting_point,3823,K (inferred convention; not declared by KB),pressure/allotrope convention not_reported,not_reported,ubp_system_kb.json; upstream per-value source not_reported,unit_inferred_conditions_unresolved
ELEM_C_006,C,6,atomic_number,6,1 (count),chemical-element identity,exact,KB element identifier and M_Count.Z agree,ontology_derived_exact
ELEM_C_006,C,6,density,2267/1000,unresolved: values appear to mix gas and condensed-phase conventions,temperature/pressure/phase not_reported,not_reported,ubp_system_kb.json; upstream per-value source not_reported,unit_and_conditions_unresolved
ELEM_N_007,N,7,atomic_mass,14007/1000,u (inferred convention; not declared by KB),not_reported,not_reported,ubp_system_kb.json; upstream per-value source not_reported,unit_inferred_source_unresolved
ELEM_N_007,N,7,boiling_point,1934/25,K (inferred convention; not declared by KB),pressure/phase convention not_reported,not_reported,ubp_system_kb.json; upstream per-value source not_reported,unit_inferred_conditions_unresolved
ELEM_N_007,N,7,melting_point,1263/20,K (inferred convention; not declared by KB),pressure/allotrope convention not_reported,not_reported,ubp_system_kb.json; upstream per-value source not_reported,unit_inferred_conditions_unresolved
ELEM_N_007,N,7,atomic_number,7,1 (count),chemical-element identity,exact,KB element identifier and M_Count.Z agree,ontology_derived_exact
ELEM_N_007,N,7,density,1251/1000,unresolved: values appear to mix gas and condensed-phase conventions,temperature/pressure/phase not_reported,not_reported,ubp_system_kb.json; upstream per-value source not_reported,unit_and_conditions_unresolved
ELEM_O_008,O,8,atomic_mass,15999/1000,u (inferred convention; not declared by KB),not_reported,not_reported,ubp_system_kb.json; upstream per-value source not_reported,unit_inferred_source_unresolved
ELEM_O_008,O,8,boiling_point,451/5,K (inferred convention; not declared by KB),pressure/phase convention not_reported,not_reported,ubp_system_kb.json; upstream per-value source not_reported,unit_inferred_conditions_unresolved
ELEM_O_008,O,8,melting_point,1359/25,K (inferred convention; not declared by KB),pressure/allotrope convention not_reported,not_reported,ubp_system_kb.json; upstream per-value source not_reported,unit_inferred_conditions_unresolved
ELEM_O_008,O,8,atomic_number,8,1 (count),chemical-element identity,exact,KB element identifier and M_Count.Z agree,ontology_derived_exact
ELEM_O_008,O,8,density,1429/1000,unresolved: values appear to mix gas and condensed-phase conventions,temperature/pressure/phase not_reported,not_reported,ubp_system_kb.json; upstream per-value source not_reported,unit_and_conditions_unresolved
ELEM_F_009,F,9,atomic_mass,9499/500,u (inferred convention; not declared by KB),not_reported,not_reported,ubp_system_kb.json; upstream per-value source not_reported,unit_inferred_source_unresolved
ELEM_F_009,F,9,boiling_point,8503/100,K (inferred convention; not declared by KB),pressure/phase convention not_reported,not_reported,ubp_system_kb.json; upstream per-value source not_reported,unit_inferred_conditions_unresolved
ELEM_F_009,F,9,melting_point,5353/100,K (inferred convention; not declared by KB),pressure/allotrope convention not_reported,not_reported,ubp_system_kb.json; upstream per-value source not_reported,unit_inferred_conditions_unresolved
ELEM_F_009,F,9,atomic_number,9,1 (count),chemical-element identity,exact,KB element identifier and M_Count.Z agree,ontology_derived_exact
ELEM_F_009,F,9,density,212/125,unresolved: values appear to mix gas and condensed-phase conventions,temperature/pressure/phase not_reported,not_reported,ubp_system_kb.json; upstream per-value source not_reported,unit_and_conditions_unresolved
ELEM_Ne_010,Ne,10,atomic_mass,1009/50,u (inferred convention; not declared by KB),not_reported,not_reported,ubp_system_kb.json; upstream per-value source not_reported,unit_inferred_source_unresolved
ELEM_Ne_010,Ne,10,boiling_point,2707/100,K (inferred convention; not declared by KB),pressure/phase convention not_reported,not_reported,ubp_system_kb.json; upstream per-value source not_reported,unit_inferred_conditions_unresolved
ELEM_Ne_010,Ne,10,melting_point,614/25,K (inferred convention; not declared by KB),pressure/allotrope convention not_reported,not_reported,ubp_system_kb.json; upstream per-value source not_reported,unit_inferred_conditions_unresolved
ELEM_Ne_010,Ne,10,atomic_number,10,1 (count),chemical-element identity,exact,KB element identifier and M_Count.Z agree,ontology_derived_exact
ELEM_Ne_010,Ne,10,density,4501/5000,unresolved: values appear to mix gas and condensed-phase conventions,temperature/pressure/phase not_reported,not_reported,ubp_system_kb.json; upstream per-value source not_reported,unit_and_conditions_unresolved
ELEM_Na_011,Na,11,atomic_mass,2299/100,u (inferred convention; not declared by KB),not_reported,not_reported,ubp_system_kb.json; upstream per-value source not_reported,unit_inferred_source_unresolved
ELEM_Na_011,Na,11,boiling_point,1156,K (inferred convention; not declared by KB),pressure/phase convention not_reported,not_reported,ubp_system_kb.json; upstream per-value source not_reported,unit_inferred_conditions_unresolved
ELEM_Na_011,Na,11,melting_point,7419/20,K (inferred convention; not declared by KB),pressure/allotrope convention not_reported,not_reported,ubp_system_kb.json; upstream per-value source not_reported,unit_inferred_conditions_unresolved
ELEM_Na_011,Na,11,atomic_number,11,1 (count),chemical-element identity,exact,KB element identifier and M_Count.Z agree,ontology_derived_exact
ELEM_Na_011,Na,11,density,971/1000,unresolved: values appear to mix gas and condensed-phase conventions,temperature/pressure/phase not_reported,not_reported,ubp_system_kb.json; upstream per-value source not_reported,unit_and_conditions_unresolved
ELEM_Mg_012,Mg,12,atomic_mass,4861/200,u (inferred convention; not declared by KB),not_reported,not_reported,ubp_system_kb.json; upstream per-value source not_reported,unit_inferred_source_unresolved
ELEM_Mg_012,Mg,12,boiling_point,1363,K (inferred convention; not declared by KB),pressure/phase convention not_reported,not_reported,ubp_system_kb.json; upstream per-value source not_reported,unit_inferred_conditions_unresolved
ELEM_Mg_012,Mg,12,melting_point,923,K (inferred convention; not declared by KB),pressure/allotrope convention not_reported,not_reported,ubp_system_kb.json; upstream per-value source not_reported,unit_inferred_conditions_unresolved
ELEM_Mg_012,Mg,12,atomic_number,12,1 (count),chemical-element identity,exact,KB element identifier and M_Count.Z agree,ontology_derived_exact
ELEM_Mg_012,Mg,12,density,869/500,unresolved: values appear to mix gas and condensed-phase conventions,temperature/pressure/phase not_reported,not_reported,ubp_system_kb.json; upstream per-value source not_reported,unit_and_conditions_unresolved
ELEM_Al_013,Al,13,atomic_mass,13491/500,u (inferred convention; not declared by KB),not_reported,not_reported,ubp_system_kb.json; upstream per-value source not_reported,unit_inferred_source_unresolved
ELEM_Al_013,Al,13,boiling_point,2792,K (inferred convention; not declared by KB),pressure/phase convention not_reported,not_reported,ubp_system_kb.json; upstream per-value source not_reported,unit_inferred_conditions_unresolved
ELEM_Al_013,Al,13,melting_point,93347/100,K (inferred convention; not declared by KB),pressure/allotrope convention not_reported,not_reported,ubp_system_kb.json; upstream per-value source not_reported,unit_inferred_conditions_unresolved
ELEM_Al_013,Al,13,atomic_number,13,1 (count),chemical-element identity,exact,KB element identifier and M_Count.Z agree,ontology_derived_exact
ELEM_Al_013,Al,13,density,27/10,unresolved: values appear to mix gas and condensed-phase conventions,temperature/pressure/phase not_reported,not_reported,ubp_system_kb.json; upstream per-value source not_reported,unit_and_conditions_unresolved
ELEM_Si_014,Si,14,atomic_mass,14043/500,u (inferred convention; not declared by KB),not_reported,not_reported,ubp_system_kb.json; upstream per-value source not_reported,unit_inferred_source_unresolved
ELEM_Si_014,Si,14,boiling_point,3538,K (inferred convention; not declared by KB),pressure/phase convention not_reported,not_reported,ubp_system_kb.json; upstream per-value source not_reported,unit_inferred_conditions_unresolved
ELEM_Si_014,Si,14,melting_point,1687,K (inferred convention; not declared by KB),pressure/allotrope convention not_reported,not_reported,ubp_system_kb.json; upstream per-value source not_reported,unit_inferred_conditions_unresolved
ELEM_Si_014,Si,14,atomic_number,14,1 (count),chemical-element identity,exact,KB element identifier and M_Count.Z agree,ontology_derived_exact
ELEM_Si_014,Si,14,density,1456/625,unresolved: values appear to mix gas and condensed-phase conventions,temperature/pressure/phase not_reported,not_reported,ubp_system_kb.json; upstream per-value source not_reported,unit_and_conditions_unresolved
ELEM_P_015,P,15,atomic_mass,15487/500,u (inferred convention; not declared by KB),not_reported,not_reported,ubp_system_kb.json; upstream per-value source not_reported,unit_inferred_source_unresolved
ELEM_P_015,P,15,boiling_point,11073/20,K (inferred convention; not declared by KB),pressure/phase convention not_reported,not_reported,ubp_system_kb.json; upstream per-value source not_reported,unit_inferred_conditions_unresolved
ELEM_P_015,P,15,melting_point,3173/10,K (inferred convention; not declared by KB),pressure/allotrope convention not_reported,not_reported,ubp_system_kb.json; upstream per-value source not_reported,unit_inferred_conditions_unresolved
ELEM_P_015,P,15,atomic_number,15,1 (count),chemical-element identity,exact,KB element identifier and M_Count.Z agree,ontology_derived_exact
ELEM_P_015,P,15,density,91/50,unresolved: values appear to mix gas and condensed-phase conventions,temperature/pressure/phase not_reported,not_reported,ubp_system_kb.json; upstream per-value source not_reported,unit_and_conditions_unresolved
ELEM_S_016,S,16,atomic_mass,1603/50,u (inferred convention; not declared by KB),not_reported,not_reported,ubp_system_kb.json; upstream per-value source not_reported,unit_inferred_source_unresolved
ELEM_S_016,S,16,boiling_point,71787/100,K (inferred convention; not declared by KB),pressure/phase convention not_reported,not_reported,ubp_system_kb.json; upstream per-value source not_reported,unit_inferred_conditions_unresolved
ELEM_S_016,S,16,melting_point,9709/25,K (inferred convention; not declared by KB),pressure/allotrope convention not_reported,not_reported,ubp_system_kb.json; upstream per-value source not_reported,unit_inferred_conditions_unresolved
ELEM_S_016,S,16,atomic_number,16,1 (count),chemical-element identity,exact,KB element identifier and M_Count.Z agree,ontology_derived_exact
ELEM_S_016,S,16,density,2067/1000,unresolved: values appear to mix gas and condensed-phase conventions,temperature/pressure/phase not_reported,not_reported,ubp_system_kb.json; upstream per-value source not_reported,unit_and_conditions_unresolved
ELEM_Cl_017,Cl,17,atomic_mass,709/20,u (inferred convention; not declared by KB),not_reported,not_reported,ubp_system_kb.json; upstream per-value source not_reported,unit_inferred_source_unresolved
ELEM_Cl_017,Cl,17,boiling_point,23911/100,K (inferred convention; not declared by KB),pressure/phase convention not_reported,not_reported,ubp_system_kb.json; upstream per-value source not_reported,unit_inferred_conditions_unresolved
ELEM_Cl_017,Cl,17,melting_point,858/5,K (inferred convention; not declared by KB),pressure/allotrope convention not_reported,not_reported,ubp_system_kb.json; upstream per-value source not_reported,unit_inferred_conditions_unresolved
ELEM_Cl_017,Cl,17,atomic_number,17,1 (count),chemical-element identity,exact,KB element identifier and M_Count.Z agree,ontology_derived_exact
ELEM_Cl_017,Cl,17,density,1607/500,unresolved: values appear to mix gas and condensed-phase conventions,temperature/pressure/phase not_reported,not_reported,ubp_system_kb.json; upstream per-value source not_reported,unit_and_conditions_unresolved
ELEM_Ar_018,Ar,18,atomic_mass,9987/250,u (inferred convention; not declared by KB),not_reported,not_reported,ubp_system_kb.json; upstream per-value source not_reported,unit_inferred_source_unresolved
ELEM_Ar_018,Ar,18,boiling_point,873/10,K (inferred convention; not declared by KB),pressure/phase convention not_reported,not_reported,ubp_system_kb.json; upstream per-value source not_reported,unit_inferred_conditions_unresolved
ELEM_Ar_018,Ar,18,melting_point,419/5,K (inferred convention; not declared by KB),pressure/allotrope convention not_reported,not_reported,ubp_system_kb.json; upstream per-value source not_reported,unit_inferred_conditions_unresolved
ELEM_Ar_018,Ar,18,atomic_number,18,1 (count),chemical-element identity,exact,KB element identifier and M_Count.Z agree,ontology_derived_exact
ELEM_Ar_018,Ar,18,density,223/125,unresolved: values appear to mix gas and condensed-phase conventions,temperature/pressure/phase not_reported,not_reported,ubp_system_kb.json; upstream per-value source not_reported,unit_and_conditions_unresolved
ELEM_K_019,K,19,atomic_mass,19549/500,u (inferred convention; not declared by KB),not_reported,not_reported,ubp_system_kb.json; upstream per-value source not_reported,unit_inferred_source_unresolved
ELEM_K_019,K,19,boiling_point,1032,K (inferred convention; not declared by KB),pressure/phase convention not_reported,not_reported,ubp_system_kb.json; upstream per-value source not_reported,unit_inferred_conditions_unresolved
ELEM_K_019,K,19,melting_point,33653/100,K (inferred convention; not declared by KB),pressure/allotrope convention not_reported,not_reported,ubp_system_kb.json; upstream per-value source not_reported,unit_inferred_conditions_unresolved
ELEM_K_019,K,19,atomic_number,19,1 (count),chemical-element identity,exact,KB element identifier and M_Count.Z agree,ontology_derived_exact
ELEM_K_019,K,19,density,431/500,unresolved: values appear to mix gas and condensed-phase conventions,temperature/pressure/phase not_reported,not_reported,ubp_system_kb.json; upstream per-value source not_reported,unit_and_conditions_unresolved
ELEM_Ca_020,Ca,20,atomic_mass,20039/500,u (inferred convention; not declared by KB),not_reported,not_reported,ubp_system_kb.json; upstream per-value source not_reported,unit_inferred_source_unresolved
ELEM_Ca_020,Ca,20,boiling_point,1757,K (inferred convention; not declared by KB),pressure/phase convention not_reported,not_reported,ubp_system_kb.json; upstream per-value source not_reported,unit_inferred_conditions_unresolved
ELEM_Ca_020,Ca,20,melting_point,1115,K (inferred convention; not declared by KB),pressure/allotrope convention not_reported,not_reported,ubp_system_kb.json; upstream per-value source not_reported,unit_inferred_conditions_unresolved
ELEM_Ca_020,Ca,20,atomic_number,20,1 (count),chemical-element identity,exact,KB element identifier and M_Count.Z agree,ontology_derived_exact
ELEM_Ca_020,Ca,20,density,77/50,unresolved: values appear to mix gas and condensed-phase conventions,temperature/pressure/phase not_reported,not_reported,ubp_system_kb.json; upstream per-value source not_reported,unit_and_conditions_unresolved
ELEM_Sc_021,Sc,21,atomic_mass,11239/250,u (inferred convention; not declared by KB),not_reported,not_reported,ubp_system_kb.json; upstream per-value source not_reported,unit_inferred_source_unresolved
ELEM_Sc_021,Sc,21,boiling_point,3109,K (inferred convention; not declared by KB),pressure/phase convention not_reported,not_reported,ubp_system_kb.json; upstream per-value source not_reported,unit_inferred_conditions_unresolved
ELEM_Sc_021,Sc,21,melting_point,1814,K (inferred convention; not declared by KB),pressure/allotrope convention not_reported,not_reported,ubp_system_kb.json; upstream per-value source not_reported,unit_inferred_conditions_unresolved
ELEM_Sc_021,Sc,21,atomic_number,21,1 (count),chemical-element identity,exact,KB element identifier and M_Count.Z agree,ontology_derived_exact
ELEM_Sc_021,Sc,21,density,2989/1000,unresolved: values appear to mix gas and condensed-phase conventions,temperature/pressure/phase not_reported,not_reported,ubp_system_kb.json; upstream per-value source not_reported,unit_and_conditions_unresolved
ELEM_Ti_022,Ti,22,atomic_mass,47867/1000,u (inferred convention; not declared by KB),not_reported,not_reported,ubp_system_kb.json; upstream per-value source not_reported,unit_inferred_source_unresolved
ELEM_Ti_022,Ti,22,boiling_point,3560,K (inferred convention; not declared by KB),pressure/phase convention not_reported,not_reported,ubp_system_kb.json; upstream per-value source not_reported,unit_inferred_conditions_unresolved
ELEM_Ti_022,Ti,22,melting_point,1941,K (inferred convention; not declared by KB),pressure/allotrope convention not_reported,not_reported,ubp_system_kb.json; upstream per-value source not_reported,unit_inferred_conditions_unresolved
ELEM_Ti_022,Ti,22,atomic_number,22,1 (count),chemical-element identity,exact,KB element identifier and M_Count.Z agree,ontology_derived_exact
ELEM_Ti_022,Ti,22,density,2253/500,unresolved: values appear to mix gas and condensed-phase conventions,temperature/pressure/phase not_reported,not_reported,ubp_system_kb.json; upstream per-value source not_reported,unit_and_conditions_unresolved
ELEM_V_023,V,23,atomic_mass,25471/500,u (inferred convention; not declared by KB),not_reported,not_reported,ubp_system_kb.json; upstream per-value source not_reported,unit_inferred_source_unresolved
ELEM_V_023,V,23,boiling_point,3680,K (inferred convention; not declared by KB),pressure/phase convention not_reported,not_reported,ubp_system_kb.json; upstream per-value source not_reported,unit_inferred_conditions_unresolved
ELEM_V_023,V,23,melting_point,2183,K (inferred convention; not declared by KB),pressure/allotrope convention not_reported,not_reported,ubp_system_kb.json; upstream per-value source not_reported,unit_inferred_conditions_unresolved
ELEM_V_023,V,23,atomic_number,23,1 (count),chemical-element identity,exact,KB element identifier and M_Count.Z agree,ontology_derived_exact
ELEM_V_023,V,23,density,611/100,unresolved: values appear to mix gas and condensed-phase conventions,temperature/pressure/phase not_reported,not_reported,ubp_system_kb.json; upstream per-value source not_reported,unit_and_conditions_unresolved
ELEM_Cr_024,Cr,24,atomic_mass,12999/250,u (inferred convention; not declared by KB),not_reported,not_reported,ubp_system_kb.json; upstream per-value source not_reported,unit_inferred_source_unresolved
ELEM_Cr_024,Cr,24,boiling_point,2944,K (inferred convention; not declared by KB),pressure/phase convention not_reported,not_reported,ubp_system_kb.json; upstream per-value source not_reported,unit_inferred_conditions_unresolved
ELEM_Cr_024,Cr,24,melting_point,2180,K (inferred convention; not declared by KB),pressure/allotrope convention not_reported,not_reported,ubp_system_kb.json; upstream per-value source not_reported,unit_inferred_conditions_unresolved
ELEM_Cr_024,Cr,24,atomic_number,24,1 (count),chemical-element identity,exact,KB element identifier and M_Count.Z agree,ontology_derived_exact
ELEM_Cr_024,Cr,24,density,143/20,unresolved: values appear to mix gas and condensed-phase conventions,temperature/pressure/phase not_reported,not_reported,ubp_system_kb.json; upstream per-value source not_reported,unit_and_conditions_unresolved
ELEM_Mn_025,Mn,25,atomic_mass,27469/500,u (inferred convention; not declared by KB),not_reported,not_reported,ubp_system_kb.json; upstream per-value source not_reported,unit_inferred_source_unresolved
ELEM_Mn_025,Mn,25,boiling_point,2334,K (inferred convention; not declared by KB),pressure/phase convention not_reported,not_reported,ubp_system_kb.json; upstream per-value source not_reported,unit_inferred_conditions_unresolved
ELEM_Mn_025,Mn,25,melting_point,1519,K (inferred convention; not declared by KB),pressure/allotrope convention not_reported,not_reported,ubp_system_kb.json; upstream per-value source not_reported,unit_inferred_conditions_unresolved
ELEM_Mn_025,Mn,25,atomic_number,25,1 (count),chemical-element identity,exact,KB element identifier and M_Count.Z agree,ontology_derived_exact
ELEM_Mn_025,Mn,25,density,186/25,unresolved: values appear to mix gas and condensed-phase conventions,temperature/pressure/phase not_reported,not_reported,ubp_system_kb.json; upstream per-value source not_reported,unit_and_conditions_unresolved
ELEM_Fe_026,Fe,26,atomic_mass,11169/200,u (inferred convention; not declared by KB),not_reported,not_reported,ubp_system_kb.json; upstream per-value source not_reported,unit_inferred_source_unresolved
ELEM_Fe_026,Fe,26,boiling_point,3134,K (inferred convention; not declared by KB),pressure/phase convention not_reported,not_reported,ubp_system_kb.json; upstream per-value source not_reported,unit_inferred_conditions_unresolved
ELEM_Fe_026,Fe,26,melting_point,1811,K (inferred convention; not declared by KB),pressure/allotrope convention not_reported,not_reported,ubp_system_kb.json; upstream per-value source not_reported,unit_inferred_conditions_unresolved
ELEM_Fe_026,Fe,26,atomic_number,26,1 (count),chemical-element identity,exact,KB element identifier and M_Count.Z agree,ontology_derived_exact
ELEM_Fe_026,Fe,26,density,3937/500,unresolved: values appear to mix gas and condensed-phase conventions,temperature/pressure/phase not_reported,not_reported,ubp_system_kb.json; upstream per-value source not_reported,unit_and_conditions_unresolved
ELEM_Co_027,Co,27,atomic_mass,58933/1000,u (inferred convention; not declared by KB),not_reported,not_reported,ubp_system_kb.json; upstream per-value source not_reported,unit_inferred_source_unresolved
ELEM_Co_027,Co,27,boiling_point,3200,K (inferred convention; not declared by KB),pressure/phase convention not_reported,not_reported,ubp_system_kb.json; upstream per-value source not_reported,unit_inferred_conditions_unresolved
ELEM_Co_027,Co,27,melting_point,1768,K (inferred convention; not declared by KB),pressure/allotrope convention not_reported,not_reported,ubp_system_kb.json; upstream per-value source not_reported,unit_inferred_conditions_unresolved
ELEM_Co_027,Co,27,atomic_number,27,1 (count),chemical-element identity,exact,KB element identifier and M_Count.Z agree,ontology_derived_exact
ELEM_Co_027,Co,27,density,89/10,unresolved: values appear to mix gas and condensed-phase conventions,temperature/pressure/phase not_reported,not_reported,ubp_system_kb.json; upstream per-value source not_reported,unit_and_conditions_unresolved
ELEM_Ni_028,Ni,28,atomic_mass,58693/1000,u (inferred convention; not declared by KB),not_reported,not_reported,ubp_system_kb.json; upstream per-value source not_reported,unit_inferred_source_unresolved
ELEM_Ni_028,Ni,28,boiling_point,3186,K (inferred convention; not declared by KB),pressure/phase convention not_reported,not_reported,ubp_system_kb.json; upstream per-value source not_reported,unit_inferred_conditions_unresolved
ELEM_Ni_028,Ni,28,melting_point,1728,K (inferred convention; not declared by KB),pressure/allotrope convention not_reported,not_reported,ubp_system_kb.json; upstream per-value source not_reported,unit_inferred_conditions_unresolved
ELEM_Ni_028,Ni,28,atomic_number,28,1 (count),chemical-element identity,exact,KB element identifier and M_Count.Z agree,ontology_derived_exact
ELEM_Ni_028,Ni,28,density,2227/250,unresolved: values appear to mix gas and condensed-phase conventions,temperature/pressure/phase not_reported,not_reported,ubp_system_kb.json; upstream per-value source not_reported,unit_and_conditions_unresolved
ELEM_Cu_029,Cu,29,atomic_mass,31773/500,u (inferred convention; not declared by KB),not_reported,not_reported,ubp_system_kb.json; upstream per-value source not_reported,unit_inferred_source_unresolved
ELEM_Cu_029,Cu,29,boiling_point,2835,K (inferred convention; not declared by KB),pressure/phase convention not_reported,not_reported,ubp_system_kb.json; upstream per-value source not_reported,unit_inferred_conditions_unresolved
ELEM_Cu_029,Cu,29,melting_point,135777/100,K (inferred convention; not declared by KB),pressure/allotrope convention not_reported,not_reported,ubp_system_kb.json; upstream per-value source not_reported,unit_inferred_conditions_unresolved
ELEM_Cu_029,Cu,29,atomic_number,29,1 (count),chemical-element identity,exact,KB element identifier and M_Count.Z agree,ontology_derived_exact
ELEM_Cu_029,Cu,29,density,224/25,unresolved: values appear to mix gas and condensed-phase conventions,temperature/pressure/phase not_reported,not_reported,ubp_system_kb.json; upstream per-value source not_reported,unit_and_conditions_unresolved
ELEM_Zn_030,Zn,30,atomic_mass,3269/50,u (inferred convention; not declared by KB),not_reported,not_reported,ubp_system_kb.json; upstream per-value source not_reported,unit_inferred_source_unresolved
ELEM_Zn_030,Zn,30,boiling_point,1180,K (inferred convention; not declared by KB),pressure/phase convention not_reported,not_reported,ubp_system_kb.json; upstream per-value source not_reported,unit_inferred_conditions_unresolved
ELEM_Zn_030,Zn,30,melting_point,17317/25,K (inferred convention; not declared by KB),pressure/allotrope convention not_reported,not_reported,ubp_system_kb.json; upstream per-value source not_reported,unit_inferred_conditions_unresolved
ELEM_Zn_030,Zn,30,atomic_number,30,1 (count),chemical-element identity,exact,KB element identifier and M_Count.Z agree,ontology_derived_exact
ELEM_Zn_030,Zn,30,density,3567/500,unresolved: values appear to mix gas and condensed-phase conventions,temperature/pressure/phase not_reported,not_reported,ubp_system_kb.json; upstream per-value source not_reported,unit_and_conditions_unresolved
ELEM_Ga_031,Ga,31,atomic_mass,69723/1000,u (inferred convention; not declared by KB),not_reported,not_reported,ubp_system_kb.json; upstream per-value source not_reported,unit_inferred_source_unresolved
ELEM_Ga_031,Ga,31,boiling_point,2477,K (inferred convention; not declared by KB),pressure/phase convention not_reported,not_reported,ubp_system_kb.json; upstream per-value source not_reported,unit_inferred_conditions_unresolved
ELEM_Ga_031,Ga,31,melting_point,30291/100,K (inferred convention; not declared by KB),pressure/allotrope convention not_reported,not_reported,ubp_system_kb.json; upstream per-value source not_reported,unit_inferred_conditions_unresolved
ELEM_Ga_031,Ga,31,atomic_number,31,1 (count),chemical-element identity,exact,KB element identifier and M_Count.Z agree,ontology_derived_exact
ELEM_Ga_031,Ga,31,density,5907/1000,unresolved: values appear to mix gas and condensed-phase conventions,temperature/pressure/phase not_reported,not_reported,ubp_system_kb.json; upstream per-value source not_reported,unit_and_conditions_unresolved
ELEM_Ge_032,Ge,32,atomic_mass,7263/100,u (inferred convention; not declared by KB),not_reported,not_reported,ubp_system_kb.json; upstream per-value source not_reported,unit_inferred_source_unresolved
ELEM_Ge_032,Ge,32,boiling_point,3106,K (inferred convention; not declared by KB),pressure/phase convention not_reported,not_reported,ubp_system_kb.json; upstream per-value source not_reported,unit_inferred_conditions_unresolved
ELEM_Ge_032,Ge,32,melting_point,6057/5,K (inferred convention; not declared by KB),pressure/allotrope convention not_reported,not_reported,ubp_system_kb.json; upstream per-value source not_reported,unit_inferred_conditions_unresolved
ELEM_Ge_032,Ge,32,atomic_number,32,1 (count),chemical-element identity,exact,KB element identifier and M_Count.Z agree,ontology_derived_exact
ELEM_Ge_032,Ge,32,density,5323/1000,unresolved: values appear to mix gas and condensed-phase conventions,temperature/pressure/phase not_reported,not_reported,ubp_system_kb.json; upstream per-value source not_reported,unit_and_conditions_unresolved
ELEM_As_033,As,33,atomic_mass,37461/500,u (inferred convention; not declared by KB),not_reported,not_reported,ubp_system_kb.json; upstream per-value source not_reported,unit_inferred_source_unresolved
ELEM_As_033,As,33,boiling_point,887,K (inferred convention; not declared by KB),pressure/phase convention not_reported,not_reported,ubp_system_kb.json; upstream per-value source not_reported,unit_inferred_conditions_unresolved
ELEM_As_033,As,33,melting_point,1090,K (inferred convention; not declared by KB),pressure/allotrope convention not_reported,not_reported,ubp_system_kb.json; upstream per-value source not_reported,unit_inferred_conditions_unresolved
ELEM_As_033,As,33,atomic_number,33,1 (count),chemical-element identity,exact,KB element identifier and M_Count.Z agree,ontology_derived_exact
ELEM_As_033,As,33,density,722/125,unresolved: values appear to mix gas and condensed-phase conventions,temperature/pressure/phase not_reported,not_reported,ubp_system_kb.json; upstream per-value source not_reported,unit_and_conditions_unresolved
ELEM_Se_034,Se,34,atomic_mass,78971/1000,u (inferred convention; not declared by KB),not_reported,not_reported,ubp_system_kb.json; upstream per-value source not_reported,unit_inferred_source_unresolved
ELEM_Se_034,Se,34,boiling_point,958,K (inferred convention; not declared by KB),pressure/phase convention not_reported,not_reported,ubp_system_kb.json; upstream per-value source not_reported,unit_inferred_conditions_unresolved
ELEM_Se_034,Se,34,melting_point,494,K (inferred convention; not declared by KB),pressure/allotrope convention not_reported,not_reported,ubp_system_kb.json; upstream per-value source not_reported,unit_inferred_conditions_unresolved
ELEM_Se_034,Se,34,atomic_number,34,1 (count),chemical-element identity,exact,KB element identifier and M_Count.Z agree,ontology_derived_exact
ELEM_Se_034,Se,34,density,4809/1000,unresolved: values appear to mix gas and condensed-phase conventions,temperature/pressure/phase not_reported,not_reported,ubp_system_kb.json; upstream per-value source not_reported,unit_and_conditions_unresolved
ELEM_Br_035,Br,35,atomic_mass,9988/125,u (inferred convention; not declared by KB),not_reported,not_reported,ubp_system_kb.json; upstream per-value source not_reported,unit_inferred_source_unresolved
ELEM_Br_035,Br,35,boiling_point,332,K (inferred convention; not declared by KB),pressure/phase convention not_reported,not_reported,ubp_system_kb.json; upstream per-value source not_reported,unit_inferred_conditions_unresolved
ELEM_Br_035,Br,35,melting_point,1329/5,K (inferred convention; not declared by KB),pressure/allotrope convention not_reported,not_reported,ubp_system_kb.json; upstream per-value source not_reported,unit_inferred_conditions_unresolved
ELEM_Br_035,Br,35,atomic_number,35,1 (count),chemical-element identity,exact,KB element identifier and M_Count.Z agree,ontology_derived_exact
ELEM_Br_035,Br,35,density,7757/2500,unresolved: values appear to mix gas and condensed-phase conventions,temperature/pressure/phase not_reported,not_reported,ubp_system_kb.json; upstream per-value source not_reported,unit_and_conditions_unresolved
ELEM_Kr_036,Kr,36,atomic_mass,41899/500,u (inferred convention; not declared by KB),not_reported,not_reported,ubp_system_kb.json; upstream per-value source not_reported,unit_inferred_source_unresolved
ELEM_Kr_036,Kr,36,boiling_point,11993/100,K (inferred convention; not declared by KB),pressure/phase convention not_reported,not_reported,ubp_system_kb.json; upstream per-value source not_reported,unit_inferred_conditions_unresolved
ELEM_Kr_036,Kr,36,melting_point,11579/100,K (inferred convention; not declared by KB),pressure/allotrope convention not_reported,not_reported,ubp_system_kb.json; upstream per-value source not_reported,unit_inferred_conditions_unresolved
ELEM_Kr_036,Kr,36,atomic_number,36,1 (count),chemical-element identity,exact,KB element identifier and M_Count.Z agree,ontology_derived_exact
ELEM_Kr_036,Kr,36,density,3749/1000,unresolved: values appear to mix gas and condensed-phase conventions,temperature/pressure/phase not_reported,not_reported,ubp_system_kb.json; upstream per-value source not_reported,unit_and_conditions_unresolved
ELEM_Rb_037,Rb,37,atomic_mass,21367/250,u (inferred convention; not declared by KB),not_reported,not_reported,ubp_system_kb.json; upstream per-value source not_reported,unit_inferred_source_unresolved
ELEM_Rb_037,Rb,37,boiling_point,961,K (inferred convention; not declared by KB),pressure/phase convention not_reported,not_reported,ubp_system_kb.json; upstream per-value source not_reported,unit_inferred_conditions_unresolved
ELEM_Rb_037,Rb,37,melting_point,15623/50,K (inferred convention; not declared by KB),pressure/allotrope convention not_reported,not_reported,ubp_system_kb.json; upstream per-value source not_reported,unit_inferred_conditions_unresolved
ELEM_Rb_037,Rb,37,atomic_number,37,1 (count),chemical-element identity,exact,KB element identifier and M_Count.Z agree,ontology_derived_exact
ELEM_Rb_037,Rb,37,density,383/250,unresolved: values appear to mix gas and condensed-phase conventions,temperature/pressure/phase not_reported,not_reported,ubp_system_kb.json; upstream per-value source not_reported,unit_and_conditions_unresolved
ELEM_Sr_038,Sr,38,atomic_mass,4381/50,u (inferred convention; not declared by KB),not_reported,not_reported,ubp_system_kb.json; upstream per-value source not_reported,unit_inferred_source_unresolved
ELEM_Sr_038,Sr,38,boiling_point,1655,K (inferred convention; not declared by KB),pressure/phase convention not_reported,not_reported,ubp_system_kb.json; upstream per-value source not_reported,unit_inferred_conditions_unresolved
ELEM_Sr_038,Sr,38,melting_point,1050,K (inferred convention; not declared by KB),pressure/allotrope convention not_reported,not_reported,ubp_system_kb.json; upstream per-value source not_reported,unit_inferred_conditions_unresolved
ELEM_Sr_038,Sr,38,atomic_number,38,1 (count),chemical-element identity,exact,KB element identifier and M_Count.Z agree,ontology_derived_exact
ELEM_Sr_038,Sr,38,density,66/25,unresolved: values appear to mix gas and condensed-phase conventions,temperature/pressure/phase not_reported,not_reported,ubp_system_kb.json; upstream per-value source not_reported,unit_and_conditions_unresolved
ELEM_Y_039,Y,39,atomic_mass,44453/500,u (inferred convention; not declared by KB),not_reported,not_reported,ubp_system_kb.json; upstream per-value source not_reported,unit_inferred_source_unresolved
ELEM_Y_039,Y,39,boiling_point,3609,K (inferred convention; not declared by KB),pressure/phase convention not_reported,not_reported,ubp_system_kb.json; upstream per-value source not_reported,unit_inferred_conditions_unresolved
ELEM_Y_039,Y,39,melting_point,1799,K (inferred convention; not declared by KB),pressure/allotrope convention not_reported,not_reported,ubp_system_kb.json; upstream per-value source not_reported,unit_inferred_conditions_unresolved
ELEM_Y_039,Y,39,atomic_number,39,1 (count),chemical-element identity,exact,KB element identifier and M_Count.Z agree,ontology_derived_exact
ELEM_Y_039,Y,39,density,4469/1000,unresolved: values appear to mix gas and condensed-phase conventions,temperature/pressure/phase not_reported,not_reported,ubp_system_kb.json; upstream per-value source not_reported,unit_and_conditions_unresolved
ELEM_Zr_040,Zr,40,atomic_mass,11403/125,u (inferred convention; not declared by KB),not_reported,not_reported,ubp_system_kb.json; upstream per-value source not_reported,unit_inferred_source_unresolved
ELEM_Zr_040,Zr,40,boiling_point,4682,K (inferred convention; not declared by KB),pressure/phase convention not_reported,not_reported,ubp_system_kb.json; upstream per-value source not_reported,unit_inferred_conditions_unresolved
ELEM_Zr_040,Zr,40,melting_point,2128,K (inferred convention; not declared by KB),pressure/allotrope convention not_reported,not_reported,ubp_system_kb.json; upstream per-value source not_reported,unit_inferred_conditions_unresolved
ELEM_Zr_040,Zr,40,atomic_number,40,1 (count),chemical-element identity,exact,KB element identifier and M_Count.Z agree,ontology_derived_exact
ELEM_Zr_040,Zr,40,density,3253/500,unresolved: values appear to mix gas and condensed-phase conventions,temperature/pressure/phase not_reported,not_reported,ubp_system_kb.json; upstream per-value source not_reported,unit_and_conditions_unresolved
ELEM_Nb_041,Nb,41,atomic_mass,46453/500,u (inferred convention; not declared by KB),not_reported,not_reported,ubp_system_kb.json; upstream per-value source not_reported,unit_inferred_source_unresolved
ELEM_Nb_041,Nb,41,boiling_point,5017,K (inferred convention; not declared by KB),pressure/phase convention not_reported,not_reported,ubp_system_kb.json; upstream per-value source not_reported,unit_inferred_conditions_unresolved
ELEM_Nb_041,Nb,41,melting_point,2750,K (inferred convention; not declared by KB),pressure/allotrope convention not_reported,not_reported,ubp_system_kb.json; upstream per-value source not_reported,unit_inferred_conditions_unresolved
ELEM_Nb_041,Nb,41,atomic_number,41,1 (count),chemical-element identity,exact,KB element identifier and M_Count.Z agree,ontology_derived_exact
ELEM_Nb_041,Nb,41,density,857/100,unresolved: values appear to mix gas and condensed-phase conventions,temperature/pressure/phase not_reported,not_reported,ubp_system_kb.json; upstream per-value source not_reported,unit_and_conditions_unresolved
ELEM_Mo_042,Mo,42,atomic_mass,1919/20,u (inferred convention; not declared by KB),not_reported,not_reported,ubp_system_kb.json; upstream per-value source not_reported,unit_inferred_source_unresolved
ELEM_Mo_042,Mo,42,boiling_point,4912,K (inferred convention; not declared by KB),pressure/phase convention not_reported,not_reported,ubp_system_kb.json; upstream per-value source not_reported,unit_inferred_conditions_unresolved
ELEM_Mo_042,Mo,42,melting_point,2896,K (inferred convention; not declared by KB),pressure/allotrope convention not_reported,not_reported,ubp_system_kb.json; upstream per-value source not_reported,unit_inferred_conditions_unresolved
ELEM_Mo_042,Mo,42,atomic_number,42,1 (count),chemical-element identity,exact,KB element identifier and M_Count.Z agree,ontology_derived_exact
ELEM_Mo_042,Mo,42,density,511/50,unresolved: values appear to mix gas and condensed-phase conventions,temperature/pressure/phase not_reported,not_reported,ubp_system_kb.json; upstream per-value source not_reported,unit_and_conditions_unresolved
ELEM_Tc_043,Tc,43,atomic_mass,98,u (inferred convention; not declared by KB),not_reported,not_reported,ubp_system_kb.json; upstream per-value source not_reported,unit_inferred_source_unresolved
ELEM_Tc_043,Tc,43,boiling_point,4538,K (inferred convention; not declared by KB),pressure/phase convention not_reported,not_reported,ubp_system_kb.json; upstream per-value source not_reported,unit_inferred_conditions_unresolved
ELEM_Tc_043,Tc,43,melting_point,2430,K (inferred convention; not declared by KB),pressure/allotrope convention not_reported,not_reported,ubp_system_kb.json; upstream per-value source not_reported,unit_inferred_conditions_unresolved
ELEM_Tc_043,Tc,43,atomic_number,43,1 (count),chemical-element identity,exact,KB element identifier and M_Count.Z agree,ontology_derived_exact
ELEM_Tc_043,Tc,43,density,23/2,unresolved: values appear to mix gas and condensed-phase conventions,temperature/pressure/phase not_reported,not_reported,ubp_system_kb.json; upstream per-value source not_reported,unit_and_conditions_unresolved
ELEM_Ru_044,Ru,44,atomic_mass,10107/100,u (inferred convention; not declared by KB),not_reported,not_reported,ubp_system_kb.json; upstream per-value source not_reported,unit_inferred_source_unresolved
ELEM_Ru_044,Ru,44,boiling_point,4423,K (inferred convention; not declared by KB),pressure/phase convention not_reported,not_reported,ubp_system_kb.json; upstream per-value source not_reported,unit_inferred_conditions_unresolved
ELEM_Ru_044,Ru,44,melting_point,2607,K (inferred convention; not declared by KB),pressure/allotrope convention not_reported,not_reported,ubp_system_kb.json; upstream per-value source not_reported,unit_inferred_conditions_unresolved
ELEM_Ru_044,Ru,44,atomic_number,44,1 (count),chemical-element identity,exact,KB element identifier and M_Count.Z agree,ontology_derived_exact
ELEM_Ru_044,Ru,44,density,1237/100,unresolved: values appear to mix gas and condensed-phase conventions,temperature/pressure/phase not_reported,not_reported,ubp_system_kb.json; upstream per-value source not_reported,unit_and_conditions_unresolved
ELEM_Rh_045,Rh,45,atomic_mass,10291/100,u (inferred convention; not declared by KB),not_reported,not_reported,ubp_system_kb.json; upstream per-value source not_reported,unit_inferred_source_unresolved
ELEM_Rh_045,Rh,45,boiling_point,3968,K (inferred convention; not declared by KB),pressure/phase convention not_reported,not_reported,ubp_system_kb.json; upstream per-value source not_reported,unit_inferred_conditions_unresolved
ELEM_Rh_045,Rh,45,melting_point,2237,K (inferred convention; not declared by KB),pressure/allotrope convention not_reported,not_reported,ubp_system_kb.json; upstream per-value source not_reported,unit_inferred_conditions_unresolved
ELEM_Rh_045,Rh,45,atomic_number,45,1 (count),chemical-element identity,exact,KB element identifier and M_Count.Z agree,ontology_derived_exact
ELEM_Rh_045,Rh,45,density,1241/100,unresolved: values appear to mix gas and condensed-phase conventions,temperature/pressure/phase not_reported,not_reported,ubp_system_kb.json; upstream per-value source not_reported,unit_and_conditions_unresolved
ELEM_Pd_046,Pd,46,atomic_mass,5321/50,u (inferred convention; not declared by KB),not_reported,not_reported,ubp_system_kb.json; upstream per-value source not_reported,unit_inferred_source_unresolved
ELEM_Pd_046,Pd,46,boiling_point,3236,K (inferred convention; not declared by KB),pressure/phase convention not_reported,not_reported,ubp_system_kb.json; upstream per-value source not_reported,unit_inferred_conditions_unresolved
ELEM_Pd_046,Pd,46,melting_point,36561/20,K (inferred convention; not declared by KB),pressure/allotrope convention not_reported,not_reported,ubp_system_kb.json; upstream per-value source not_reported,unit_inferred_conditions_unresolved
ELEM_Pd_046,Pd,46,atomic_number,46,1 (count),chemical-element identity,exact,KB element identifier and M_Count.Z agree,ontology_derived_exact
ELEM_Pd_046,Pd,46,density,601/50,unresolved: values appear to mix gas and condensed-phase conventions,temperature/pressure/phase not_reported,not_reported,ubp_system_kb.json; upstream per-value source not_reported,unit_and_conditions_unresolved
ELEM_Ag_047,Ag,47,atomic_mass,10787/100,u (inferred convention; not declared by KB),not_reported,not_reported,ubp_system_kb.json; upstream per-value source not_reported,unit_inferred_source_unresolved
ELEM_Ag_047,Ag,47,boiling_point,2435,K (inferred convention; not declared by KB),pressure/phase convention not_reported,not_reported,ubp_system_kb.json; upstream per-value source not_reported,unit_inferred_conditions_unresolved
ELEM_Ag_047,Ag,47,melting_point,123493/100,K (inferred convention; not declared by KB),pressure/allotrope convention not_reported,not_reported,ubp_system_kb.json; upstream per-value source not_reported,unit_inferred_conditions_unresolved
ELEM_Ag_047,Ag,47,atomic_number,47,1 (count),chemical-element identity,exact,KB element identifier and M_Count.Z agree,ontology_derived_exact
ELEM_Ag_047,Ag,47,density,10501/1000,unresolved: values appear to mix gas and condensed-phase conventions,temperature/pressure/phase not_reported,not_reported,ubp_system_kb.json; upstream per-value source not_reported,unit_and_conditions_unresolved
ELEM_Cd_048,Cd,48,atomic_mass,11241/100,u (inferred convention; not declared by KB),not_reported,not_reported,ubp_system_kb.json; upstream per-value source not_reported,unit_inferred_source_unresolved
ELEM_Cd_048,Cd,48,boiling_point,1040,K (inferred convention; not declared by KB),pressure/phase convention not_reported,not_reported,ubp_system_kb.json; upstream per-value source not_reported,unit_inferred_conditions_unresolved
ELEM_Cd_048,Cd,48,melting_point,29711/50,K (inferred convention; not declared by KB),pressure/allotrope convention not_reported,not_reported,ubp_system_kb.json; upstream per-value source not_reported,unit_inferred_conditions_unresolved
ELEM_Cd_048,Cd,48,atomic_number,48,1 (count),chemical-element identity,exact,KB element identifier and M_Count.Z agree,ontology_derived_exact
ELEM_Cd_048,Cd,48,density,869/100,unresolved: values appear to mix gas and condensed-phase conventions,temperature/pressure/phase not_reported,not_reported,ubp_system_kb.json; upstream per-value source not_reported,unit_and_conditions_unresolved
ELEM_In_049,In,49,atomic_mass,5741/50,u (inferred convention; not declared by KB),not_reported,not_reported,ubp_system_kb.json; upstream per-value source not_reported,unit_inferred_source_unresolved
ELEM_In_049,In,49,boiling_point,2345,K (inferred convention; not declared by KB),pressure/phase convention not_reported,not_reported,ubp_system_kb.json; upstream per-value source not_reported,unit_inferred_conditions_unresolved
ELEM_In_049,In,49,melting_point,1719/4,K (inferred convention; not declared by KB),pressure/allotrope convention not_reported,not_reported,ubp_system_kb.json; upstream per-value source not_reported,unit_inferred_conditions_unresolved
ELEM_In_049,In,49,atomic_number,49,1 (count),chemical-element identity,exact,KB element identifier and M_Count.Z agree,ontology_derived_exact
ELEM_In_049,In,49,density,731/100,unresolved: values appear to mix gas and condensed-phase conventions,temperature/pressure/phase not_reported,not_reported,ubp_system_kb.json; upstream per-value source not_reported,unit_and_conditions_unresolved
ELEM_Sn_050,Sn,50,atomic_mass,11871/100,u (inferred convention; not declared by KB),not_reported,not_reported,ubp_system_kb.json; upstream per-value source not_reported,unit_inferred_source_unresolved
ELEM_Sn_050,Sn,50,boiling_point,2875,K (inferred convention; not declared by KB),pressure/phase convention not_reported,not_reported,ubp_system_kb.json; upstream per-value source not_reported,unit_inferred_conditions_unresolved
ELEM_Sn_050,Sn,50,melting_point,12627/25,K (inferred convention; not declared by KB),pressure/allotrope convention not_reported,not_reported,ubp_system_kb.json; upstream per-value source not_reported,unit_inferred_conditions_unresolved
ELEM_Sn_050,Sn,50,atomic_number,50,1 (count),chemical-element identity,exact,KB element identifier and M_Count.Z agree,ontology_derived_exact
ELEM_Sn_050,Sn,50,density,7287/1000,unresolved: values appear to mix gas and condensed-phase conventions,temperature/pressure/phase not_reported,not_reported,ubp_system_kb.json; upstream per-value source not_reported,unit_and_conditions_unresolved
ELEM_Sb_051,Sb,51,atomic_mass,3044/25,u (inferred convention; not declared by KB),not_reported,not_reported,ubp_system_kb.json; upstream per-value source not_reported,unit_inferred_source_unresolved
ELEM_Sb_051,Sb,51,boiling_point,1860,K (inferred convention; not declared by KB),pressure/phase convention not_reported,not_reported,ubp_system_kb.json; upstream per-value source not_reported,unit_inferred_conditions_unresolved
ELEM_Sb_051,Sb,51,melting_point,45189/50,K (inferred convention; not declared by KB),pressure/allotrope convention not_reported,not_reported,ubp_system_kb.json; upstream per-value source not_reported,unit_inferred_conditions_unresolved
ELEM_Sb_051,Sb,51,atomic_number,51,1 (count),chemical-element identity,exact,KB element identifier and M_Count.Z agree,ontology_derived_exact
ELEM_Sb_051,Sb,51,density,1337/200,unresolved: values appear to mix gas and condensed-phase conventions,temperature/pressure/phase not_reported,not_reported,ubp_system_kb.json; upstream per-value source not_reported,unit_and_conditions_unresolved
ELEM_Te_052,Te,52,atomic_mass,638/5,u (inferred convention; not declared by KB),not_reported,not_reported,ubp_system_kb.json; upstream per-value source not_reported,unit_inferred_source_unresolved
ELEM_Te_052,Te,52,boiling_point,1261,K (inferred convention; not declared by KB),pressure/phase convention not_reported,not_reported,ubp_system_kb.json; upstream per-value source not_reported,unit_inferred_conditions_unresolved
ELEM_Te_052,Te,52,melting_point,36133/50,K (inferred convention; not declared by KB),pressure/allotrope convention not_reported,not_reported,ubp_system_kb.json; upstream per-value source not_reported,unit_inferred_conditions_unresolved
ELEM_Te_052,Te,52,atomic_number,52,1 (count),chemical-element identity,exact,KB element identifier and M_Count.Z agree,ontology_derived_exact
ELEM_Te_052,Te,52,density,779/125,unresolved: values appear to mix gas and condensed-phase conventions,temperature/pressure/phase not_reported,not_reported,ubp_system_kb.json; upstream per-value source not_reported,unit_and_conditions_unresolved
ELEM_I_053,I,53,atomic_mass,1269/10,u (inferred convention; not declared by KB),not_reported,not_reported,ubp_system_kb.json; upstream per-value source not_reported,unit_inferred_source_unresolved
ELEM_I_053,I,53,boiling_point,2287/5,K (inferred convention; not declared by KB),pressure/phase convention not_reported,not_reported,ubp_system_kb.json; upstream per-value source not_reported,unit_inferred_conditions_unresolved
ELEM_I_053,I,53,melting_point,7737/20,K (inferred convention; not declared by KB),pressure/allotrope convention not_reported,not_reported,ubp_system_kb.json; upstream per-value source not_reported,unit_inferred_conditions_unresolved
ELEM_I_053,I,53,atomic_number,53,1 (count),chemical-element identity,exact,KB element identifier and M_Count.Z agree,ontology_derived_exact
ELEM_I_053,I,53,density,493/100,unresolved: values appear to mix gas and condensed-phase conventions,temperature/pressure/phase not_reported,not_reported,ubp_system_kb.json; upstream per-value source not_reported,unit_and_conditions_unresolved
ELEM_Xe_054,Xe,54,atomic_mass,13129/100,u (inferred convention; not declared by KB),not_reported,not_reported,ubp_system_kb.json; upstream per-value source not_reported,unit_inferred_source_unresolved
ELEM_Xe_054,Xe,54,boiling_point,16503/100,K (inferred convention; not declared by KB),pressure/phase convention not_reported,not_reported,ubp_system_kb.json; upstream per-value source not_reported,unit_inferred_conditions_unresolved
ELEM_Xe_054,Xe,54,melting_point,807/5,K (inferred convention; not declared by KB),pressure/allotrope convention not_reported,not_reported,ubp_system_kb.json; upstream per-value source not_reported,unit_inferred_conditions_unresolved
ELEM_Xe_054,Xe,54,atomic_number,54,1 (count),chemical-element identity,exact,KB element identifier and M_Count.Z agree,ontology_derived_exact
ELEM_Xe_054,Xe,54,density,2947/500,unresolved: values appear to mix gas and condensed-phase conventions,temperature/pressure/phase not_reported,not_reported,ubp_system_kb.json; upstream per-value source not_reported,unit_and_conditions_unresolved
ELEM_Cs_055,Cs,55,atomic_mass,13291/100,u (inferred convention; not declared by KB),not_reported,not_reported,ubp_system_kb.json; upstream per-value source not_reported,unit_inferred_source_unresolved
ELEM_Cs_055,Cs,55,boiling_point,944,K (inferred convention; not declared by KB),pressure/phase convention not_reported,not_reported,ubp_system_kb.json; upstream per-value source not_reported,unit_inferred_conditions_unresolved
ELEM_Cs_055,Cs,55,melting_point,30159/100,K (inferred convention; not declared by KB),pressure/allotrope convention not_reported,not_reported,ubp_system_kb.json; upstream per-value source not_reported,unit_inferred_conditions_unresolved
ELEM_Cs_055,Cs,55,atomic_number,55,1 (count),chemical-element identity,exact,KB element identifier and M_Count.Z agree,ontology_derived_exact
ELEM_Cs_055,Cs,55,density,1873/1000,unresolved: values appear to mix gas and condensed-phase conventions,temperature/pressure/phase not_reported,not_reported,ubp_system_kb.json; upstream per-value source not_reported,unit_and_conditions_unresolved
ELEM_Ba_056,Ba,56,atomic_mass,13733/100,u (inferred convention; not declared by KB),not_reported,not_reported,ubp_system_kb.json; upstream per-value source not_reported,unit_inferred_source_unresolved
ELEM_Ba_056,Ba,56,boiling_point,2170,K (inferred convention; not declared by KB),pressure/phase convention not_reported,not_reported,ubp_system_kb.json; upstream per-value source not_reported,unit_inferred_conditions_unresolved
ELEM_Ba_056,Ba,56,melting_point,1000,K (inferred convention; not declared by KB),pressure/allotrope convention not_reported,not_reported,ubp_system_kb.json; upstream per-value source not_reported,unit_inferred_conditions_unresolved
ELEM_Ba_056,Ba,56,atomic_number,56,1 (count),chemical-element identity,exact,KB element identifier and M_Count.Z agree,ontology_derived_exact
ELEM_Ba_056,Ba,56,density,1797/500,unresolved: values appear to mix gas and condensed-phase conventions,temperature/pressure/phase not_reported,not_reported,ubp_system_kb.json; upstream per-value source not_reported,unit_and_conditions_unresolved
ELEM_La_057,La,57,atomic_mass,13891/100,u (inferred convention; not declared by KB),not_reported,not_reported,ubp_system_kb.json; upstream per-value source not_reported,unit_inferred_source_unresolved
ELEM_La_057,La,57,boiling_point,3737,K (inferred convention; not declared by KB),pressure/phase convention not_reported,not_reported,ubp_system_kb.json; upstream per-value source not_reported,unit_inferred_conditions_unresolved
ELEM_La_057,La,57,melting_point,1193,K (inferred convention; not declared by KB),pressure/allotrope convention not_reported,not_reported,ubp_system_kb.json; upstream per-value source not_reported,unit_inferred_conditions_unresolved
ELEM_La_057,La,57,atomic_number,57,1 (count),chemical-element identity,exact,KB element identifier and M_Count.Z agree,ontology_derived_exact
ELEM_La_057,La,57,density,1229/200,unresolved: values appear to mix gas and condensed-phase conventions,temperature/pressure/phase not_reported,not_reported,ubp_system_kb.json; upstream per-value source not_reported,unit_and_conditions_unresolved
ELEM_Ce_058,Ce,58,atomic_mass,3503/25,u (inferred convention; not declared by KB),not_reported,not_reported,ubp_system_kb.json; upstream per-value source not_reported,unit_inferred_source_unresolved
ELEM_Ce_058,Ce,58,boiling_point,3716,K (inferred convention; not declared by KB),pressure/phase convention not_reported,not_reported,ubp_system_kb.json; upstream per-value source not_reported,unit_inferred_conditions_unresolved
ELEM_Ce_058,Ce,58,melting_point,1068,K (inferred convention; not declared by KB),pressure/allotrope convention not_reported,not_reported,ubp_system_kb.json; upstream per-value source not_reported,unit_inferred_conditions_unresolved
ELEM_Ce_058,Ce,58,atomic_number,58,1 (count),chemical-element identity,exact,KB element identifier and M_Count.Z agree,ontology_derived_exact
ELEM_Ce_058,Ce,58,density,677/100,unresolved: values appear to mix gas and condensed-phase conventions,temperature/pressure/phase not_reported,not_reported,ubp_system_kb.json; upstream per-value source not_reported,unit_and_conditions_unresolved
ELEM_Pr_059,Pr,59,atomic_mass,14091/100,u (inferred convention; not declared by KB),not_reported,not_reported,ubp_system_kb.json; upstream per-value source not_reported,unit_inferred_source_unresolved
ELEM_Pr_059,Pr,59,boiling_point,3793,K (inferred convention; not declared by KB),pressure/phase convention not_reported,not_reported,ubp_system_kb.json; upstream per-value source not_reported,unit_inferred_conditions_unresolved
ELEM_Pr_059,Pr,59,melting_point,1208,K (inferred convention; not declared by KB),pressure/allotrope convention not_reported,not_reported,ubp_system_kb.json; upstream per-value source not_reported,unit_inferred_conditions_unresolved
ELEM_Pr_059,Pr,59,atomic_number,59,1 (count),chemical-element identity,exact,KB element identifier and M_Count.Z agree,ontology_derived_exact
ELEM_Pr_059,Pr,59,density,6773/1000,unresolved: values appear to mix gas and condensed-phase conventions,temperature/pressure/phase not_reported,not_reported,ubp_system_kb.json; upstream per-value source not_reported,unit_and_conditions_unresolved
ELEM_Nd_060,Nd,60,atomic_mass,3606/25,u (inferred convention; not declared by KB),not_reported,not_reported,ubp_system_kb.json; upstream per-value source not_reported,unit_inferred_source_unresolved
ELEM_Nd_060,Nd,60,boiling_point,3347,K (inferred convention; not declared by KB),pressure/phase convention not_reported,not_reported,ubp_system_kb.json; upstream per-value source not_reported,unit_inferred_conditions_unresolved
ELEM_Nd_060,Nd,60,melting_point,1297,K (inferred convention; not declared by KB),pressure/allotrope convention not_reported,not_reported,ubp_system_kb.json; upstream per-value source not_reported,unit_inferred_conditions_unresolved
ELEM_Nd_060,Nd,60,atomic_number,60,1 (count),chemical-element identity,exact,KB element identifier and M_Count.Z agree,ontology_derived_exact
ELEM_Nd_060,Nd,60,density,7007/1000,unresolved: values appear to mix gas and condensed-phase conventions,temperature/pressure/phase not_reported,not_reported,ubp_system_kb.json; upstream per-value source not_reported,unit_and_conditions_unresolved
ELEM_Pm_061,Pm,61,atomic_mass,145,u (inferred convention; not declared by KB),not_reported,not_reported,ubp_system_kb.json; upstream per-value source not_reported,unit_inferred_source_unresolved
ELEM_Pm_061,Pm,61,boiling_point,3273,K (inferred convention; not declared by KB),pressure/phase convention not_reported,not_reported,ubp_system_kb.json; upstream per-value source not_reported,unit_inferred_conditions_unresolved
ELEM_Pm_061,Pm,61,melting_point,1315,K (inferred convention; not declared by KB),pressure/allotrope convention not_reported,not_reported,ubp_system_kb.json; upstream per-value source not_reported,unit_inferred_conditions_unresolved
ELEM_Pm_061,Pm,61,atomic_number,61,1 (count),chemical-element identity,exact,KB element identifier and M_Count.Z agree,ontology_derived_exact
ELEM_Pm_061,Pm,61,density,363/50,unresolved: values appear to mix gas and condensed-phase conventions,temperature/pressure/phase not_reported,not_reported,ubp_system_kb.json; upstream per-value source not_reported,unit_and_conditions_unresolved
ELEM_Sm_062,Sm,62,atomic_mass,3759/25,u (inferred convention; not declared by KB),not_reported,not_reported,ubp_system_kb.json; upstream per-value source not_reported,unit_inferred_source_unresolved
ELEM_Sm_062,Sm,62,boiling_point,2067,K (inferred convention; not declared by KB),pressure/phase convention not_reported,not_reported,ubp_system_kb.json; upstream per-value source not_reported,unit_inferred_conditions_unresolved
ELEM_Sm_062,Sm,62,melting_point,1345,K (inferred convention; not declared by KB),pressure/allotrope convention not_reported,not_reported,ubp_system_kb.json; upstream per-value source not_reported,unit_inferred_conditions_unresolved
ELEM_Sm_062,Sm,62,atomic_number,62,1 (count),chemical-element identity,exact,KB element identifier and M_Count.Z agree,ontology_derived_exact
ELEM_Sm_062,Sm,62,density,188/25,unresolved: values appear to mix gas and condensed-phase conventions,temperature/pressure/phase not_reported,not_reported,ubp_system_kb.json; upstream per-value source not_reported,unit_and_conditions_unresolved
ELEM_Eu_063,Eu,63,atomic_mass,3799/25,u (inferred convention; not declared by KB),not_reported,not_reported,ubp_system_kb.json; upstream per-value source not_reported,unit_inferred_source_unresolved
ELEM_Eu_063,Eu,63,boiling_point,1802,K (inferred convention; not declared by KB),pressure/phase convention not_reported,not_reported,ubp_system_kb.json; upstream per-value source not_reported,unit_inferred_conditions_unresolved
ELEM_Eu_063,Eu,63,melting_point,1099,K (inferred convention; not declared by KB),pressure/allotrope convention not_reported,not_reported,ubp_system_kb.json; upstream per-value source not_reported,unit_inferred_conditions_unresolved
ELEM_Eu_063,Eu,63,atomic_number,63,1 (count),chemical-element identity,exact,KB element identifier and M_Count.Z agree,ontology_derived_exact
ELEM_Eu_063,Eu,63,density,5243/1000,unresolved: values appear to mix gas and condensed-phase conventions,temperature/pressure/phase not_reported,not_reported,ubp_system_kb.json; upstream per-value source not_reported,unit_and_conditions_unresolved
ELEM_Gd_064,Gd,64,atomic_mass,629/4,u (inferred convention; not declared by KB),not_reported,not_reported,ubp_system_kb.json; upstream per-value source not_reported,unit_inferred_source_unresolved
ELEM_Gd_064,Gd,64,boiling_point,3546,K (inferred convention; not declared by KB),pressure/phase convention not_reported,not_reported,ubp_system_kb.json; upstream per-value source not_reported,unit_inferred_conditions_unresolved
ELEM_Gd_064,Gd,64,melting_point,1585,K (inferred convention; not declared by KB),pressure/allotrope convention not_reported,not_reported,ubp_system_kb.json; upstream per-value source not_reported,unit_inferred_conditions_unresolved
ELEM_Gd_064,Gd,64,atomic_number,64,1 (count),chemical-element identity,exact,KB element identifier and M_Count.Z agree,ontology_derived_exact
ELEM_Gd_064,Gd,64,density,1579/200,unresolved: values appear to mix gas and condensed-phase conventions,temperature/pressure/phase not_reported,not_reported,ubp_system_kb.json; upstream per-value source not_reported,unit_and_conditions_unresolved
ELEM_Tb_065,Tb,65,atomic_mass,15893/100,u (inferred convention; not declared by KB),not_reported,not_reported,ubp_system_kb.json; upstream per-value source not_reported,unit_inferred_source_unresolved
ELEM_Tb_065,Tb,65,boiling_point,3503,K (inferred convention; not declared by KB),pressure/phase convention not_reported,not_reported,ubp_system_kb.json; upstream per-value source not_reported,unit_inferred_conditions_unresolved
ELEM_Tb_065,Tb,65,melting_point,1629,K (inferred convention; not declared by KB),pressure/allotrope convention not_reported,not_reported,ubp_system_kb.json; upstream per-value source not_reported,unit_inferred_conditions_unresolved
ELEM_Tb_065,Tb,65,atomic_number,65,1 (count),chemical-element identity,exact,KB element identifier and M_Count.Z agree,ontology_derived_exact
ELEM_Tb_065,Tb,65,density,8229/1000,unresolved: values appear to mix gas and condensed-phase conventions,temperature/pressure/phase not_reported,not_reported,ubp_system_kb.json; upstream per-value source not_reported,unit_and_conditions_unresolved
ELEM_Dy_066,Dy,66,atomic_mass,325/2,u (inferred convention; not declared by KB),not_reported,not_reported,ubp_system_kb.json; upstream per-value source not_reported,unit_inferred_source_unresolved
ELEM_Dy_066,Dy,66,boiling_point,2840,K (inferred convention; not declared by KB),pressure/phase convention not_reported,not_reported,ubp_system_kb.json; upstream per-value source not_reported,unit_inferred_conditions_unresolved
ELEM_Dy_066,Dy,66,melting_point,1680,K (inferred convention; not declared by KB),pressure/allotrope convention not_reported,not_reported,ubp_system_kb.json; upstream per-value source not_reported,unit_inferred_conditions_unresolved
ELEM_Dy_066,Dy,66,atomic_number,66,1 (count),chemical-element identity,exact,KB element identifier and M_Count.Z agree,ontology_derived_exact
ELEM_Dy_066,Dy,66,density,171/20,unresolved: values appear to mix gas and condensed-phase conventions,temperature/pressure/phase not_reported,not_reported,ubp_system_kb.json; upstream per-value source not_reported,unit_and_conditions_unresolved
ELEM_Ho_067,Ho,67,atomic_mass,16493/100,u (inferred convention; not declared by KB),not_reported,not_reported,ubp_system_kb.json; upstream per-value source not_reported,unit_inferred_source_unresolved
ELEM_Ho_067,Ho,67,boiling_point,2993,K (inferred convention; not declared by KB),pressure/phase convention not_reported,not_reported,ubp_system_kb.json; upstream per-value source not_reported,unit_inferred_conditions_unresolved
ELEM_Ho_067,Ho,67,melting_point,1734,K (inferred convention; not declared by KB),pressure/allotrope convention not_reported,not_reported,ubp_system_kb.json; upstream per-value source not_reported,unit_inferred_conditions_unresolved
ELEM_Ho_067,Ho,67,atomic_number,67,1 (count),chemical-element identity,exact,KB element identifier and M_Count.Z agree,ontology_derived_exact
ELEM_Ho_067,Ho,67,density,1759/200,unresolved: values appear to mix gas and condensed-phase conventions,temperature/pressure/phase not_reported,not_reported,ubp_system_kb.json; upstream per-value source not_reported,unit_and_conditions_unresolved
ELEM_Er_068,Er,68,atomic_mass,8363/50,u (inferred convention; not declared by KB),not_reported,not_reported,ubp_system_kb.json; upstream per-value source not_reported,unit_inferred_source_unresolved
ELEM_Er_068,Er,68,boiling_point,3141,K (inferred convention; not declared by KB),pressure/phase convention not_reported,not_reported,ubp_system_kb.json; upstream per-value source not_reported,unit_inferred_conditions_unresolved
ELEM_Er_068,Er,68,melting_point,1802,K (inferred convention; not declared by KB),pressure/allotrope convention not_reported,not_reported,ubp_system_kb.json; upstream per-value source not_reported,unit_inferred_conditions_unresolved
ELEM_Er_068,Er,68,atomic_number,68,1 (count),chemical-element identity,exact,KB element identifier and M_Count.Z agree,ontology_derived_exact
ELEM_Er_068,Er,68,density,4533/500,unresolved: values appear to mix gas and condensed-phase conventions,temperature/pressure/phase not_reported,not_reported,ubp_system_kb.json; upstream per-value source not_reported,unit_and_conditions_unresolved
ELEM_Tm_069,Tm,69,atomic_mass,16893/100,u (inferred convention; not declared by KB),not_reported,not_reported,ubp_system_kb.json; upstream per-value source not_reported,unit_inferred_source_unresolved
ELEM_Tm_069,Tm,69,boiling_point,2223,K (inferred convention; not declared by KB),pressure/phase convention not_reported,not_reported,ubp_system_kb.json; upstream per-value source not_reported,unit_inferred_conditions_unresolved
ELEM_Tm_069,Tm,69,melting_point,1818,K (inferred convention; not declared by KB),pressure/allotrope convention not_reported,not_reported,ubp_system_kb.json; upstream per-value source not_reported,unit_inferred_conditions_unresolved
ELEM_Tm_069,Tm,69,atomic_number,69,1 (count),chemical-element identity,exact,KB element identifier and M_Count.Z agree,ontology_derived_exact
ELEM_Tm_069,Tm,69,density,9321/1000,unresolved: values appear to mix gas and condensed-phase conventions,temperature/pressure/phase not_reported,not_reported,ubp_system_kb.json; upstream per-value source not_reported,unit_and_conditions_unresolved
ELEM_Yb_070,Yb,70,atomic_mass,3461/20,u (inferred convention; not declared by KB),not_reported,not_reported,ubp_system_kb.json; upstream per-value source not_reported,unit_inferred_source_unresolved
ELEM_Yb_070,Yb,70,boiling_point,1469,K (inferred convention; not declared by KB),pressure/phase convention not_reported,not_reported,ubp_system_kb.json; upstream per-value source not_reported,unit_inferred_conditions_unresolved
ELEM_Yb_070,Yb,70,melting_point,1097,K (inferred convention; not declared by KB),pressure/allotrope convention not_reported,not_reported,ubp_system_kb.json; upstream per-value source not_reported,unit_inferred_conditions_unresolved
ELEM_Yb_070,Yb,70,atomic_number,70,1 (count),chemical-element identity,exact,KB element identifier and M_Count.Z agree,ontology_derived_exact
ELEM_Yb_070,Yb,70,density,1393/200,unresolved: values appear to mix gas and condensed-phase conventions,temperature/pressure/phase not_reported,not_reported,ubp_system_kb.json; upstream per-value source not_reported,unit_and_conditions_unresolved
ELEM_Lu_071,Lu,71,atomic_mass,17497/100,u (inferred convention; not declared by KB),not_reported,not_reported,ubp_system_kb.json; upstream per-value source not_reported,unit_inferred_source_unresolved
ELEM_Lu_071,Lu,71,boiling_point,3675,K (inferred convention; not declared by KB),pressure/phase convention not_reported,not_reported,ubp_system_kb.json; upstream per-value source not_reported,unit_inferred_conditions_unresolved
ELEM_Lu_071,Lu,71,melting_point,1925,K (inferred convention; not declared by KB),pressure/allotrope convention not_reported,not_reported,ubp_system_kb.json; upstream per-value source not_reported,unit_inferred_conditions_unresolved
ELEM_Lu_071,Lu,71,atomic_number,71,1 (count),chemical-element identity,exact,KB element identifier and M_Count.Z agree,ontology_derived_exact
ELEM_Lu_071,Lu,71,density,246/25,unresolved: values appear to mix gas and condensed-phase conventions,temperature/pressure/phase not_reported,not_reported,ubp_system_kb.json; upstream per-value source not_reported,unit_and_conditions_unresolved
ELEM_Hf_072,Hf,72,atomic_mass,17849/100,u (inferred convention; not declared by KB),not_reported,not_reported,ubp_system_kb.json; upstream per-value source not_reported,unit_inferred_source_unresolved
ELEM_Hf_072,Hf,72,boiling_point,4876,K (inferred convention; not declared by KB),pressure/phase convention not_reported,not_reported,ubp_system_kb.json; upstream per-value source not_reported,unit_inferred_conditions_unresolved
ELEM_Hf_072,Hf,72,melting_point,2506,K (inferred convention; not declared by KB),pressure/allotrope convention not_reported,not_reported,ubp_system_kb.json; upstream per-value source not_reported,unit_inferred_conditions_unresolved
ELEM_Hf_072,Hf,72,atomic_number,72,1 (count),chemical-element identity,exact,KB element identifier and M_Count.Z agree,ontology_derived_exact
ELEM_Hf_072,Hf,72,density,1331/100,unresolved: values appear to mix gas and condensed-phase conventions,temperature/pressure/phase not_reported,not_reported,ubp_system_kb.json; upstream per-value source not_reported,unit_and_conditions_unresolved
ELEM_Ta_073,Ta,73,atomic_mass,3619/20,u (inferred convention; not declared by KB),not_reported,not_reported,ubp_system_kb.json; upstream per-value source not_reported,unit_inferred_source_unresolved
ELEM_Ta_073,Ta,73,boiling_point,5731,K (inferred convention; not declared by KB),pressure/phase convention not_reported,not_reported,ubp_system_kb.json; upstream per-value source not_reported,unit_inferred_conditions_unresolved
ELEM_Ta_073,Ta,73,melting_point,3290,K (inferred convention; not declared by KB),pressure/allotrope convention not_reported,not_reported,ubp_system_kb.json; upstream per-value source not_reported,unit_inferred_conditions_unresolved
ELEM_Ta_073,Ta,73,atomic_number,73,1 (count),chemical-element identity,exact,KB element identifier and M_Count.Z agree,ontology_derived_exact
ELEM_Ta_073,Ta,73,density,8327/500,unresolved: values appear to mix gas and condensed-phase conventions,temperature/pressure/phase not_reported,not_reported,ubp_system_kb.json; upstream per-value source not_reported,unit_and_conditions_unresolved
ELEM_W_074,W,74,atomic_mass,4596/25,u (inferred convention; not declared by KB),not_reported,not_reported,ubp_system_kb.json; upstream per-value source not_reported,unit_inferred_source_unresolved
ELEM_W_074,W,74,boiling_point,5828,K (inferred convention; not declared by KB),pressure/phase convention not_reported,not_reported,ubp_system_kb.json; upstream per-value source not_reported,unit_inferred_conditions_unresolved
ELEM_W_074,W,74,melting_point,3695,K (inferred convention; not declared by KB),pressure/allotrope convention not_reported,not_reported,ubp_system_kb.json; upstream per-value source not_reported,unit_inferred_conditions_unresolved
ELEM_W_074,W,74,atomic_number,74,1 (count),chemical-element identity,exact,KB element identifier and M_Count.Z agree,ontology_derived_exact
ELEM_W_074,W,74,density,77/4,unresolved: values appear to mix gas and condensed-phase conventions,temperature/pressure/phase not_reported,not_reported,ubp_system_kb.json; upstream per-value source not_reported,unit_and_conditions_unresolved
ELEM_Re_075,Re,75,atomic_mass,18621/100,u (inferred convention; not declared by KB),not_reported,not_reported,ubp_system_kb.json; upstream per-value source not_reported,unit_inferred_source_unresolved
ELEM_Re_075,Re,75,boiling_point,5869,K (inferred convention; not declared by KB),pressure/phase convention not_reported,not_reported,ubp_system_kb.json; upstream per-value source not_reported,unit_inferred_conditions_unresolved
ELEM_Re_075,Re,75,melting_point,3459,K (inferred convention; not declared by KB),pressure/allotrope convention not_reported,not_reported,ubp_system_kb.json; upstream per-value source not_reported,unit_inferred_conditions_unresolved
ELEM_Re_075,Re,75,atomic_number,75,1 (count),chemical-element identity,exact,KB element identifier and M_Count.Z agree,ontology_derived_exact
ELEM_Re_075,Re,75,density,1051/50,unresolved: values appear to mix gas and condensed-phase conventions,temperature/pressure/phase not_reported,not_reported,ubp_system_kb.json; upstream per-value source not_reported,unit_and_conditions_unresolved
ELEM_Os_076,Os,76,atomic_mass,19023/100,u (inferred convention; not declared by KB),not_reported,not_reported,ubp_system_kb.json; upstream per-value source not_reported,unit_inferred_source_unresolved
ELEM_Os_076,Os,76,boiling_point,5285,K (inferred convention; not declared by KB),pressure/phase convention not_reported,not_reported,ubp_system_kb.json; upstream per-value source not_reported,unit_inferred_conditions_unresolved
ELEM_Os_076,Os,76,melting_point,3306,K (inferred convention; not declared by KB),pressure/allotrope convention not_reported,not_reported,ubp_system_kb.json; upstream per-value source not_reported,unit_inferred_conditions_unresolved
ELEM_Os_076,Os,76,atomic_number,76,1 (count),chemical-element identity,exact,KB element identifier and M_Count.Z agree,ontology_derived_exact
ELEM_Os_076,Os,76,density,22587/1000,unresolved: values appear to mix gas and condensed-phase conventions,temperature/pressure/phase not_reported,not_reported,ubp_system_kb.json; upstream per-value source not_reported,unit_and_conditions_unresolved
ELEM_Ir_077,Ir,77,atomic_mass,9611/50,u (inferred convention; not declared by KB),not_reported,not_reported,ubp_system_kb.json; upstream per-value source not_reported,unit_inferred_source_unresolved
ELEM_Ir_077,Ir,77,boiling_point,4701,K (inferred convention; not declared by KB),pressure/phase convention not_reported,not_reported,ubp_system_kb.json; upstream per-value source not_reported,unit_inferred_conditions_unresolved
ELEM_Ir_077,Ir,77,melting_point,2719,K (inferred convention; not declared by KB),pressure/allotrope convention not_reported,not_reported,ubp_system_kb.json; upstream per-value source not_reported,unit_inferred_conditions_unresolved
ELEM_Ir_077,Ir,77,atomic_number,77,1 (count),chemical-element identity,exact,KB element identifier and M_Count.Z agree,ontology_derived_exact
ELEM_Ir_077,Ir,77,density,11281/500,unresolved: values appear to mix gas and condensed-phase conventions,temperature/pressure/phase not_reported,not_reported,ubp_system_kb.json; upstream per-value source not_reported,unit_and_conditions_unresolved
ELEM_Pt_078,Pt,78,atomic_mass,4877/25,u (inferred convention; not declared by KB),not_reported,not_reported,ubp_system_kb.json; upstream per-value source not_reported,unit_inferred_source_unresolved
ELEM_Pt_078,Pt,78,boiling_point,4098,K (inferred convention; not declared by KB),pressure/phase convention not_reported,not_reported,ubp_system_kb.json; upstream per-value source not_reported,unit_inferred_conditions_unresolved
ELEM_Pt_078,Pt,78,melting_point,10207/5,K (inferred convention; not declared by KB),pressure/allotrope convention not_reported,not_reported,ubp_system_kb.json; upstream per-value source not_reported,unit_inferred_conditions_unresolved
ELEM_Pt_078,Pt,78,atomic_number,78,1 (count),chemical-element identity,exact,KB element identifier and M_Count.Z agree,ontology_derived_exact
ELEM_Pt_078,Pt,78,density,1073/50,unresolved: values appear to mix gas and condensed-phase conventions,temperature/pressure/phase not_reported,not_reported,ubp_system_kb.json; upstream per-value source not_reported,unit_and_conditions_unresolved
ELEM_Au_079,Au,79,atomic_mass,19697/100,u (inferred convention; not declared by KB),not_reported,not_reported,ubp_system_kb.json; upstream per-value source not_reported,unit_inferred_source_unresolved
ELEM_Au_079,Au,79,boiling_point,3129,K (inferred convention; not declared by KB),pressure/phase convention not_reported,not_reported,ubp_system_kb.json; upstream per-value source not_reported,unit_inferred_conditions_unresolved
ELEM_Au_079,Au,79,melting_point,133733/100,K (inferred convention; not declared by KB),pressure/allotrope convention not_reported,not_reported,ubp_system_kb.json; upstream per-value source not_reported,unit_inferred_conditions_unresolved
ELEM_Au_079,Au,79,atomic_number,79,1 (count),chemical-element identity,exact,KB element identifier and M_Count.Z agree,ontology_derived_exact
ELEM_Au_079,Au,79,density,9641/500,unresolved: values appear to mix gas and condensed-phase conventions,temperature/pressure/phase not_reported,not_reported,ubp_system_kb.json; upstream per-value source not_reported,unit_and_conditions_unresolved
ELEM_Hg_080,Hg,80,atomic_mass,20059/100,u (inferred convention; not declared by KB),not_reported,not_reported,ubp_system_kb.json; upstream per-value source not_reported,unit_inferred_source_unresolved
ELEM_Hg_080,Hg,80,boiling_point,15747/25,K (inferred convention; not declared by KB),pressure/phase convention not_reported,not_reported,ubp_system_kb.json; upstream per-value source not_reported,unit_inferred_conditions_unresolved
ELEM_Hg_080,Hg,80,melting_point,5858/25,K (inferred convention; not declared by KB),pressure/allotrope convention not_reported,not_reported,ubp_system_kb.json; upstream per-value source not_reported,unit_inferred_conditions_unresolved
ELEM_Hg_080,Hg,80,atomic_number,80,1 (count),chemical-element identity,exact,KB element identifier and M_Count.Z agree,ontology_derived_exact
ELEM_Hg_080,Hg,80,density,16917/1250,unresolved: values appear to mix gas and condensed-phase conventions,temperature/pressure/phase not_reported,not_reported,ubp_system_kb.json; upstream per-value source not_reported,unit_and_conditions_unresolved
ELEM_Tl_081,Tl,81,atomic_mass,10219/50,u (inferred convention; not declared by KB),not_reported,not_reported,ubp_system_kb.json; upstream per-value source not_reported,unit_inferred_source_unresolved
ELEM_Tl_081,Tl,81,boiling_point,1746,K (inferred convention; not declared by KB),pressure/phase convention not_reported,not_reported,ubp_system_kb.json; upstream per-value source not_reported,unit_inferred_conditions_unresolved
ELEM_Tl_081,Tl,81,melting_point,577,K (inferred convention; not declared by KB),pressure/allotrope convention not_reported,not_reported,ubp_system_kb.json; upstream per-value source not_reported,unit_inferred_conditions_unresolved
ELEM_Tl_081,Tl,81,atomic_number,81,1 (count),chemical-element identity,exact,KB element identifier and M_Count.Z agree,ontology_derived_exact
ELEM_Tl_081,Tl,81,density,237/20,unresolved: values appear to mix gas and condensed-phase conventions,temperature/pressure/phase not_reported,not_reported,ubp_system_kb.json; upstream per-value source not_reported,unit_and_conditions_unresolved
ELEM_Pb_082,Pb,82,atomic_mass,1036/5,u (inferred convention; not declared by KB),not_reported,not_reported,ubp_system_kb.json; upstream per-value source not_reported,unit_inferred_source_unresolved
ELEM_Pb_082,Pb,82,boiling_point,2022,K (inferred convention; not declared by KB),pressure/phase convention not_reported,not_reported,ubp_system_kb.json; upstream per-value source not_reported,unit_inferred_conditions_unresolved
ELEM_Pb_082,Pb,82,melting_point,60061/100,K (inferred convention; not declared by KB),pressure/allotrope convention not_reported,not_reported,ubp_system_kb.json; upstream per-value source not_reported,unit_inferred_conditions_unresolved
ELEM_Pb_082,Pb,82,atomic_number,82,1 (count),chemical-element identity,exact,KB element identifier and M_Count.Z agree,ontology_derived_exact
ELEM_Pb_082,Pb,82,density,5671/500,unresolved: values appear to mix gas and condensed-phase conventions,temperature/pressure/phase not_reported,not_reported,ubp_system_kb.json; upstream per-value source not_reported,unit_and_conditions_unresolved
ELEM_Bi_083,Bi,83,atomic_mass,10449/50,u (inferred convention; not declared by KB),not_reported,not_reported,ubp_system_kb.json; upstream per-value source not_reported,unit_inferred_source_unresolved
ELEM_Bi_083,Bi,83,boiling_point,1837,K (inferred convention; not declared by KB),pressure/phase convention not_reported,not_reported,ubp_system_kb.json; upstream per-value source not_reported,unit_inferred_conditions_unresolved
ELEM_Bi_083,Bi,83,melting_point,10891/20,K (inferred convention; not declared by KB),pressure/allotrope convention not_reported,not_reported,ubp_system_kb.json; upstream per-value source not_reported,unit_inferred_conditions_unresolved
ELEM_Bi_083,Bi,83,atomic_number,83,1 (count),chemical-element identity,exact,KB element identifier and M_Count.Z agree,ontology_derived_exact
ELEM_Bi_083,Bi,83,density,9807/1000,unresolved: values appear to mix gas and condensed-phase conventions,temperature/pressure/phase not_reported,not_reported,ubp_system_kb.json; upstream per-value source not_reported,unit_and_conditions_unresolved
ELEM_Po_084,Po,84,atomic_mass,209,u (inferred convention; not declared by KB),not_reported,not_reported,ubp_system_kb.json; upstream per-value source not_reported,unit_inferred_source_unresolved
ELEM_Po_084,Po,84,boiling_point,1235,K (inferred convention; not declared by KB),pressure/phase convention not_reported,not_reported,ubp_system_kb.json; upstream per-value source not_reported,unit_inferred_conditions_unresolved
ELEM_Po_084,Po,84,melting_point,527,K (inferred convention; not declared by KB),pressure/allotrope convention not_reported,not_reported,ubp_system_kb.json; upstream per-value source not_reported,unit_inferred_conditions_unresolved
ELEM_Po_084,Po,84,atomic_number,84,1 (count),chemical-element identity,exact,KB element identifier and M_Count.Z agree,ontology_derived_exact
ELEM_Po_084,Po,84,density,233/25,unresolved: values appear to mix gas and condensed-phase conventions,temperature/pressure/phase not_reported,not_reported,ubp_system_kb.json; upstream per-value source not_reported,unit_and_conditions_unresolved
ELEM_At_085,At,85,atomic_mass,210,u (inferred convention; not declared by KB),not_reported,not_reported,ubp_system_kb.json; upstream per-value source not_reported,unit_inferred_source_unresolved
ELEM_At_085,At,85,boiling_point,610,K (inferred convention; not declared by KB),pressure/phase convention not_reported,not_reported,ubp_system_kb.json; upstream per-value source not_reported,unit_inferred_conditions_unresolved
ELEM_At_085,At,85,melting_point,575,K (inferred convention; not declared by KB),pressure/allotrope convention not_reported,not_reported,ubp_system_kb.json; upstream per-value source not_reported,unit_inferred_conditions_unresolved
ELEM_At_085,At,85,atomic_number,85,1 (count),chemical-element identity,exact,KB element identifier and M_Count.Z agree,ontology_derived_exact
ELEM_At_085,At,85,density,127/20,unresolved: values appear to mix gas and condensed-phase conventions,temperature/pressure/phase not_reported,not_reported,ubp_system_kb.json; upstream per-value source not_reported,unit_and_conditions_unresolved
ELEM_Rn_086,Rn,86,atomic_mass,222,u (inferred convention; not declared by KB),not_reported,not_reported,ubp_system_kb.json; upstream per-value source not_reported,unit_inferred_source_unresolved
ELEM_Rn_086,Rn,86,boiling_point,2113/10,K (inferred convention; not declared by KB),pressure/phase convention not_reported,not_reported,ubp_system_kb.json; upstream per-value source not_reported,unit_inferred_conditions_unresolved
ELEM_Rn_086,Rn,86,melting_point,202,K (inferred convention; not declared by KB),pressure/allotrope convention not_reported,not_reported,ubp_system_kb.json; upstream per-value source not_reported,unit_inferred_conditions_unresolved
ELEM_Rn_086,Rn,86,atomic_number,86,1 (count),chemical-element identity,exact,KB element identifier and M_Count.Z agree,ontology_derived_exact
ELEM_Rn_086,Rn,86,density,973/100,unresolved: values appear to mix gas and condensed-phase conventions,temperature/pressure/phase not_reported,not_reported,ubp_system_kb.json; upstream per-value source not_reported,unit_and_conditions_unresolved
ELEM_Fr_087,Fr,87,atomic_mass,223,u (inferred convention; not declared by KB),not_reported,not_reported,ubp_system_kb.json; upstream per-value source not_reported,unit_inferred_source_unresolved
ELEM_Fr_087,Fr,87,boiling_point,950,K (inferred convention; not declared by KB),pressure/phase convention not_reported,not_reported,ubp_system_kb.json; upstream per-value source not_reported,unit_inferred_conditions_unresolved
ELEM_Fr_087,Fr,87,melting_point,300,K (inferred convention; not declared by KB),pressure/allotrope convention not_reported,not_reported,ubp_system_kb.json; upstream per-value source not_reported,unit_inferred_conditions_unresolved
ELEM_Fr_087,Fr,87,atomic_number,87,1 (count),chemical-element identity,exact,KB element identifier and M_Count.Z agree,ontology_derived_exact
ELEM_Fr_087,Fr,87,density,187/100,unresolved: values appear to mix gas and condensed-phase conventions,temperature/pressure/phase not_reported,not_reported,ubp_system_kb.json; upstream per-value source not_reported,unit_and_conditions_unresolved
ELEM_Ra_088,Ra,88,atomic_mass,226,u (inferred convention; not declared by KB),not_reported,not_reported,ubp_system_kb.json; upstream per-value source not_reported,unit_inferred_source_unresolved
ELEM_Ra_088,Ra,88,boiling_point,2010,K (inferred convention; not declared by KB),pressure/phase convention not_reported,not_reported,ubp_system_kb.json; upstream per-value source not_reported,unit_inferred_conditions_unresolved
ELEM_Ra_088,Ra,88,melting_point,973,K (inferred convention; not declared by KB),pressure/allotrope convention not_reported,not_reported,ubp_system_kb.json; upstream per-value source not_reported,unit_inferred_conditions_unresolved
ELEM_Ra_088,Ra,88,atomic_number,88,1 (count),chemical-element identity,exact,KB element identifier and M_Count.Z agree,ontology_derived_exact
ELEM_Ra_088,Ra,88,density,11/2,unresolved: values appear to mix gas and condensed-phase conventions,temperature/pressure/phase not_reported,not_reported,ubp_system_kb.json; upstream per-value source not_reported,unit_and_conditions_unresolved
ELEM_Ac_089,Ac,89,atomic_mass,227,u (inferred convention; not declared by KB),not_reported,not_reported,ubp_system_kb.json; upstream per-value source not_reported,unit_inferred_source_unresolved
ELEM_Ac_089,Ac,89,boiling_point,3471,K (inferred convention; not declared by KB),pressure/phase convention not_reported,not_reported,ubp_system_kb.json; upstream per-value source not_reported,unit_inferred_conditions_unresolved
ELEM_Ac_089,Ac,89,melting_point,1323,K (inferred convention; not declared by KB),pressure/allotrope convention not_reported,not_reported,ubp_system_kb.json; upstream per-value source not_reported,unit_inferred_conditions_unresolved
ELEM_Ac_089,Ac,89,atomic_number,89,1 (count),chemical-element identity,exact,KB element identifier and M_Count.Z agree,ontology_derived_exact
ELEM_Ac_089,Ac,89,density,1007/100,unresolved: values appear to mix gas and condensed-phase conventions,temperature/pressure/phase not_reported,not_reported,ubp_system_kb.json; upstream per-value source not_reported,unit_and_conditions_unresolved
ELEM_Th_090,Th,90,atomic_mass,5801/25,u (inferred convention; not declared by KB),not_reported,not_reported,ubp_system_kb.json; upstream per-value source not_reported,unit_inferred_source_unresolved
ELEM_Th_090,Th,90,boiling_point,5061,K (inferred convention; not declared by KB),pressure/phase convention not_reported,not_reported,ubp_system_kb.json; upstream per-value source not_reported,unit_inferred_conditions_unresolved
ELEM_Th_090,Th,90,melting_point,2115,K (inferred convention; not declared by KB),pressure/allotrope convention not_reported,not_reported,ubp_system_kb.json; upstream per-value source not_reported,unit_inferred_conditions_unresolved
ELEM_Th_090,Th,90,atomic_number,90,1 (count),chemical-element identity,exact,KB element identifier and M_Count.Z agree,ontology_derived_exact
ELEM_Th_090,Th,90,density,293/25,unresolved: values appear to mix gas and condensed-phase conventions,temperature/pressure/phase not_reported,not_reported,ubp_system_kb.json; upstream per-value source not_reported,unit_and_conditions_unresolved
ELEM_Pa_091,Pa,91,atomic_mass,5776/25,u (inferred convention; not declared by KB),not_reported,not_reported,ubp_system_kb.json; upstream per-value source not_reported,unit_inferred_source_unresolved
ELEM_Pa_091,Pa,91,boiling_point,4300,K (inferred convention; not declared by KB),pressure/phase convention not_reported,not_reported,ubp_system_kb.json; upstream per-value source not_reported,unit_inferred_conditions_unresolved
ELEM_Pa_091,Pa,91,melting_point,1841,K (inferred convention; not declared by KB),pressure/allotrope convention not_reported,not_reported,ubp_system_kb.json; upstream per-value source not_reported,unit_inferred_conditions_unresolved
ELEM_Pa_091,Pa,91,atomic_number,91,1 (count),chemical-element identity,exact,KB element identifier and M_Count.Z agree,ontology_derived_exact
ELEM_Pa_091,Pa,91,density,1537/100,unresolved: values appear to mix gas and condensed-phase conventions,temperature/pressure/phase not_reported,not_reported,ubp_system_kb.json; upstream per-value source not_reported,unit_and_conditions_unresolved
ELEM_U_092,U,92,atomic_mass,23803/100,u (inferred convention; not declared by KB),not_reported,not_reported,ubp_system_kb.json; upstream per-value source not_reported,unit_inferred_source_unresolved
ELEM_U_092,U,92,boiling_point,4404,K (inferred convention; not declared by KB),pressure/phase convention not_reported,not_reported,ubp_system_kb.json; upstream per-value source not_reported,unit_inferred_conditions_unresolved
ELEM_U_092,U,92,melting_point,14053/10,K (inferred convention; not declared by KB),pressure/allotrope convention not_reported,not_reported,ubp_system_kb.json; upstream per-value source not_reported,unit_inferred_conditions_unresolved
ELEM_U_092,U,92,atomic_number,92,1 (count),chemical-element identity,exact,KB element identifier and M_Count.Z agree,ontology_derived_exact
ELEM_U_092,U,92,density,379/20,unresolved: values appear to mix gas and condensed-phase conventions,temperature/pressure/phase not_reported,not_reported,ubp_system_kb.json; upstream per-value source not_reported,unit_and_conditions_unresolved
ELEM_Np_093,Np,93,atomic_mass,237,u (inferred convention; not declared by KB),not_reported,not_reported,ubp_system_kb.json; upstream per-value source not_reported,unit_inferred_source_unresolved
ELEM_Np_093,Np,93,boiling_point,4273,K (inferred convention; not declared by KB),pressure/phase convention not_reported,not_reported,ubp_system_kb.json; upstream per-value source not_reported,unit_inferred_conditions_unresolved
ELEM_Np_093,Np,93,melting_point,917,K (inferred convention; not declared by KB),pressure/allotrope convention not_reported,not_reported,ubp_system_kb.json; upstream per-value source not_reported,unit_inferred_conditions_unresolved
ELEM_Np_093,Np,93,atomic_number,93,1 (count),chemical-element identity,exact,KB element identifier and M_Count.Z agree,ontology_derived_exact
ELEM_Np_093,Np,93,density,409/20,unresolved: values appear to mix gas and condensed-phase conventions,temperature/pressure/phase not_reported,not_reported,ubp_system_kb.json; upstream per-value source not_reported,unit_and_conditions_unresolved
ELEM_Pu_094,Pu,94,atomic_mass,244,u (inferred convention; not declared by KB),not_reported,not_reported,ubp_system_kb.json; upstream per-value source not_reported,unit_inferred_source_unresolved
ELEM_Pu_094,Pu,94,boiling_point,3501,K (inferred convention; not declared by KB),pressure/phase convention not_reported,not_reported,ubp_system_kb.json; upstream per-value source not_reported,unit_inferred_conditions_unresolved
ELEM_Pu_094,Pu,94,melting_point,1825/2,K (inferred convention; not declared by KB),pressure/allotrope convention not_reported,not_reported,ubp_system_kb.json; upstream per-value source not_reported,unit_inferred_conditions_unresolved
ELEM_Pu_094,Pu,94,atomic_number,94,1 (count),chemical-element identity,exact,KB element identifier and M_Count.Z agree,ontology_derived_exact
ELEM_Pu_094,Pu,94,density,496/25,unresolved: values appear to mix gas and condensed-phase conventions,temperature/pressure/phase not_reported,not_reported,ubp_system_kb.json; upstream per-value source not_reported,unit_and_conditions_unresolved
ELEM_Am_095,Am,95,atomic_mass,243,u (inferred convention; not declared by KB),not_reported,not_reported,ubp_system_kb.json; upstream per-value source not_reported,unit_inferred_source_unresolved
ELEM_Am_095,Am,95,boiling_point,2880,K (inferred convention; not declared by KB),pressure/phase convention not_reported,not_reported,ubp_system_kb.json; upstream per-value source not_reported,unit_inferred_conditions_unresolved
ELEM_Am_095,Am,95,melting_point,1449,K (inferred convention; not declared by KB),pressure/allotrope convention not_reported,not_reported,ubp_system_kb.json; upstream per-value source not_reported,unit_inferred_conditions_unresolved
ELEM_Am_095,Am,95,atomic_number,95,1 (count),chemical-element identity,exact,KB element identifier and M_Count.Z agree,ontology_derived_exact
ELEM_Am_095,Am,95,density,1369/100,unresolved: values appear to mix gas and condensed-phase conventions,temperature/pressure/phase not_reported,not_reported,ubp_system_kb.json; upstream per-value source not_reported,unit_and_conditions_unresolved
ELEM_Cm_096,Cm,96,atomic_mass,247,u (inferred convention; not declared by KB),not_reported,not_reported,ubp_system_kb.json; upstream per-value source not_reported,unit_inferred_source_unresolved
ELEM_Cm_096,Cm,96,boiling_point,3383,K (inferred convention; not declared by KB),pressure/phase convention not_reported,not_reported,ubp_system_kb.json; upstream per-value source not_reported,unit_inferred_conditions_unresolved
ELEM_Cm_096,Cm,96,melting_point,1613,K (inferred convention; not declared by KB),pressure/allotrope convention not_reported,not_reported,ubp_system_kb.json; upstream per-value source not_reported,unit_inferred_conditions_unresolved
ELEM_Cm_096,Cm,96,atomic_number,96,1 (count),chemical-element identity,exact,KB element identifier and M_Count.Z agree,ontology_derived_exact
ELEM_Cm_096,Cm,96,density,1351/100,unresolved: values appear to mix gas and condensed-phase conventions,temperature/pressure/phase not_reported,not_reported,ubp_system_kb.json; upstream per-value source not_reported,unit_and_conditions_unresolved
ELEM_Bk_097,Bk,97,atomic_mass,247,u (inferred convention; not declared by KB),not_reported,not_reported,ubp_system_kb.json; upstream per-value source not_reported,unit_inferred_source_unresolved
ELEM_Bk_097,Bk,97,boiling_point,2900,K (inferred convention; not declared by KB),pressure/phase convention not_reported,not_reported,ubp_system_kb.json; upstream per-value source not_reported,unit_inferred_conditions_unresolved
ELEM_Bk_097,Bk,97,melting_point,1259,K (inferred convention; not declared by KB),pressure/allotrope convention not_reported,not_reported,ubp_system_kb.json; upstream per-value source not_reported,unit_inferred_conditions_unresolved
ELEM_Bk_097,Bk,97,atomic_number,97,1 (count),chemical-element identity,exact,KB element identifier and M_Count.Z agree,ontology_derived_exact
ELEM_Bk_097,Bk,97,density,1479/100,unresolved: values appear to mix gas and condensed-phase conventions,temperature/pressure/phase not_reported,not_reported,ubp_system_kb.json; upstream per-value source not_reported,unit_and_conditions_unresolved
ELEM_Cf_098,Cf,98,atomic_mass,251,u (inferred convention; not declared by KB),not_reported,not_reported,ubp_system_kb.json; upstream per-value source not_reported,unit_inferred_source_unresolved
ELEM_Cf_098,Cf,98,boiling_point,1743,K (inferred convention; not declared by KB),pressure/phase convention not_reported,not_reported,ubp_system_kb.json; upstream per-value source not_reported,unit_inferred_conditions_unresolved
ELEM_Cf_098,Cf,98,melting_point,1173,K (inferred convention; not declared by KB),pressure/allotrope convention not_reported,not_reported,ubp_system_kb.json; upstream per-value source not_reported,unit_inferred_conditions_unresolved
ELEM_Cf_098,Cf,98,atomic_number,98,1 (count),chemical-element identity,exact,KB element identifier and M_Count.Z agree,ontology_derived_exact
ELEM_Cf_098,Cf,98,density,151/10,unresolved: values appear to mix gas and condensed-phase conventions,temperature/pressure/phase not_reported,not_reported,ubp_system_kb.json; upstream per-value source not_reported,unit_and_conditions_unresolved
ELEM_Es_099,Es,99,atomic_mass,252,u (inferred convention; not declared by KB),not_reported,not_reported,ubp_system_kb.json; upstream per-value source not_reported,unit_inferred_source_unresolved
ELEM_Es_099,Es,99,boiling_point,1269,K (inferred convention; not declared by KB),pressure/phase convention not_reported,not_reported,ubp_system_kb.json; upstream per-value source not_reported,unit_inferred_conditions_unresolved
ELEM_Es_099,Es,99,melting_point,1133,K (inferred convention; not declared by KB),pressure/allotrope convention not_reported,not_reported,ubp_system_kb.json; upstream per-value source not_reported,unit_inferred_conditions_unresolved
ELEM_Es_099,Es,99,atomic_number,99,1 (count),chemical-element identity,exact,KB element identifier and M_Count.Z agree,ontology_derived_exact
ELEM_Es_099,Es,99,density,221/25,unresolved: values appear to mix gas and condensed-phase conventions,temperature/pressure/phase not_reported,not_reported,ubp_system_kb.json; upstream per-value source not_reported,unit_and_conditions_unresolved
ELEM_Fm_100,Fm,100,atomic_mass,257,u (inferred convention; not declared by KB),not_reported,not_reported,ubp_system_kb.json; upstream per-value source not_reported,unit_inferred_source_unresolved
ELEM_Fm_100,Fm,100,boiling_point,0,K (inferred convention; not declared by KB),pressure/phase convention not_reported,not_reported,ubp_system_kb.json; upstream per-value source not_reported,unit_inferred_conditions_unresolved
ELEM_Fm_100,Fm,100,melting_point,1800,K (inferred convention; not declared by KB),pressure/allotrope convention not_reported,not_reported,ubp_system_kb.json; upstream per-value source not_reported,unit_inferred_conditions_unresolved
ELEM_Fm_100,Fm,100,atomic_number,100,1 (count),chemical-element identity,exact,KB element identifier and M_Count.Z agree,ontology_derived_exact
ELEM_Fm_100,Fm,100,density,0,unresolved: values appear to mix gas and condensed-phase conventions,temperature/pressure/phase not_reported,not_reported,ubp_system_kb.json; upstream per-value source not_reported,unit_and_conditions_unresolved
ELEM_Md_101,Md,101,atomic_mass,258,u (inferred convention; not declared by KB),not_reported,not_reported,ubp_system_kb.json; upstream per-value source not_reported,unit_inferred_source_unresolved
ELEM_Md_101,Md,101,boiling_point,0,K (inferred convention; not declared by KB),pressure/phase convention not_reported,not_reported,ubp_system_kb.json; upstream per-value source not_reported,unit_inferred_conditions_unresolved
ELEM_Md_101,Md,101,melting_point,1100,K (inferred convention; not declared by KB),pressure/allotrope convention not_reported,not_reported,ubp_system_kb.json; upstream per-value source not_reported,unit_inferred_conditions_unresolved
ELEM_Md_101,Md,101,atomic_number,101,1 (count),chemical-element identity,exact,KB element identifier and M_Count.Z agree,ontology_derived_exact
ELEM_Md_101,Md,101,density,0,unresolved: values appear to mix gas and condensed-phase conventions,temperature/pressure/phase not_reported,not_reported,ubp_system_kb.json; upstream per-value source not_reported,unit_and_conditions_unresolved
ELEM_No_102,No,102,atomic_mass,259,u (inferred convention; not declared by KB),not_reported,not_reported,ubp_system_kb.json; upstream per-value source not_reported,unit_inferred_source_unresolved
ELEM_No_102,No,102,boiling_point,0,K (inferred convention; not declared by KB),pressure/phase convention not_reported,not_reported,ubp_system_kb.json; upstream per-value source not_reported,unit_inferred_conditions_unresolved
ELEM_No_102,No,102,melting_point,1100,K (inferred convention; not declared by KB),pressure/allotrope convention not_reported,not_reported,ubp_system_kb.json; upstream per-value source not_reported,unit_inferred_conditions_unresolved
ELEM_No_102,No,102,atomic_number,102,1 (count),chemical-element identity,exact,KB element identifier and M_Count.Z agree,ontology_derived_exact
ELEM_No_102,No,102,density,0,unresolved: values appear to mix gas and condensed-phase conventions,temperature/pressure/phase not_reported,not_reported,ubp_system_kb.json; upstream per-value source not_reported,unit_and_conditions_unresolved
ELEM_Lr_103,Lr,103,atomic_mass,266,u (inferred convention; not declared by KB),not_reported,not_reported,ubp_system_kb.json; upstream per-value source not_reported,unit_inferred_source_unresolved
ELEM_Lr_103,Lr,103,boiling_point,0,K (inferred convention; not declared by KB),pressure/phase convention not_reported,not_reported,ubp_system_kb.json; upstream per-value source not_reported,unit_inferred_conditions_unresolved
ELEM_Lr_103,Lr,103,melting_point,1900,K (inferred convention; not declared by KB),pressure/allotrope convention not_reported,not_reported,ubp_system_kb.json; upstream per-value source not_reported,unit_inferred_conditions_unresolved
ELEM_Lr_103,Lr,103,atomic_number,103,1 (count),chemical-element identity,exact,KB element identifier and M_Count.Z agree,ontology_derived_exact
ELEM_Lr_103,Lr,103,density,0,unresolved: values appear to mix gas and condensed-phase conventions,temperature/pressure/phase not_reported,not_reported,ubp_system_kb.json; upstream per-value source not_reported,unit_and_conditions_unresolved
ELEM_Rf_104,Rf,104,atomic_mass,267,u (inferred convention; not declared by KB),not_reported,not_reported,ubp_system_kb.json; upstream per-value source not_reported,unit_inferred_source_unresolved
ELEM_Rf_104,Rf,104,boiling_point,5800,K (inferred convention; not declared by KB),pressure/phase convention not_reported,not_reported,ubp_system_kb.json; upstream per-value source not_reported,unit_inferred_conditions_unresolved
ELEM_Rf_104,Rf,104,melting_point,2400,K (inferred convention; not declared by KB),pressure/allotrope convention not_reported,not_reported,ubp_system_kb.json; upstream per-value source not_reported,unit_inferred_conditions_unresolved
ELEM_Rf_104,Rf,104,atomic_number,104,1 (count),chemical-element identity,exact,KB element identifier and M_Count.Z agree,ontology_derived_exact
ELEM_Rf_104,Rf,104,density,116/5,unresolved: values appear to mix gas and condensed-phase conventions,temperature/pressure/phase not_reported,not_reported,ubp_system_kb.json; upstream per-value source not_reported,unit_and_conditions_unresolved
ELEM_Db_105,Db,105,atomic_mass,268,u (inferred convention; not declared by KB),not_reported,not_reported,ubp_system_kb.json; upstream per-value source not_reported,unit_inferred_source_unresolved
ELEM_Db_105,Db,105,boiling_point,0,K (inferred convention; not declared by KB),pressure/phase convention not_reported,not_reported,ubp_system_kb.json; upstream per-value source not_reported,unit_inferred_conditions_unresolved
ELEM_Db_105,Db,105,melting_point,0,K (inferred convention; not declared by KB),pressure/allotrope convention not_reported,not_reported,ubp_system_kb.json; upstream per-value source not_reported,unit_inferred_conditions_unresolved
ELEM_Db_105,Db,105,atomic_number,105,1 (count),chemical-element identity,exact,KB element identifier and M_Count.Z agree,ontology_derived_exact
ELEM_Db_105,Db,105,density,293/10,unresolved: values appear to mix gas and condensed-phase conventions,temperature/pressure/phase not_reported,not_reported,ubp_system_kb.json; upstream per-value source not_reported,unit_and_conditions_unresolved
ELEM_Sg_106,Sg,106,atomic_mass,269,u (inferred convention; not declared by KB),not_reported,not_reported,ubp_system_kb.json; upstream per-value source not_reported,unit_inferred_source_unresolved
ELEM_Sg_106,Sg,106,boiling_point,0,K (inferred convention; not declared by KB),pressure/phase convention not_reported,not_reported,ubp_system_kb.json; upstream per-value source not_reported,unit_inferred_conditions_unresolved
ELEM_Sg_106,Sg,106,melting_point,0,K (inferred convention; not declared by KB),pressure/allotrope convention not_reported,not_reported,ubp_system_kb.json; upstream per-value source not_reported,unit_inferred_conditions_unresolved
ELEM_Sg_106,Sg,106,atomic_number,106,1 (count),chemical-element identity,exact,KB element identifier and M_Count.Z agree,ontology_derived_exact
ELEM_Sg_106,Sg,106,density,35,unresolved: values appear to mix gas and condensed-phase conventions,temperature/pressure/phase not_reported,not_reported,ubp_system_kb.json; upstream per-value source not_reported,unit_and_conditions_unresolved
ELEM_Bh_107,Bh,107,atomic_mass,270,u (inferred convention; not declared by KB),not_reported,not_reported,ubp_system_kb.json; upstream per-value source not_reported,unit_inferred_source_unresolved
ELEM_Bh_107,Bh,107,boiling_point,0,K (inferred convention; not declared by KB),pressure/phase convention not_reported,not_reported,ubp_system_kb.json; upstream per-value source not_reported,unit_inferred_conditions_unresolved
ELEM_Bh_107,Bh,107,melting_point,0,K (inferred convention; not declared by KB),pressure/allotrope convention not_reported,not_reported,ubp_system_kb.json; upstream per-value source not_reported,unit_inferred_conditions_unresolved
ELEM_Bh_107,Bh,107,atomic_number,107,1 (count),chemical-element identity,exact,KB element identifier and M_Count.Z agree,ontology_derived_exact
ELEM_Bh_107,Bh,107,density,371/10,unresolved: values appear to mix gas and condensed-phase conventions,temperature/pressure/phase not_reported,not_reported,ubp_system_kb.json; upstream per-value source not_reported,unit_and_conditions_unresolved
ELEM_Hs_108,Hs,108,atomic_mass,277,u (inferred convention; not declared by KB),not_reported,not_reported,ubp_system_kb.json; upstream per-value source not_reported,unit_inferred_source_unresolved
ELEM_Hs_108,Hs,108,boiling_point,0,K (inferred convention; not declared by KB),pressure/phase convention not_reported,not_reported,ubp_system_kb.json; upstream per-value source not_reported,unit_inferred_conditions_unresolved
ELEM_Hs_108,Hs,108,melting_point,0,K (inferred convention; not declared by KB),pressure/allotrope convention not_reported,not_reported,ubp_system_kb.json; upstream per-value source not_reported,unit_inferred_conditions_unresolved
ELEM_Hs_108,Hs,108,atomic_number,108,1 (count),chemical-element identity,exact,KB element identifier and M_Count.Z agree,ontology_derived_exact
ELEM_Hs_108,Hs,108,density,407/10,unresolved: values appear to mix gas and condensed-phase conventions,temperature/pressure/phase not_reported,not_reported,ubp_system_kb.json; upstream per-value source not_reported,unit_and_conditions_unresolved
ELEM_Mt_109,Mt,109,atomic_mass,278,u (inferred convention; not declared by KB),not_reported,not_reported,ubp_system_kb.json; upstream per-value source not_reported,unit_inferred_source_unresolved
ELEM_Mt_109,Mt,109,boiling_point,0,K (inferred convention; not declared by KB),pressure/phase convention not_reported,not_reported,ubp_system_kb.json; upstream per-value source not_reported,unit_inferred_conditions_unresolved
ELEM_Mt_109,Mt,109,melting_point,0,K (inferred convention; not declared by KB),pressure/allotrope convention not_reported,not_reported,ubp_system_kb.json; upstream per-value source not_reported,unit_inferred_conditions_unresolved
ELEM_Mt_109,Mt,109,atomic_number,109,1 (count),chemical-element identity,exact,KB element identifier and M_Count.Z agree,ontology_derived_exact
ELEM_Mt_109,Mt,109,density,187/5,unresolved: values appear to mix gas and condensed-phase conventions,temperature/pressure/phase not_reported,not_reported,ubp_system_kb.json; upstream per-value source not_reported,unit_and_conditions_unresolved
ELEM_Ds_110,Ds,110,atomic_mass,281,u (inferred convention; not declared by KB),not_reported,not_reported,ubp_system_kb.json; upstream per-value source not_reported,unit_inferred_source_unresolved
ELEM_Ds_110,Ds,110,boiling_point,0,K (inferred convention; not declared by KB),pressure/phase convention not_reported,not_reported,ubp_system_kb.json; upstream per-value source not_reported,unit_inferred_conditions_unresolved
ELEM_Ds_110,Ds,110,melting_point,0,K (inferred convention; not declared by KB),pressure/allotrope convention not_reported,not_reported,ubp_system_kb.json; upstream per-value source not_reported,unit_inferred_conditions_unresolved
ELEM_Ds_110,Ds,110,atomic_number,110,1 (count),chemical-element identity,exact,KB element identifier and M_Count.Z agree,ontology_derived_exact
ELEM_Ds_110,Ds,110,density,174/5,unresolved: values appear to mix gas and condensed-phase conventions,temperature/pressure/phase not_reported,not_reported,ubp_system_kb.json; upstream per-value source not_reported,unit_and_conditions_unresolved
ELEM_Rg_111,Rg,111,atomic_mass,282,u (inferred convention; not declared by KB),not_reported,not_reported,ubp_system_kb.json; upstream per-value source not_reported,unit_inferred_source_unresolved
ELEM_Rg_111,Rg,111,boiling_point,0,K (inferred convention; not declared by KB),pressure/phase convention not_reported,not_reported,ubp_system_kb.json; upstream per-value source not_reported,unit_inferred_conditions_unresolved
ELEM_Rg_111,Rg,111,melting_point,0,K (inferred convention; not declared by KB),pressure/allotrope convention not_reported,not_reported,ubp_system_kb.json; upstream per-value source not_reported,unit_inferred_conditions_unresolved
ELEM_Rg_111,Rg,111,atomic_number,111,1 (count),chemical-element identity,exact,KB element identifier and M_Count.Z agree,ontology_derived_exact
ELEM_Rg_111,Rg,111,density,287/10,unresolved: values appear to mix gas and condensed-phase conventions,temperature/pressure/phase not_reported,not_reported,ubp_system_kb.json; upstream per-value source not_reported,unit_and_conditions_unresolved
ELEM_Cn_112,Cn,112,atomic_mass,285,u (inferred convention; not declared by KB),not_reported,not_reported,ubp_system_kb.json; upstream per-value source not_reported,unit_inferred_source_unresolved
ELEM_Cn_112,Cn,112,boiling_point,357,K (inferred convention; not declared by KB),pressure/phase convention not_reported,not_reported,ubp_system_kb.json; upstream per-value source not_reported,unit_inferred_conditions_unresolved
ELEM_Cn_112,Cn,112,melting_point,283,K (inferred convention; not declared by KB),pressure/allotrope convention not_reported,not_reported,ubp_system_kb.json; upstream per-value source not_reported,unit_inferred_conditions_unresolved
ELEM_Cn_112,Cn,112,atomic_number,112,1 (count),chemical-element identity,exact,KB element identifier and M_Count.Z agree,ontology_derived_exact
ELEM_Cn_112,Cn,112,density,237/10,unresolved: values appear to mix gas and condensed-phase conventions,temperature/pressure/phase not_reported,not_reported,ubp_system_kb.json; upstream per-value source not_reported,unit_and_conditions_unresolved
ELEM_Nh_113,Nh,113,atomic_mass,286,u (inferred convention; not declared by KB),not_reported,not_reported,ubp_system_kb.json; upstream per-value source not_reported,unit_inferred_source_unresolved
ELEM_Nh_113,Nh,113,boiling_point,1430,K (inferred convention; not declared by KB),pressure/phase convention not_reported,not_reported,ubp_system_kb.json; upstream per-value source not_reported,unit_inferred_conditions_unresolved
ELEM_Nh_113,Nh,113,melting_point,700,K (inferred convention; not declared by KB),pressure/allotrope convention not_reported,not_reported,ubp_system_kb.json; upstream per-value source not_reported,unit_inferred_conditions_unresolved
ELEM_Nh_113,Nh,113,atomic_number,113,1 (count),chemical-element identity,exact,KB element identifier and M_Count.Z agree,ontology_derived_exact
ELEM_Nh_113,Nh,113,density,16,unresolved: values appear to mix gas and condensed-phase conventions,temperature/pressure/phase not_reported,not_reported,ubp_system_kb.json; upstream per-value source not_reported,unit_and_conditions_unresolved
ELEM_Fl_114,Fl,114,atomic_mass,289,u (inferred convention; not declared by KB),not_reported,not_reported,ubp_system_kb.json; upstream per-value source not_reported,unit_inferred_source_unresolved
ELEM_Fl_114,Fl,114,boiling_point,210,K (inferred convention; not declared by KB),pressure/phase convention not_reported,not_reported,ubp_system_kb.json; upstream per-value source not_reported,unit_inferred_conditions_unresolved
ELEM_Fl_114,Fl,114,melting_point,200,K (inferred convention; not declared by KB),pressure/allotrope convention not_reported,not_reported,ubp_system_kb.json; upstream per-value source not_reported,unit_inferred_conditions_unresolved
ELEM_Fl_114,Fl,114,atomic_number,114,1 (count),chemical-element identity,exact,KB element identifier and M_Count.Z agree,ontology_derived_exact
ELEM_Fl_114,Fl,114,density,14,unresolved: values appear to mix gas and condensed-phase conventions,temperature/pressure/phase not_reported,not_reported,ubp_system_kb.json; upstream per-value source not_reported,unit_and_conditions_unresolved
ELEM_Mc_115,Mc,115,atomic_mass,290,u (inferred convention; not declared by KB),not_reported,not_reported,ubp_system_kb.json; upstream per-value source not_reported,unit_inferred_source_unresolved
ELEM_Mc_115,Mc,115,boiling_point,1400,K (inferred convention; not declared by KB),pressure/phase convention not_reported,not_reported,ubp_system_kb.json; upstream per-value source not_reported,unit_inferred_conditions_unresolved
ELEM_Mc_115,Mc,115,melting_point,670,K (inferred convention; not declared by KB),pressure/allotrope convention not_reported,not_reported,ubp_system_kb.json; upstream per-value source not_reported,unit_inferred_conditions_unresolved
ELEM_Mc_115,Mc,115,atomic_number,115,1 (count),chemical-element identity,exact,KB element identifier and M_Count.Z agree,ontology_derived_exact
ELEM_Mc_115,Mc,115,density,27/2,unresolved: values appear to mix gas and condensed-phase conventions,temperature/pressure/phase not_reported,not_reported,ubp_system_kb.json; upstream per-value source not_reported,unit_and_conditions_unresolved
ELEM_Lv_116,Lv,116,atomic_mass,293,u (inferred convention; not declared by KB),not_reported,not_reported,ubp_system_kb.json; upstream per-value source not_reported,unit_inferred_source_unresolved
ELEM_Lv_116,Lv,116,boiling_point,1085,K (inferred convention; not declared by KB),pressure/phase convention not_reported,not_reported,ubp_system_kb.json; upstream per-value source not_reported,unit_inferred_conditions_unresolved
ELEM_Lv_116,Lv,116,melting_point,709,K (inferred convention; not declared by KB),pressure/allotrope convention not_reported,not_reported,ubp_system_kb.json; upstream per-value source not_reported,unit_inferred_conditions_unresolved
ELEM_Lv_116,Lv,116,atomic_number,116,1 (count),chemical-element identity,exact,KB element identifier and M_Count.Z agree,ontology_derived_exact
ELEM_Lv_116,Lv,116,density,129/10,unresolved: values appear to mix gas and condensed-phase conventions,temperature/pressure/phase not_reported,not_reported,ubp_system_kb.json; upstream per-value source not_reported,unit_and_conditions_unresolved
ELEM_Ts_117,Ts,117,atomic_mass,294,u (inferred convention; not declared by KB),not_reported,not_reported,ubp_system_kb.json; upstream per-value source not_reported,unit_inferred_source_unresolved
ELEM_Ts_117,Ts,117,boiling_point,883,K (inferred convention; not declared by KB),pressure/phase convention not_reported,not_reported,ubp_system_kb.json; upstream per-value source not_reported,unit_inferred_conditions_unresolved
ELEM_Ts_117,Ts,117,melting_point,723,K (inferred convention; not declared by KB),pressure/allotrope convention not_reported,not_reported,ubp_system_kb.json; upstream per-value source not_reported,unit_inferred_conditions_unresolved
ELEM_Ts_117,Ts,117,atomic_number,117,1 (count),chemical-element identity,exact,KB element identifier and M_Count.Z agree,ontology_derived_exact
ELEM_Ts_117,Ts,117,density,36/5,unresolved: values appear to mix gas and condensed-phase conventions,temperature/pressure/phase not_reported,not_reported,ubp_system_kb.json; upstream per-value source not_reported,unit_and_conditions_unresolved
ELEM_Og_118,Og,118,atomic_mass,294,u (inferred convention; not declared by KB),not_reported,not_reported,ubp_system_kb.json; upstream per-value source not_reported,unit_inferred_source_unresolved
ELEM_Og_118,Og,118,boiling_point,350,K (inferred convention; not declared by KB),pressure/phase convention not_reported,not_reported,ubp_system_kb.json; upstream per-value source not_reported,unit_inferred_conditions_unresolved
ELEM_Og_118,Og,118,melting_point,325,K (inferred convention; not declared by KB),pressure/allotrope convention not_reported,not_reported,ubp_system_kb.json; upstream per-value source not_reported,unit_inferred_conditions_unresolved
ELEM_Og_118,Og,118,atomic_number,118,1 (count),chemical-element identity,exact,KB element identifier and M_Count.Z agree,ontology_derived_exact
ELEM_Og_118,Og,118,density,5,unresolved: values appear to mix gas and condensed-phase conventions,temperature/pressure/phase not_reported,not_reported,ubp_system_kb.json; upstream per-value source not_reported,unit_and_conditions_unresolved
