held_out_element,species,configuration,observed_kJ_mol,predicted_kJ_mol,error_kJ_mol
H,H2,mean_only,432.1,442.13428571428574,10.034285714285716
H,LiH,mean_only,233.0,442.13428571428574,209.13428571428574
H,BeH,mean_only,216.8,442.13428571428574,225.33428571428573
H,BH,mean_only,336.4,442.13428571428574,105.73428571428576
H,CH,mean_only,334.7,442.13428571428574,107.43428571428575
H,NH,mean_only,328.5,442.13428571428574,113.63428571428574
H,OH,mean_only,425.8,442.13428571428574,16.334285714285727
H,HF,mean_only,566.6,442.13428571428574,-124.46571428571428
H,NaH,mean_only,197.6,442.13428571428574,244.53428571428574
H,MgH,mean_only,131.6,442.13428571428574,310.5342857142857
H,AlH,mean_only,294.3,442.13428571428574,147.83428571428573
H,SiH,mean_only,294.8,442.13428571428574,147.33428571428573
H,PH,mean_only,277.2,442.13428571428574,164.93428571428575
H,HS,mean_only,351.0,442.13428571428574,91.13428571428574
H,HCl,mean_only,427.8,442.13428571428574,14.334285714285727
H,HBr,mean_only,362.4,442.13428571428574,79.73428571428576
H,HI,mean_only,294.5,442.13428571428574,147.63428571428574
H,H2,atomic_number_ABC,432.1,525.0022973409891,92.9022973409891
H,LiH,atomic_number_ABC,233.0,526.9413882909602,293.94138829096016
H,BeH,atomic_number_ABC,216.8,527.5206798842955,310.7206798842955
H,BH,atomic_number_ABC,336.4,527.8135917751583,191.41359177515835
H,CH,atomic_number_ABC,334.7,527.8004661275193,193.10046612751927
H,NH,atomic_number_ABC,328.5,527.4616451053491,198.96164510534913
H,OH,atomic_number_ABC,425.8,526.7774708726186,100.97747087261854
H,HF,atomic_number_ABC,566.6,525.7282855932981,-40.871714406701926
H,NaH,atomic_number_ABC,197.6,522.4562505507705,324.8562505507705
H,MgH,atomic_number_ABC,131.6,520.1940851155049,388.59408511550487
H,AlH,atomic_number_ABC,294.3,517.4882772895321,223.1882772895321
H,SiH,atomic_number_ABC,294.8,514.319169236823,219.51916923682296
H,PH,atomic_number_ABC,277.2,510.66710312134825,233.46710312134826
H,HS,atomic_number_ABC,351.0,506.5124211070784,155.5124211070784
H,HCl,atomic_number_ABC,427.8,501.83546535798433,74.03546535798432
H,HBr,atomic_number_ABC,362.4,305.93152014591453,-56.468479854085444
H,HI,atomic_number_ABC,294.5,-180.20275374569547,-474.7027537456955
H,H2,raw_properties_ABC,432.1,414.68730672423203,-17.412693275767992
H,LiH,raw_properties_ABC,233.0,407.2460872996137,174.2460872996137
H,BeH,raw_properties_ABC,216.8,480.88595819848945,264.08595819848944
H,BH,raw_properties_ABC,336.4,671.554929419349,335.15492941934906
H,CH,raw_properties_ABC,334.7,746.7263573703494,412.02635737034944
H,NH,raw_properties_ABC,328.5,462.5780152064454,134.0780152064454
H,OH,raw_properties_ABC,425.8,466.318556159323,40.518556159323
H,HF,raw_properties_ABC,566.6,342.2155413143033,-224.3844586856967
H,NaH,raw_properties_ABC,197.6,462.8629689690329,265.26296896903295
H,MgH,raw_properties_ABC,131.6,389.9863006960584,258.38630069605836
H,AlH,raw_properties_ABC,294.3,445.822431942662,151.52243194266197
H,SiH,raw_properties_ABC,294.8,626.6592417613014,331.85924176130135
H,PH,raw_properties_ABC,277.2,469.3089033352848,192.10890333528482
H,HS,raw_properties_ABC,351.0,438.86188311939304,87.86188311939304
H,HCl,raw_properties_ABC,427.8,428.33008199940303,0.5300819994030235
H,HBr,raw_properties_ABC,362.4,318.2253471158033,-44.17465288419669
H,HI,raw_properties_ABC,294.5,236.23937344039092,-58.26062655960908
H,H2,fixed_A,432.1,533.3179908984963,101.21799089849628
H,LiH,fixed_A,233.0,404.4870928478008,171.4870928478008
H,BeH,fixed_A,216.8,429.6132662851228,212.81326628512278
H,BH,fixed_A,336.4,567.2252676680603,230.8252676680603
H,CH,fixed_A,334.7,605.5922375834484,270.89223758344843
H,NH,fixed_A,328.5,532.5304843487099,204.03048434870993
H,OH,fixed_A,425.8,550.6073257855064,124.8073257855064
H,HF,fixed_A,566.6,493.03505617486,-73.56494382514
H,NaH,fixed_A,197.6,410.4186500660067,212.8186500660067
H,MgH,fixed_A,131.6,379.4395570216168,247.8395570216168
H,AlH,fixed_A,294.3,451.0870571553904,156.7870571553904
H,SiH,fixed_A,294.8,466.327490042529,171.527490042529
H,PH,fixed_A,277.2,502.5937775558904,225.39377755589044
H,HS,fixed_A,351.0,426.12617079989633,75.12617079989633
H,HCl,fixed_A,427.8,392.1102853847762,-35.68971461522381
H,HBr,fixed_A,362.4,362.77581908093333,0.37581908093335414
H,HI,fixed_A,294.5,345.15776129510454,50.657761295104535
H,H2,fixed_B,432.1,363.8267994369239,-68.2732005630761
H,LiH,fixed_B,233.0,280.47318981528235,47.47318981528235
H,BeH,fixed_B,216.8,532.8798498138233,316.0798498138233
H,BH,fixed_B,336.4,549.7960964770516,213.39609647705163
H,CH,fixed_B,334.7,644.4537827496753,309.7537827496753
H,NH,fixed_B,328.5,274.5100310284542,-53.98996897154581
H,OH,fixed_B,425.8,256.5797672100991,-169.22023278990093
H,HF,fixed_B,566.6,195.28319043533193,-371.3168095646681
H,NaH,fixed_B,197.6,295.1390120370208,97.5390120370208
H,MgH,fixed_B,131.6,323.6122285235493,192.01222852354928
H,AlH,fixed_B,294.3,339.41413277439216,45.11413277439215
H,SiH,fixed_B,294.8,425.0573850426346,130.2573850426346
H,PH,fixed_B,277.2,384.23124028431494,107.03124028431495
H,HS,fixed_B,351.0,274.6463270412232,-76.35367295877683
H,HCl,fixed_B,427.8,172.07147389705005,-255.72852610294996
H,HBr,fixed_B,362.4,137.74498274897155,-224.65501725102843
H,HI,fixed_B,294.5,137.37701746661884,-157.12298253338116
H,H2,fixed_C,432.1,460.7477190546942,28.647719054694164
H,LiH,fixed_C,233.0,375.60982120236923,142.60982120236923
H,BeH,fixed_C,216.8,357.4357686204445,140.63576862044448
H,BH,fixed_C,336.4,485.25053410776223,148.85053410776226
H,CH,fixed_C,334.7,689.4593434440822,354.75934344408216
H,NH,fixed_C,328.5,577.0988826467046,248.59888264670462
H,OH,fixed_C,425.8,510.8463924159381,85.0463924159381
H,HF,fixed_C,566.6,481.34519678848574,-85.25480321151429
H,NaH,fixed_C,197.6,595.9619865332367,398.36198653323663
H,MgH,fixed_C,131.6,430.09526947479407,298.4952694747941
H,AlH,fixed_C,294.3,281.21210033468526,-13.087899665314751
H,SiH,fixed_C,294.8,486.0937613933348,191.29376139333476
H,PH,fixed_C,277.2,552.6825796435611,275.4825796435611
H,HS,fixed_C,351.0,465.0646051471608,114.06460514716082
H,HCl,fixed_C,427.8,508.45857885710905,80.65857885710903
H,HBr,fixed_C,362.4,430.1394761761739,67.73947617617392
H,HI,fixed_C,294.5,405.5777006113417,111.0777006113417
H,H2,fixed_ABC,432.1,666.25700230491,234.15700230490995
H,LiH,fixed_ABC,233.0,316.9251576775825,83.92515767758249
H,BeH,fixed_ABC,216.8,563.0988067899028,346.2988067899028
H,BH,fixed_ABC,336.4,680.0114943508715,343.61149435087157
H,CH,fixed_ABC,334.7,867.0690770486724,532.3690770486724
H,NH,fixed_ABC,328.5,581.8884067851641,253.38840678516408
H,OH,fixed_ABC,425.8,515.6148357729053,89.81483577290527
H,HF,fixed_ABC,566.6,334.1779767372858,-232.42202326271422
H,NaH,fixed_ABC,197.6,480.2102460347081,282.6102460347081
H,MgH,fixed_ABC,131.6,436.0094986377241,304.40949863772414
H,AlH,fixed_ABC,294.3,408.00274827540534,113.70274827540533
H,SiH,fixed_ABC,294.8,593.027740953386,298.227740953386
H,PH,fixed_ABC,277.2,682.5179290876815,405.31792908768153
H,HS,fixed_ABC,351.0,491.7461542229245,140.74615422292447
H,HCl,fixed_ABC,427.8,323.0839590857668,-104.71604091423319
H,HBr,fixed_ABC,362.4,284.2124141452193,-78.18758585478065
H,HI,fixed_ABC,294.5,284.4158362867212,-10.084163713278826
H,H2,random_A_00,432.1,519.0956029971378,86.99560299713778
H,LiH,random_A_00,233.0,392.9092986209888,159.9092986209888
H,BeH,random_A_00,216.8,412.56203762795366,195.76203762795365
H,BH,random_A_00,336.4,560.2519717383644,223.85197173836445
H,CH,random_A_00,334.7,599.2109517605494,264.5109517605494
H,NH,random_A_00,328.5,530.3212181821742,201.82121818217422
H,OH,random_A_00,425.8,539.4347050243861,113.63470502438605
H,HF,random_A_00,566.6,482.64277718150595,-83.95722281849407
H,NaH,random_A_00,197.6,419.74270679609765,222.14270679609766
H,MgH,random_A_00,131.6,367.79968425256556,236.19968425256556
H,AlH,random_A_00,294.3,431.5409197810634,137.24091978106338
H,SiH,random_A_00,294.8,466.0264120564725,171.2264120564725
H,PH,random_A_00,277.2,499.664266120695,222.46426612069502
H,HS,random_A_00,351.0,417.40884100574215,66.40884100574215
H,HCl,random_A_00,427.8,387.5626641439349,-40.2373358560651
H,HBr,random_A_00,362.4,351.0152022797356,-11.384797720264373
H,HI,random_A_00,294.5,330.5087428000726,36.00874280007258
H,H2,random_A_01,432.1,472.0578290864989,39.95782908649886
H,LiH,random_A_01,233.0,348.70933778256403,115.70933778256403
H,BeH,random_A_01,216.8,360.6897504022709,143.88975040227086
H,BH,random_A_01,336.4,548.0368515588181,211.63685155881808
H,CH,random_A_01,334.7,570.8340766970271,236.13407669702707
H,NH,random_A_01,328.5,500.12492300446183,171.62492300446183
H,OH,random_A_01,425.8,534.7598411190695,108.9598411190695
H,HF,random_A_01,566.6,456.60570391453587,-109.99429608546416
H,NaH,random_A_01,197.6,374.5156058386915,176.9156058386915
H,MgH,random_A_01,131.6,314.8230025604003,183.22300256040032
H,AlH,random_A_01,294.3,421.65488892803967,127.35488892803966
H,SiH,random_A_01,294.8,437.026100654202,142.226100654202
H,PH,random_A_01,277.2,476.9294781364312,199.72947813643123
H,HS,random_A_01,351.0,399.8316985877443,48.83169858774431
H,HCl,random_A_01,427.8,348.8618001613994,-78.93819983860061
H,HBr,random_A_01,362.4,327.2148362980825,-35.185163701917475
H,HI,random_A_01,294.5,310.2051121604164,15.705112160416377
H,H2,random_A_02,432.1,545.6231134429307,113.52311344293071
H,LiH,random_A_02,233.0,420.0549972740763,187.0549972740763
H,BeH,random_A_02,216.8,459.65115276450086,242.85115276450085
H,BH,random_A_02,336.4,574.9981889030983,238.59818890309828
H,CH,random_A_02,334.7,617.973011847259,283.27301184725906
H,NH,random_A_02,328.5,534.928004090538,206.42800409053802
H,OH,random_A_02,425.8,546.600983421185,120.80098342118498
H,HF,random_A_02,566.6,505.24444706931786,-61.355552930682165
H,NaH,random_A_02,197.6,412.29913786110814,214.69913786110814
H,MgH,random_A_02,131.6,400.73374629777584,269.1337462977758
H,AlH,random_A_02,294.3,461.55097023834566,167.25097023834564
H,SiH,random_A_02,294.8,478.508002413095,183.70800241309502
H,PH,random_A_02,277.2,500.7552899730795,223.55528997307954
H,HS,random_A_02,351.0,433.12081094107964,82.12081094107964
H,HCl,random_A_02,427.8,405.1722065118808,-22.62779348811921
H,HBr,random_A_02,362.4,371.8889235850529,9.48892358505293
H,HI,random_A_02,294.5,348.20925446731883,53.70925446731883
H,H2,random_A_03,432.1,510.8198994294036,78.7198994294036
H,LiH,random_A_03,233.0,398.7918874321199,165.7918874321199
H,BeH,random_A_03,216.8,414.51569490126036,197.71569490126035
H,BH,random_A_03,336.4,556.9870306335445,220.5870306335445
H,CH,random_A_03,334.7,598.6082459732595,263.9082459732595
H,NH,random_A_03,328.5,516.060314295932,187.56031429593202
H,OH,random_A_03,425.8,541.4345766771285,115.63457667712845
H,HF,random_A_03,566.6,475.566670248754,-91.03332975124601
H,NaH,random_A_03,197.6,406.3790568184896,208.77905681848958
H,MgH,random_A_03,131.6,370.47452531363274,238.87452531363274
H,AlH,random_A_03,294.3,442.6404680049275,148.34046800492752
H,SiH,random_A_03,294.8,454.6856643575534,159.88566435755337
H,PH,random_A_03,277.2,489.6344517182867,212.4344517182867
H,HS,random_A_03,351.0,419.83960283807005,68.83960283807005
H,HCl,random_A_03,427.8,383.4247823049928,-44.37521769500722
H,HBr,random_A_03,362.4,348.97580083443154,-13.424199165568439
H,HI,random_A_03,294.5,325.08726897018715,30.587268970187154
H,H2,random_A_04,432.1,524.5434940033455,92.44349400334545
H,LiH,random_A_04,233.0,401.24339071645323,168.24339071645323
H,BeH,random_A_04,216.8,417.6883311734533,200.8883311734533
H,BH,random_A_04,336.4,566.6479859861469,230.2479859861469
H,CH,random_A_04,334.7,584.0425320452583,249.34253204525834
H,NH,random_A_04,328.5,523.103425413986,194.60342541398597
H,OH,random_A_04,425.8,552.5379684981259,126.7379684981259
H,HF,random_A_04,566.6,483.52429146187063,-83.07570853812939
H,NaH,random_A_04,197.6,400.7295377349232,203.12953773492322
H,MgH,random_A_04,131.6,367.93680095525906,236.33680095525906
H,AlH,random_A_04,294.3,464.4479112201071,170.14791122010706
H,SiH,random_A_04,294.8,462.01055327794506,167.21055327794505
H,PH,random_A_04,277.2,500.93153368444473,223.73153368444474
H,HS,random_A_04,351.0,423.2501536148975,72.2501536148975
H,HCl,random_A_04,427.8,380.88993904026813,-46.91006095973188
H,HBr,random_A_04,362.4,366.8757231088253,4.475723108825321
H,HI,random_A_04,294.5,363.37234920362675,68.87234920362675
H,H2,random_A_05,432.1,562.5653265243208,130.46532652432074
H,LiH,random_A_05,233.0,453.59729915094806,220.59729915094806
H,BeH,random_A_05,216.8,483.1009192958296,266.3009192958296
H,BH,random_A_05,336.4,575.1717432987232,238.7717432987232
H,CH,random_A_05,334.7,601.4271987400331,266.7271987400331
H,NH,random_A_05,328.5,534.6178399397404,206.1178399397404
H,OH,random_A_05,425.8,564.6022654758566,138.8022654758566
H,HF,random_A_05,566.6,516.2056599289658,-50.39434007103421
H,NaH,random_A_05,197.6,412.37788302513087,214.77788302513088
H,MgH,random_A_05,131.6,424.69889854904915,293.0988985490492
H,AlH,random_A_05,294.3,497.5144775864908,203.21447758649077
H,SiH,random_A_05,294.8,474.24341432801805,179.44341432801804
H,PH,random_A_05,277.2,504.18807479528306,226.98807479528307
H,HS,random_A_05,351.0,453.8849163132977,102.88491631329771
H,HCl,random_A_05,427.8,416.7536418138336,-11.046358186166401
H,HBr,random_A_05,362.4,385.5149469288056,23.114946928805637
H,HI,random_A_05,294.5,353.85402456913994,59.35402456913994
H,H2,random_A_06,432.1,500.30139793644247,68.20139793644245
H,LiH,random_A_06,233.0,419.329061073174,186.329061073174
H,BeH,random_A_06,216.8,434.5261120983116,217.7261120983116
H,BH,random_A_06,336.4,541.7072733506013,205.30727335060135
H,CH,random_A_06,334.7,598.5690780778874,263.8690780778874
H,NH,random_A_06,328.5,501.7033026001338,173.20330260013378
H,OH,random_A_06,425.8,530.2090041954104,104.40900419541043
H,HF,random_A_06,566.6,483.2103294253725,-83.38967057462753
H,NaH,random_A_06,197.6,399.5180312243169,201.91803122431693
H,MgH,random_A_06,131.6,386.9884177957801,255.3884177957801
H,AlH,random_A_06,294.3,435.88945438110756,141.58945438110754
H,SiH,random_A_06,294.8,451.64421025367056,156.84421025367055
H,PH,random_A_06,277.2,455.9636468327184,178.7636468327184
H,HS,random_A_06,351.0,409.94319857139845,58.943198571398455
H,HCl,random_A_06,427.8,415.0666333566821,-12.733366643317936
H,HBr,random_A_06,362.4,347.19487376862224,-15.205126231377733
H,HI,random_A_06,294.5,307.51187180723906,13.01187180723906
H,H2,random_A_07,432.1,563.5039686788278,131.40396867882782
H,LiH,random_A_07,233.0,427.04500738400407,194.04500738400407
H,BeH,random_A_07,216.8,458.96018858713285,242.16018858713284
H,BH,random_A_07,336.4,580.2196232787127,243.8196232787127
H,CH,random_A_07,334.7,623.0809619142736,288.38096191427366
H,NH,random_A_07,328.5,549.4046846789722,220.90468467897222
H,OH,random_A_07,425.8,563.9205234647941,138.12052346479408
H,HF,random_A_07,566.6,509.9971819493963,-56.60281805060373
H,NaH,random_A_07,197.6,424.13681885225094,226.53681885225095
H,MgH,random_A_07,131.6,406.0424408641512,274.4424408641512
H,AlH,random_A_07,294.3,468.97415599418576,174.67415599418575
H,SiH,random_A_07,294.8,476.6640782172946,181.8640782172946
H,PH,random_A_07,277.2,520.1877440530839,242.98774405308387
H,HS,random_A_07,351.0,444.8560123632937,93.8560123632937
H,HCl,random_A_07,427.8,402.9720692507025,-24.827930749297536
H,HBr,random_A_07,362.4,373.7388755557264,11.338875555726418
H,HI,random_A_07,294.5,348.82250211191274,54.32250211191274
H,H2,random_A_08,432.1,495.1958217950979,63.09582179509789
H,LiH,random_A_08,233.0,379.34606666457756,146.34606666457756
H,BeH,random_A_08,216.8,379.9662489032165,163.1662489032165
H,BH,random_A_08,336.4,556.0317233614103,219.6317233614103
H,CH,random_A_08,334.7,567.9821944827075,233.28219448270755
H,NH,random_A_08,328.5,506.8729010025882,178.3729010025882
H,OH,random_A_08,425.8,555.8701666791302,130.07016667913018
H,HF,random_A_08,566.6,466.6022179799663,-99.9977820200337
H,NaH,random_A_08,197.6,379.1432407783783,181.5432407783783
H,MgH,random_A_08,131.6,334.22685320988296,202.62685320988297
H,AlH,random_A_08,294.3,453.0756509856552,158.7756509856552
H,SiH,random_A_08,294.8,438.76789099828903,143.96789099828902
H,PH,random_A_08,277.2,485.2179988574748,208.01799885747482
H,HS,random_A_08,351.0,411.1804515247341,60.18045152473411
H,HCl,random_A_08,427.8,360.6645577632183,-67.13544223678173
H,HBr,random_A_08,362.4,341.09717982781774,-21.302820172182237
H,HI,random_A_08,294.5,329.5253034030919,35.025303403091925
H,H2,random_A_09,432.1,545.909704261744,113.80970426174395
H,LiH,random_A_09,233.0,407.2329533366502,174.2329533366502
H,BeH,random_A_09,216.8,438.0384356604373,221.2384356604373
H,BH,random_A_09,336.4,571.2003868383686,234.80038683836858
H,CH,random_A_09,334.7,628.85912082289,294.15912082289
H,NH,random_A_09,328.5,539.3770869461385,210.87708694613855
H,OH,random_A_09,425.8,553.5062376128124,127.70623761281234
H,HF,random_A_09,566.6,493.88839728452,-72.71160271548001
H,NaH,random_A_09,197.6,417.8068469151474,220.2068469151474
H,MgH,random_A_09,131.6,391.88251187988715,260.2825118798871
H,AlH,random_A_09,294.3,450.4147222061898,156.1147222061898
H,SiH,random_A_09,294.8,467.58576736631966,172.78576736631965
H,PH,random_A_09,277.2,514.2775163547959,237.07751635479593
H,HS,random_A_09,351.0,432.0510588618805,81.0510588618805
H,HCl,random_A_09,427.8,393.0079896514063,-34.79201034859369
H,HBr,random_A_09,362.4,371.05548832857636,8.655488328576382
H,HI,random_A_09,294.5,359.62581383979153,65.12581383979153
H,H2,random_A_10,432.1,572.0667911744458,139.9667911744458
H,LiH,random_A_10,233.0,433.7608138371656,200.76081383716559
H,BeH,random_A_10,216.8,466.92597775374287,250.12597775374286
H,BH,random_A_10,336.4,584.2168205851301,247.81682058513013
H,CH,random_A_10,334.7,630.684247059547,295.98424705954704
H,NH,random_A_10,328.5,553.9244472444472,225.42444724444715
H,OH,random_A_10,425.8,567.1524773161984,141.35247731619842
H,HF,random_A_10,566.6,513.8425813970504,-52.757418602949656
H,NaH,random_A_10,197.6,428.310567801386,230.71056780138602
H,MgH,random_A_10,131.6,413.46934043604386,281.8693404360439
H,AlH,random_A_10,294.3,472.9042324010281,178.60423240102807
H,SiH,random_A_10,294.8,480.34604143216677,185.54604143216676
H,PH,random_A_10,277.2,524.0811918831843,246.88119188318427
H,HS,random_A_10,351.0,447.0266464313776,96.02664643137763
H,HCl,random_A_10,427.8,407.5346379042705,-20.26536209572953
H,HBr,random_A_10,362.4,377.8445896414527,15.444589641452751
H,HI,random_A_10,294.5,354.82563558741464,60.32563558741464
H,H2,random_A_11,432.1,499.37547878103254,67.27547878103252
H,LiH,random_A_11,233.0,399.8062632030287,166.80626320302872
H,BeH,random_A_11,216.8,423.19990136382114,206.39990136382113
H,BH,random_A_11,336.4,547.0603447379386,210.66034473793866
H,CH,random_A_11,334.7,602.2651474095953,267.56514740959534
H,NH,random_A_11,328.5,503.06679172382115,174.56679172382115
H,OH,random_A_11,425.8,530.7082721128623,104.90827211286233
H,HF,random_A_11,566.6,475.7620609899257,-90.83793901007431
H,NaH,random_A_11,197.6,394.7468574172325,197.1468574172325
H,MgH,random_A_11,131.6,377.09623531595463,245.49623531595464
H,AlH,random_A_11,294.3,436.884168242299,142.58416824229897
H,SiH,random_A_11,294.8,448.5130506489294,153.71305064892937
H,PH,random_A_11,277.2,471.794165644113,194.594165644113
H,HS,random_A_11,351.0,418.08756291065566,67.08756291065566
H,HCl,random_A_11,427.8,391.24289278002067,-36.55710721997934
H,HBr,random_A_11,362.4,348.619099981875,-13.780900018124953
H,HI,random_A_11,294.5,315.2897221271493,20.789722127149275
H,H2,random_A_12,432.1,524.8466452409921,92.74664524099205
H,LiH,random_A_12,233.0,399.0299548329986,166.0299548329986
H,BeH,random_A_12,216.8,428.04316065671804,211.24316065671803
H,BH,random_A_12,336.4,560.5251775637441,224.12517756374416
H,CH,random_A_12,334.7,611.9701900506564,277.27019005065637
H,NH,random_A_12,328.5,527.237133510456,198.73713351045603
H,OH,random_A_12,425.8,540.3389570859407,114.5389570859407
H,HF,random_A_12,566.6,487.92133843362063,-78.67866156637939
H,NaH,random_A_12,197.6,411.30217258032314,213.70217258032315
H,MgH,random_A_12,131.6,380.76245429776554,249.16245429776555
H,AlH,random_A_12,294.3,438.679974391512,144.379974391512
H,SiH,random_A_12,294.8,463.7953083009435,168.99530830094346
H,PH,random_A_12,277.2,497.0811285114569,219.8811285114569
H,HS,random_A_12,351.0,423.21078288920313,72.21078288920313
H,HCl,random_A_12,427.8,392.88393747111644,-34.91606252888357
H,HBr,random_A_12,362.4,360.57221970126756,-1.8277802987324208
H,HI,random_A_12,294.5,340.28090669135923,45.780906691359235
H,H2,random_A_13,432.1,529.1858754283023,97.0858754283023
H,LiH,random_A_13,233.0,389.4172669505242,156.4172669505242
H,BeH,random_A_13,216.8,416.9410058459749,200.14100584597492
H,BH,random_A_13,336.4,543.7691517732641,207.3691517732641
H,CH,random_A_13,334.7,642.5212111707943,307.82121117079436
H,NH,random_A_13,328.5,528.5559709788336,200.05597097883356
H,OH,random_A_13,425.8,550.0422893163925,124.24228931639249
H,HF,random_A_13,566.6,477.9040586895363,-88.6959413104637
H,NaH,random_A_13,197.6,414.4192155210587,216.81921552105868
H,MgH,random_A_13,131.6,392.6294002890654,261.0294002890654
H,AlH,random_A_13,294.3,424.1392851338425,129.8392851338425
H,SiH,random_A_13,294.8,434.5653229753195,139.76532297531946
H,PH,random_A_13,277.2,515.2502987584852,238.0502987584852
H,HS,random_A_13,351.0,442.8105593390582,91.81055933905822
H,HCl,random_A_13,427.8,381.79312010148846,-46.006879898511556
H,HBr,random_A_13,362.4,365.24842771998163,2.8484277199816574
H,HI,random_A_13,294.5,340.60417999995536,46.10417999995536
H,H2,random_A_14,432.1,425.8903290279771,-6.209670972022934
H,LiH,random_A_14,233.0,320.1907931533535,87.19079315335352
H,BeH,random_A_14,216.8,322.98980086815834,106.18980086815833
H,BH,random_A_14,336.4,522.3842607495798,185.9842607495798
H,CH,random_A_14,334.7,557.9349420998243,223.2349420998243
H,NH,random_A_14,328.5,470.0607479610362,141.5607479610362
H,OH,random_A_14,425.8,515.1036618698774,89.30366186987743
H,HF,random_A_14,566.6,429.53339254311874,-137.0666074568813
H,NaH,random_A_14,197.6,352.64370297795386,155.04370297795387
H,MgH,random_A_14,131.6,286.0025779970906,154.40257799709062
H,AlH,random_A_14,294.3,392.34823443843317,98.04823443843316
H,SiH,random_A_14,294.8,411.97357047972747,117.17357047972746
H,PH,random_A_14,277.2,447.25359308819384,170.05359308819385
H,HS,random_A_14,351.0,378.3526269918169,27.35262699181692
H,HCl,random_A_14,427.8,335.34064895350923,-92.45935104649078
H,HBr,random_A_14,362.4,308.76320266036123,-53.63679733963875
H,HI,random_A_14,294.5,291.8902677792154,-2.609732220784622
H,H2,random_A_15,432.1,516.2309866783827,84.13098667838267
H,LiH,random_A_15,233.0,416.90321450613834,183.90321450613834
H,BeH,random_A_15,216.8,432.8516862827303,216.05168628273032
H,BH,random_A_15,336.4,561.6635613876276,225.26356138762765
H,CH,random_A_15,334.7,592.2801269744405,257.5801269744405
H,NH,random_A_15,328.5,512.5695323082505,184.06953230825047
H,OH,random_A_15,425.8,543.8315303392446,118.03153033924463
H,HF,random_A_15,566.6,479.3596096954254,-87.24039030457465
H,NaH,random_A_15,197.6,407.0577795865185,209.4577795865185
H,MgH,random_A_15,131.6,384.79948082896243,253.19948082896244
H,AlH,random_A_15,294.3,462.7682611066838,168.46826110668377
H,SiH,random_A_15,294.8,458.00743140401164,163.20743140401163
H,PH,random_A_15,277.2,488.5808910775407,211.3808910775407
H,HS,random_A_15,351.0,430.9580668093463,79.95806680934629
H,HCl,random_A_15,427.8,386.70935708794974,-41.09064291205027
H,HBr,random_A_15,362.4,351.5547770872859,-10.845222912714064
H,HI,random_A_15,294.5,317.80373270931807,23.30373270931807
H,H2,random_B_00,432.1,360.67276653682484,-71.42723346317518
H,LiH,random_B_00,233.0,458.51957795248325,225.51957795248325
H,BeH,random_B_00,216.8,569.9876480843516,353.18764808435157
H,BH,random_B_00,336.4,546.3946792504994,209.99467925049942
H,CH,random_B_00,334.7,711.720570503897,377.020570503897
H,NH,random_B_00,328.5,199.75879422931618,-128.74120577068382
H,OH,random_B_00,425.8,125.28702807212704,-300.51297192787297
H,HF,random_B_00,566.6,186.38842102319947,-380.2115789768005
H,NaH,random_B_00,197.6,326.0847932141529,128.48479321415292
H,MgH,random_B_00,131.6,362.69952804528737,231.09952804528737
H,AlH,random_B_00,294.3,437.0783024123681,142.77830241236808
H,SiH,random_B_00,294.8,415.1284909288813,120.32849092888131
H,PH,random_B_00,277.2,261.48128838335543,-15.718711616644555
H,HS,random_B_00,351.0,182.21999660006446,-168.78000339993554
H,HCl,random_B_00,427.8,54.57655132838079,-373.2234486716192
H,HBr,random_B_00,362.4,-22.72658918827443,-385.1265891882744
H,HI,random_B_00,294.5,-152.19990600788293,-446.69990600788293
H,H2,random_B_01,432.1,367.5094046680397,-64.59059533196034
H,LiH,random_B_01,233.0,291.47884004158044,58.47884004158044
H,BeH,random_B_01,216.8,474.0402401028951,257.2402401028951
H,BH,random_B_01,336.4,573.5495283706728,237.14952837067278
H,CH,random_B_01,334.7,721.6246546972244,386.9246546972244
H,NH,random_B_01,328.5,406.35124809650387,77.85124809650387
H,OH,random_B_01,425.8,361.7830569273635,-64.01694307263654
H,HF,random_B_01,566.6,433.5535405159935,-133.0464594840065
H,NaH,random_B_01,197.6,336.957776056125,139.357776056125
H,MgH,random_B_01,131.6,361.3250208353155,229.72502083531552
H,AlH,random_B_01,294.3,380.0044310017839,85.70443100178392
H,SiH,random_B_01,294.8,513.5808193258734,218.78081932587344
H,PH,random_B_01,277.2,393.6411100010812,116.4411100010812
H,HS,random_B_01,351.0,368.5060355930302,17.50603559303022
H,HCl,random_B_01,427.8,426.4527489508186,-1.3472510491814091
H,HBr,random_B_01,362.4,548.0701067581974,185.67010675819745
H,HI,random_B_01,294.5,497.64796202634403,203.14796202634403
H,H2,random_B_02,432.1,366.79832091881025,-65.30167908118977
H,LiH,random_B_02,233.0,430.81550458084234,197.81550458084234
H,BeH,random_B_02,216.8,527.7074266920306,310.9074266920306
H,BH,random_B_02,336.4,714.2485690268024,377.84856902680247
H,CH,random_B_02,334.7,794.9481691703813,460.24816917038135
H,NH,random_B_02,328.5,409.6557854522907,81.15578545229067
H,OH,random_B_02,425.8,431.7225723995772,5.922572399577177
H,HF,random_B_02,566.6,426.8344539826631,-139.76554601733693
H,NaH,random_B_02,197.6,431.8296546993579,234.2296546993579
H,MgH,random_B_02,131.6,404.372594685196,272.77259468519605
H,AlH,random_B_02,294.3,503.50230999614166,209.20230999614165
H,SiH,random_B_02,294.8,615.7839696398341,320.98396963983413
H,PH,random_B_02,277.2,419.18180890915954,141.98180890915955
H,HS,random_B_02,351.0,393.211025758009,42.21102575800899
H,HCl,random_B_02,427.8,350.61022803636433,-77.18977196363568
H,HBr,random_B_02,362.4,360.8898755168913,-1.5101244831086547
H,HI,random_B_02,294.5,273.15208887958624,-21.347911120413755
H,H2,random_B_03,432.1,362.8838670915832,-69.2161329084168
H,LiH,random_B_03,233.0,277.8065598068496,44.80655980684958
H,BeH,random_B_03,216.8,524.8540165136792,308.0540165136792
H,BH,random_B_03,336.4,692.9050482956768,356.50504829567683
H,CH,random_B_03,334.7,707.0497553367131,372.34975533671314
H,NH,random_B_03,328.5,402.3963275967337,73.89632759673373
H,OH,random_B_03,425.8,440.6960131835258,14.896013183525781
H,HF,random_B_03,566.6,340.4485931624858,-226.15140683751423
H,NaH,random_B_03,197.6,368.80680704746385,171.20680704746385
H,MgH,random_B_03,131.6,363.36028808649695,231.76028808649696
H,AlH,random_B_03,294.3,535.2271639567131,240.92716395671306
H,SiH,random_B_03,294.8,541.4793073610936,246.67930736109355
H,PH,random_B_03,277.2,450.46713095092883,173.26713095092884
H,HS,random_B_03,351.0,421.949965030125,70.94996503012499
H,HCl,random_B_03,427.8,364.56420034645885,-63.235799653541164
H,HBr,random_B_03,362.4,286.16403376896716,-76.23596623103282
H,HI,random_B_03,294.5,237.57643878705898,-56.923561212941024
H,H2,random_B_04,432.1,354.2252154466479,-77.87478455335213
H,LiH,random_B_04,233.0,432.28200948890395,199.28200948890395
H,BeH,random_B_04,216.8,526.8675759110871,310.0675759110871
H,BH,random_B_04,336.4,655.2863074400229,318.88630744002296
H,CH,random_B_04,334.7,804.7740265700301,470.07402657003007
H,NH,random_B_04,328.5,399.15252503991655,70.65252503991655
H,OH,random_B_04,425.8,399.66311409644646,-26.136885903553548
H,HF,random_B_04,566.6,351.24024956047845,-215.35975043952158
H,NaH,random_B_04,197.6,439.1027999505204,241.50279995052043
H,MgH,random_B_04,131.6,407.1572844646456,275.5572844646456
H,AlH,random_B_04,294.3,554.1503824927337,259.8503824927337
H,SiH,random_B_04,294.8,567.0319417139649,272.2319417139649
H,PH,random_B_04,277.2,434.8063375291353,157.60633752913532
H,HS,random_B_04,351.0,409.2582643000001,58.25826430000012
H,HCl,random_B_04,427.8,397.2154705579964,-30.5845294420036
H,HBr,random_B_04,362.4,276.23317671435115,-86.16682328564883
H,HI,random_B_04,294.5,239.04856049088107,-55.45143950911893
H,H2,random_B_05,432.1,361.8604712983011,-70.23952870169893
H,LiH,random_B_05,233.0,422.49444847670156,189.49444847670156
H,BeH,random_B_05,216.8,615.4637977570422,398.66379775704223
H,BH,random_B_05,336.4,607.254950152919,270.85495015291906
H,CH,random_B_05,334.7,756.1229859094337,421.42298590943375
H,NH,random_B_05,328.5,269.02369124448,-59.476308755519995
H,OH,random_B_05,425.8,261.0061596532921,-164.7938403467079
H,HF,random_B_05,566.6,407.72363597260085,-158.87636402739918
H,NaH,random_B_05,197.6,232.74207559815963,35.142075598159636
H,MgH,random_B_05,131.6,433.63619486609844,302.0361948660984
H,AlH,random_B_05,294.3,415.96619919483766,121.66619919483765
H,SiH,random_B_05,294.8,475.4031637271823,180.60316372718228
H,PH,random_B_05,277.2,227.5043318305375,-49.69566816946249
H,HS,random_B_05,351.0,208.77234605516628,-142.22765394483372
H,HCl,random_B_05,427.8,305.52085684330154,-122.27914315669847
H,HBr,random_B_05,362.4,66.6084971360981,-295.7915028639019
H,HI,random_B_05,294.5,-128.25476854981133,-422.75476854981133
H,H2,random_B_06,432.1,358.61597929723905,-73.48402070276097
H,LiH,random_B_06,233.0,402.199321638288,169.19932163828798
H,BeH,random_B_06,216.8,578.7459643507177,361.9459643507177
H,BH,random_B_06,336.4,622.4027707980204,286.0027707980204
H,CH,random_B_06,334.7,702.7523818087684,368.0523818087684
H,NH,random_B_06,328.5,315.12247881650563,-13.377521183494366
H,OH,random_B_06,425.8,348.11059773448756,-77.68940226551246
H,HF,random_B_06,566.6,290.53504651213257,-276.06495348786746
H,NaH,random_B_06,197.6,299.7595855163108,102.15958551631078
H,MgH,random_B_06,131.6,366.7876240084371,235.1876240084371
H,AlH,random_B_06,294.3,403.5463368988832,109.24633689888321
H,SiH,random_B_06,294.8,510.8461238791621,216.0461238791621
H,PH,random_B_06,277.2,348.5665111474297,71.36651114742972
H,HS,random_B_06,351.0,340.8702784039343,-10.129721596065679
H,HCl,random_B_06,427.8,357.0394657907916,-70.7605342092084
H,HBr,random_B_06,362.4,183.00821452320048,-179.3917854767995
H,HI,random_B_06,294.5,33.118083852134646,-261.38191614786535
H,H2,random_B_07,432.1,357.7125793917843,-74.38742060821573
H,LiH,random_B_07,233.0,525.1697284065575,292.1697284065575
H,BeH,random_B_07,216.8,561.5258073289782,344.7258073289782
H,BH,random_B_07,336.4,736.0762348165276,399.67623481652765
H,CH,random_B_07,334.7,835.4279784204481,500.7279784204481
H,NH,random_B_07,328.5,350.68478182031737,22.18478182031737
H,OH,random_B_07,425.8,340.99861579325545,-84.80138420674456
H,HF,random_B_07,566.6,332.8322684325561,-233.76773156744395
H,NaH,random_B_07,197.6,510.4223055113424,312.8223055113424
H,MgH,random_B_07,131.6,376.512616675118,244.91261667511802
H,AlH,random_B_07,294.3,467.6660616199335,173.36606161993348
H,SiH,random_B_07,294.8,597.7442330507301,302.94423305073013
H,PH,random_B_07,277.2,354.3651009628447,77.16510096284469
H,HS,random_B_07,351.0,282.4127652762934,-68.58723472370662
H,HCl,random_B_07,427.8,251.11470290750336,-176.68529709249665
H,HBr,random_B_07,362.4,-13.137036072542514,-375.5370360725425
H,HI,random_B_07,294.5,-225.89610469906899,-520.3961046990689
H,H2,random_B_08,432.1,363.5058110275107,-68.59418897248935
H,LiH,random_B_08,233.0,528.8945726305628,295.89457263056283
H,BeH,random_B_08,216.8,559.05087379091,342.25087379091
H,BH,random_B_08,336.4,683.8582361279889,347.4582361279889
H,CH,random_B_08,334.7,714.9473779519595,380.24737795195955
H,NH,random_B_08,328.5,405.2164646310889,76.71646463108891
H,OH,random_B_08,425.8,432.9618582113451,7.161858211345077
H,HF,random_B_08,566.6,428.1856298156842,-138.41437018431583
H,NaH,random_B_08,197.6,501.0374940728512,303.4374940728512
H,MgH,random_B_08,131.6,412.7486462235296,281.14864622352957
H,AlH,random_B_08,294.3,534.9392472434413,240.63924724344128
H,SiH,random_B_08,294.8,581.8668197660347,287.0668197660347
H,PH,random_B_08,277.2,387.5359914368378,110.33599143683779
H,HS,random_B_08,351.0,384.7880837436816,33.788083743681625
H,HCl,random_B_08,427.8,350.23559811416305,-77.56440188583696
H,HBr,random_B_08,362.4,239.64366086033493,-122.75633913966504
H,HI,random_B_08,294.5,100.3740070911673,-194.1259929088327
H,H2,random_B_09,432.1,360.99429039164164,-71.10570960835838
H,LiH,random_B_09,233.0,421.5087171982904,188.5087171982904
H,BeH,random_B_09,216.8,465.37163483868846,248.57163483868845
H,BH,random_B_09,336.4,617.5639705553193,281.16397055531934
H,CH,random_B_09,334.7,768.1641743077591,433.46417430775915
H,NH,random_B_09,328.5,395.9387151185215,67.43871511852149
H,OH,random_B_09,425.8,425.5773578344379,-0.2226421655620925
H,HF,random_B_09,566.6,375.22032504645125,-191.37967495354877
H,NaH,random_B_09,197.6,417.2467696077761,219.64676960777612
H,MgH,random_B_09,131.6,321.20964093797414,189.60964093797415
H,AlH,random_B_09,294.3,498.52776302792,204.22776302792
H,SiH,random_B_09,294.8,498.8832525650851,204.0832525650851
H,PH,random_B_09,277.2,405.6769607850983,128.4769607850983
H,HS,random_B_09,351.0,369.88993854838736,18.889938548387363
H,HCl,random_B_09,427.8,350.6632795093102,-77.13672049068981
H,HBr,random_B_09,362.4,244.43372715709066,-117.96627284290932
H,HI,random_B_09,294.5,220.85696075020633,-73.64303924979367
H,H2,random_B_10,432.1,367.42862346524566,-64.67137653475436
H,LiH,random_B_10,233.0,389.13614957102476,156.13614957102476
H,BeH,random_B_10,216.8,427.9824118973046,211.18241189730458
H,BH,random_B_10,336.4,635.4511931153276,299.0511931153276
H,CH,random_B_10,334.7,666.0705013819766,331.37050138197657
H,NH,random_B_10,328.5,307.6388150340977,-20.861184965902282
H,OH,random_B_10,425.8,354.46518705369147,-71.33481294630855
H,HF,random_B_10,566.6,241.7731383985097,-324.82686160149035
H,NaH,random_B_10,197.6,328.0241553791974,130.4241553791974
H,MgH,random_B_10,131.6,295.82981487872365,164.22981487872366
H,AlH,random_B_10,294.3,452.90272632111436,158.60272632111435
H,SiH,random_B_10,294.8,434.772487481659,139.97248748165902
H,PH,random_B_10,277.2,304.68352608459577,27.48352608459578
H,HS,random_B_10,351.0,277.4470430998399,-73.5529569001601
H,HCl,random_B_10,427.8,226.2515382851737,-201.54846171482632
H,HBr,random_B_10,362.4,127.09599937745884,-235.30400062254114
H,HI,random_B_10,294.5,0.2353159643004119,-294.2646840356996
H,H2,random_B_11,432.1,358.5670732102087,-73.5329267897913
H,LiH,random_B_11,233.0,480.2368455484424,247.23684554844237
H,BeH,random_B_11,216.8,537.9514309591386,321.1514309591386
H,BH,random_B_11,336.4,683.6253036289509,347.2253036289509
H,CH,random_B_11,334.7,721.7176719666747,387.01767196667475
H,NH,random_B_11,328.5,422.4462739830503,93.94627398305028
H,OH,random_B_11,425.8,413.5434826521233,-12.256517347876695
H,HF,random_B_11,566.6,351.9853515668774,-214.61464843312262
H,NaH,random_B_11,197.6,533.794328836213,336.194328836213
H,MgH,random_B_11,131.6,473.2182119612235,341.61821196122355
H,AlH,random_B_11,294.3,580.5991183625998,286.2991183625998
H,SiH,random_B_11,294.8,619.2646854101098,324.4646854101098
H,PH,random_B_11,277.2,464.558589870117,187.358589870117
H,HS,random_B_11,351.0,501.0024093854099,150.00240938540992
H,HCl,random_B_11,427.8,447.77971053630876,19.979710536308744
H,HBr,random_B_11,362.4,348.94706219728585,-13.452937802714132
H,HI,random_B_11,294.5,264.9165803447082,-29.583419655291777
H,H2,random_B_12,432.1,365.5268798113034,-66.57312018869663
H,LiH,random_B_12,233.0,423.097701789465,190.09770178946502
H,BeH,random_B_12,216.8,574.0907970689519,357.2907970689519
H,BH,random_B_12,336.4,602.1516882806837,265.75168828068377
H,CH,random_B_12,334.7,694.0365916649948,359.33659166499484
H,NH,random_B_12,328.5,258.5169818120482,-69.98301818795181
H,OH,random_B_12,425.8,294.5062477575585,-131.29375224244149
H,HF,random_B_12,566.6,208.9296055140308,-357.6703944859692
H,NaH,random_B_12,197.6,489.32211714936165,291.7221171493617
H,MgH,random_B_12,131.6,416.65722046678354,285.0572204667835
H,AlH,random_B_12,294.3,580.728941630254,286.428941630254
H,SiH,random_B_12,294.8,516.3302589224483,221.53025892244824
H,PH,random_B_12,277.2,369.26036223604297,92.06036223604298
H,HS,random_B_12,351.0,282.2832295595317,-68.71677044046828
H,HCl,random_B_12,427.8,224.18985669096148,-203.61014330903853
H,HBr,random_B_12,362.4,188.18759513615888,-174.2124048638411
H,HI,random_B_12,294.5,159.91785677125768,-134.58214322874232
H,H2,random_B_13,432.1,353.7068236170603,-78.39317638293971
H,LiH,random_B_13,233.0,446.6254696546369,213.6254696546369
H,BeH,random_B_13,216.8,533.4645048301302,316.66450483013017
H,BH,random_B_13,336.4,694.4431803398577,358.0431803398577
H,CH,random_B_13,334.7,750.9552481614226,416.25524816142257
H,NH,random_B_13,328.5,313.9469996449759,-14.553000355024096
H,OH,random_B_13,425.8,296.6946773554593,-129.1053226445407
H,HF,random_B_13,566.6,352.41449049683325,-214.18550950316677
H,NaH,random_B_13,197.6,402.1777830358085,204.5777830358085
H,MgH,random_B_13,131.6,367.78634033280576,236.18634033280577
H,AlH,random_B_13,294.3,502.6861898835866,208.3861898835866
H,SiH,random_B_13,294.8,539.596653506847,244.796653506847
H,PH,random_B_13,277.2,375.7045972680823,98.5045972680823
H,HS,random_B_13,351.0,351.87878339145067,0.8787833914506678
H,HCl,random_B_13,427.8,277.3565457556046,-150.4434542443954
H,HBr,random_B_13,362.4,325.86688875094535,-36.53311124905463
H,HI,random_B_13,294.5,359.85170758026385,65.35170758026385
H,H2,random_B_14,432.1,347.7324124084426,-84.36758759155742
H,LiH,random_B_14,233.0,331.80513653470547,98.80513653470547
H,BeH,random_B_14,216.8,512.3039310275169,295.5039310275169
H,BH,random_B_14,336.4,673.0392692634166,336.6392692634166
H,CH,random_B_14,334.7,834.6051587240835,499.9051587240835
H,NH,random_B_14,328.5,393.65734234695606,65.15734234695606
H,OH,random_B_14,425.8,321.3876238730528,-104.41237612694721
H,HF,random_B_14,566.6,454.7906505833732,-111.80934941662684
H,NaH,random_B_14,197.6,374.8809165996258,177.28091659962578
H,MgH,random_B_14,131.6,441.63429513840913,310.0342951384091
H,AlH,random_B_14,294.3,438.5781101662701,144.2781101662701
H,SiH,random_B_14,294.8,650.7360149023433,355.9360149023433
H,PH,random_B_14,277.2,389.5290708630072,112.32907086300719
H,HS,random_B_14,351.0,456.3074425763072,105.30744257630721
H,HCl,random_B_14,427.8,494.8094324416238,67.0094324416238
H,HBr,random_B_14,362.4,464.3588126658829,101.95881266588293
H,HI,random_B_14,294.5,406.8392202746231,112.33922027462307
H,H2,random_B_15,432.1,365.8070908176887,-66.29290918231135
H,LiH,random_B_15,233.0,371.2019693961089,138.2019693961089
H,BeH,random_B_15,216.8,561.3765323672654,344.57653236726543
H,BH,random_B_15,336.4,667.8448594177354,331.4448594177354
H,CH,random_B_15,334.7,770.0614889510723,435.3614889510723
H,NH,random_B_15,328.5,326.81147048727416,-1.688529512725836
H,OH,random_B_15,425.8,311.4222191064164,-114.37778089358363
H,HF,random_B_15,566.6,372.44139494957074,-194.1586050504293
H,NaH,random_B_15,197.6,285.4818390452342,87.88183904523422
H,MgH,random_B_15,131.6,406.50820886582227,274.9082088658223
H,AlH,random_B_15,294.3,465.7476894611817,171.4476894611817
H,SiH,random_B_15,294.8,541.5297813025022,246.7297813025022
H,PH,random_B_15,277.2,358.11114175196735,80.91114175196736
H,HS,random_B_15,351.0,352.0693816116049,1.0693816116049106
H,HCl,random_B_15,427.8,285.957062794804,-141.842937205196
H,HBr,random_B_15,362.4,397.49718707916315,35.09718707916318
H,HI,random_B_15,294.5,525.1976061796804,230.6976061796804
H,H2,random_C_00,432.1,792.1942736866008,360.0942736866008
H,LiH,random_C_00,233.0,544.9387898594842,311.93878985948425
H,BeH,random_C_00,216.8,530.1714008902336,313.3714008902336
H,BH,random_C_00,336.4,575.7372391992,239.33723919919998
H,CH,random_C_00,334.7,709.0483862737092,374.3483862737092
H,NH,random_C_00,328.5,661.5256757193167,333.0256757193167
H,OH,random_C_00,425.8,636.0797473987843,210.2797473987843
H,HF,random_C_00,566.6,540.1116027969789,-26.488397203021123
H,NaH,random_C_00,197.6,501.6165527329117,304.0165527329117
H,MgH,random_C_00,131.6,479.6327992872934,348.0327992872934
H,AlH,random_C_00,294.3,419.9453829389035,125.64538293890348
H,SiH,random_C_00,294.8,419.95723462254836,125.15723462254834
H,PH,random_C_00,277.2,568.4697736389112,291.2697736389112
H,HS,random_C_00,351.0,400.85562335736165,49.85562335736165
H,HCl,random_C_00,427.8,404.2141801777736,-23.585819822226426
H,HBr,random_C_00,362.4,224.3286361879763,-138.0713638120237
H,HI,random_C_00,294.5,113.88006648622274,-180.61993351377726
H,H2,random_C_01,432.1,542.8376466966162,110.73764669661614
H,LiH,random_C_01,233.0,566.7874238602619,333.7874238602619
H,BeH,random_C_01,216.8,482.8334221358826,266.0334221358826
H,BH,random_C_01,336.4,644.1050963222033,307.7050963222033
H,CH,random_C_01,334.7,692.679693580341,357.979693580341
H,NH,random_C_01,328.5,565.91305959592,237.41305959592
H,OH,random_C_01,425.8,619.5804708915189,193.78047089151886
H,HF,random_C_01,566.6,507.06640611771246,-59.53359388228756
H,NaH,random_C_01,197.6,547.5475901973889,349.9475901973889
H,MgH,random_C_01,131.6,446.6327446838948,315.03274468389486
H,AlH,random_C_01,294.3,496.20098717371644,201.90098717371643
H,SiH,random_C_01,294.8,527.9501111813307,233.15011118133071
H,PH,random_C_01,277.2,490.4209758430199,213.22097584301991
H,HS,random_C_01,351.0,446.061503060302,95.06150306030202
H,HCl,random_C_01,427.8,488.79933995913757,60.99933995913756
H,HBr,random_C_01,362.4,268.49788980474375,-93.90211019525623
H,HI,random_C_01,294.5,124.43915059179295,-170.06084940820705
H,H2,random_C_02,432.1,235.00526245269867,-197.09473754730135
H,LiH,random_C_02,233.0,342.10205485581093,109.10205485581093
H,BeH,random_C_02,216.8,378.2092471265253,161.40924712652532
H,BH,random_C_02,336.4,551.69825512942,215.29825512942
H,CH,random_C_02,334.7,712.9891051841053,378.28910518410527
H,NH,random_C_02,328.5,447.43065296198773,118.93065296198773
H,OH,random_C_02,425.8,499.5872378229301,73.78723782293008
H,HF,random_C_02,566.6,532.1928085593792,-34.40719144062086
H,NaH,random_C_02,197.6,425.7117004408474,228.1117004408474
H,MgH,random_C_02,131.6,374.37456049395337,242.77456049395337
H,AlH,random_C_02,294.3,380.0182936327868,85.71829363278681
H,SiH,random_C_02,294.8,561.4255386289082,266.62553862890815
H,PH,random_C_02,277.2,383.14008863543154,105.94008863543155
H,HS,random_C_02,351.0,463.8537034630782,112.8537034630782
H,HCl,random_C_02,427.8,613.9293106737762,186.12931067377616
H,HBr,random_C_02,362.4,532.0001476774828,169.60014767748282
H,HI,random_C_02,294.5,522.1261441554639,227.62614415546386
H,H2,random_C_03,432.1,332.10116388669485,-99.99883611330517
H,LiH,random_C_03,233.0,399.2606518754184,166.26065187541838
H,BeH,random_C_03,216.8,544.3024340449222,327.50243404492215
H,BH,random_C_03,336.4,650.4374784079401,314.03747840794017
H,CH,random_C_03,334.7,582.9588889070651,248.2588889070651
H,NH,random_C_03,328.5,442.6079386862532,114.10793868625319
H,OH,random_C_03,425.8,405.51652495429227,-20.283475045707746
H,HF,random_C_03,566.6,532.1714879828896,-34.42851201711039
H,NaH,random_C_03,197.6,421.8695590981127,224.2695590981127
H,MgH,random_C_03,131.6,416.74581941586575,285.14581941586573
H,AlH,random_C_03,294.3,515.6185159758385,221.31851597583847
H,SiH,random_C_03,294.8,664.8623522888337,370.06235228883367
H,PH,random_C_03,277.2,408.1035112321727,130.90351123217272
H,HS,random_C_03,351.0,485.3185676957883,134.31856769578832
H,HCl,random_C_03,427.8,490.8499446896108,63.04994468961081
H,HBr,random_C_03,362.4,463.91000348340725,101.51000348340727
H,HI,random_C_03,294.5,392.10912019054035,97.60912019054035
H,H2,random_C_04,432.1,458.85242407967047,26.752424079670448
H,LiH,random_C_04,233.0,457.2060931918898,224.2060931918898
H,BeH,random_C_04,216.8,363.1610591162124,146.3610591162124
H,BH,random_C_04,336.4,590.646654095043,254.24665409504303
H,CH,random_C_04,334.7,528.5869053173167,193.8869053173167
H,NH,random_C_04,328.5,496.71810685463305,168.21810685463305
H,OH,random_C_04,425.8,518.8733876011635,93.07338760116346
H,HF,random_C_04,566.6,368.41476531265346,-198.18523468734656
H,NaH,random_C_04,197.6,554.4454453486176,356.84544534861755
H,MgH,random_C_04,131.6,374.93680542309465,243.33680542309466
H,AlH,random_C_04,294.3,495.89236258384994,201.59236258384993
H,SiH,random_C_04,294.8,508.9100467392849,214.11004673928488
H,PH,random_C_04,277.2,543.352843500024,266.15284350002406
H,HS,random_C_04,351.0,433.6455036896245,82.64550368962449
H,HCl,random_C_04,427.8,342.46231138433194,-85.33768861566807
H,HBr,random_C_04,362.4,334.42103919161804,-27.97896080838194
H,HI,random_C_04,294.5,346.46362619197987,51.96362619197987
H,H2,random_C_05,432.1,511.20121780999125,79.10121780999123
H,LiH,random_C_05,233.0,389.81429719310955,156.81429719310955
H,BeH,random_C_05,216.8,408.17632591167853,191.37632591167852
H,BH,random_C_05,336.4,419.7044486409794,83.30444864097944
H,CH,random_C_05,334.7,508.127623865308,173.42762386530802
H,NH,random_C_05,328.5,527.7580117752941,199.2580117752941
H,OH,random_C_05,425.8,521.1260722555892,95.32607225558917
H,HF,random_C_05,566.6,517.8536333224274,-48.74636667757261
H,NaH,random_C_05,197.6,445.9521639477483,248.35216394774832
H,MgH,random_C_05,131.6,450.31767473509757,318.7176747350976
H,AlH,random_C_05,294.3,407.28050574100195,112.98050574100193
H,SiH,random_C_05,294.8,426.8545809496733,132.05458094967327
H,PH,random_C_05,277.2,529.8336651671443,252.63366516714433
H,HS,random_C_05,351.0,480.68453743370077,129.68453743370077
H,HCl,random_C_05,427.8,501.1883454556124,73.38834545561241
H,HBr,random_C_05,362.4,579.3678565413524,216.96785654135238
H,HI,random_C_05,294.5,677.9523954525591,383.45239545255913
H,H2,random_C_06,432.1,165.29891097342028,-266.80108902657975
H,LiH,random_C_06,233.0,263.17504946685716,30.17504946685716
H,BeH,random_C_06,216.8,269.96781162885395,53.16781162885394
H,BH,random_C_06,336.4,468.44675868335935,132.04675868335937
H,CH,random_C_06,334.7,569.3889608203782,234.6889608203782
H,NH,random_C_06,328.5,409.65470376295553,81.15470376295553
H,OH,random_C_06,425.8,455.6036142231424,29.803614223142404
H,HF,random_C_06,566.6,465.5229754422473,-101.07702455775274
H,NaH,random_C_06,197.6,426.3570800706629,228.7570800706629
H,MgH,random_C_06,131.6,318.5844447805913,186.9844447805913
H,AlH,random_C_06,294.3,346.7768063288146,52.476806328814575
H,SiH,random_C_06,294.8,508.5102045976594,213.7102045976594
H,PH,random_C_06,277.2,406.7920430586614,129.59204305866143
H,HS,random_C_06,351.0,474.83024317883917,123.83024317883917
H,HCl,random_C_06,427.8,545.5304534308992,117.73045343089922
H,HBr,random_C_06,362.4,564.5034476543818,202.10344765438185
H,HI,random_C_06,294.5,605.5212893934137,311.02128939341367
H,H2,random_C_07,432.1,304.58011899553014,-127.51988100446988
H,LiH,random_C_07,233.0,318.8287746008874,85.82877460088741
H,BeH,random_C_07,216.8,310.6613915136654,93.86139151366541
H,BH,random_C_07,336.4,524.3163198439058,187.91631984390585
H,CH,random_C_07,334.7,535.4060262596589,200.70602625965893
H,NH,random_C_07,328.5,454.0389513165136,125.53895131651359
H,OH,random_C_07,425.8,483.54004354238396,57.740043542383944
H,HF,random_C_07,566.6,437.1960986792255,-129.40390132077454
H,NaH,random_C_07,197.6,452.86260353673475,255.26260353673476
H,MgH,random_C_07,131.6,328.1167806788266,196.51678067882662
H,AlH,random_C_07,294.3,416.7698244601673,122.46982446016727
H,SiH,random_C_07,294.8,505.3189002795229,210.51890027952288
H,PH,random_C_07,277.2,477.8179266522946,200.6179266522946
H,HS,random_C_07,351.0,465.98958029821176,114.98958029821176
H,HCl,random_C_07,427.8,433.55320845858904,5.753208458589029
H,HBr,random_C_07,362.4,472.2271531214841,109.82715312148412
H,HI,random_C_07,294.5,503.35200713935876,208.85200713935876
H,H2,random_C_08,432.1,941.4066999571023,509.3066999571023
H,LiH,random_C_08,233.0,579.6136586643308,346.61365866433084
H,BeH,random_C_08,216.8,584.4638288390403,367.66382883904026
H,BH,random_C_08,336.4,468.0532195799657,131.6532195799657
H,CH,random_C_08,334.7,490.043409423914,155.343409423914
H,NH,random_C_08,328.5,695.54496543475,367.04496543475
H,OH,random_C_08,425.8,648.2186130673892,222.41861306738923
H,HF,random_C_08,566.6,609.5624237258123,42.9624237258123
H,NaH,random_C_08,197.6,430.346157571475,232.74615757147498
H,MgH,random_C_08,131.6,506.82818345512584,375.2281834551259
H,AlH,random_C_08,294.3,446.19799238725744,151.89799238725743
H,SiH,random_C_08,294.8,332.96702217220763,38.16702217220762
H,PH,random_C_08,277.2,575.3066899568722,298.10668995687223
H,HS,random_C_08,351.0,404.7061663567457,53.70616635674571
H,HCl,random_C_08,427.8,390.84399892863007,-36.95600107136994
H,HBr,random_C_08,362.4,240.47544777516882,-121.92455222483116
H,HI,random_C_08,294.5,120.3574712352704,-174.1425287647296
H,H2,random_C_09,432.1,434.4401658369803,2.3401658369803044
H,LiH,random_C_09,233.0,372.43844556277924,139.43844556277924
H,BeH,random_C_09,216.8,377.9044629034998,161.10446290349978
H,BH,random_C_09,336.4,418.1644612930738,81.76446129307385
H,CH,random_C_09,334.7,608.9926476618508,274.2926476618508
H,NH,random_C_09,328.5,534.0803524672358,205.5803524672358
H,OH,random_C_09,425.8,515.4666356697335,89.66663566973347
H,HF,random_C_09,566.6,531.9205534563162,-34.679446543683866
H,NaH,random_C_09,197.6,492.92772960326965,295.32772960326963
H,MgH,random_C_09,131.6,443.3055121018136,311.7055121018136
H,AlH,random_C_09,294.3,316.58751709906625,22.287517099066235
H,SiH,random_C_09,294.8,448.0975467885648,153.29754678856477
H,PH,random_C_09,277.2,493.4415118676543,216.2415118676543
H,HS,random_C_09,351.0,474.07837357354424,123.07837357354424
H,HCl,random_C_09,427.8,576.7660580155094,148.96605801550942
H,HBr,random_C_09,362.4,547.5253340311567,185.12533403115674
H,HI,random_C_09,294.5,578.5063671741121,284.00636717411214
H,H2,random_C_10,432.1,781.5900327249979,349.49003272499783
H,LiH,random_C_10,233.0,424.02681970358543,191.02681970358543
H,BeH,random_C_10,216.8,474.71459543082256,257.91459543082254
H,BH,random_C_10,336.4,533.942043272349,197.54204327234902
H,CH,random_C_10,334.7,808.0082354278834,473.3082354278834
H,NH,random_C_10,328.5,634.9078923838621,306.4078923838621
H,OH,random_C_10,425.8,636.1436636333515,210.34366363335147
H,HF,random_C_10,566.6,521.2061460832143,-45.3938539167857
H,NaH,random_C_10,197.6,387.4490032820624,189.8490032820624
H,MgH,random_C_10,131.6,454.83369339702114,323.23369339702117
H,AlH,random_C_10,294.3,385.648756375994,91.34875637599401
H,SiH,random_C_10,294.8,361.271802488071,66.47180248807098
H,PH,random_C_10,277.2,587.8935496483504,310.69354964835037
H,HS,random_C_10,351.0,373.3426059763241,22.34260597632408
H,HCl,random_C_10,427.8,385.1899624939753,-42.610037506024696
H,HBr,random_C_10,362.4,387.4963153987075,25.09631539870753
H,HI,random_C_10,294.5,487.3185163460783,192.8185163460783
H,H2,random_C_11,432.1,315.58920868800516,-116.51079131199486
H,LiH,random_C_11,233.0,390.29951288932966,157.29951288932966
H,BeH,random_C_11,216.8,411.89120843212913,195.09120843212912
H,BH,random_C_11,336.4,557.8641250847692,221.4641250847692
H,CH,random_C_11,334.7,564.987287560358,230.28728756035804
H,NH,random_C_11,328.5,446.6397887570489,118.1397887570489
H,OH,random_C_11,425.8,420.5324916609873,-5.267508339012693
H,HF,random_C_11,566.6,447.06756511581915,-119.53243488418087
H,NaH,random_C_11,197.6,502.97730243431266,305.3773024343127
H,MgH,random_C_11,131.6,393.45395330628014,261.8539533062801
H,AlH,random_C_11,294.3,424.284692436825,129.98469243682501
H,SiH,random_C_11,294.8,584.0063915111167,289.2063915111167
H,PH,random_C_11,277.2,437.0993573329377,159.8993573329377
H,HS,random_C_11,351.0,440.16172598611814,89.16172598611814
H,HCl,random_C_11,427.8,489.8882513074689,62.08825130746891
H,HBr,random_C_11,362.4,460.32704787703835,97.92704787703838
H,HI,random_C_11,294.5,466.65008175355524,172.15008175355524
H,H2,random_C_12,432.1,1044.810236563642,612.7102365636421
H,LiH,random_C_12,233.0,627.4560577317886,394.45605773178863
H,BeH,random_C_12,216.8,626.7567008882747,409.9567008882747
H,BH,random_C_12,336.4,556.1730221495606,219.77302214956057
H,CH,random_C_12,334.7,770.564291390304,435.864291390304
H,NH,random_C_12,328.5,735.7641388819677,407.2641388819677
H,OH,random_C_12,425.8,695.5938867633131,269.7938867633131
H,HF,random_C_12,566.6,570.2190420346426,3.6190420346425753
H,NaH,random_C_12,197.6,463.3541507748709,265.75415077487094
H,MgH,random_C_12,131.6,550.0029722122143,418.4029722122143
H,AlH,random_C_12,294.3,420.8688153993964,126.56881539939639
H,SiH,random_C_12,294.8,330.8138152461804,36.0138152461804
H,PH,random_C_12,277.2,603.9808746873272,326.7808746873272
H,HS,random_C_12,351.0,342.1813397175483,-8.818660282451674
H,HCl,random_C_12,427.8,366.8979766624017,-60.90202333759834
H,HBr,random_C_12,362.4,156.39833426471802,-206.00166573528196
H,HI,random_C_12,294.5,64.77212099904943,-229.72787900095057
H,H2,random_C_13,432.1,314.03494386179085,-118.06505613820917
H,LiH,random_C_13,233.0,306.5910386321925,73.59103863219252
H,BeH,random_C_13,216.8,339.18125502953257,122.38125502953255
H,BH,random_C_13,336.4,589.4766562802939,253.07665628029395
H,CH,random_C_13,334.7,570.0988847751394,235.39888477513938
H,NH,random_C_13,328.5,502.00482151883625,173.50482151883625
H,OH,random_C_13,425.8,519.888355912854,94.08835591285396
H,HF,random_C_13,566.6,525.6319642888028,-40.96803571119722
H,NaH,random_C_13,197.6,438.60612872534824,241.00612872534825
H,MgH,random_C_13,131.6,309.49214941112893,177.89214941112894
H,AlH,random_C_13,294.3,436.66510683361776,142.36510683361774
H,SiH,random_C_13,294.8,581.6242847662846,286.8242847662846
H,PH,random_C_13,277.2,479.9380300632973,202.7380300632973
H,HS,random_C_13,351.0,473.73993599678334,122.73993599678334
H,HCl,random_C_13,427.8,496.9236999427324,69.1236999427324
H,HBr,random_C_13,362.4,511.9407251399448,149.5407251399448
H,HI,random_C_13,294.5,541.8120535064825,247.31205350648247
H,H2,random_C_14,432.1,424.7797596134409,-7.320240386559135
H,LiH,random_C_14,233.0,469.2366957595998,236.2366957595998
H,BeH,random_C_14,216.8,385.45594230493185,168.65594230493184
H,BH,random_C_14,336.4,514.4712623108317,178.07126231083168
H,CH,random_C_14,334.7,398.4957945059208,63.79579450592081
H,NH,random_C_14,328.5,534.6777013817946,206.17770138179458
H,OH,random_C_14,425.8,517.3379425711706,91.53794257117062
H,HF,random_C_14,566.6,507.5674241850549,-59.03257581494512
H,NaH,random_C_14,197.6,567.8067169465006,370.2067169465006
H,MgH,random_C_14,131.6,388.89951142901566,257.29951142901564
H,AlH,random_C_14,294.3,446.0579829536686,151.7579829536686
H,SiH,random_C_14,294.8,545.8011428768689,251.00114287686887
H,PH,random_C_14,277.2,487.4704784770116,210.27047847701164
H,HS,random_C_14,351.0,462.7532484448885,111.75324844488853
H,HCl,random_C_14,427.8,520.6210532566605,92.82105325666049
H,HBr,random_C_14,362.4,414.0401357142524,51.64013571425244
H,HI,random_C_14,294.5,355.18992576367657,60.68992576367657
H,H2,random_C_15,432.1,315.1877512195719,-116.91224878042811
H,LiH,random_C_15,233.0,345.16588204252963,112.16588204252963
H,BeH,random_C_15,216.8,455.02244979793255,238.22244979793254
H,BH,random_C_15,336.4,686.5185293426039,350.1185293426039
H,CH,random_C_15,334.7,808.09148611021,473.39148611021
H,NH,random_C_15,328.5,465.1676577322445,136.6676577322445
H,OH,random_C_15,425.8,468.448370525605,42.648370525605
H,HF,random_C_15,566.6,494.5397138446695,-72.06028615533052
H,NaH,random_C_15,197.6,424.39861326321864,226.79861326321864
H,MgH,random_C_15,131.6,367.5260381629745,235.9260381629745
H,AlH,random_C_15,294.3,429.10080457707244,134.80080457707243
H,SiH,random_C_15,294.8,627.2342907226697,332.4342907226697
H,PH,random_C_15,277.2,421.2437884070772,144.04378840707722
H,HS,random_C_15,351.0,436.4015720728546,85.4015720728546
H,HCl,random_C_15,427.8,478.61187601131235,50.811876011312336
H,HBr,random_C_15,362.4,407.27302846086803,44.873028460868056
H,HI,random_C_15,294.5,363.47230040460215,68.97230040460215
Li,LiH,mean_only,233.0,412.936,179.93599999999998
Li,Li2,mean_only,100.0,412.936,312.936
Li,LiH,atomic_number_ABC,233.0,471.41292746204294,238.41292746204294
Li,Li2,atomic_number_ABC,100.0,476.558497496305,376.558497496305
Li,LiH,raw_properties_ABC,233.0,210.4274144425134,-22.572585557486605
Li,Li2,raw_properties_ABC,100.0,130.4954450194025,30.495445019402496
Li,LiH,fixed_A,233.0,266.4210824169245,33.42108241692449
Li,Li2,fixed_A,100.0,167.93577999277423,67.93577999277423
Li,LiH,fixed_B,233.0,201.47743636165458,-31.522563638345417
Li,Li2,fixed_B,100.0,371.2950851475672,271.2950851475672
Li,LiH,fixed_C,233.0,401.24243173360935,168.24243173360935
Li,Li2,fixed_C,100.0,304.2398308032254,204.2398308032254
Li,LiH,fixed_ABC,233.0,138.22042650527789,-94.77957349472211
Li,Li2,fixed_ABC,100.0,112.89422242878544,12.89422242878544
Li,LiH,random_A_00,233.0,262.8686839167994,29.868683916799398
Li,Li2,random_A_00,100.0,154.96444437753263,54.96444437753263
Li,LiH,random_A_01,233.0,241.99506088536742,8.995060885367423
Li,Li2,random_A_01,100.0,128.9363692617335,28.93636926173349
Li,LiH,random_A_02,233.0,301.93975521102396,68.93975521102396
Li,Li2,random_A_02,100.0,206.23780652975523,106.23780652975523
Li,LiH,random_A_03,233.0,271.2818719366166,38.2818719366166
Li,Li2,random_A_03,100.0,174.9401509424071,74.94015094240709
Li,LiH,random_A_04,233.0,277.82532820376684,44.825328203766844
Li,Li2,random_A_04,100.0,184.99834912020734,84.99834912020734
Li,LiH,random_A_05,233.0,304.82320446780545,71.82320446780545
Li,Li2,random_A_05,100.0,231.86053952375414,131.86053952375414
Li,LiH,random_A_06,233.0,300.2467404588968,67.2467404588968
Li,Li2,random_A_06,100.0,243.24716392633866,143.24716392633866
Li,LiH,random_A_07,233.0,284.2483865943993,51.24838659439928
Li,Li2,random_A_07,100.0,182.24407854125923,82.24407854125923
Li,LiH,random_A_08,233.0,268.2032069530789,35.203206953078904
Li,Li2,random_A_08,100.0,172.90291564211017,72.90291564211017
Li,LiH,random_A_09,233.0,259.5883469283884,26.588346928388376
Li,Li2,random_A_09,100.0,144.52509797367986,44.52509797367986
Li,LiH,random_A_10,233.0,299.78763749292676,66.78763749292676
Li,Li2,random_A_10,100.0,196.47356707431587,96.47356707431587
Li,LiH,random_A_11,233.0,276.3138506180363,43.31385061803633
Li,Li2,random_A_11,100.0,198.8753645690629,98.8753645690629
Li,LiH,random_A_12,233.0,268.1863653742753,35.18636537427528
Li,Li2,random_A_12,100.0,167.36719872529122,67.36719872529122
Li,LiH,random_A_13,233.0,251.6467961460765,18.646796146076497
Li,Li2,random_A_13,100.0,139.47201739835026,39.47201739835026
Li,LiH,random_A_14,233.0,244.82343691586647,11.823436915866466
Li,Li2,random_A_14,100.0,139.76508475336823,39.76508475336823
Li,LiH,random_A_15,233.0,288.1552290928345,55.155229092834475
Li,Li2,random_A_15,100.0,209.49661660336295,109.49661660336295
Li,LiH,random_B_00,233.0,373.1104368957923,140.1104368957923
Li,Li2,random_B_00,100.0,385.18052364481804,285.18052364481804
Li,LiH,random_B_01,233.0,243.87547395701225,10.875473957012247
Li,Li2,random_B_01,100.0,387.3299849493702,287.3299849493702
Li,LiH,random_B_02,233.0,262.2932697621311,29.293269762131104
Li,Li2,random_B_02,100.0,383.7375642503379,283.7375642503379
Li,LiH,random_B_03,233.0,205.28138378184386,-27.718616218156143
Li,Li2,random_B_03,100.0,371.12427774414743,271.12427774414743
Li,LiH,random_B_04,233.0,316.62380620667625,83.62380620667625
Li,Li2,random_B_04,100.0,369.6473538750345,269.6473538750345
Li,LiH,random_B_05,233.0,333.04775092345324,100.04775092345324
Li,Li2,random_B_05,100.0,385.5535608907944,285.5535608907944
Li,LiH,random_B_06,233.0,320.3382881805553,87.33828818055531
Li,Li2,random_B_06,100.0,378.6810377476167,278.6810377476167
Li,LiH,random_B_07,233.0,335.5553576860516,102.5553576860516
Li,Li2,random_B_07,100.0,381.4162452108774,281.4162452108774
Li,LiH,random_B_08,233.0,369.82884882575894,136.82884882575894
Li,Li2,random_B_08,100.0,372.976387869342,272.976387869342
Li,LiH,random_B_09,233.0,244.24128733602254,11.241287336022538
Li,Li2,random_B_09,100.0,373.0440925026193,273.0440925026193
Li,LiH,random_B_10,233.0,256.2519462286891,23.25194622868912
Li,Li2,random_B_10,100.0,378.633039911896,278.633039911896
Li,LiH,random_B_11,233.0,306.7349977691983,73.73499776919829
Li,Li2,random_B_11,100.0,368.4139192815076,268.4139192815076
Li,LiH,random_B_12,233.0,250.06539086308135,17.065390863081348
Li,Li2,random_B_12,100.0,389.32678617516706,289.32678617516706
Li,LiH,random_B_13,233.0,310.6064729867414,77.60647298674138
Li,Li2,random_B_13,100.0,378.76820166227674,278.76820166227674
Li,LiH,random_B_14,233.0,276.6909224119382,43.690922411938175
Li,Li2,random_B_14,100.0,365.6812497066065,265.6812497066065
Li,LiH,random_B_15,233.0,277.7687436010966,44.76874360109662
Li,Li2,random_B_15,100.0,381.51871865197654,281.51871865197654
Li,LiH,random_C_00,233.0,377.29150086737286,144.29150086737286
Li,Li2,random_C_00,100.0,207.51731871504163,107.51731871504163
Li,LiH,random_C_01,233.0,365.24459970171876,132.24459970171876
Li,Li2,random_C_01,100.0,108.49542368791026,8.495423687910261
Li,LiH,random_C_02,233.0,317.6769214328373,84.67692143283728
Li,Li2,random_C_02,100.0,118.48816801555733,18.488168015557335
Li,LiH,random_C_03,233.0,379.172746125468,146.172746125468
Li,Li2,random_C_03,100.0,283.7274617398383,183.7274617398383
Li,LiH,random_C_04,233.0,343.76072605151984,110.76072605151984
Li,Li2,random_C_04,100.0,301.10372144040264,201.10372144040264
Li,LiH,random_C_05,233.0,306.9236380408467,73.9236380408467
Li,Li2,random_C_05,100.0,65.08296923350912,-34.91703076649088
Li,LiH,random_C_06,233.0,306.4760623283152,73.47606232831521
Li,Li2,random_C_06,100.0,414.3214864818612,314.3214864818612
Li,LiH,random_C_07,233.0,278.81077966318145,45.81077966318145
Li,Li2,random_C_07,100.0,111.0247025064316,11.024702506431595
Li,LiH,random_C_08,233.0,349.57492223535223,116.57492223535223
Li,Li2,random_C_08,100.0,226.00299808028578,126.00299808028578
Li,LiH,random_C_09,233.0,345.08216968814133,112.08216968814133
Li,Li2,random_C_09,100.0,279.4541272127202,179.4541272127202
Li,LiH,random_C_10,233.0,333.02743819496743,100.02743819496743
Li,Li2,random_C_10,100.0,284.33439145865066,184.33439145865066
Li,LiH,random_C_11,233.0,315.18827677251056,82.18827677251056
Li,Li2,random_C_11,100.0,252.04395366088556,152.04395366088556
Li,LiH,random_C_12,233.0,411.5164361490063,178.51643614900632
Li,Li2,random_C_12,100.0,300.9100063583677,200.9100063583677
Li,LiH,random_C_13,233.0,254.24992735191628,21.249927351916284
Li,Li2,random_C_13,100.0,139.047815043872,39.04781504387199
Li,LiH,random_C_14,233.0,312.4154657231365,79.41546572313649
Li,Li2,random_C_14,100.0,204.3020837546209,104.3020837546209
Li,LiH,random_C_15,233.0,348.8400973561908,115.84009735619082
Li,Li2,random_C_15,100.0,307.26001177392754,207.26001177392754
Be,BeH,mean_only,216.8,407.11764705882354,190.31764705882352
Be,BeH,atomic_number_ABC,216.8,448.9727737736198,232.17277377361978
Be,BeH,raw_properties_ABC,216.8,365.7007735932554,148.9007735932554
Be,BeH,fixed_A,216.8,288.5257995288498,71.72579952884979
Be,BeH,fixed_B,216.8,459.3151594658103,242.5151594658103
Be,BeH,fixed_C,216.8,361.6774120601691,144.8774120601691
Be,BeH,fixed_ABC,216.8,367.59211794480524,150.79211794480523
Be,BeH,random_A_00,216.8,284.35310747071617,67.55310747071616
Be,BeH,random_A_01,216.8,254.9815903380667,38.181590338066684
Be,BeH,random_A_02,216.8,338.28455740998555,121.48455740998554
Be,BeH,random_A_03,216.8,289.3314591696167,72.53145916961671
Be,BeH,random_A_04,216.8,288.1620006353093,71.3620006353093
Be,BeH,random_A_05,216.8,324.56544459786045,107.76544459786044
Be,BeH,random_A_06,216.8,301.54084333973316,84.74084333973315
Be,BeH,random_A_07,216.8,313.1658925307546,96.36589253075459
Be,BeH,random_A_08,216.8,261.1495208270819,44.3495208270819
Be,BeH,random_A_09,216.8,289.40473776783097,72.60473776783095
Be,BeH,random_A_10,216.8,330.9492847038317,114.14928470383171
Be,BeH,random_A_11,216.8,288.37952560833304,71.57952560833303
Be,BeH,random_A_12,216.8,292.48670080720785,75.68670080720784
Be,BeH,random_A_13,216.8,279.29635402532483,62.49635402532482
Be,BeH,random_A_14,216.8,245.09590963575917,28.29590963575916
Be,BeH,random_A_15,216.8,301.378708064737,84.57870806473699
Be,BeH,random_B_00,216.8,540.2018311191999,323.4018311191999
Be,BeH,random_B_01,216.8,420.626391615508,203.826391615508
Be,BeH,random_B_02,216.8,419.2811237069208,202.4811237069208
Be,BeH,random_B_03,216.8,440.20303272184594,223.40303272184593
Be,BeH,random_B_04,216.8,389.36938208673325,172.56938208673324
Be,BeH,random_B_05,216.8,464.32906628047533,247.52906628047532
Be,BeH,random_B_06,216.8,422.4237501134977,205.6237501134977
Be,BeH,random_B_07,216.8,484.0552986588005,267.2552986588005
Be,BeH,random_B_08,216.8,446.85968123325176,230.05968123325175
Be,BeH,random_B_09,216.8,406.11187784838353,189.31187784838352
Be,BeH,random_B_10,216.8,381.55958410028495,164.75958410028494
Be,BeH,random_B_11,216.8,388.24191091692137,171.44191091692136
Be,BeH,random_B_12,216.8,449.9661952019716,233.16619520197156
Be,BeH,random_B_13,216.8,424.6168981328186,207.8168981328186
Be,BeH,random_B_14,216.8,371.39403856714273,154.59403856714272
Be,BeH,random_B_15,216.8,475.22408761904506,258.42408761904505
Be,BeH,random_C_00,216.8,447.15201221152364,230.35201221152363
Be,BeH,random_C_01,216.8,437.75228756333473,220.95228756333472
Be,BeH,random_C_02,216.8,372.79050522675016,155.99050522675014
Be,BeH,random_C_03,216.8,459.4887680605358,242.68876806053578
Be,BeH,random_C_04,216.8,346.3710855175215,129.5710855175215
Be,BeH,random_C_05,216.8,404.4458988302571,187.64589883025707
Be,BeH,random_C_06,216.8,334.49371802074774,117.69371802074772
Be,BeH,random_C_07,216.8,305.4589723886668,88.65897238866677
Be,BeH,random_C_08,216.8,378.24427429348106,161.44427429348104
Be,BeH,random_C_09,216.8,454.05965108648854,237.25965108648853
Be,BeH,random_C_10,216.8,376.6197367099897,159.81973670998968
Be,BeH,random_C_11,216.8,363.7391236137506,146.9391236137506
Be,BeH,random_C_12,216.8,420.9405811557049,204.14058115570487
Be,BeH,random_C_13,216.8,355.75190751158266,138.95190751158265
Be,BeH,random_C_14,216.8,372.2282401557569,155.4282401557569
Be,BeH,random_C_15,216.8,422.2627230061906,205.46272300619057
B,BH,mean_only,336.4,390.131914893617,53.731914893617045
B,B2,mean_only,290.0,390.131914893617,100.13191489361702
B,BN,mean_only,470.0,390.131914893617,-79.86808510638298
B,BO,mean_only,800.0,390.131914893617,-409.868085106383
B,BF,mean_only,747.2,390.131914893617,-357.068085106383
B,BH,atomic_number_ABC,336.4,422.06618285558375,85.66618285558377
B,B2,atomic_number_ABC,290.0,430.91827370226093,140.91827370226093
B,BN,atomic_number_ABC,470.0,423.1602316588304,-46.83976834116959
B,BO,atomic_number_ABC,800.0,419.2582512662735,-380.7417487337265
B,BF,atomic_number_ABC,747.2,415.34348227753486,-331.8565177224652
B,BH,raw_properties_ABC,336.4,415.8385058145284,79.43850581452841
B,B2,raw_properties_ABC,290.0,366.3752788489524,76.3752788489524
B,BN,raw_properties_ABC,470.0,553.1447034332452,83.14470343324524
B,BO,raw_properties_ABC,800.0,575.6952251401568,-224.30477485984318
B,BF,raw_properties_ABC,747.2,587.5959004263096,-159.6040995736904
B,BH,fixed_A,336.4,486.8346764456474,150.43467644564743
B,B2,fixed_A,290.0,611.4364043391506,321.4364043391506
B,BN,fixed_A,470.0,548.894359911548,78.89435991154801
B,BO,fixed_A,800.0,576.5756189612018,-223.42438103879817
B,BF,fixed_A,747.2,525.1909590323372,-222.00904096766283
B,BH,fixed_B,336.4,473.6487347267689,137.24873472676893
B,B2,fixed_B,290.0,360.20535704759067,70.20535704759067
B,BN,fixed_B,470.0,654.5643236923986,184.5643236923986
B,BO,fixed_B,800.0,727.8289851547675,-72.17101484523255
B,BF,fixed_B,747.2,649.6432053157066,-97.55679468429344
B,BH,fixed_C,336.4,344.45476061593564,8.054760615935663
B,B2,fixed_C,290.0,398.5897893144134,108.5897893144134
B,BN,fixed_C,470.0,521.8470769485112,51.847076948511244
B,BO,fixed_C,800.0,602.5473577836703,-197.45264221632965
B,BF,fixed_C,747.2,732.6951591973839,-14.504840802616172
B,BH,fixed_ABC,336.4,395.92372067590634,59.52372067590636
B,B2,fixed_ABC,290.0,568.5924598758202,278.59245987582017
B,BN,fixed_ABC,470.0,700.1563662094441,230.15636620944406
B,BO,fixed_ABC,800.0,804.2104279799489,4.210427979948918
B,BF,fixed_ABC,747.2,780.7114175027286,33.51141750272859
B,BH,random_A_00,336.4,490.751816129965,154.35181612996502
B,B2,random_A_00,290.0,613.2787932351198,323.2787932351198
B,BN,random_A_00,470.0,555.2039324915633,85.20393249156325
B,BO,random_A_00,800.0,575.4471229209804,-224.5528770790196
B,BF,random_A_00,747.2,522.5678880895507,-224.63211191044934
B,BH,random_A_01,336.4,501.3081667608009,164.9081667608009
B,B2,random_A_01,290.0,648.9531815587087,358.9531815587087
B,BN,random_A_01,470.0,572.4106361396739,102.4106361396739
B,BO,random_A_01,800.0,618.3545625147451,-181.6454374852549
B,BF,random_A_01,747.2,535.970740198423,-211.2292598015771
B,BH,random_A_02,336.4,497.52355535932475,161.12355535932477
B,B2,random_A_02,290.0,599.6553465489262,309.6553465489262
B,BN,random_A_02,470.0,531.1762347763456,61.17623477634561
B,BO,random_A_02,800.0,557.4720700488729,-242.52792995112713
B,BF,random_A_02,747.2,518.8302501506756,-228.36974984932442
B,BH,random_A_03,336.4,485.8943100298047,149.49431002980475
B,B2,random_A_03,290.0,607.945333577889,317.94533357788896
B,BN,random_A_03,470.0,543.792532004918,73.79253200491803
B,BO,random_A_03,800.0,577.5838106145079,-222.4161893854921
B,BF,random_A_03,747.2,516.445904604176,-230.75409539582404
B,BH,random_A_04,336.4,490.1620202407227,153.76202024072273
B,B2,random_A_04,290.0,609.389574781012,319.389574781012
B,BN,random_A_04,470.0,538.7723945371317,68.77239453713173
B,BO,random_A_04,800.0,586.1385115788306,-213.86148842116938
B,BF,random_A_04,747.2,517.0799157199382,-230.12008428006186
B,BH,random_A_05,336.4,488.1159807833278,151.71598078332784
B,B2,random_A_05,290.0,606.0968878534163,316.0968878534163
B,BN,random_A_05,470.0,528.5402441988908,58.54024419889083
B,BO,random_A_05,800.0,575.6493430918237,-224.35065690817635
B,BF,random_A_05,747.2,530.5720671355498,-216.62793286445026
B,BH,random_A_06,336.4,470.00356023303516,133.60356023303518
B,B2,random_A_06,290.0,592.2072269181549,302.2072269181549
B,BN,random_A_06,470.0,527.0748694110481,57.0748694110481
B,BO,random_A_06,800.0,568.4535020070325,-231.5464979929675
B,BF,random_A_06,747.2,521.6536721943929,-225.54632780560712
B,BH,random_A_07,336.4,481.432902812128,145.03290281212804
B,B2,random_A_07,290.0,576.9368344979695,286.93683449796947
B,BN,random_A_07,470.0,528.6149150502304,58.614915050230366
B,BO,random_A_07,800.0,554.8883419831626,-245.1116580168374
B,BF,random_A_07,747.2,507.31031078408154,-239.8896892159185
B,BH,random_A_08,336.4,504.23147278999215,167.83147278999218
B,B2,random_A_08,290.0,649.8258999932891,359.8258999932891
B,BN,random_A_08,470.0,565.3716620625039,95.3716620625039
B,BO,random_A_08,800.0,628.1765798711671,-171.82342012883294
B,BF,random_A_08,747.2,536.2138663612948,-210.98613363870527
B,BH,random_A_09,336.4,482.41717568091053,146.01717568091055
B,B2,random_A_09,290.0,590.292522675192,300.292522675192
B,BN,random_A_09,470.0,537.2589666287737,67.25896662877369
B,BO,random_A_09,800.0,563.4244515854753,-236.57554841452475
B,BF,random_A_09,747.2,504.838005167969,-242.36199483203103
B,BH,random_A_10,336.4,498.1240239962689,161.7240239962689
B,B2,random_A_10,290.0,595.374921246578,305.37492124657797
B,BN,random_A_10,470.0,532.0082722705712,62.00827227057118
B,BO,random_A_10,800.0,559.8863451339687,-240.1136548660313
B,BF,random_A_10,747.2,512.965933755749,-234.23406624425104
B,BH,random_A_11,336.4,475.33150785861346,138.9315078586135
B,B2,random_A_11,290.0,601.5980824501021,311.5980824501021
B,BN,random_A_11,470.0,535.7173367652136,65.71733676521364
B,BO,random_A_11,800.0,575.448927457395,-224.55107254260497
B,BF,random_A_11,747.2,518.7715498806467,-228.42845011935333
B,BH,random_A_12,336.4,482.38985901675005,145.98985901675007
B,B2,random_A_12,290.0,596.6421749697876,306.64217496978756
B,BN,random_A_12,470.0,539.4358597169165,69.43585971691653
B,BO,random_A_12,800.0,565.5875098864791,-234.4124901135209
B,BF,random_A_12,747.2,511.9116664728648,-235.28833352713525
B,BH,random_A_13,336.4,463.640990205981,127.240990205981
B,B2,random_A_13,290.0,561.3985301852941,271.39853018529413
B,BN,random_A_13,470.0,520.4803918619457,50.48039186194569
B,BO,random_A_13,800.0,555.0666650912699,-244.9333349087301
B,BF,random_A_13,747.2,488.881700055693,-258.31829994430706
B,BH,random_A_14,336.4,492.8684487996196,156.46844879961964
B,B2,random_A_14,290.0,637.1209162887935,347.1209162887935
B,BN,random_A_14,470.0,564.267087236241,94.26708723624097
B,BO,random_A_14,800.0,619.5190852523426,-180.48091474765738
B,BF,random_A_14,747.2,525.7164755784913,-221.48352442150872
B,BH,random_A_15,336.4,489.7392379659517,153.33923796595172
B,B2,random_A_15,290.0,619.7755268099809,329.7755268099809
B,BN,random_A_15,470.0,544.0433626562265,74.04336265622646
B,BO,random_A_15,800.0,583.3980721254804,-216.60192787451956
B,BF,random_A_15,747.2,525.1098064755583,-222.0901935244417
B,BH,random_B_00,336.4,454.94615245091995,118.54615245091998
B,B2,random_B_00,290.0,371.0368743056082,81.0368743056082
B,BN,random_B_00,470.0,534.0327814044915,64.03278140449152
B,BO,random_B_00,800.0,563.393995921996,-236.60600407800405
B,BF,random_B_00,747.2,595.2116795913701,-151.98832040863
B,BH,random_B_01,336.4,366.4532577594288,30.053257759428845
B,B2,random_B_01,290.0,378.4225875397512,88.42258753975119
B,BN,random_B_01,470.0,552.5368262732678,82.53682627326782
B,BO,random_B_01,800.0,618.1824268847538,-181.8175731152462
B,BF,random_B_01,747.2,559.8327197475509,-187.36728025244918
B,BH,random_B_02,336.4,438.73950429972604,102.33950429972606
B,B2,random_B_02,290.0,374.32682745549135,84.32682745549135
B,BN,random_B_02,470.0,570.9334332874689,100.93343328746892
B,BO,random_B_02,800.0,616.9068456393265,-183.09315436067345
B,BF,random_B_02,747.2,604.3037978508022,-142.89620214919785
B,BH,random_B_03,336.4,454.27333383643565,117.87333383643568
B,B2,random_B_03,290.0,362.6091421190981,72.60914211909812
B,BN,random_B_03,470.0,546.9654218077158,76.96542180771576
B,BO,random_B_03,800.0,614.9679265576341,-185.0320734423659
B,BF,random_B_03,747.2,535.4314906984392,-211.7685093015608
B,BH,random_B_04,336.4,419.0496157645226,82.64961576452265
B,B2,random_B_04,290.0,358.69851725999075,68.69851725999075
B,BN,random_B_04,470.0,569.4685592303863,99.46855923038629
B,BO,random_B_04,800.0,602.8001568224175,-197.19984317758247
B,BF,random_B_04,747.2,559.2896424054139,-187.91035759458612
B,BH,random_B_05,336.4,392.76990349038863,56.36990349038865
B,B2,random_B_05,290.0,376.3670247333256,86.3670247333256
B,BN,random_B_05,470.0,586.1383537008111,116.13835370081108
B,BO,random_B_05,800.0,606.1237354317551,-193.8762645682449
B,BF,random_B_05,747.2,509.4413097035796,-237.75869029642047
B,BH,random_B_06,336.4,372.556618555585,36.156618555585
B,B2,random_B_06,290.0,368.16402400643136,78.16402400643136
B,BN,random_B_06,470.0,594.0697596358565,124.06975963585649
B,BO,random_B_06,800.0,669.9746966447562,-130.02530335524375
B,BF,random_B_06,747.2,533.3511699914138,-213.84883000858622
B,BH,random_B_07,336.4,437.8196254646683,101.41962546466834
B,B2,random_B_07,290.0,371.6985898724367,81.69858987243668
B,BN,random_B_07,470.0,542.2962551915901,72.29625519159015
B,BO,random_B_07,800.0,566.1066964216006,-233.89330357839935
B,BF,random_B_07,747.2,485.17724269068947,-262.0227573093106
B,BH,random_B_08,336.4,470.09891806861094,133.69891806861096
B,B2,random_B_08,290.0,359.564301226695,69.56430122669502
B,BN,random_B_08,470.0,665.4976491084678,195.49764910846784
B,BO,random_B_08,800.0,650.4584645742525,-149.5415354257475
B,BF,random_B_08,747.2,604.655235849885,-142.54476415011504
B,BH,random_B_09,336.4,430.561173543941,94.161173543941
B,B2,random_B_09,290.0,364.4022428789712,74.40224287897121
B,BN,random_B_09,470.0,606.1194861556938,136.11948615569383
B,BO,random_B_09,800.0,692.0393032611455,-107.9606967388545
B,BF,random_B_09,747.2,647.1510330554396,-100.04896694456045
B,BH,random_B_10,336.4,516.7745798152329,180.3745798152329
B,B2,random_B_10,290.0,366.75635906028225,76.75635906028225
B,BN,random_B_10,470.0,619.8438760411782,149.8438760411782
B,BO,random_B_10,800.0,644.0996428394128,-155.9003571605872
B,BF,random_B_10,747.2,670.3242192397981,-76.8757807602019
B,BH,random_B_11,336.4,414.76525605375946,78.36525605375948
B,B2,random_B_11,290.0,360.65588012690796,70.65588012690796
B,BN,random_B_11,470.0,591.7016245323273,121.70162453232729
B,BO,random_B_11,800.0,617.977035890063,-182.022964109937
B,BF,random_B_11,747.2,528.3447503240479,-218.8552496759521
B,BH,random_B_12,336.4,488.3222814532396,151.92228145323963
B,B2,random_B_12,290.0,377.7621794633394,87.76217946333941
B,BN,random_B_12,470.0,617.99816501551,147.99816501551004
B,BO,random_B_12,800.0,657.3211057319776,-142.67889426802242
B,BF,random_B_12,747.2,643.1572106144208,-104.04278938557923
B,BH,random_B_13,336.4,474.6416865390014,138.24168653900142
B,B2,random_B_13,290.0,368.66004202998874,78.66004202998874
B,BN,random_B_13,470.0,646.2047482346934,176.2047482346934
B,BO,random_B_13,800.0,749.5945459092167,-50.40545409078334
B,BF,random_B_13,747.2,603.905701125431,-143.294298874569
B,BH,random_B_14,336.4,380.22982235469146,43.82982235469149
B,B2,random_B_14,290.0,355.9719829830632,65.97198298306319
B,BN,random_B_14,470.0,485.26348426346823,15.263484263468229
B,BO,random_B_14,800.0,577.3440124597727,-222.65598754022733
B,BF,random_B_14,747.2,507.36447889368725,-239.8355211063128
B,BH,random_B_15,336.4,423.5641140082654,87.16411400826541
B,B2,random_B_15,290.0,376.470748581083,86.470748581083
B,BN,random_B_15,470.0,551.9355791264207,81.93557912642075
B,BO,random_B_15,800.0,604.7654585575774,-195.2345414424226
B,BF,random_B_15,747.2,537.0504213322362,-210.14957866776388
B,BH,random_C_00,336.4,369.0916756505182,32.69167565051822
B,B2,random_C_00,290.0,316.2282844462667,26.228284446266684
B,BN,random_C_00,470.0,551.5690714418162,81.56907144181616
B,BO,random_C_00,800.0,604.58868648178,-195.41131351822003
B,BF,random_C_00,747.2,672.5511727921566,-74.6488272078434
B,BH,random_C_01,336.4,475.5313587270987,139.1313587270987
B,B2,random_C_01,290.0,234.89366267134386,-55.10633732865614
B,BN,random_C_01,470.0,544.2580423662639,74.25804236626391
B,BO,random_C_01,800.0,561.3474292629865,-238.65257073701355
B,BF,random_C_01,747.2,615.1930296760103,-132.00697032398978
B,BH,random_C_02,336.4,360.97866180634196,24.578661806341984
B,B2,random_C_02,290.0,753.3320701992602,463.3320701992602
B,BN,random_C_02,470.0,711.3743052618686,241.37430526186859
B,BO,random_C_02,800.0,768.9261206865853,-31.07387931341475
B,BF,random_C_02,747.2,765.9342242416378,18.734224241637776
B,BH,random_C_03,336.4,434.449887809087,98.04988780908701
B,B2,random_C_03,290.0,426.8322222762487,136.83222227624867
B,BN,random_C_03,470.0,449.24064960306623,-20.75935039693377
B,BO,random_C_03,800.0,540.5535236715322,-259.44647632846784
B,BF,random_C_03,747.2,469.88081614801706,-277.319183851983
B,BH,random_C_04,336.4,443.0668280091018,106.66682800910183
B,B2,random_C_04,290.0,376.85762927179036,86.85762927179036
B,BN,random_C_04,470.0,574.8498703855068,104.84987038550685
B,BO,random_C_04,800.0,653.5240867947334,-146.47591320526658
B,BF,random_C_04,747.2,727.9348056661413,-19.265194333858744
B,BH,random_C_05,336.4,380.4712532342224,44.07125323422241
B,B2,random_C_05,290.0,35.414830639091235,-254.58516936090876
B,BN,random_C_05,470.0,588.9053208654025,118.90532086540247
B,BO,random_C_05,800.0,601.6674205694834,-198.3325794305166
B,BF,random_C_05,747.2,667.1792528873127,-80.02074711268733
B,BH,random_C_06,336.4,363.5474027271747,27.147402727174722
B,B2,random_C_06,290.0,412.5366868066533,122.53668680665328
B,BN,random_C_06,470.0,652.720048852901,182.72004885290096
B,BO,random_C_06,800.0,707.089907404332,-92.91009259566795
B,BF,random_C_06,747.2,661.1416904984096,-86.05830950159043
B,BH,random_C_07,336.4,454.15715923606484,117.75715923606487
B,B2,random_C_07,290.0,397.43462726864993,107.43462726864993
B,BN,random_C_07,470.0,603.5095415919715,133.50954159197147
B,BO,random_C_07,800.0,677.7487861876497,-122.25121381235033
B,BF,random_C_07,747.2,695.2745112574485,-51.92548874255158
B,BH,random_C_08,336.4,359.71221230760506,23.31221230760508
B,B2,random_C_08,290.0,488.8550743200607,198.85507432006068
B,BN,random_C_08,470.0,558.0611181289735,88.06111812897348
B,BO,random_C_08,800.0,669.6325637613659,-130.36743623863413
B,BF,random_C_08,747.2,661.4719775403221,-85.72802245967796
B,BH,random_C_09,336.4,327.03344480549924,-9.366555194500734
B,B2,random_C_09,290.0,326.57425592514903,36.57425592514903
B,BN,random_C_09,470.0,541.8859498746438,71.88594987464376
B,BO,random_C_09,800.0,630.1862818911758,-169.81371810882422
B,BF,random_C_09,747.2,676.8387603340159,-70.36123966598416
B,BH,random_C_10,336.4,426.83446054327055,90.43446054327057
B,B2,random_C_10,290.0,334.305093746977,44.30509374697698
B,BN,random_C_10,470.0,560.0703216577753,90.07032165777525
B,BO,random_C_10,800.0,631.9874867514784,-168.0125132485216
B,BF,random_C_10,747.2,644.5047455911309,-102.69525440886912
B,BH,random_C_11,336.4,422.29881823247587,85.89881823247589
B,B2,random_C_11,290.0,722.5455825858278,432.5455825858278
B,BN,random_C_11,470.0,642.3252014579043,172.3252014579043
B,BO,random_C_11,800.0,720.3006645747305,-79.69933542526951
B,BF,random_C_11,747.2,757.3409514631442,10.14095146314412
B,BH,random_C_12,336.4,407.87216855469364,71.47216855469367
B,B2,random_C_12,290.0,249.36281078192968,-40.63718921807032
B,BN,random_C_12,470.0,532.0964475013751,62.09644750137511
B,BO,random_C_12,800.0,584.1534589535831,-215.84654104641686
B,BF,random_C_12,747.2,639.75912881315,-107.44087118685002
B,BH,random_C_13,336.4,453.96643039503056,117.56643039503058
B,B2,random_C_13,290.0,226.0311137221384,-63.9688862778616
B,BN,random_C_13,470.0,532.6765305692209,62.67653056922086
B,BO,random_C_13,800.0,602.8848983624323,-197.1151016375677
B,BF,random_C_13,747.2,610.2267222581509,-136.9732777418492
B,BH,random_C_14,336.4,422.2947056772399,85.89470567723993
B,B2,random_C_14,290.0,348.786586482549,58.78658648254901
B,BN,random_C_14,470.0,614.27007426502,144.27007426501996
B,BO,random_C_14,800.0,665.8230925761891,-134.17690742381092
B,BF,random_C_14,747.2,776.0129757095503,28.8129757095503
B,BH,random_C_15,336.4,420.2872475093976,83.88724750939764
B,B2,random_C_15,290.0,288.0643991501668,-1.935600849833179
B,BN,random_C_15,470.0,430.6165262114732,-39.38347378852683
B,BO,random_C_15,800.0,515.840155718019,-284.159844281981
B,BF,random_C_15,747.2,611.2883970175407,-135.91160298245939
C,CH,mean_only,334.7,376.4127659574468,41.712765957446834
C,C2,mean_only,600.0,376.4127659574468,-223.58723404255318
C,CN,mean_only,745.0,376.4127659574468,-368.5872340425532
C,CO,mean_only,1071.8,376.4127659574468,-695.3872340425531
C,CF,mean_only,536.9,376.4127659574468,-160.48723404255315
C,CH,atomic_number_ABC,334.7,398.37458161113807,63.67458161113808
C,C2,atomic_number_ABC,600.0,402.7835124537694,-197.2164875462306
C,CN,atomic_number_ABC,745.0,400.79639967969183,-344.20360032030817
C,CO,atomic_number_ABC,1071.8,398.77039831050985,-673.0296016894902
C,CF,atomic_number_ABC,536.9,396.70516907764977,-140.1948309223502
C,CH,raw_properties_ABC,334.7,521.394185272316,186.69418527231602
C,C2,raw_properties_ABC,600.0,343.4592250338668,-256.5407749661332
C,CN,raw_properties_ABC,745.0,622.8249473636444,-122.17505263635564
C,CO,raw_properties_ABC,1071.8,636.2742495697571,-435.52575043024285
C,CF,raw_properties_ABC,536.9,573.4946409224073,36.59464092240728
C,CH,fixed_A,334.7,460.0375335756304,125.3375335756304
C,C2,fixed_A,600.0,549.683629065564,-50.31637093443601
C,CN,fixed_A,745.0,521.1345883010563,-223.86541169894372
C,CO,fixed_A,1071.8,540.3164105058163,-531.4835894941837
C,CF,fixed_A,536.9,499.27631570043906,-37.62368429956092
C,CH,fixed_B,334.7,300.2574355757811,-34.442564424218915
C,C2,fixed_B,600.0,344.10468318925257,-255.89531681074743
C,CN,fixed_B,745.0,493.34305237810213,-251.65694762189787
C,CO,fixed_B,1071.8,529.0660241253024,-542.7339758746975
C,CF,fixed_B,536.9,715.3291294237285,178.42912942372857
C,CH,fixed_C,334.7,476.7902674088402,142.0902674088402
C,C2,fixed_C,600.0,188.00839561084692,-411.99160438915305
C,CN,fixed_C,745.0,499.7248437052609,-245.27515629473908
C,CO,fixed_C,1071.8,563.8233308454595,-507.97666915454045
C,CF,fixed_C,536.9,607.7458797090578,70.84587970905784
C,CH,fixed_ABC,334.7,242.42370415865588,-92.27629584134411
C,C2,fixed_ABC,600.0,-38.31888323197535,-638.3188832319754
C,CN,fixed_ABC,745.0,416.5202234210174,-328.4797765789826
C,CO,fixed_ABC,1071.8,488.1226387302459,-583.6773612697541
C,CF,fixed_ABC,536.9,492.0649504296915,-44.835049570308456
C,CH,random_A_00,334.7,453.9987059920138,119.29870599201382
C,C2,random_A_00,600.0,534.24691386408,-65.75308613591994
C,CN,random_A_00,745.0,516.3483963548664,-228.6516036451336
C,CO,random_A_00,1071.8,534.2087736678782,-537.5912263321218
C,CF,random_A_00,536.9,486.05669451406254,-50.843305485937435
C,CH,random_A_01,334.7,422.14456396954097,87.44456396954098
C,C2,random_A_01,600.0,481.5946955974157,-118.4053044025843
C,CN,random_A_01,745.0,492.2894878784734,-252.71051212152662
C,CO,random_A_01,1071.8,528.704533293024,-543.0954667069759
C,CF,random_A_01,536.9,455.5109941030234,-81.38900589697658
C,CH,random_A_02,334.7,483.7124028978625,149.0124028978625
C,C2,random_A_02,600.0,563.1612585444664,-36.838741455533636
C,CN,random_A_02,745.0,515.4403357882276,-229.55966421177243
C,CO,random_A_02,1071.8,535.031960753471,-536.7680392465289
C,CF,random_A_02,536.9,506.0910332373595,-30.808966762640466
C,CH,random_A_03,334.7,455.9166307015662,121.2166307015662
C,C2,random_A_03,600.0,537.4622013301666,-62.537798669833364
C,CN,random_A_03,745.0,511.04705950200514,-233.95294049799486
C,CO,random_A_03,1071.8,537.8576113193502,-533.9423886806497
C,CF,random_A_03,536.9,486.15692038068653,-50.74307961931345
C,CH,random_A_04,334.7,449.1766227592574,114.4766227592574
C,C2,random_A_04,600.0,518.6429497216909,-81.35705027830909
C,CN,random_A_04,745.0,496.2797645636922,-248.7202354363078
C,CO,random_A_04,1071.8,535.5838211791656,-536.2161788208343
C,CF,random_A_04,536.9,475.35209743514764,-61.547902564852336
C,CH,random_A_05,334.7,379.25133065937473,44.55133065937474
C,C2,random_A_05,600.0,387.3398244108217,-212.66017558917832
C,CN,random_A_05,745.0,427.56007834404267,-317.43992165595733
C,CO,random_A_05,1071.8,465.1856929150317,-606.6143070849682
C,CF,random_A_05,536.9,417.46289762074343,-119.43710237925654
C,CH,random_A_06,334.7,431.32097145833484,96.62097145833485
C,C2,random_A_06,600.0,506.2458220442504,-93.75417795574958
C,CN,random_A_06,745.0,487.62952369149775,-257.37047630850225
C,CO,random_A_06,1071.8,521.0268514191085,-550.7731485808914
C,CF,random_A_06,536.9,482.51096563544905,-54.38903436455092
C,CH,random_A_07,334.7,462.08263483225875,127.38263483225876
C,C2,random_A_07,600.0,534.6492222374715,-65.35077776252854
C,CN,random_A_07,745.0,511.64573139553056,-233.35426860446944
C,CO,random_A_07,1071.8,530.8666538222359,-540.9333461777641
C,CF,random_A_07,536.9,488.23097240284574,-48.66902759715424
C,CH,random_A_08,334.7,375.385830431882,40.68583043188204
C,C2,random_A_08,600.0,389.2193056865864,-210.78069431341362
C,CN,random_A_08,745.0,443.4741542752205,-301.5258457247795
C,CO,random_A_08,1071.8,488.8254323245699,-582.9745676754301
C,CF,random_A_08,536.9,410.2402477352707,-126.65975226472926
C,CH,random_A_09,334.7,492.62534499678253,157.92534499678254
C,C2,random_A_09,600.0,605.9970814464316,5.997081446431594
C,CN,random_A_09,745.0,548.8611650123141,-196.13883498768587
C,CO,random_A_09,1071.8,566.3754186056477,-505.42458139435223
C,CF,random_A_09,536.9,517.8182922123807,-19.08170778761928
C,CH,random_A_10,334.7,480.7471117007353,146.0471117007353
C,C2,random_A_10,600.0,554.3620787526035,-45.63792124739655
C,CN,random_A_10,745.0,514.7938541630103,-230.20614583698966
C,CO,random_A_10,1071.8,536.2196464316617,-535.5803535683383
C,CF,random_A_10,536.9,495.7172489567086,-41.182751043291375
C,CH,random_A_11,334.7,440.60380651974975,105.90380651974976
C,C2,random_A_11,600.0,524.2628785272396,-75.73712147276035
C,CN,random_A_11,745.0,500.44260685070117,-244.55739314929883
C,CO,random_A_11,1071.8,531.7494491678443,-540.0505508321556
C,CF,random_A_11,536.9,485.3348788317379,-51.56512116826207
C,CH,random_A_12,334.7,499.34838995582487,164.64838995582488
C,C2,random_A_12,600.0,621.4217472747039,21.421747274703876
C,CN,random_A_12,745.0,552.6981386399975,-192.30186136000248
C,CO,random_A_12,1071.8,570.786832669517,-501.01316733048293
C,CF,random_A_12,536.9,531.4718231076504,-5.428176892349597
C,CH,random_A_13,334.7,496.0382257457131,161.3382257457131
C,C2,random_A_13,600.0,622.8496558336249,22.849655833624865
C,CN,random_A_13,745.0,552.6598317007515,-192.3401682992485
C,CO,random_A_13,1071.8,581.5144328379504,-490.2855671620496
C,CF,random_A_13,536.9,528.0951479136684,-8.804852086331607
C,CH,random_A_14,334.7,427.84873616442735,93.14873616442736
C,C2,random_A_14,600.0,498.71268283141,-101.28731716859
C,CN,random_A_14,745.0,498.72114370300045,-246.27885629699955
C,CO,random_A_14,1071.8,543.1886785278197,-528.6113214721803
C,CF,random_A_14,536.9,462.32534448246565,-74.57465551753432
C,CH,random_A_15,334.7,416.016483202535,81.31648320253504
C,C2,random_A_15,600.0,461.2383122858479,-138.76168771415212
C,CN,random_A_15,745.0,470.6770323333729,-274.3229676666271
C,CO,random_A_15,1071.8,499.71506442713644,-572.0849355728635
C,CF,random_A_15,536.9,449.7792682312023,-87.12073176879767
C,CH,random_B_00,334.7,223.46285641810397,-111.23714358189602
C,C2,random_B_00,600.0,351.69032340775397,-248.30967659224603
C,CN,random_B_00,745.0,286.54606667987764,-458.45393332012236
C,CO,random_B_00,1071.8,300.5862153045251,-771.2137846954748
C,CF,random_B_00,536.9,532.3747750517589,-4.525224948241089
C,CH,random_B_01,334.7,459.0889360332671,124.3889360332671
C,C2,random_B_01,600.0,351.379949219517,-248.62005078048298
C,CN,random_B_01,745.0,579.4595133496128,-165.54048665038715
C,CO,random_B_01,1071.8,617.1684331218985,-454.63156687810147
C,CF,random_B_01,536.9,694.2323033712445,157.3323033712445
C,CH,random_B_02,334.7,304.800225353368,-29.89977464663201
C,C2,random_B_02,600.0,345.1607340184957,-254.8392659815043
C,CN,random_B_02,745.0,397.2306819837403,-347.7693180162597
C,CO,random_B_02,1071.8,450.58298076416656,-621.2170192358334
C,CF,random_B_02,536.9,626.4478154552678,89.54781545526782
C,CH,random_B_03,334.7,408.5629244557415,73.8629244557415
C,C2,random_B_03,600.0,339.19916904961894,-260.80083095038106
C,CN,random_B_03,745.0,533.0651942591794,-211.9348057408206
C,CO,random_B_03,1071.8,550.8871971252763,-520.9128028747236
C,CF,random_B_03,536.9,687.2877135659734,150.3877135659734
C,CH,random_B_04,334.7,421.6227385788586,86.92273857885863
C,C2,random_B_04,600.0,338.2250344071121,-261.7749655928879
C,CN,random_B_04,745.0,530.302180675669,-214.69781932433102
C,CO,random_B_04,1071.8,566.3829205362208,-505.41707946377915
C,CF,random_B_04,536.9,667.0820451330211,130.18204513302112
C,CH,random_B_05,334.7,580.7239392245856,246.0239392245856
C,C2,random_B_05,600.0,352.9337856133838,-247.0662143866162
C,CN,random_B_05,745.0,748.6721531346304,3.6721531346304346
C,CO,random_B_05,1071.8,751.6274920300814,-320.17250796991857
C,CF,random_B_05,536.9,806.2902310433449,269.3902310433449
C,CH,random_B_06,334.7,419.5004028979238,84.80040289792379
C,C2,random_B_06,600.0,343.56225016392733,-256.43774983607267
C,CN,random_B_06,745.0,588.0354801306585,-156.96451986934153
C,CO,random_B_06,1071.8,620.9199323263081,-450.8800676736919
C,CF,random_B_06,536.9,696.0004380740744,159.10043807407442
C,CH,random_B_07,334.7,324.13507972829245,-10.564920271707535
C,C2,random_B_07,600.0,350.1674144632447,-249.8325855367553
C,CN,random_B_07,745.0,418.86647207354713,-326.13352792645287
C,CO,random_B_07,1071.8,400.7673827633767,-671.0326172366233
C,CF,random_B_07,536.9,606.0935944425248,69.19359444252484
C,CH,random_B_08,334.7,356.37946406774466,21.679464067744675
C,C2,random_B_08,600.0,337.1023424596408,-262.8976575403592
C,CN,random_B_08,745.0,548.7422971789534,-196.25770282104656
C,CO,random_B_08,1071.8,545.854176269797,-525.945823730203
C,CF,random_B_08,536.9,618.7793969034567,81.87939690345672
C,CH,random_B_09,334.7,357.7163444423623,23.01634444236231
C,C2,random_B_09,600.0,338.1937273995828,-261.8062726004172
C,CN,random_B_09,745.0,513.6138110486132,-231.38618895138677
C,CO,random_B_09,1071.8,580.376050656899,-491.42394934310096
C,CF,random_B_09,536.9,672.7483300763939,135.84833007639395
C,CH,random_B_10,334.7,457.0393785611003,122.33937856110032
C,C2,random_B_10,600.0,342.74899141328774,-257.25100858671226
C,CN,random_B_10,745.0,433.9064804841037,-311.0935195158963
C,CO,random_B_10,1071.8,461.2735513928325,-610.5264486071675
C,CF,random_B_10,536.9,569.8121580480222,32.91215804802221
C,CH,random_B_11,334.7,167.51223906257866,-167.18776093742133
C,C2,random_B_11,600.0,340.5057267700075,-259.4942732299925
C,CN,random_B_11,745.0,299.079629778907,-445.920370221093
C,CO,random_B_11,1071.8,321.87673714222467,-749.9232628577753
C,CF,random_B_11,536.9,641.5036957629661,104.60369576296614
C,CH,random_B_12,334.7,342.6708371752522,7.9708371752522
C,C2,random_B_12,600.0,355.9824699537247,-244.01753004627528
C,CN,random_B_12,745.0,421.33091936939815,-323.66908063060185
C,CO,random_B_12,1071.8,427.25248316541405,-644.5475168345858
C,CF,random_B_12,536.9,596.3123271867504,59.41232718675042
C,CH,random_B_13,334.7,321.77487077177807,-12.92512922822192
C,C2,random_B_13,600.0,347.69179135115974,-252.30820864884026
C,CN,random_B_13,745.0,356.5650312193377,-388.4349687806623
C,CO,random_B_13,1071.8,416.1514629212431,-655.6485370787568
C,CF,random_B_13,536.9,650.8274107124732,113.92741071247326
C,CH,random_B_14,334.7,472.2285348627697,137.52853486276973
C,C2,random_B_14,600.0,339.1092076083392,-260.8907923916608
C,CN,random_B_14,745.0,509.47278591641646,-235.52721408358354
C,CO,random_B_14,1071.8,524.4847868876011,-547.3152131123989
C,CF,random_B_14,536.9,666.7326803412489,129.83268034124887
C,CH,random_B_15,334.7,607.9190212188637,273.2190212188637
C,C2,random_B_15,600.0,345.2620510093345,-254.73794899066547
C,CN,random_B_15,745.0,672.4659380863808,-72.53406191361921
C,CO,random_B_15,1071.8,707.3376966026798,-364.46230339732017
C,CF,random_B_15,536.9,747.4330181621722,210.5330181621722
C,CH,random_C_00,334.7,408.967267740294,74.26726774029402
C,C2,random_C_00,600.0,490.818332570599,-109.18166742940099
C,CN,random_C_00,745.0,602.876871574084,-142.12312842591598
C,CO,random_C_00,1071.8,644.0201693753972,-427.7798306246027
C,CF,random_C_00,536.9,787.4536384530237,250.55363845302372
C,CH,random_C_01,334.7,298.3542326041841,-36.34576739581587
C,C2,random_C_01,600.0,-407.3531902242455,-1007.3531902242455
C,CN,random_C_01,745.0,509.49284093136794,-235.50715906863206
C,CO,random_C_01,1071.8,529.2038480697219,-542.5961519302781
C,CF,random_C_01,536.9,573.9321197730003,37.03211977300032
C,CH,random_C_02,334.7,439.4560634805206,104.7560634805206
C,C2,random_C_02,600.0,-341.9168870022088,-941.9168870022088
C,CN,random_C_02,745.0,351.86190120709847,-393.13809879290153
C,CO,random_C_02,1071.8,276.3414339981479,-795.458566001852
C,CF,random_C_02,536.9,372.6906114580893,-164.2093885419107
C,CH,random_C_03,334.7,354.41489677722035,19.71489677722036
C,C2,random_C_03,600.0,-571.56294865706,-1171.5629486570601
C,CN,random_C_03,745.0,626.8610455771299,-118.13895442287014
C,CO,random_C_03,1071.8,766.6481367514954,-305.1518632485046
C,CF,random_C_03,536.9,848.1171933568613,311.21719335686134
C,CH,random_C_04,334.7,496.7192106323089,162.0192106323089
C,C2,random_C_04,600.0,35.042777243751004,-564.9572227562489
C,CN,random_C_04,745.0,640.8875720813328,-104.11242791866721
C,CO,random_C_04,1071.8,637.2134990874433,-434.58650091255663
C,CF,random_C_04,536.9,569.8531936296175,32.953193629617545
C,CH,random_C_05,334.7,266.9196146801098,-67.78038531989017
C,C2,random_C_05,600.0,766.9870336316563,166.98703363165635
C,CN,random_C_05,745.0,462.6269606641012,-282.3730393358988
C,CO,random_C_05,1071.8,477.8847658749728,-593.9152341250272
C,CF,random_C_05,536.9,587.0278439841288,50.127843984128845
C,CH,random_C_06,334.7,510.59932510198314,175.89932510198315
C,C2,random_C_06,600.0,557.8205280908737,-42.17947190912628
C,CN,random_C_06,745.0,770.8905180368363,25.890518036836283
C,CO,random_C_06,1071.8,810.4770969345876,-261.32290306541233
C,CF,random_C_06,536.9,596.5327656244607,59.63276562446072
C,CH,random_C_07,334.7,433.459326090695,98.75932609069503
C,C2,random_C_07,600.0,369.5915462670108,-230.4084537329892
C,CN,random_C_07,745.0,627.7843895545823,-117.21561044541772
C,CO,random_C_07,1071.8,698.4372285804895,-373.3627714195104
C,CF,random_C_07,536.9,673.4606758253551,136.56067582535513
C,CH,random_C_08,334.7,423.21458963932906,88.51458963932907
C,C2,random_C_08,600.0,162.38718734749975,-437.6128126525002
C,CN,random_C_08,745.0,653.5731454258702,-91.42685457412983
C,CO,random_C_08,1071.8,722.2006367541436,-349.59936324585635
C,CF,random_C_08,536.9,761.4940205782618,224.59402057826185
C,CH,random_C_09,334.7,528.9725777954649,194.27257779546488
C,C2,random_C_09,600.0,348.87315154116845,-251.12684845883155
C,CN,random_C_09,745.0,558.6704619964896,-186.32953800351038
C,CO,random_C_09,1071.8,575.3894405393577,-496.4105594606423
C,CF,random_C_09,536.9,602.8978639414295,65.9978639414295
C,CH,random_C_10,334.7,417.1220878171485,82.42208781714851
C,C2,random_C_10,600.0,64.99105570088454,-535.0089442991155
C,CN,random_C_10,745.0,452.66932158576765,-292.33067841423235
C,CO,random_C_10,1071.8,502.0317136825556,-569.7682863174443
C,CF,random_C_10,536.9,586.6837468037901,49.78374680379011
C,CH,random_C_11,334.7,378.0297384358484,43.32973843584841
C,C2,random_C_11,600.0,-84.7798060776995,-684.7798060776995
C,CN,random_C_11,745.0,402.7436998140128,-342.2563001859872
C,CO,random_C_11,1071.8,359.46543713289634,-712.3345628671036
C,CF,random_C_11,536.9,542.4221676507765,5.52216765077651
C,CH,random_C_12,334.7,414.88022279849076,80.18022279849077
C,C2,random_C_12,600.0,1164.1593426473883,564.1593426473883
C,CN,random_C_12,745.0,599.5791618075361,-145.42083819246386
C,CO,random_C_12,1071.8,643.5147875539883,-428.28521244601166
C,CF,random_C_12,536.9,712.8984860039013,175.99848600390135
C,CH,random_C_13,334.7,370.36981323345833,35.66981323345834
C,C2,random_C_13,600.0,497.148332620132,-102.85166737986799
C,CN,random_C_13,745.0,435.73793607026033,-309.26206392973967
C,CO,random_C_13,1071.8,513.310633620307,-558.4893663796929
C,CF,random_C_13,536.9,665.5345336459052,128.6345336459052
C,CH,random_C_14,334.7,465.3407219371891,130.64072193718908
C,C2,random_C_14,600.0,229.80296262529123,-370.19703737470877
C,CN,random_C_14,745.0,644.7640702329643,-100.23592976703571
C,CO,random_C_14,1071.8,615.8562141089928,-455.9437858910071
C,CF,random_C_14,536.9,643.2862083579679,106.38620835796792
C,CH,random_C_15,334.7,467.4264659444511,132.7264659444511
C,C2,random_C_15,600.0,147.764811815102,-452.235188184898
C,CN,random_C_15,745.0,474.0262868102523,-270.9737131897477
C,CO,random_C_15,1071.8,631.7730830487519,-440.02691695124804
C,CF,random_C_15,536.9,760.617619783967,223.71761978396705
N,NH,mean_only,328.5,373.28409090909093,44.784090909090935
N,BN,mean_only,470.0,373.28409090909093,-96.71590909090907
N,CN,mean_only,745.0,373.28409090909093,-371.71590909090907
N,N2,mean_only,941.6,373.28409090909093,-568.3159090909091
N,NO,mean_only,627.1,373.28409090909093,-253.8159090909091
N,NF,mean_only,315.1,373.28409090909093,58.18409090909091
N,SiN,mean_only,514.0,373.28409090909093,-140.71590909090907
N,PN,mean_only,614.0,373.28409090909093,-240.71590909090907
N,NH,atomic_number_ABC,328.5,396.9411154177145,68.44111541771451
N,BN,atomic_number_ABC,470.0,399.5527100989108,-70.44728990108922
N,CN,atomic_number_ABC,745.0,400.10207269519856,-344.89792730480144
N,N2,atomic_number_ABC,941.6,400.60662443216677,-540.9933755678333
N,NO,atomic_number_ABC,627.1,398.21116934577367,-228.88883065422635
N,NF,atomic_number_ABC,315.1,395.7806653232976,80.6806653232976
N,SiN,atomic_number_ABC,514.0,383.11139067277776,-130.88860932722224
N,PN,atomic_number_ABC,614.0,380.4759807356665,-233.5240192643335
N,NH,raw_properties_ABC,328.5,385.94017304223013,57.44017304223013
N,BN,raw_properties_ABC,470.0,576.7826198765042,106.78261987650421
N,CN,raw_properties_ABC,745.0,641.9994781676589,-103.00052183234106
N,N2,raw_properties_ABC,941.6,437.5319283124811,-504.0680716875189
N,NO,raw_properties_ABC,627.1,444.5324132830232,-182.56758671697685
N,NF,raw_properties_ABC,315.1,382.5174367263816,67.4174367263816
N,SiN,raw_properties_ABC,514.0,503.62138112654605,-10.378618873453945
N,PN,raw_properties_ABC,614.0,396.83379034082554,-217.16620965917446
N,NH,fixed_A,328.5,399.041204669765,70.54120466976502
N,BN,fixed_A,470.0,506.65661345092997,36.65661345092997
N,CN,fixed_A,745.0,545.6525462183434,-199.34745378165655
N,N2,fixed_A,941.6,456.2365010888676,-485.3634989111324
N,NO,fixed_A,627.1,483.713869633673,-143.386130366327
N,NF,fixed_A,315.1,449.4408276766883,134.34082767668826
N,SiN,fixed_A,514.0,428.6432335651297,-85.35676643487028
N,PN,fixed_A,614.0,420.06102930440227,-193.93897069559773
N,NH,fixed_B,328.5,371.6229123592695,43.12291235926949
N,BN,fixed_B,470.0,646.528474586484,176.52847458648398
N,CN,fixed_B,745.0,686.6921083864178,-58.30789161358223
N,N2,fixed_B,941.6,302.8770803643465,-638.7229196356535
N,NO,fixed_B,627.1,310.380373378809,-316.719626621191
N,NF,fixed_B,315.1,383.9000131352426,68.80001313524258
N,SiN,fixed_B,514.0,463.1503087157874,-50.84969128421261
N,PN,fixed_B,614.0,374.88570016484726,-239.11429983515274
N,NH,fixed_C,328.5,448.37183728582875,119.87183728582875
N,BN,fixed_C,470.0,515.9129677015676,45.912967701567595
N,CN,fixed_C,745.0,573.9369908082937,-171.06300919170633
N,N2,fixed_C,941.6,406.63509214410794,-534.9649078558921
N,NO,fixed_C,627.1,397.3443033596031,-229.75569664039693
N,NF,fixed_C,315.1,361.22255197418025,46.122551974180226
N,SiN,fixed_C,514.0,429.4963719161947,-84.50362808380532
N,PN,fixed_C,614.0,384.94455927206707,-229.05544072793293
N,NH,fixed_ABC,328.5,417.0588350369564,88.5588350369564
N,BN,fixed_ABC,470.0,650.1905091756648,180.19050917566483
N,CN,fixed_ABC,745.0,697.4180542782904,-47.581945721709644
N,N2,fixed_ABC,941.6,468.5170067905802,-473.08299320941984
N,NO,fixed_ABC,627.1,458.00629712841805,-169.09370287158197
N,NF,fixed_ABC,315.1,401.8329967527372,86.73299675273717
N,SiN,fixed_ABC,514.0,497.7472592749787,-16.252740725021283
N,PN,fixed_ABC,614.0,468.18233490283677,-145.81766509716323
N,NH,random_A_00,328.5,412.7347843991411,84.23478439914112
N,BN,random_A_00,470.0,515.5688694767724,45.56886947677242
N,CN,random_A_00,745.0,545.2928411918847,-199.7071588081153
N,N2,random_A_00,941.6,473.8740158440661,-467.72598415593393
N,NO,random_A_00,627.1,490.8235992891643,-136.27640071083573
N,NF,random_A_00,315.1,457.73115351466606,142.63115351466604
N,SiN,random_A_00,514.0,442.93898469451165,-71.06101530548835
N,PN,random_A_00,614.0,435.4521457166809,-178.5478542833191
N,NH,random_A_01,328.5,407.7751118015069,79.27511180150691
N,BN,random_A_01,470.0,525.6611869963459,55.66118699634592
N,CN,random_A_01,745.0,548.1537184352891,-196.84628156471092
N,N2,random_A_01,941.6,473.84306456710584,-467.7569354328942
N,NO,random_A_01,627.1,513.4386132919533,-113.66138670804673
N,NF,random_A_01,315.1,451.2034565154279,136.10345651542787
N,SiN,random_A_01,514.0,431.18891888603594,-82.81108111396406
N,PN,random_A_01,614.0,445.9605208449319,-168.03947915506808
N,NH,random_A_02,328.5,397.83462918572076,69.33462918572076
N,BN,random_A_02,470.0,491.37081359058357,21.370813590583566
N,CN,random_A_02,745.0,540.9160734147246,-204.08392658527544
N,N2,random_A_02,941.6,432.7405323407371,-508.8594676592629
N,NO,random_A_02,627.1,459.47067331561493,-167.6293266843851
N,NF,random_A_02,315.1,434.43827565388443,119.33827565388441
N,SiN,random_A_02,514.0,412.7143046891296,-101.28569531087038
N,PN,random_A_02,614.0,395.76028940667214,-218.23971059332786
N,NH,random_A_03,328.5,400.6234506906708,72.12345069067078
N,BN,random_A_03,470.0,505.7051054263645,35.705105426364526
N,CN,random_A_03,745.0,549.3442103300858,-195.65578966991416
N,N2,random_A_03,941.6,455.3285726597382,-486.2714273402618
N,NO,random_A_03,627.1,481.98730002640843,-145.1126999735916
N,NF,random_A_03,315.1,444.2133885299391,129.11338852993907
N,SiN,random_A_03,514.0,426.4630803498203,-87.5369196501797
N,PN,random_A_03,614.0,421.78044417308456,-192.21955582691544
N,NH,random_A_04,328.5,395.8537698818245,67.35376988182452
N,BN,random_A_04,470.0,500.65405014894884,30.65405014894884
N,CN,random_A_04,745.0,526.7660605826821,-218.23393941731786
N,N2,random_A_04,941.6,446.81339615047034,-494.7866038495297
N,NO,random_A_04,627.1,486.98426127462767,-140.11573872537235
N,NF,random_A_04,315.1,437.718903396144,122.61890339614399
N,SiN,random_A_04,514.0,415.8357688848846,-98.1642311151154
N,PN,random_A_04,614.0,417.6692886219169,-196.3307113780831
N,NH,random_A_05,328.5,383.60743001150587,55.10743001150587
N,BN,random_A_05,470.0,485.66746383558507,15.667463835585067
N,CN,random_A_05,745.0,507.0089832620308,-237.99101673796918
N,N2,random_A_05,941.6,423.5725427920095,-518.0274572079906
N,NO,random_A_05,627.1,464.09629800360574,-163.00370199639428
N,NF,random_A_05,315.1,437.084116447268,121.98411644726798
N,SiN,random_A_05,514.0,407.6379964929047,-106.36200350709532
N,PN,random_A_05,614.0,389.29088139182113,-224.70911860817887
N,NH,random_A_06,328.5,379.91919861675547,51.419198616755466
N,BN,random_A_06,470.0,489.10851683053016,19.108516830530164
N,CN,random_A_06,745.0,537.5141090564396,-207.48589094356043
N,N2,random_A_06,941.6,432.88144115568093,-508.7185588443191
N,NO,random_A_06,627.1,471.7462232528957,-155.35377674710435
N,NF,random_A_06,315.1,439.7135135431976,124.6135135431976
N,SiN,random_A_06,514.0,415.5861843051673,-98.41381569483269
N,PN,random_A_06,614.0,388.0922758239397,-225.9077241760603
N,NH,random_A_07,328.5,406.32044506945573,77.82044506945573
N,BN,random_A_07,470.0,491.97825701441246,21.978257014412463
N,CN,random_A_07,745.0,543.3838551726781,-201.61614482732193
N,N2,random_A_07,941.6,450.98596959167105,-490.614030408329
N,NO,random_A_07,627.1,477.04077273525155,-150.05922726474847
N,NF,random_A_07,315.1,443.46277753299256,128.36277753299254
N,SiN,random_A_07,514.0,412.2478581172663,-101.75214188273372
N,PN,random_A_07,614.0,419.8380975087694,-194.1619024912306
N,NH,random_A_08,328.5,401.1752819151535,72.6752819151535
N,BN,random_A_08,470.0,515.954233583544,45.95423358354401
N,CN,random_A_08,745.0,527.9569108620442,-217.0430891379558
N,N2,random_A_08,941.6,459.2534018665158,-482.34659813348424
N,NO,random_A_08,627.1,513.4725048078802,-113.6274951921198
N,NF,random_A_08,315.1,441.875526743194,126.77552674319395
N,SiN,random_A_08,514.0,416.7908965159688,-97.20910348403117
N,PN,random_A_08,614.0,431.0300722059045,-182.9699277940955
N,NH,random_A_09,328.5,405.43255717004575,76.93255717004575
N,BN,random_A_09,470.0,502.04590099788743,32.04590099788743
N,CN,random_A_09,745.0,554.9944792959017,-190.00552070409833
N,N2,random_A_09,941.6,456.28596510670064,-485.3140348932994
N,NO,random_A_09,627.1,479.7255683930502,-147.37443160694983
N,NF,random_A_09,315.1,441.64994702992516,126.54994702992514
N,SiN,random_A_09,514.0,421.97548746966174,-92.02451253033826
N,PN,random_A_09,614.0,426.02507600660977,-187.97492399339023
N,NH,random_A_10,328.5,403.96828189653417,75.46828189653417
N,BN,random_A_10,470.0,492.84194985104807,22.84194985104807
N,CN,random_A_10,745.0,540.8626180462112,-204.1373819537888
N,N2,random_A_10,941.6,438.3552442452765,-503.24475575472354
N,NO,random_A_10,627.1,466.0656722254496,-161.03432777455043
N,NF,random_A_10,315.1,435.0600246595755,119.96002465957548
N,SiN,random_A_10,514.0,411.1606429848589,-102.8393570151411
N,PN,random_A_10,614.0,403.2005543521452,-210.79944564785478
N,NH,random_A_11,328.5,385.2495230340673,56.749523034067295
N,BN,random_A_11,470.0,496.9817095358363,26.981709535836274
N,CN,random_A_11,745.0,544.4988431939325,-200.50115680606746
N,N2,random_A_11,941.6,440.41441489286046,-501.18558510713956
N,NO,random_A_11,627.1,477.52821040307936,-149.57178959692067
N,NF,random_A_11,315.1,438.74261373165155,123.64261373165152
N,SiN,random_A_11,514.0,416.98687858512477,-97.01312141487523
N,PN,random_A_11,614.0,405.5164114314669,-208.4835885685331
N,NH,random_A_12,328.5,400.4011830269442,71.90118302694418
N,BN,random_A_12,470.0,503.5486669579848,33.54866695798478
N,CN,random_A_12,745.0,553.3515325234954,-191.6484674765046
N,N2,random_A_12,941.6,454.3693504837886,-487.23064951621143
N,NO,random_A_12,627.1,478.87284275726967,-148.22715724273036
N,NF,random_A_12,315.1,443.40597843713806,128.30597843713804
N,SiN,random_A_12,514.0,426.4712128085553,-87.52878719144468
N,PN,random_A_12,614.0,419.1092369706967,-194.8907630293033
N,NH,random_A_13,328.5,400.9314335879066,72.43143358790661
N,BN,random_A_13,470.0,492.2366352709602,22.23663527096022
N,CN,random_A_13,745.0,563.1408927444518,-181.85910725554822
N,N2,random_A_13,941.6,456.2466376994311,-485.3533623005689
N,NO,random_A_13,627.1,488.2426218714563,-138.8573781285437
N,NF,random_A_13,315.1,440.22153218213384,125.12153218213382
N,SiN,random_A_13,514.0,406.36933306385316,-107.63066693614684
N,PN,random_A_13,614.0,432.97033060654354,-181.02966939345646
N,NH,random_A_14,328.5,403.3294874251737,74.82948742517368
N,BN,random_A_14,470.0,521.2682822500848,51.26828225008478
N,CN,random_A_14,745.0,554.657072495401,-190.34292750459895
N,N2,random_A_14,941.6,470.4802948376529,-471.11970516234715
N,NO,random_A_14,627.1,517.6616826400717,-109.4383173599283
N,NF,random_A_14,315.1,446.7660868490725,131.66608684907249
N,SiN,random_A_14,514.0,423.31215998393697,-90.68784001606303
N,PN,random_A_14,614.0,441.65713286465956,-172.34286713534044
N,NH,random_A_15,328.5,393.15314034480133,64.65314034480133
N,BN,random_A_15,470.0,501.2675414827794,31.267541482779393
N,CN,random_A_15,745.0,536.1568056892306,-208.84319431076938
N,N2,random_A_15,941.6,443.81882977499345,-497.7811702250066
N,NO,random_A_15,627.1,475.18444954290794,-151.91555045709208
N,NF,random_A_15,315.1,438.77815044444986,123.67815044444984
N,SiN,random_A_15,514.0,422.1137496366585,-91.8862503633415
N,PN,random_A_15,614.0,411.3385602921615,-202.6614397078385
N,NH,random_B_00,328.5,360.04728737723525,31.54728737723525
N,BN,random_B_00,470.0,552.6888380806461,82.68883808064606
N,CN,random_B_00,745.0,601.7082928400597,-143.2917071599403
N,N2,random_B_00,941.6,310.449635374327,-631.1503646256731
N,NO,random_B_00,627.1,260.8338100662728,-366.2661899337272
N,NF,random_B_00,315.1,380.5539033163888,65.45390331638879
N,SiN,random_B_00,514.0,484.54061684471543,-29.45938315528457
N,PN,random_B_00,614.0,332.0669791927384,-281.9330208072616
N,NH,random_B_01,328.5,351.30993194833985,22.80993194833985
N,BN,random_B_01,470.0,596.2847228729465,126.28472287294653
N,CN,random_B_01,745.0,654.5675851044869,-90.43241489551315
N,N2,random_B_01,941.6,314.1601003056102,-627.4398996943899
N,NO,random_B_01,627.1,279.75624635052975,-347.3437536494703
N,NF,random_B_01,315.1,371.8468473555849,56.74684735558486
N,SiN,random_B_01,514.0,467.0888444046817,-46.91115559531829
N,PN,random_B_01,614.0,349.4058160083708,-264.5941839916292
N,NH,random_B_02,328.5,362.9898860039366,34.48988600393659
N,BN,random_B_02,470.0,560.9250195563952,90.92501955639523
N,CN,random_B_02,745.0,594.4530349016417,-150.54696509835833
N,N2,random_B_02,941.6,314.2523940377406,-627.3476059622594
N,NO,random_B_02,627.1,311.07699873112415,-316.0230012688759
N,NF,random_B_02,315.1,377.3167788126844,62.21677881268437
N,SiN,random_B_02,514.0,430.0750487501964,-83.9249512498036
N,PN,random_B_02,614.0,346.30103497394055,-267.69896502605945
N,NH,random_B_03,328.5,414.7262779228224,86.22627792282242
N,BN,random_B_03,470.0,607.8559841920013,137.8559841920013
N,CN,random_B_03,745.0,682.8012729593374,-62.19872704066256
N,N2,random_B_03,941.6,306.5697405144078,-635.0302594855923
N,NO,random_B_03,627.1,324.2515176879735,-302.84848231202653
N,NF,random_B_03,315.1,338.0069341196538,22.906934119653783
N,SiN,random_B_03,514.0,477.6007999387264,-36.399200061273575
N,PN,random_B_03,614.0,370.93419814607694,-243.06580185392306
N,NH,random_B_04,328.5,373.61147902893595,45.111479028935946
N,BN,random_B_04,470.0,590.1097336918173,120.10973369181727
N,CN,random_B_04,745.0,667.8983844797327,-77.10161552026727
N,N2,random_B_04,941.6,302.30576488395036,-639.2942351160497
N,NO,random_B_04,627.1,336.91528051194774,-290.1847194880523
N,NF,random_B_04,315.1,362.4264751309794,47.32647513097936
N,SiN,random_B_04,514.0,446.68287442454,-67.31712557546001
N,PN,random_B_04,614.0,337.72367407028383,-276.27632592971617
N,NH,random_B_05,328.5,334.3182985759262,5.818298575926178
N,BN,random_B_05,470.0,626.2537278042771,156.2537278042771
N,CN,random_B_05,745.0,757.5942099348413,12.594209934841274
N,N2,random_B_05,941.6,315.5330512902342,-626.0669487097658
N,NO,random_B_05,627.1,303.49830929824606,-323.60169070175397
N,NF,random_B_05,315.1,348.0179557162438,32.917955716243796
N,SiN,random_B_05,514.0,451.4832309024695,-62.51676909753053
N,PN,random_B_05,614.0,365.34098115161987,-248.65901884838013
N,NH,random_B_06,328.5,330.4221589978185,1.9221589978184852
N,BN,random_B_06,470.0,626.4026084519041,156.40260845190414
N,CN,random_B_06,745.0,690.0831317372449,-54.91686826275509
N,N2,random_B_06,941.6,306.5012908588095,-635.0987091411905
N,NO,random_B_06,627.1,289.07480225216426,-338.02519774783576
N,NF,random_B_06,315.1,315.194969155738,0.09496915573799924
N,SiN,random_B_06,514.0,491.5762315307495,-22.42376846925049
N,PN,random_B_06,614.0,393.874389640114,-220.12561035988602
N,NH,random_B_07,328.5,325.6263590710241,-2.873640928975874
N,BN,random_B_07,470.0,600.3680168380354,130.36801683803537
N,CN,random_B_07,745.0,643.1019070481685,-101.89809295183147
N,N2,random_B_07,941.6,313.0720433025167,-628.5279566974833
N,NO,random_B_07,627.1,303.44073391104496,-323.65926608895506
N,NF,random_B_07,315.1,403.17003066733156,88.07003066733154
N,SiN,random_B_07,514.0,466.3650378692737,-47.63496213072631
N,PN,random_B_07,614.0,359.3875971002514,-254.6124028997486
N,NH,random_B_08,328.5,423.23088475001657,94.73088475001657
N,BN,random_B_08,470.0,656.5120438800946,186.51204388009455
N,CN,random_B_08,745.0,644.2390151896296,-100.76098481037036
N,N2,random_B_08,941.6,304.007111881682,-637.592888118318
N,NO,random_B_08,627.1,325.2203424042133,-301.87965759578674
N,NF,random_B_08,315.1,328.23818206284585,13.138182062845829
N,SiN,random_B_08,514.0,485.3435259780695,-28.656474021930478
N,PN,random_B_08,614.0,356.56011260302955,-257.43988739697045
N,NH,random_B_09,328.5,360.89150983548916,32.39150983548916
N,BN,random_B_09,470.0,602.3897064903005,132.38970649030045
N,CN,random_B_09,745.0,666.2929885258775,-78.70701147412251
N,N2,random_B_09,941.6,304.4443377660638,-637.1556622339363
N,NO,random_B_09,627.1,393.2339106977944,-233.86608930220564
N,NF,random_B_09,315.1,329.6910347234293,14.591034723429289
N,SiN,random_B_09,514.0,464.3710247849795,-49.62897521502049
N,PN,random_B_09,614.0,303.8547486201319,-310.1452513798681
N,NH,random_B_10,328.5,382.50440239968486,54.004402399684864
N,BN,random_B_10,470.0,588.7527357129575,118.75273571295747
N,CN,random_B_10,745.0,594.8136880801044,-150.18631191989562
N,N2,random_B_10,941.6,311.824019359818,-629.7759806401821
N,NO,random_B_10,627.1,299.1317114793879,-327.96828852061213
N,NF,random_B_10,315.1,391.80496489720304,76.70496489720301
N,SiN,random_B_10,514.0,464.9213127840067,-49.078687215993284
N,PN,random_B_10,614.0,376.0570638409596,-237.9429361590404
N,NH,random_B_11,328.5,400.28218287771523,71.78218287771523
N,BN,random_B_11,470.0,636.3904825597875,166.39048255978753
N,CN,random_B_11,745.0,664.3358896088039,-80.66411039119612
N,N2,random_B_11,941.6,301.0220151949503,-640.5779848050497
N,NO,random_B_11,627.1,319.578616055426,-307.52138394457404
N,NF,random_B_11,315.1,355.94496991654194,40.84496991654191
N,SiN,random_B_11,514.0,473.2564599653599,-40.74354003464009
N,PN,random_B_11,614.0,342.0439857659508,-271.9560142340492
N,NH,random_B_12,328.5,290.77077519626033,-37.72922480373967
N,BN,random_B_12,470.0,584.7747033662995,114.77470336629949
N,CN,random_B_12,745.0,638.2776214545038,-106.72237854549621
N,N2,random_B_12,941.6,317.70392284224255,-623.8960771577574
N,NO,random_B_12,627.1,279.3360816961371,-347.7639183038629
N,NF,random_B_12,315.1,415.48671755283976,100.38671755283974
N,SiN,random_B_12,514.0,467.7600436632307,-46.239956336769296
N,PN,random_B_12,614.0,300.65867368929395,-313.34132631070605
N,NH,random_B_13,328.5,349.9434729155822,21.44347291558222
N,BN,random_B_13,470.0,633.6327692888601,163.63276928886012
N,CN,random_B_13,745.0,614.2869214239232,-130.71307857607678
N,N2,random_B_13,941.6,312.35698637486433,-629.2430136251357
N,NO,random_B_13,627.1,316.67130871188783,-310.4286912881122
N,NF,random_B_13,315.1,378.94403203237385,63.84403203237383
N,SiN,random_B_13,514.0,464.88900887374894,-49.110991126251065
N,PN,random_B_13,614.0,349.4218740241714,-264.5781259758286
N,NH,random_B_14,328.5,336.07325138905617,7.573251389056168
N,BN,random_B_14,470.0,551.1467243098446,81.14672430984456
N,CN,random_B_14,745.0,585.6867872821952,-159.31321271780484
N,N2,random_B_14,941.6,297.63878655628156,-643.9612134437184
N,NO,random_B_14,627.1,346.26099081688517,-280.83900918311485
N,NF,random_B_14,315.1,406.4411121125521,91.34111211255208
N,SiN,random_B_14,514.0,429.06226973019346,-84.93773026980654
N,PN,random_B_14,614.0,329.9255746346084,-284.0744253653916
N,NH,random_B_15,328.5,376.04617467457865,47.54617467457865
N,BN,random_B_15,470.0,591.6770533346743,121.67705333467427
N,CN,random_B_15,745.0,664.0952035251382,-80.90479647486177
N,N2,random_B_15,941.6,310.5261517880176,-631.0738482119824
N,NO,random_B_15,627.1,302.68386754675464,-324.4161324532454
N,NF,random_B_15,315.1,363.964143945924,48.864143945923956
N,SiN,random_B_15,514.0,467.5100417320724,-46.48995826792759
N,PN,random_B_15,614.0,367.25179343126723,-246.74820656873277
N,NH,random_C_00,328.5,416.2049071193179,87.70490711931791
N,BN,random_C_00,470.0,548.9544245315407,78.95442453154067
N,CN,random_C_00,745.0,639.1985030941846,-105.80149690581538
N,N2,random_C_00,941.6,356.47486668843965,-585.1251333115604
N,NO,random_C_00,627.1,353.1557642341308,-273.9442357658692
N,NF,random_C_00,315.1,320.6075730622201,5.507573062220104
N,SiN,random_C_00,514.0,448.352462439233,-65.64753756076698
N,PN,random_C_00,614.0,360.35252050400254,-253.64747949599746
N,NH,random_C_01,328.5,450.8278321306297,122.3278321306297
N,BN,random_C_01,470.0,547.9145457443909,77.91454574439092
N,CN,random_C_01,745.0,572.1209938317007,-172.87900616829927
N,N2,random_C_01,941.6,387.60640705196386,-553.9935929480362
N,NO,random_C_01,627.1,401.82826407096513,-225.2717359290349
N,NF,random_C_01,315.1,340.8102619378975,25.710261937897485
N,SiN,random_C_01,514.0,450.9701199219445,-63.0298800780555
N,PN,random_C_01,614.0,379.1702808315765,-234.82971916842348
N,NH,random_C_02,328.5,390.19082987976947,61.69082987976947
N,BN,random_C_02,470.0,646.6456865171731,176.6456865171731
N,CN,random_C_02,745.0,599.5505514170443,-145.4494485829557
N,N2,random_C_02,941.6,370.51804991889065,-571.0819500811094
N,NO,random_C_02,627.1,389.733313994807,-237.366686005193
N,NF,random_C_02,315.1,346.4695932129091,31.36959321290908
N,SiN,random_C_02,514.0,507.8898405632832,-6.110159436716799
N,PN,random_C_02,614.0,358.32026184758854,-255.67973815241146
N,NH,random_C_03,328.5,389.6378290661372,61.137829066137215
N,BN,random_C_03,470.0,488.4577397954374,18.45773979543742
N,CN,random_C_03,745.0,530.8019174940933,-214.19808250590665
N,N2,random_C_03,941.6,362.9335618042035,-578.6664381957964
N,NO,random_C_03,627.1,377.6442506181148,-249.4557493818852
N,NF,random_C_03,315.1,325.58379094508007,10.483790945080045
N,SiN,random_C_03,514.0,429.60454202365037,-84.39545797634963
N,PN,random_C_03,614.0,383.48606542386466,-230.51393457613534
N,NH,random_C_04,328.5,430.1898500589979,101.68985005899788
N,BN,random_C_04,470.0,560.9185787123649,90.91857871236493
N,CN,random_C_04,745.0,641.7712660324808,-103.22873396751925
N,N2,random_C_04,941.6,413.70839418565225,-527.8916058143477
N,NO,random_C_04,627.1,435.89505912581694,-191.20494087418308
N,NF,random_C_04,315.1,387.0411870453939,71.94118704539386
N,SiN,random_C_04,514.0,428.72526118183634,-85.27473881816366
N,PN,random_C_04,614.0,389.19240591042603,-224.80759408957397
N,NH,random_C_05,328.5,420.8756894159792,92.3756894159792
N,BN,random_C_05,470.0,583.6269136045329,113.62691360453289
N,CN,random_C_05,745.0,600.0883813098072,-144.91161869019277
N,N2,random_C_05,941.6,354.3119169478156,-587.2880830521844
N,NO,random_C_05,627.1,376.13382954680316,-250.96617045319687
N,NF,random_C_05,315.1,277.47550593666176,-37.62449406333826
N,SiN,random_C_05,514.0,461.750873155863,-52.24912684413698
N,PN,random_C_05,614.0,391.187568880012,-222.812431119988
N,NH,random_C_06,328.5,410.5471594721391,82.04715947213913
N,BN,random_C_06,470.0,652.3254984898708,182.32549848987082
N,CN,random_C_06,745.0,758.1014618636664,13.101461863666373
N,N2,random_C_06,941.6,470.0463776869542,-471.5536223130458
N,NO,random_C_06,627.1,473.6011456921707,-153.49885430782933
N,NF,random_C_06,315.1,385.5340043360021,70.43400433600209
N,SiN,random_C_06,514.0,476.62115617379266,-37.378843826207344
N,PN,random_C_06,614.0,453.3498494774067,-160.65015052259332
N,NH,random_C_07,328.5,429.7610630999911,101.26106309999108
N,BN,random_C_07,470.0,584.894134323431,114.89413432343099
N,CN,random_C_07,745.0,642.4974092141283,-102.50259078587169
N,N2,random_C_07,941.6,429.701573561731,-511.89842643826904
N,NO,random_C_07,627.1,406.86719441884975,-220.23280558115027
N,NF,random_C_07,315.1,397.947746452101,82.84774645210098
N,SiN,random_C_07,514.0,480.55892507112617,-33.44107492887383
N,PN,random_C_07,614.0,382.7847928920688,-231.21520710793118
N,NH,random_C_08,328.5,425.1011200094102,96.60112000941018
N,BN,random_C_08,470.0,564.5487572305251,94.5487572305251
N,CN,random_C_08,745.0,656.4423956247213,-88.55760437527874
N,N2,random_C_08,941.6,387.34366410201744,-554.2563358979826
N,NO,random_C_08,627.1,382.5831369901324,-244.51686300986762
N,NF,random_C_08,315.1,364.3560334051476,49.256033405147605
N,SiN,random_C_08,514.0,452.19799200968714,-61.80200799031286
N,PN,random_C_08,614.0,358.9579049409781,-255.0420950590219
N,NH,random_C_09,328.5,409.4821380955234,80.9821380955234
N,BN,random_C_09,470.0,548.048320018251,78.04832001825105
N,CN,random_C_09,745.0,619.4289682637836,-125.57103173621636
N,N2,random_C_09,941.6,388.3712767527558,-553.2287232472443
N,NO,random_C_09,627.1,364.4956939841379,-262.6043060158621
N,NF,random_C_09,315.1,367.9373620882159,52.837362088215855
N,SiN,random_C_09,514.0,472.33457623613003,-41.66542376386997
N,PN,random_C_09,614.0,367.7350360465019,-246.26496395349812
N,NH,random_C_10,328.5,427.20047862980897,98.70047862980897
N,BN,random_C_10,470.0,551.2574141442266,81.25741414422657
N,CN,random_C_10,745.0,557.232218982266,-187.76778101773402
N,N2,random_C_10,941.6,384.4659768348468,-557.1340231651532
N,NO,random_C_10,627.1,406.8074744713285,-220.29252552867155
N,NF,random_C_10,315.1,370.2883623357447,55.18836233574467
N,SiN,random_C_10,514.0,441.0671143448269,-72.9328856551731
N,PN,random_C_10,614.0,375.3289373902076,-238.6710626097924
N,NH,random_C_11,328.5,401.4127213476405,72.91272134764051
N,BN,random_C_11,470.0,575.0324732023837,105.0324732023837
N,CN,random_C_11,745.0,565.83148082088,-179.16851917912004
N,N2,random_C_11,941.6,430.07269814226885,-511.5273018577312
N,NO,random_C_11,627.1,436.2422535448999,-190.85774645510014
N,NF,random_C_11,315.1,391.95548985773826,76.85548985773823
N,SiN,random_C_11,514.0,462.9938830598162,-51.0061169401838
N,PN,random_C_11,614.0,402.78665633073734,-211.21334366926266
N,NH,random_C_12,328.5,432.55079077488773,104.05079077488773
N,BN,random_C_12,470.0,534.3077281091294,64.30772810912936
N,CN,random_C_12,745.0,583.1593699345824,-161.8406300654176
N,N2,random_C_12,941.6,374.7622035982817,-566.8377964017184
N,NO,random_C_12,627.1,364.43774504958986,-262.66225495041016
N,NF,random_C_12,315.1,314.7409478757479,-0.3590521242521163
N,SiN,random_C_12,514.0,440.2895626305393,-73.71043736946069
N,PN,random_C_12,614.0,382.80303157186273,-231.19696842813727
N,NH,random_C_13,328.5,457.21220418622846,128.71220418622846
N,BN,random_C_13,470.0,537.875493896477,67.875493896477
N,CN,random_C_13,745.0,517.2616840216631,-227.7383159783369
N,N2,random_C_13,941.6,378.97576323662724,-562.6242367633728
N,NO,random_C_13,627.1,376.77743258933884,-250.32256741066118
N,NF,random_C_13,315.1,302.24015434755466,-12.859845652445358
N,SiN,random_C_13,514.0,436.29316454965095,-77.70683545034905
N,PN,random_C_13,614.0,404.53783091137143,-209.46216908862857
N,NH,random_C_14,328.5,447.00656717476454,118.50656717476454
N,BN,random_C_14,470.0,595.6971401796416,125.69714017964156
N,CN,random_C_14,745.0,675.9653159007536,-69.03468409924642
N,N2,random_C_14,941.6,440.24362077891647,-501.35637922108356
N,NO,random_C_14,627.1,437.4314809303418,-189.6685190696582
N,NF,random_C_14,315.1,400.4080258730686,85.30802587306857
N,SiN,random_C_14,514.0,462.98584216576273,-51.01415783423727
N,PN,random_C_14,614.0,399.02934144076124,-214.97065855923876
N,NH,random_C_15,328.5,434.48129380040933,105.98129380040933
N,BN,random_C_15,470.0,434.95920921616306,-35.04079078383694
N,CN,random_C_15,745.0,480.36589124930606,-264.63410875069394
N,N2,random_C_15,941.6,428.87167449792935,-512.7283255020707
N,NO,random_C_15,627.1,412.3024319114261,-214.79756808857394
N,NF,random_C_15,315.1,440.2693888761095,125.16938887610945
N,SiN,random_C_15,514.0,403.2975684895018,-110.70243151049817
N,PN,random_C_15,614.0,390.1732090598388,-223.82679094016117
O,OH,mean_only,425.8,366.28205128205127,-59.51794871794874
O,BO,mean_only,800.0,366.28205128205127,-433.71794871794873
O,CO,mean_only,1071.8,366.28205128205127,-705.5179487179487
O,NO,mean_only,627.1,366.28205128205127,-260.81794871794875
O,O2,mean_only,493.7,366.28205128205127,-127.41794871794872
O,FO,mean_only,215.7,366.28205128205127,150.58205128205128
O,MgO,mean_only,241.7,366.28205128205127,124.58205128205128
O,AlO,mean_only,507.5,366.28205128205127,-141.21794871794873
O,SiO,mean_only,794.1,366.28205128205127,-427.81794871794875
O,PO,mean_only,590.0,366.28205128205127,-223.71794871794873
O,ClO,mean_only,265.2,366.28205128205127,101.08205128205128
O,CaO,mean_only,385.0,366.28205128205127,-18.71794871794873
O,CuO,mean_only,277.2,366.28205128205127,89.08205128205128
O,OH,atomic_number_ABC,425.8,383.94533170315185,-41.85466829684816
O,BO,atomic_number_ABC,800.0,387.99836774942605,-412.00163225057395
O,CO,atomic_number_ABC,1071.8,388.8932272000031,-682.9067727999968
O,NO,atomic_number_ABC,627.1,389.7368703670997,-237.36312963290032
O,O2,atomic_number_ABC,493.7,390.52736902117397,-103.17263097882602
O,FO,atomic_number_ABC,215.7,388.01681988144776,172.31681988144777
O,MgO,atomic_number_ABC,241.7,380.3870193066796,138.6870193066796
O,AlO,atomic_number_ABC,507.5,377.81263424541254,-129.68736575458746
O,SiO,atomic_number_ABC,794.1,375.2234898403994,-418.8765101596006
O,PO,atomic_number_ABC,590.0,372.62006594629594,-217.37993405370406
O,ClO,atomic_number_ABC,265.2,367.37229910944046,102.17229910944047
O,CaO,atomic_number_ABC,385.0,359.40554905237093,-25.59445094762907
O,CuO,atomic_number_ABC,277.2,334.9415036815287,57.741503681528684
O,OH,raw_properties_ABC,425.8,434.4393824380511,8.639382438051086
O,BO,raw_properties_ABC,800.0,504.61679027218474,-295.38320972781526
O,CO,raw_properties_ABC,1071.8,561.626827539481,-510.1731724605189
O,NO,raw_properties_ABC,627.1,511.6387786958876,-115.46122130411243
O,O2,raw_properties_ABC,493.7,503.72272043003045,10.02272043003046
O,FO,raw_properties_ABC,215.7,425.9945464930155,210.2945464930155
O,MgO,raw_properties_ABC,241.7,494.0602563078446,252.36025630784462
O,AlO,raw_properties_ABC,507.5,465.19807925860044,-42.301920741399556
O,SiO,raw_properties_ABC,794.1,474.76197101922025,-319.33802898077977
O,PO,raw_properties_ABC,590.0,467.1420560369785,-122.85794396302151
O,ClO,raw_properties_ABC,265.2,433.21333425725805,168.01333425725807
O,CaO,raw_properties_ABC,385.0,427.6198733832071,42.61987338320711
O,CuO,raw_properties_ABC,277.2,423.6292529433757,146.42925294337573
O,OH,fixed_A,425.8,445.574819048913,19.774819048913002
O,BO,fixed_A,800.0,484.22760856729434,-315.77239143270566
O,CO,fixed_A,1071.8,520.5474522672647,-551.2525477327353
O,NO,fixed_A,627.1,499.09135462126414,-128.00864537873588
O,O2,fixed_A,493.7,514.3324056470922,20.632405647092185
O,FO,fixed_A,215.7,504.2797288109425,288.5797288109425
O,MgO,fixed_A,241.7,330.5385406207033,88.83854062070333
O,AlO,fixed_A,507.5,380.76335522741005,-126.73664477258995
O,SiO,fixed_A,794.1,426.96072880747954,-367.1392711925205
O,PO,fixed_A,590.0,447.750642282295,-142.24935771770498
O,ClO,fixed_A,265.2,418.26002805352954,153.06002805352955
O,CaO,fixed_A,385.0,342.5706985029776,-42.42930149702238
O,CuO,fixed_A,277.2,325.45230683182103,48.252306831821045
O,OH,fixed_B,425.8,404.8770261815028,-20.922973818497212
O,BO,fixed_B,800.0,535.3589647655355,-264.64103523446454
O,CO,fixed_B,1071.8,510.4612851650858,-561.3387148349141
O,NO,fixed_B,627.1,336.402053424598,-290.697946575402
O,O2,fixed_B,493.7,341.0372163837084,-152.66278361629156
O,FO,fixed_B,215.7,378.59738637264127,162.89738637264128
O,MgO,fixed_B,241.7,373.5228108065883,131.82281080658834
O,AlO,fixed_B,507.5,438.73167096410424,-68.76832903589576
O,SiO,fixed_B,794.1,403.704223799702,-390.39577620029803
O,PO,fixed_B,590.0,380.6055912082093,-209.39440879179068
O,ClO,fixed_B,265.2,318.5475081202023,53.34750812020229
O,CaO,fixed_B,385.0,294.41444541489545,-90.58555458510455
O,CuO,fixed_B,277.2,284.9463346439443,7.746334643944294
O,OH,fixed_C,425.8,493.0219011310699,67.2219011310699
O,BO,fixed_C,800.0,446.3926519368343,-353.6073480631657
O,CO,fixed_C,1071.8,427.1017693809255,-644.6982306190745
O,NO,fixed_C,627.1,458.12540168325125,-168.97459831674877
O,O2,fixed_C,493.7,441.65829020780563,-52.041709792194354
O,FO,fixed_C,215.7,345.2225479687272,129.52254796872722
O,MgO,fixed_C,241.7,397.9284856796824,156.22848567968242
O,AlO,fixed_C,507.5,385.6093450840814,-121.89065491591862
O,SiO,fixed_C,794.1,392.6510961679195,-401.44890383208053
O,PO,fixed_C,590.0,442.2219612675848,-147.7780387324152
O,ClO,fixed_C,265.2,338.19057494780577,72.99057494780578
O,CaO,fixed_C,385.0,440.28651288763876,55.286512887638764
O,CuO,fixed_C,277.2,94.93005695066239,-182.2699430493376
O,OH,fixed_ABC,425.8,445.01588265263,19.21588265263
O,BO,fixed_ABC,800.0,547.698291591526,-252.30170840847404
O,CO,fixed_ABC,1071.8,544.6052316184132,-527.1947683815868
O,NO,fixed_ABC,627.1,557.871191930322,-69.22880806967805
O,O2,fixed_ABC,493.7,570.4929438761976,76.79294387619763
O,FO,fixed_ABC,215.7,445.0410799981954,229.34107999819543
O,MgO,fixed_ABC,241.7,371.4884764197617,129.7884764197617
O,AlO,fixed_ABC,507.5,438.9877243193694,-68.51227568063058
O,SiO,fixed_ABC,794.1,454.57876826601523,-339.5212317339848
O,PO,fixed_ABC,590.0,511.1983828476712,-78.80161715232879
O,ClO,fixed_ABC,265.2,358.44899889535156,93.24899889535158
O,CaO,fixed_ABC,385.0,296.15769717828726,-88.84230282171274
O,CuO,fixed_ABC,277.2,343.547025543691,66.34702554369102
O,OH,random_A_00,425.8,444.62824917766807,18.828249177668056
O,BO,random_A_00,800.0,479.3692552651029,-320.6307447348971
O,CO,random_A_00,1071.8,517.8767992956997,-553.9232007043003
O,NO,random_A_00,627.1,503.19462155192014,-123.90537844807989
O,O2,random_A_00,493.7,510.5727542055834,16.87275420558342
O,FO,random_A_00,215.7,496.9037387855835,281.20373878558354
O,MgO,random_A_00,241.7,324.8140885957298,83.11408859572981
O,AlO,random_A_00,507.5,365.7898944544504,-141.7101055455496
O,SiO,random_A_00,794.1,426.966378307068,-367.133621692932
O,PO,random_A_00,590.0,448.80175185562257,-141.19824814437743
O,ClO,random_A_00,265.2,418.695296922938,153.495296922938
O,CaO,random_A_00,385.0,358.719432269687,-26.28056773031301
O,CuO,random_A_00,277.2,261.9944735571653,-15.205526442834696
O,OH,random_A_01,425.8,482.96703598842,57.16703598841997
O,BO,random_A_01,800.0,537.0688386132789,-262.9311613867211
O,CO,random_A_01,1071.8,554.7426708571999,-517.0573291428001
O,NO,random_A_01,627.1,547.4932387173496,-79.60676128265038
O,O2,random_A_01,493.7,584.9076638960474,91.20766389604745
O,FO,random_A_01,215.7,535.3879430530939,319.6879430530939
O,MgO,random_A_01,241.7,333.5850727034351,91.88507270343513
O,AlO,random_A_01,507.5,429.61464498799944,-77.88535501200056
O,SiO,random_A_01,794.1,454.60626625981496,-339.49373374018506
O,PO,random_A_01,590.0,505.8759929572425,-84.12400704275751
O,ClO,random_A_01,265.2,428.960065595798,163.76006559579804
O,CaO,random_A_01,385.0,344.3363831350674,-40.66361686493258
O,CuO,random_A_01,277.2,375.70942904113537,98.50942904113538
O,OH,random_A_02,425.8,437.88509721387686,12.08509721387685
O,BO,random_A_02,800.0,461.05704259578636,-338.94295740421364
O,CO,random_A_02,1071.8,512.8670783763534,-558.9329216236465
O,NO,random_A_02,627.1,467.4181480631575,-159.68185193684252
O,O2,random_A_02,493.7,476.32819201412633,-17.37180798587366
O,FO,random_A_02,215.7,479.46183488095454,263.76183488095455
O,MgO,random_A_02,241.7,328.85610843257814,87.15610843257815
O,AlO,random_A_02,507.5,364.2335618592565,-143.2664381407435
O,SiO,random_A_02,794.1,404.0966637771918,-390.00333622280823
O,PO,random_A_02,590.0,416.95594089393927,-173.04405910606073
O,ClO,random_A_02,265.2,394.4439260920025,129.24392609200254
O,CaO,random_A_02,385.0,322.4110560390348,-62.588943960965196
O,CuO,random_A_02,277.2,336.5361610256889,59.33616102568891
O,OH,random_A_03,425.8,451.1871177630027,25.387117763002664
O,BO,random_A_03,800.0,490.0564285368212,-309.9435714631788
O,CO,random_A_03,1071.8,533.3554989664019,-538.444501033598
O,NO,random_A_03,627.1,501.2813044932128,-125.81869550678721
O,O2,random_A_03,493.7,524.899521975872,31.19952197587196
O,FO,random_A_03,215.7,502.0693443310113,286.3693443310113
O,MgO,random_A_03,241.7,341.36528424560777,99.66528424560778
O,AlO,random_A_03,507.5,391.45130899548656,-116.04869100451344
O,SiO,random_A_03,794.1,427.1470614058514,-366.95293859414863
O,PO,random_A_03,590.0,454.4441914793389,-135.55580852066112
O,ClO,random_A_03,265.2,422.49402262624255,157.29402262624257
O,CaO,random_A_03,385.0,348.51096437248697,-36.48903562751303
O,CuO,random_A_03,277.2,329.0361644110594,51.83616441105943
O,OH,random_A_04,425.8,465.32139785087213,39.52139785087212
O,BO,random_A_04,800.0,501.87344571230847,-298.12655428769153
O,CO,random_A_04,1071.8,524.6717756062441,-547.1282243937559
O,NO,random_A_04,627.1,509.85704036311733,-117.24295963688269
O,O2,random_A_04,493.7,543.405168198427,49.705168198426975
O,FO,random_A_04,215.7,512.5557586768226,296.85575867682263
O,MgO,random_A_04,241.7,340.75486937039926,99.05486937039927
O,AlO,random_A_04,507.5,416.8967108262671,-90.60328917373289
O,SiO,random_A_04,794.1,432.82240639221845,-361.27759360778157
O,PO,random_A_04,590.0,467.13998838016164,-122.86001161983836
O,ClO,random_A_04,265.2,422.88147503524283,157.68147503524284
O,CaO,random_A_04,385.0,335.17109060156656,-49.82890939843344
O,CuO,random_A_04,277.2,373.48283736161164,96.28283736161166
O,OH,random_A_05,425.8,456.3649771130272,30.56497711302717
O,BO,random_A_05,800.0,491.66874788410655,-308.33125211589345
O,CO,random_A_05,1071.8,508.43947313498893,-563.360526865011
O,NO,random_A_05,627.1,490.7577281245931,-136.34227187540694
O,O2,random_A_05,493.7,526.6189931362695,32.918993136269535
O,FO,random_A_05,215.7,512.1360201888174,296.4360201888174
O,MgO,random_A_05,241.7,350.73104118367706,109.03104118367708
O,AlO,random_A_05,507.5,423.7923052052194,-83.7076947947806
O,SiO,random_A_05,794.1,426.6525829013865,-367.4474170986135
O,PO,random_A_05,590.0,446.84116893065504,-143.15883106934496
O,ClO,random_A_05,265.2,422.15170872987596,156.95170872987597
O,CaO,random_A_05,385.0,318.98422071819516,-66.01577928180484
O,CuO,random_A_05,277.2,425.94540590929626,148.74540590929627
O,OH,random_A_06,425.8,432.30188181637135,6.501881816371338
O,BO,random_A_06,800.0,470.7869459898018,-329.2130540101982
O,CO,random_A_06,1071.8,519.1509153634563,-552.6490846365436
O,NO,random_A_06,627.1,481.18804379324615,-145.91195620675387
O,O2,random_A_06,493.7,502.4227444004757,8.722744400475733
O,FO,random_A_06,215.7,504.66772886429345,288.96772886429346
O,MgO,random_A_06,241.7,347.6225634592755,105.92256345927552
O,AlO,random_A_06,507.5,379.2927336223692,-128.2072663776308
O,SiO,random_A_06,794.1,422.996498710401,-371.103501289599
O,PO,random_A_06,590.0,418.5472848534123,-171.4527151465877
O,ClO,random_A_06,265.2,441.9833725928237,176.7833725928237
O,CaO,random_A_06,385.0,350.08094794578506,-34.919052054214944
O,CuO,random_A_06,277.2,286.8043582800491,9.604358280049098
O,OH,random_A_07,425.8,446.15193806882183,20.351938068821823
O,BO,random_A_07,800.0,474.5432249333709,-325.4567750666291
O,CO,random_A_07,1071.8,517.1913033574416,-554.6086966425584
O,NO,random_A_07,627.1,491.36039738908596,-135.73960261091406
O,O2,random_A_07,493.7,502.94156653761235,9.241566537612357
O,FO,random_A_07,215.7,494.6871876637658,278.98718766376584
O,MgO,random_A_07,241.7,332.03508024575916,90.33508024575917
O,AlO,random_A_07,507.5,374.81956623989095,-132.68043376010905
O,SiO,random_A_07,794.1,414.9181225079784,-379.1818774920216
O,PO,random_A_07,590.0,447.18096585025773,-142.81903414974227
O,ClO,random_A_07,265.2,401.9125010333145,136.71250103331454
O,CaO,random_A_07,385.0,332.63700866312706,-52.36299133687294
O,CuO,random_A_07,277.2,366.56172921733787,89.36172921733788
O,OH,random_A_08,425.8,501.83051054356383,76.03051054356382
O,BO,random_A_08,800.0,556.5016601944924,-243.4983398055076
O,CO,random_A_08,1071.8,555.2636497000603,-516.5363502999396
O,NO,random_A_08,627.1,564.1250585175866,-62.97494148241344
O,O2,random_A_08,493.7,619.0501261031851,125.35012610318512
O,FO,random_A_08,215.7,556.1413031708896,340.4413031708896
O,MgO,random_A_08,241.7,346.5605050496131,104.8605050496131
O,AlO,random_A_08,507.5,465.6313781060495,-41.86862189395049
O,SiO,random_A_08,794.1,466.61868712492515,-327.4813128750749
O,PO,random_A_08,590.0,522.183486438148,-67.81651356185205
O,ClO,random_A_08,265.2,447.4817108331805,182.2817108331805
O,CaO,random_A_08,385.0,341.50080437242553,-43.499195627574466
O,CuO,random_A_08,277.2,405.48193367195313,128.28193367195314
O,OH,random_A_09,425.8,440.5925880878155,14.792588087815489
O,BO,random_A_09,800.0,470.0620843480374,-329.9379156519626
O,CO,random_A_09,1071.8,528.4576004254234,-543.3423995745766
O,NO,random_A_09,627.1,486.38605377798166,-140.71394622201836
O,O2,random_A_09,493.7,495.70895367228644,2.0089536722864523
O,FO,random_A_09,215.7,482.07439948570743,266.37439948570744
O,MgO,random_A_09,241.7,327.6936994568373,85.9936994568373
O,AlO,random_A_09,507.5,362.7174595514353,-144.7825404485647
O,SiO,random_A_09,794.1,410.73969297366364,-383.3603070263364
O,PO,random_A_09,590.0,444.9198590073424,-145.08014099265762
O,ClO,random_A_09,265.2,397.73613867352225,132.53613867352226
O,CaO,random_A_09,385.0,341.3725371634087,-43.62746283659129
O,CuO,random_A_09,277.2,331.812146565352,54.61214656535202
O,OH,random_A_10,425.8,448.9081285417718,23.108128541771805
O,BO,random_A_10,800.0,466.20245287465224,-333.79754712534776
O,CO,random_A_10,1071.8,517.7865415431282,-554.0134584568717
O,NO,random_A_10,627.1,478.24285795625366,-148.85714204374636
O,O2,random_A_10,493.7,490.3432427698679,-3.356757230132075
O,FO,random_A_10,215.7,483.38259855933,267.68259855933
O,MgO,random_A_10,241.7,330.4283062330828,88.72830623308283
O,AlO,random_A_10,507.5,369.3280110455078,-138.17198895449218
O,SiO,random_A_10,794.1,405.2033567541247,-388.89664324587534
O,PO,random_A_10,590.0,428.84347545951186,-161.15652454048814
O,ClO,random_A_10,265.2,397.26544425345236,132.06544425345237
O,CaO,random_A_10,385.0,326.21556518076244,-58.78443481923756
O,CuO,random_A_10,277.2,328.43486237328545,51.234862373285466
O,OH,random_A_11,425.8,444.09011852668124,18.290118526681226
O,BO,random_A_11,800.0,485.79140315005907,-314.20859684994093
O,CO,random_A_11,1071.8,530.9203277463475,-540.8796722536524
O,NO,random_A_11,627.1,495.37341844412447,-131.72658155587555
O,O2,random_A_11,493.7,519.1116174398101,25.411617439810072
O,FO,random_A_11,215.7,505.37039281717773,289.67039281717774
O,MgO,random_A_11,241.7,343.3050413661995,101.60504136619949
O,AlO,random_A_11,507.5,389.79282184516916,-117.70717815483084
O,SiO,random_A_11,794.1,426.4093907319382,-367.69060926806185
O,PO,random_A_11,590.0,445.85954853543404,-144.14045146456596
O,ClO,random_A_11,265.2,427.04159879423855,161.84159879423856
O,CaO,random_A_11,385.0,345.14769320918117,-39.85230679081883
O,CuO,random_A_11,277.2,339.4176825469097,62.217682546909714
O,OH,random_A_12,425.8,441.2068953449268,15.406895344926795
O,BO,random_A_12,800.0,472.3953963043088,-327.6046036956912
O,CO,random_A_12,1071.8,526.9138884450247,-544.8861115549753
O,NO,random_A_12,627.1,491.35683757353485,-135.74316242646518
O,O2,random_A_12,493.7,500.6520120030831,6.952012003083098
O,FO,random_A_12,215.7,490.1996546305926,274.4996546305926
O,MgO,random_A_12,241.7,328.0287684243607,86.3287684243607
O,AlO,random_A_12,507.5,361.8001325739908,-145.69986742600918
O,SiO,random_A_12,794.1,417.0437463864604,-377.05625361353964
O,PO,random_A_12,590.0,439.6609932409094,-150.33900675909058
O,ClO,random_A_12,265.2,412.1813321741338,146.9813321741338
O,CaO,random_A_12,385.0,349.4387074366358,-35.56129256336419
O,CuO,random_A_12,277.2,284.7459754718117,7.545975471811687
O,OH,random_A_13,425.8,453.0571468579993,27.257146857999317
O,BO,random_A_13,800.0,477.434250019064,-322.565749980936
O,CO,random_A_13,1071.8,556.1026515167462,-515.6973484832538
O,NO,random_A_13,627.1,500.37322990022165,-126.72677009977838
O,O2,random_A_13,493.7,522.9244227069848,29.224422706984853
O,FO,random_A_13,215.7,496.3693310445757,280.6693310445757
O,MgO,random_A_13,241.7,346.43804063636446,104.73804063636447
O,AlO,random_A_13,507.5,375.4153868044369,-132.08461319556312
O,SiO,random_A_13,794.1,408.12555507296327,-385.97444492703676
O,PO,random_A_13,590.0,464.5332887444247,-125.46671125557532
O,ClO,random_A_13,265.2,410.51013577757755,145.31013577757756
O,CaO,random_A_13,385.0,343.55190550352887,-41.44809449647113
O,CuO,random_A_13,277.2,377.5535979102541,100.35359791025411
O,OH,random_A_14,425.8,493.1471496883886,67.34714968838858
O,BO,random_A_14,800.0,548.8654575424498,-251.1345424575502
O,CO,random_A_14,1071.8,573.1664120909347,-498.6335879090652
O,NO,random_A_14,627.1,562.1022409513821,-64.99775904861792
O,O2,random_A_14,493.7,610.6477372344435,116.94773723444354
O,FO,random_A_14,215.7,548.4210892667675,332.7210892667675
O,MgO,random_A_14,241.7,343.47908325173717,101.77908325173718
O,AlO,random_A_14,507.5,442.34343205788514,-65.15656794211486
O,SiO,random_A_14,794.1,461.50339894357114,-332.5966010564289
O,PO,random_A_14,590.0,518.0890338853894,-71.91096611461057
O,ClO,random_A_14,265.2,448.4470415779738,183.2470415779738
O,CaO,random_A_14,385.0,355.02394522578896,-29.976054774211036
O,CuO,random_A_14,277.2,357.20876557506284,80.00876557506285
O,OH,random_A_15,425.8,450.07155125266513,24.27155125266512
O,BO,random_A_15,800.0,492.2622010813127,-307.7377989186873
O,CO,random_A_15,1071.8,522.1802338035812,-549.6197661964187
O,NO,random_A_15,627.1,494.9974608655916,-132.1025391344084
O,O2,random_A_15,493.7,520.9678902136372,27.26789021363726
O,FO,random_A_15,215.7,502.81271402899506,287.1127140289951
O,MgO,random_A_15,241.7,343.53848304051576,101.83848304051577
O,AlO,random_A_15,507.5,403.133132540859,-104.36686745914102
O,SiO,random_A_15,794.1,428.6398848730235,-365.4601151269765
O,PO,random_A_15,590.0,450.3093841029261,-139.69061589707388
O,ClO,random_A_15,265.2,417.71975371976936,152.51975371976937
O,CaO,random_A_15,385.0,336.82254094544993,-48.17745905455007
O,CuO,random_A_15,277.2,371.2822855014233,94.08228550142331
O,OH,random_B_00,425.8,345.78460400397535,-80.01539599602467
O,BO,random_B_00,800.0,441.0038533922718,-358.9961466077282
O,CO,random_B_00,1071.8,478.2050895347978,-593.5949104652021
O,NO,random_B_00,627.1,321.98264978781026,-305.11735021218976
O,O2,random_B_00,493.7,333.70692558553736,-159.99307441446263
O,FO,random_B_00,215.7,402.42060140899014,186.72060140899015
O,MgO,random_B_00,241.7,310.14878467999796,68.44878467999797
O,AlO,random_B_00,507.5,431.5423650130439,-75.95763498695612
O,SiO,random_B_00,794.1,348.80109889254624,-445.2989011074538
O,PO,random_B_00,590.0,353.36489919865556,-236.63510080134444
O,ClO,random_B_00,265.2,368.02290255827256,102.82290255827257
O,CaO,random_B_00,385.0,306.6523103507378,-78.34768964926218
O,CuO,random_B_00,277.2,356.5982553375375,79.39825533753753
O,OH,random_B_01,425.8,367.031926351483,-58.76807364851703
O,BO,random_B_01,800.0,525.3512690133003,-274.64873098669966
O,CO,random_B_01,1071.8,525.8883413501774,-545.9116586498226
O,NO,random_B_01,627.1,338.61315395206066,-288.48684604793937
O,O2,random_B_01,493.7,337.8753420720602,-155.82465792793977
O,FO,random_B_01,215.7,392.6424773545271,176.9424773545271
O,MgO,random_B_01,241.7,336.1752472672501,94.4752472672501
O,AlO,random_B_01,507.5,466.5928947944608,-40.90710520553921
O,SiO,random_B_01,794.1,417.61706536981285,-376.4829346301872
O,PO,random_B_01,590.0,421.37008696486504,-168.62991303513496
O,ClO,random_B_01,265.2,336.88299415385865,71.68299415385866
O,CaO,random_B_01,385.0,333.14694449244485,-51.853055507555155
O,CuO,random_B_01,277.2,546.0209755766432,268.8209755766432
O,OH,random_B_02,425.8,358.48159886026565,-67.31840113973436
O,BO,random_B_02,800.0,496.5036601215969,-303.4963398784031
O,CO,random_B_02,1071.8,487.4863336392989,-584.3136663607011
O,NO,random_B_02,627.1,353.72573221450295,-273.37426778549707
O,O2,random_B_02,493.7,341.81813182306126,-151.88186817693872
O,FO,random_B_02,215.7,424.7467752258861,209.0467752258861
O,MgO,random_B_02,241.7,340.1439430102842,98.44394301028422
O,AlO,random_B_02,507.5,429.60416129009985,-77.89583870990015
O,SiO,random_B_02,794.1,352.327936807263,-441.77206319273705
O,PO,random_B_02,590.0,387.99613247869206,-202.00386752130794
O,ClO,random_B_02,265.2,376.5535228862648,111.35352288626478
O,CaO,random_B_02,385.0,256.5705707728491,-128.42942922715088
O,CuO,random_B_02,277.2,298.8954413350333,21.69544133503331
O,OH,random_B_03,425.8,439.6421243998958,13.842124399895795
O,BO,random_B_03,800.0,549.7563445759466,-250.24365542405337
O,CO,random_B_03,1071.8,543.4186673707101,-528.3813326292899
O,NO,random_B_03,627.1,361.2251066467601,-265.87489335323994
O,O2,random_B_03,493.7,335.32417846806305,-158.37582153193694
O,FO,random_B_03,215.7,365.70957537658586,150.00957537658587
O,MgO,random_B_03,241.7,445.0175823216373,203.3175823216373
O,AlO,random_B_03,507.5,525.7287341045073,18.22873410450734
O,SiO,random_B_03,794.1,424.5587863842418,-369.54121361575824
O,PO,random_B_03,590.0,386.51739684086556,-203.48260315913444
O,ClO,random_B_03,265.2,299.76589931082447,34.56589931082448
O,CaO,random_B_03,385.0,288.5395829126201,-96.46041708737988
O,CuO,random_B_03,277.2,312.535564001716,35.33556400171602
O,OH,random_B_04,425.8,374.6172568840359,-51.182743115964115
O,BO,random_B_04,800.0,532.0320528995454,-267.9679471004546
O,CO,random_B_04,1071.8,544.986602533123,-526.813397466877
O,NO,random_B_04,627.1,359.4241998582328,-267.67580014176724
O,O2,random_B_04,493.7,335.15100476283334,-158.54899523716665
O,FO,random_B_04,215.7,397.3982068741236,181.69820687412363
O,MgO,random_B_04,241.7,396.3206940183504,154.62069401835043
O,AlO,random_B_04,507.5,491.55683637239804,-15.943163627601962
O,SiO,random_B_04,794.1,400.19944487384834,-393.9005551261517
O,PO,random_B_04,590.0,413.45400366792944,-176.54599633207056
O,ClO,random_B_04,265.2,380.9215526313037,115.72155263130372
O,CaO,random_B_04,385.0,287.409922412246,-97.59007758775402
O,CuO,random_B_04,277.2,201.04069901730753,-76.15930098269246
O,OH,random_B_05,425.8,349.65771524140547,-76.14228475859454
O,BO,random_B_05,800.0,520.5875828003426,-279.4124171996574
O,CO,random_B_05,1071.8,550.3351053191276,-521.4648946808724
O,NO,random_B_05,627.1,332.57336649436934,-294.5266335056307
O,O2,random_B_05,493.7,338.32912079317606,-155.37087920682393
O,FO,random_B_05,215.7,386.9005688688695,171.20056886886954
O,MgO,random_B_05,241.7,345.22995884610333,103.52995884610334
O,AlO,random_B_05,507.5,478.3166213007168,-29.183378699283196
O,SiO,random_B_05,794.1,364.0763659827016,-430.02363401729843
O,PO,random_B_05,590.0,392.27525556182815,-197.72474443817185
O,ClO,random_B_05,265.2,378.74722921733087,113.54722921733088
O,CaO,random_B_05,385.0,230.55818586267307,-154.44181413732693
O,CuO,random_B_05,277.2,393.88949490183415,116.68949490183417
O,OH,random_B_06,425.8,413.1585015779541,-12.641498422045913
O,BO,random_B_06,800.0,544.5196037043139,-255.4803962956861
O,CO,random_B_06,1071.8,538.6594262558398,-533.1405737441602
O,NO,random_B_06,627.1,331.9028021282201,-295.1971978717799
O,O2,random_B_06,493.7,333.90715171072895,-159.79284828927103
O,FO,random_B_06,215.7,336.1540700974099,120.4540700974099
O,MgO,random_B_06,241.7,416.2874688799257,174.58746887992572
O,AlO,random_B_06,507.5,500.7057571946842,-6.7942428053157755
O,SiO,random_B_06,794.1,422.23934018833285,-371.8606598116672
O,PO,random_B_06,590.0,425.92794797717505,-164.07205202282495
O,ClO,random_B_06,265.2,361.46025228426106,96.26025228426107
O,CaO,random_B_06,385.0,378.5348169972202,-6.465183002779781
O,CuO,random_B_06,277.2,373.3391964939448,96.13919649394484
O,OH,random_B_07,425.8,318.8998525907779,-106.90014740922209
O,BO,random_B_07,800.0,471.43179277556266,-328.56820722443734
O,CO,random_B_07,1071.8,454.5636511082107,-617.2363488917892
O,NO,random_B_07,627.1,333.7263542295049,-293.3736457704951
O,O2,random_B_07,493.7,338.22768795270366,-155.47231204729633
O,FO,random_B_07,215.7,392.6681782405144,176.96817824051442
O,MgO,random_B_07,241.7,281.99680908735934,40.29680908735935
O,AlO,random_B_07,507.5,408.73468154384307,-98.76531845615693
O,SiO,random_B_07,794.1,312.920757530882,-481.17924246911804
O,PO,random_B_07,590.0,350.4008091449576,-239.59919085504242
O,ClO,random_B_07,265.2,314.3905761767355,49.19057617673553
O,CaO,random_B_07,385.0,212.66118474083058,-172.33881525916942
O,CuO,random_B_07,277.2,407.91509493582726,130.71509493582727
O,OH,random_B_08,425.8,418.08098951651505,-7.719010483484965
O,BO,random_B_08,800.0,536.2834016912838,-263.71659830871624
O,CO,random_B_08,1071.8,561.8559452412742,-509.94405475872577
O,NO,random_B_08,627.1,351.76001901623357,-275.33998098376645
O,O2,random_B_08,493.7,333.2920167904851,-160.4079832095149
O,FO,random_B_08,215.7,386.74109087473636,171.04109087473637
O,MgO,random_B_08,241.7,488.08465420630523,246.38465420630524
O,AlO,random_B_08,507.5,522.2877017345347,14.787701734534721
O,SiO,random_B_08,794.1,376.08084228222634,-418.0191577177737
O,PO,random_B_08,590.0,398.4654064371514,-191.5345935628486
O,ClO,random_B_08,265.2,338.62369219305776,73.42369219305778
O,CaO,random_B_08,385.0,302.77319623522,-82.22680376478002
O,CuO,random_B_08,277.2,512.9368592918993,235.7368592918993
O,OH,random_B_09,425.8,439.91941779942397,14.119417799423957
O,BO,random_B_09,800.0,595.8743443275139,-204.12565567248612
O,CO,random_B_09,1071.8,613.5425607606999,-458.2574392393001
O,NO,random_B_09,627.1,392.69674683349115,-234.40325316650888
O,O2,random_B_09,493.7,333.73391492073756,-159.96608507926243
O,FO,random_B_09,215.7,380.31585992709836,164.61585992709837
O,MgO,random_B_09,241.7,459.29317946513305,217.59317946513306
O,AlO,random_B_09,507.5,553.0359873200437,45.53598732004366
O,SiO,random_B_09,794.1,467.83128807516044,-326.2687119248396
O,PO,random_B_09,590.0,465.43214662876323,-124.56785337123677
O,ClO,random_B_09,265.2,345.0400917795032,79.84009177950321
O,CaO,random_B_09,385.0,337.2382250949287,-47.76177490507132
O,CuO,random_B_09,277.2,521.1210845904787,243.92108459047876
O,OH,random_B_10,425.8,372.77623282753314,-53.023767172466876
O,BO,random_B_10,800.0,553.7645530590861,-246.2354469409139
O,CO,random_B_10,1071.8,537.0964049586172,-534.7035950413828
O,NO,random_B_10,627.1,332.6756986917077,-294.42430130829234
O,O2,random_B_10,493.7,335.39513491153247,-158.30486508846752
O,FO,random_B_10,215.7,397.1526966997645,181.4526966997645
O,MgO,random_B_10,241.7,389.12330507749107,147.42330507749108
O,AlO,random_B_10,507.5,492.829553865681,-14.67044613431898
O,SiO,random_B_10,794.1,428.290423157633,-365.80957684236705
O,PO,random_B_10,590.0,401.51585818559477,-188.48414181440523
O,ClO,random_B_10,265.2,388.8653221623394,123.66532216233941
O,CaO,random_B_10,385.0,310.88898713600673,-74.11101286399327
O,CuO,random_B_10,277.2,416.130851618203,138.930851618203
O,OH,random_B_11,425.8,361.9200358816624,-63.879964118337625
O,BO,random_B_11,800.0,515.1274884080808,-284.8725115919192
O,CO,random_B_11,1071.8,500.2544970718651,-571.5455029281349
O,NO,random_B_11,627.1,348.50742239497436,-278.59257760502567
O,O2,random_B_11,493.7,329.9907503146977,-163.70924968530227
O,FO,random_B_11,215.7,418.8041987562599,203.1041987562599
O,MgO,random_B_11,241.7,362.9575901467159,121.25759014671593
O,AlO,random_B_11,507.5,465.9928244097535,-41.507175590246504
O,SiO,random_B_11,794.1,390.78133604361585,-403.31866395638417
O,PO,random_B_11,590.0,367.2473214844971,-222.7526785155029
O,ClO,random_B_11,265.2,441.4612170738638,176.2612170738638
O,CaO,random_B_11,385.0,270.6787693400083,-114.32123065999173
O,CuO,random_B_11,277.2,353.7416022107972,76.54160221079724
O,OH,random_B_12,425.8,265.51957783602626,-160.28042216397375
O,BO,random_B_12,800.0,521.1942601830774,-278.8057398169226
O,CO,random_B_12,1071.8,517.5814810200122,-554.2185189799877
O,NO,random_B_12,627.1,310.07618337929694,-317.0238166207031
O,O2,random_B_12,493.7,344.251927707441,-149.448072292559
O,FO,random_B_12,215.7,403.016448794098,187.316448794098
O,MgO,random_B_12,241.7,231.99951037954006,-9.700489620459933
O,AlO,random_B_12,507.5,429.61969922146227,-77.88030077853773
O,SiO,random_B_12,794.1,364.0678947859816,-430.03210521401843
O,PO,random_B_12,590.0,352.6655077058598,-237.3344922941402
O,ClO,random_B_12,265.2,334.4766627224659,69.27666272246591
O,CaO,random_B_12,385.0,166.9888719123264,-218.0111280876736
O,CuO,random_B_12,277.2,317.99895015551397,40.79895015551398
O,OH,random_B_13,425.8,323.34543470318675,-102.45456529681326
O,BO,random_B_13,800.0,533.7129243011839,-266.2870756988161
O,CO,random_B_13,1071.8,491.5880189393754,-580.2119810606246
O,NO,random_B_13,627.1,278.04082156591795,-349.05917843408207
O,O2,random_B_13,493.7,335.66767417079393,-158.03232582920606
O,FO,random_B_13,215.7,352.44813650923584,136.74813650923585
O,MgO,random_B_13,241.7,288.73719407415985,47.037194074159856
O,AlO,random_B_13,507.5,443.65476347408537,-63.84523652591463
O,SiO,random_B_13,794.1,373.7409358399847,-420.35906416001535
O,PO,random_B_13,590.0,343.45250212710556,-246.54749787289444
O,ClO,random_B_13,265.2,354.7595043501638,89.55950435016382
O,CaO,random_B_13,385.0,243.47763289595449,-141.52236710404551
O,CuO,random_B_13,277.2,402.0476083056732,124.84760830567319
O,OH,random_B_14,425.8,391.9313861674754,-33.8686138325246
O,BO,random_B_14,800.0,536.1215686160372,-263.87843138396283
O,CO,random_B_14,1071.8,528.8207866650368,-542.9792133349631
O,NO,random_B_14,627.1,339.059218670407,-288.040781329593
O,O2,random_B_14,493.7,335.10118589384155,-158.59881410615844
O,FO,random_B_14,215.7,367.0336381013498,151.33363810134983
O,MgO,random_B_14,241.7,383.98919546752575,142.28919546752576
O,AlO,random_B_14,507.5,447.87925363140835,-59.620746368591654
O,SiO,random_B_14,794.1,374.0433826520924,-420.0566173479076
O,PO,random_B_14,590.0,377.3896515030908,-212.61034849690918
O,ClO,random_B_14,265.2,313.2920001071467,48.0920001071467
O,CaO,random_B_14,385.0,271.6377471480619,-113.36225285193808
O,CuO,random_B_14,277.2,573.0926786062348,295.8926786062348
O,OH,random_B_15,425.8,354.62878217475884,-71.17121782524117
O,BO,random_B_15,800.0,500.87293607542597,-299.12706392457403
O,CO,random_B_15,1071.8,527.7368611684115,-544.0631388315885
O,NO,random_B_15,627.1,307.8419148987064,-319.2580851012936
O,O2,random_B_15,493.7,335.24517795258475,-158.45482204741523
O,FO,random_B_15,215.7,362.6999317319375,146.99993173193752
O,MgO,random_B_15,241.7,306.94792639466976,65.24792639466978
O,AlO,random_B_15,507.5,434.405490062453,-73.094509937547
O,SiO,random_B_15,794.1,342.45389792419707,-451.64610207580296
O,PO,random_B_15,590.0,356.24704331643585,-233.75295668356415
O,ClO,random_B_15,265.2,285.3873758840875,20.187375884087487
O,CaO,random_B_15,385.0,266.07208067628255,-118.92791932371745
O,CuO,random_B_15,277.2,399.54370810353817,122.34370810353818
O,OH,random_C_00,425.8,510.3044206623937,84.50442066239367
O,BO,random_C_00,800.0,461.8894569593252,-338.1105430406748
O,CO,random_C_00,1071.8,519.7266833606521,-552.0733166393478
O,NO,random_C_00,627.1,438.41374140476216,-188.68625859523786
O,O2,random_C_00,493.7,466.49680697972383,-27.20319302027616
O,FO,random_C_00,215.7,399.9593513904779,184.2593513904779
O,MgO,random_C_00,241.7,377.5596652627229,135.8596652627229
O,AlO,random_C_00,507.5,396.14271717246004,-111.35728282753996
O,SiO,random_C_00,794.1,359.0917971182108,-435.0082028817892
O,PO,random_C_00,590.0,388.3961278169253,-201.6038721830747
O,ClO,random_C_00,265.2,341.53428407297486,76.33428407297487
O,CaO,random_C_00,385.0,314.0405516831905,-70.95944831680953
O,CuO,random_C_00,277.2,207.7931564872424,-69.40684351275758
O,OH,random_C_01,425.8,552.5846375087484,126.7846375087484
O,BO,random_C_01,800.0,413.21715036688795,-386.78284963311205
O,CO,random_C_01,1071.8,477.751692855463,-594.0483071445369
O,NO,random_C_01,627.1,534.5325857088416,-92.56741429115846
O,O2,random_C_01,493.7,594.9307316668263,101.23073166682633
O,FO,random_C_01,215.7,482.74861701964227,267.0486170196423
O,MgO,random_C_01,241.7,338.1281763137192,96.42817631371923
O,AlO,random_C_01,507.5,354.04306061395073,-153.45693938604927
O,SiO,random_C_01,794.1,313.0253218770051,-481.0746781229949
O,PO,random_C_01,590.0,445.4861424986574,-144.5138575013426
O,ClO,random_C_01,265.2,420.8999842343468,155.6999842343468
O,CaO,random_C_01,385.0,309.8303475945418,-75.16965240545818
O,CuO,random_C_01,277.2,-8.49401471539278,-285.69401471539277
O,OH,random_C_02,425.8,547.2034663214089,121.40346632140887
O,BO,random_C_02,800.0,461.56032795065136,-338.43967204934864
O,CO,random_C_02,1071.8,380.2740648069175,-691.5259351930824
O,NO,random_C_02,627.1,438.5949399516535,-188.50506004834654
O,O2,random_C_02,493.7,473.1823397122195,-20.517660287780473
O,FO,random_C_02,215.7,376.0640297247539,160.3640297247539
O,MgO,random_C_02,241.7,393.71490084642295,152.01490084642296
O,AlO,random_C_02,507.5,475.6747724776171,-31.825227522382875
O,SiO,random_C_02,794.1,367.774538685429,-426.32546131457104
O,PO,random_C_02,590.0,413.18720466566083,-176.81279533433917
O,ClO,random_C_02,265.2,315.08005052022537,49.88005052022538
O,CaO,random_C_02,385.0,305.8784223435006,-79.12157765649943
O,CuO,random_C_02,277.2,293.86542386187034,16.66542386187035
O,OH,random_C_03,425.8,482.0729608605082,56.27296086050819
O,BO,random_C_03,800.0,401.07418299590773,-398.92581700409227
O,CO,random_C_03,1071.8,406.48909658972786,-665.3109034102721
O,NO,random_C_03,627.1,472.14942156333336,-154.95057843666666
O,O2,random_C_03,493.7,487.1273959970412,-6.572604002958769
O,FO,random_C_03,215.7,422.28941150483615,206.58941150483616
O,MgO,random_C_03,241.7,389.8246075234821,148.1246075234821
O,AlO,random_C_03,507.5,378.3430975481768,-129.1569024518232
O,SiO,random_C_03,794.1,362.9290478436821,-431.1709521563179
O,PO,random_C_03,590.0,435.0511343627811,-154.9488656372189
O,ClO,random_C_03,265.2,406.50755117894687,141.30755117894688
O,CaO,random_C_03,385.0,393.1441762333565,8.144176233356518
O,CuO,random_C_03,277.2,165.8079751465251,-111.39202485347488
O,OH,random_C_04,425.8,504.6946258888303,78.89462588883026
O,BO,random_C_04,800.0,492.0082113194434,-307.9917886805566
O,CO,random_C_04,1071.8,506.9469240165431,-564.8530759834568
O,NO,random_C_04,627.1,514.7559090081452,-112.34409099185484
O,O2,random_C_04,493.7,534.052078326661,40.352078326661
O,FO,random_C_04,215.7,437.49467446421096,221.79467446421097
O,MgO,random_C_04,241.7,278.28936829820015,36.58936829820016
O,AlO,random_C_04,507.5,349.22668048625985,-158.27331951374015
O,SiO,random_C_04,794.1,377.8894080362842,-416.21059196371584
O,PO,random_C_04,590.0,440.92299136134886,-149.07700863865114
O,ClO,random_C_04,265.2,334.61668859501754,69.41668859501755
O,CaO,random_C_04,385.0,305.94970966569883,-79.05029033430117
O,CuO,random_C_04,277.2,30.071831771479197,-247.1281682285208
O,OH,random_C_05,425.8,556.2348005119693,130.43480051196929
O,BO,random_C_05,800.0,453.18187802575574,-346.81812197424426
O,CO,random_C_05,1071.8,467.1469554352086,-604.6530445647913
O,NO,random_C_05,627.1,469.46545166225746,-157.63454833774256
O,O2,random_C_05,493.7,540.1653156663688,46.46531566636878
O,FO,random_C_05,215.7,420.43098610697655,204.73098610697656
O,MgO,random_C_05,241.7,380.09649606311007,138.39649606311008
O,AlO,random_C_05,507.5,443.2219447892623,-64.2780552107377
O,SiO,random_C_05,794.1,334.103575295377,-459.996424704623
O,PO,random_C_05,590.0,421.7437495322297,-168.25625046777031
O,ClO,random_C_05,265.2,358.76548106319655,93.56548106319656
O,CaO,random_C_05,385.0,283.98289012908924,-101.01710987091076
O,CuO,random_C_05,277.2,208.91124231196162,-68.28875768803837
O,OH,random_C_06,425.8,459.51632092775054,33.71632092775053
O,BO,random_C_06,800.0,508.73381378993986,-291.26618621006014
O,CO,random_C_06,1071.8,567.10902634165,-504.69097365835
O,NO,random_C_06,627.1,478.03429093035754,-149.06570906964248
O,O2,random_C_06,493.7,476.59660706154114,-17.103392938458853
O,FO,random_C_06,215.7,406.62371174503545,190.92371174503546
O,MgO,random_C_06,241.7,295.4328967738935,53.732896773893515
O,AlO,random_C_06,507.5,346.3343329432963,-161.16566705670368
O,SiO,random_C_06,794.1,395.73593334485656,-398.36406665514346
O,PO,random_C_06,590.0,449.9819099099876,-140.01809009001238
O,ClO,random_C_06,265.2,291.99613882741505,26.796138827415064
O,CaO,random_C_06,385.0,315.98962895078415,-69.01037104921585
O,CuO,random_C_06,277.2,266.687382958282,-10.512617041717988
O,OH,random_C_07,425.8,489.1373584559642,63.33735845596419
O,BO,random_C_07,800.0,483.93122176198625,-316.06877823801375
O,CO,random_C_07,1071.8,509.7121562383303,-562.0878437616697
O,NO,random_C_07,627.1,484.3766802711169,-142.7233197288831
O,O2,random_C_07,493.7,480.25574285002847,-13.44425714997152
O,FO,random_C_07,215.7,451.4971018889672,235.79710188896723
O,MgO,random_C_07,241.7,319.4058025653766,77.70580256537659
O,AlO,random_C_07,507.5,348.430381655351,-159.06961834464897
O,SiO,random_C_07,794.1,395.1630505041196,-398.9369494958804
O,PO,random_C_07,590.0,397.14744300723925,-192.85255699276075
O,ClO,random_C_07,265.2,356.5080036154728,91.30800361547278
O,CaO,random_C_07,385.0,318.32838468015177,-66.67161531984823
O,CuO,random_C_07,277.2,105.13730472924857,-172.06269527075142
O,OH,random_C_08,425.8,493.2191071934425,67.41910719344247
O,BO,random_C_08,800.0,532.975102427177,-267.02489757282297
O,CO,random_C_08,1071.8,573.3226232151811,-498.47737678481883
O,NO,random_C_08,627.1,479.9674389968471,-147.13256100315294
O,O2,random_C_08,493.7,499.1104889069897,5.410488906989713
O,FO,random_C_08,215.7,426.39014691216005,210.69014691216006
O,MgO,random_C_08,241.7,315.5948131664504,73.89481316645043
O,AlO,random_C_08,507.5,365.2833598387748,-142.2166401612252
O,SiO,random_C_08,794.1,410.5037796622046,-383.59622033779544
O,PO,random_C_08,590.0,377.24615356539107,-212.75384643460893
O,ClO,random_C_08,265.2,352.5332630749159,87.33326307491592
O,CaO,random_C_08,385.0,326.2912347077995,-58.708765292200496
O,CuO,random_C_08,277.2,-61.29883491415018,-338.49883491415017
O,OH,random_C_09,425.8,481.7766453215654,55.9766453215654
O,BO,random_C_09,800.0,460.08858976165345,-339.91141023834655
O,CO,random_C_09,1071.8,453.78759951704853,-618.0124004829514
O,NO,random_C_09,627.1,454.2006807268537,-172.89931927314632
O,O2,random_C_09,493.7,428.0950224952777,-65.60497750472229
O,FO,random_C_09,215.7,390.6573757081973,174.95737570819733
O,MgO,random_C_09,241.7,366.7650665784039,125.0650665784039
O,AlO,random_C_09,507.5,371.7707284252492,-135.72927157475078
O,SiO,random_C_09,794.1,405.88971892580946,-388.21028107419056
O,PO,random_C_09,590.0,412.67963805282017,-177.32036194717983
O,ClO,random_C_09,265.2,342.7972983071065,77.59729830710648
O,CaO,random_C_09,385.0,389.59526742203866,4.59526742203866
O,CuO,random_C_09,277.2,161.13545815595063,-116.06454184404936
O,OH,random_C_10,425.8,524.8426314333976,99.04263143339762
O,BO,random_C_10,800.0,475.05388168510274,-324.94611831489726
O,CO,random_C_10,1071.8,411.9757436821742,-659.8242563178258
O,NO,random_C_10,627.1,492.22336089130897,-134.87663910869105
O,O2,random_C_10,493.7,494.27333872180526,0.5733387218052712
O,FO,random_C_10,215.7,392.40039291511107,176.70039291511108
O,MgO,random_C_10,241.7,328.8310941997798,87.1310941997798
O,AlO,random_C_10,507.5,413.35017109147066,-94.14982890852934
O,SiO,random_C_10,794.1,380.8561848329603,-413.2438151670397
O,PO,random_C_10,590.0,486.60993771724213,-103.39006228275787
O,ClO,random_C_10,265.2,283.6884992046324,18.488499204632433
O,CaO,random_C_10,385.0,320.0537103824423,-64.94628961755768
O,CuO,random_C_10,277.2,328.54648741792835,51.34648741792836
O,OH,random_C_11,425.8,463.9997806465546,38.199780646554586
O,BO,random_C_11,800.0,471.5898282667695,-328.4101717332305
O,CO,random_C_11,1071.8,431.2924411100104,-640.5075588899896
O,NO,random_C_11,627.1,539.8344612808728,-87.26553871912722
O,O2,random_C_11,493.7,562.2335709388344,68.53357093883443
O,FO,random_C_11,215.7,485.922004081817,270.22200408181703
O,MgO,random_C_11,241.7,229.2727321189908,-12.427267881009186
O,AlO,random_C_11,507.5,334.7565352117512,-172.7434647882488
O,SiO,random_C_11,794.1,391.0978235224453,-403.0021764775547
O,PO,random_C_11,590.0,451.18815024563935,-138.81184975436065
O,ClO,random_C_11,265.2,378.5714260238684,113.37142602386842
O,CaO,random_C_11,385.0,300.94705154418864,-84.05294845581136
O,CuO,random_C_11,277.2,-4.490117608946036,-281.690117608946
O,OH,random_C_12,425.8,497.89658160572026,72.09658160572025
O,BO,random_C_12,800.0,424.40755404822823,-375.59244595177177
O,CO,random_C_12,1071.8,506.0693613208978,-565.7306386791022
O,NO,random_C_12,627.1,430.4851862445205,-196.61481375547953
O,O2,random_C_12,493.7,433.5454670839051,-60.154532916094865
O,FO,random_C_12,215.7,405.1887578066928,189.48875780669283
O,MgO,random_C_12,241.7,387.1471796157779,145.44717961577788
O,AlO,random_C_12,507.5,368.81410394836075,-138.68589605163925
O,SiO,random_C_12,794.1,346.1600790281041,-447.9399209718959
O,PO,random_C_12,590.0,399.2560977715724,-190.7439022284276
O,ClO,random_C_12,265.2,336.6754906361943,71.47549063619431
O,CaO,random_C_12,385.0,319.7250100214207,-65.2749899785793
O,CuO,random_C_12,277.2,343.5533619032837,66.35336190328371
O,OH,random_C_13,425.8,526.2936534517667,100.49365345176665
O,BO,random_C_13,800.0,445.51956504340296,-354.48043495659704
O,CO,random_C_13,1071.8,472.56354894248716,-599.2364510575128
O,NO,random_C_13,627.1,449.1392577928162,-177.96074220718384
O,O2,random_C_13,493.7,453.64115894765723,-40.05884105234276
O,FO,random_C_13,215.7,415.09948805330623,199.39948805330624
O,MgO,random_C_13,241.7,398.1342954697847,156.43429546978473
O,AlO,random_C_13,507.5,402.3136650318961,-105.18633496810389
O,SiO,random_C_13,794.1,365.2691522039662,-428.8308477960338
O,PO,random_C_13,590.0,408.48998997024654,-181.51001002975346
O,ClO,random_C_13,265.2,343.6262986370334,78.42629863703343
O,CaO,random_C_13,385.0,326.53503279812605,-58.46496720187395
O,CuO,random_C_13,277.2,313.3729920057644,36.1729920057644
O,OH,random_C_14,425.8,526.214281078155,100.41428107815494
O,BO,random_C_14,800.0,482.40675842549945,-317.59324157450055
O,CO,random_C_14,1071.8,461.3356131458098,-610.4643868541901
O,NO,random_C_14,627.1,571.5968925661931,-55.50310743380692
O,O2,random_C_14,493.7,599.4366338077998,105.73663380779982
O,FO,random_C_14,215.7,453.05803953147404,237.35803953147405
O,MgO,random_C_14,241.7,248.23357379129794,6.533573791297954
O,AlO,random_C_14,507.5,334.1028498230031,-173.3971501769969
O,SiO,random_C_14,794.1,365.18544621365146,-428.91455378634856
O,PO,random_C_14,590.0,491.11587823825084,-98.88412176174916
O,ClO,random_C_14,265.2,346.1448001965138,80.94480019651382
O,CaO,random_C_14,385.0,319.45106823798295,-65.54893176201705
O,CuO,random_C_14,277.2,-103.45924058385992,-380.6592405838599
O,OH,random_C_15,425.8,504.95167187336347,79.15167187336345
O,BO,random_C_15,800.0,419.2991749167417,-380.7008250832583
O,CO,random_C_15,1071.8,445.6321050430721,-626.1678949569279
O,NO,random_C_15,627.1,449.62522529426803,-177.474774705732
O,O2,random_C_15,493.7,451.1435629130769,-42.5564370869231
O,FO,random_C_15,215.7,411.43886391738715,195.73886391738716
O,MgO,random_C_15,241.7,382.4655854056436,140.7655854056436
O,AlO,random_C_15,507.5,389.2852767180328,-118.21472328196722
O,SiO,random_C_15,794.1,349.5685364745527,-444.53146352544735
O,PO,random_C_15,590.0,437.95139192706347,-152.04860807293653
O,ClO,random_C_15,265.2,327.51847321216155,62.318473212161564
O,CaO,random_C_15,385.0,317.9936527307663,-67.00634726923369
O,CuO,random_C_15,277.2,433.724347896711,156.524347896711
F,HF,mean_only,566.6,404.37111111111113,-162.2288888888889
F,BF,mean_only,747.2,404.37111111111113,-342.8288888888889
F,CF,mean_only,536.9,404.37111111111113,-132.52888888888884
F,F2,mean_only,154.5,404.37111111111113,249.87111111111113
F,FO,mean_only,215.7,404.37111111111113,188.67111111111114
F,NF,mean_only,315.1,404.37111111111113,89.27111111111111
F,ClF,mean_only,247.1,404.37111111111113,157.27111111111114
F,HF,atomic_number_ABC,566.6,417.96606560933634,-148.63393439066368
F,BF,atomic_number_ABC,747.2,431.3781188889588,-315.82188111104125
F,CF,atomic_number_ABC,536.9,434.5355756706933,-102.3644243293067
F,F2,atomic_number_ABC,154.5,443.47363293682616,288.97363293682616
F,FO,atomic_number_ABC,215.7,440.5873937813432,224.88739378134323
F,NF,atomic_number_ABC,315.1,437.60668766372686,122.50668766372684
F,ClF,atomic_number_ABC,247.1,404.39219000635404,157.29219000635405
F,HF,raw_properties_ABC,566.6,552.7444739271546,-13.855526072845464
F,BF,raw_properties_ABC,747.2,685.0415059463344,-62.15849405366566
F,CF,raw_properties_ABC,536.9,729.8279506392728,192.9279506392728
F,F2,raw_properties_ABC,154.5,546.7771210173328,392.2771210173328
F,FO,raw_properties_ABC,215.7,590.3318972910574,374.63189729105744
F,NF,raw_properties_ABC,315.1,610.0811325697832,294.9811325697832
F,ClF,raw_properties_ABC,247.1,376.59840441543867,129.49840441543867
F,HF,fixed_A,566.6,510.95718500608814,-55.642814993911884
F,BF,fixed_A,747.2,582.1746180954768,-165.02538190452321
F,CF,fixed_A,536.9,632.8711858448955,95.97118584489556
F,F2,fixed_A,154.5,648.1692116634213,493.66921166342127
F,FO,fixed_A,215.7,646.7705118772517,431.0705118772517
F,NF,fixed_A,315.1,625.0555014276074,309.9555014276074
F,ClF,fixed_A,247.1,523.4178072366734,276.3178072366734
F,HF,fixed_B,566.6,378.20978350736493,-188.3902164926351
F,BF,fixed_B,747.2,661.9433018002802,-85.25669819971984
F,CF,fixed_B,536.9,830.454652186809,293.554652186809
F,F2,fixed_B,154.5,374.34746434181994,219.84746434181994
F,FO,fixed_B,215.7,374.9952481101552,159.29524811015523
F,NF,fixed_B,315.1,408.6054587060911,93.50545870609108
F,ClF,fixed_B,247.1,248.59500641081397,1.4950064108139713
F,HF,fixed_C,566.6,415.4813510848294,-151.11864891517064
F,BF,fixed_C,747.2,813.374858332037,66.17485833203693
F,CF,fixed_C,536.9,916.904844293615,380.00484429361506
F,F2,fixed_C,154.5,349.50705001756705,195.00705001756705
F,FO,fixed_C,215.7,458.42629691226676,242.72629691226678
F,NF,fixed_C,315.1,513.6805676334939,198.58056763349384
F,ClF,fixed_C,247.1,226.06168619744992,-21.03831380255008
F,HF,fixed_ABC,566.6,481.5995240721146,-85.00047592788542
F,BF,fixed_ABC,747.2,973.6067539502417,226.40675395024164
F,CF,fixed_ABC,536.9,1073.0115313393076,536.1115313393076
F,F2,fixed_ABC,154.5,546.9852449131048,392.4852449131048
F,FO,fixed_ABC,215.7,586.4343823811976,370.7343823811976
F,NF,fixed_ABC,315.1,628.996431783523,313.896431783523
F,ClF,fixed_ABC,247.1,284.07248417286297,36.97248417286298
F,HF,random_A_00,566.6,506.355224697663,-60.24477530233702
F,BF,random_A_00,747.2,570.7982710992869,-176.40172890071312
F,CF,random_A_00,536.9,623.8890294985625,86.98902949856256
F,F2,random_A_00,154.5,630.9272697903725,476.4272697903725
F,FO,random_A_00,215.7,633.4212225462275,417.72122254622747
F,NF,random_A_00,315.1,621.0594034801546,305.9594034801546
F,ClF,random_A_00,247.1,512.6296591020152,265.5296591020152
F,HF,random_A_01,566.6,492.55438745695847,-74.04561254304156
F,BF,random_A_01,747.2,570.1467608306086,-177.05323916939142
F,CF,random_A_01,536.9,611.8805799067267,74.98057990672669
F,F2,random_A_01,154.5,608.7917593292855,454.29175932928547
F,FO,random_A_01,215.7,631.4536888432652,415.75368884326525
F,NF,random_A_01,315.1,607.8630015552413,292.7630015552413
F,ClF,random_A_01,247.1,477.9961426121982,230.8961426121982
F,HF,random_A_02,566.6,524.6913148611185,-41.90868513888154
F,BF,random_A_02,747.2,568.528365022652,-178.67163497734805
F,CF,random_A_02,536.9,641.987955227467,105.08795522746698
F,F2,random_A_02,154.5,634.181814811074,479.681814811074
F,FO,random_A_02,215.7,625.4664284872283,409.7664284872283
F,NF,random_A_02,315.1,602.9575466464488,287.8575466464488
F,ClF,random_A_02,247.1,515.6672460917816,268.5672460917816
F,HF,random_A_03,566.6,500.21162028533956,-66.38837971466046
F,BF,random_A_03,747.2,568.001709861805,-179.19829013819503
F,CF,random_A_03,536.9,629.8185574307988,92.91855743079884
F,F2,random_A_03,154.5,622.905608041198,468.405608041198
F,FO,random_A_03,215.7,632.8468177689065,417.1468177689065
F,NF,random_A_03,315.1,607.4296261049769,292.3296261049769
F,ClF,random_A_03,247.1,507.4055846904894,260.30558469048935
F,HF,random_A_04,566.6,493.2923885582918,-73.30761144170822
F,BF,random_A_04,747.2,558.5574347595436,-188.6425652404564
F,CF,random_A_04,536.9,602.8102514908308,65.91025149083077
F,F2,random_A_04,154.5,606.4834146874553,451.98341468745525
F,FO,random_A_04,215.7,635.3460990782737,419.6460990782737
F,NF,random_A_04,315.1,591.9605467631475,276.86054676314745
F,ClF,random_A_04,247.1,489.3805812598225,242.28058125982253
F,HF,random_A_05,566.6,514.3102759917263,-52.289724008273765
F,BF,random_A_05,747.2,578.9405278300397,-168.2594721699603
F,CF,random_A_05,536.9,608.0448751104434,71.14487511044342
F,F2,random_A_05,154.5,648.6764839118905,494.1764839118905
F,FO,random_A_05,215.7,655.4759032057407,439.7759032057407
F,NF,random_A_05,315.1,605.0333789757238,289.9333789757238
F,ClF,random_A_05,247.1,528.2108116878762,281.1108116878762
F,HF,random_A_06,566.6,512.8570370489996,-53.742962951000436
F,BF,random_A_06,747.2,584.1138662856256,-163.08613371437445
F,CF,random_A_06,536.9,649.1635588060877,112.26355880608776
F,F2,random_A_06,154.5,661.6171564149895,507.1171564149895
F,FO,random_A_06,215.7,657.394443934132,441.69444393413204
F,NF,random_A_06,315.1,619.4613098473143,304.36130984731426
F,ClF,random_A_06,247.1,556.9771294881936,309.87712948819353
F,HF,random_A_07,566.6,516.9314820755252,-49.66851792447483
F,BF,random_A_07,747.2,561.5374337002332,-185.6625662997668
F,CF,random_A_07,536.9,630.2453088347785,93.3453088347785
F,F2,random_A_07,154.5,636.3440909658552,481.84409096585523
F,FO,random_A_07,215.7,635.2240558495437,419.5240558495437
F,NF,random_A_07,315.1,614.9131942378528,299.8131942378528
F,ClF,random_A_07,247.1,511.9471306204414,264.84713062044136
F,HF,random_A_08,566.6,492.9776278789761,-73.62237212102394
F,BF,random_A_08,747.2,571.3402096528889,-175.85979034711113
F,CF,random_A_08,536.9,590.5443249754719,53.64432497547193
F,F2,random_A_08,154.5,612.4182245284812,457.91822452848123
F,FO,random_A_08,215.7,648.4336597490314,432.73365974903146
F,NF,random_A_08,315.1,603.1267744025574,288.0267744025574
F,ClF,random_A_08,247.1,484.6151924548896,237.51519245488961
F,HF,random_A_09,566.6,494.14019099257433,-72.45980900742569
F,BF,random_A_09,747.2,552.4995824304488,-194.7004175695513
F,CF,random_A_09,536.9,625.6969254820369,88.79692548203695
F,F2,random_A_09,154.5,602.0809203220117,447.5809203220117
F,FO,random_A_09,215.7,614.064223252881,398.364223252881
F,NF,random_A_09,315.1,596.7503978336841,281.6503978336841
F,ClF,random_A_09,247.1,485.6186974131896,238.51869741318959
F,HF,random_A_10,566.6,518.8376682426755,-47.762331757324546
F,BF,random_A_10,747.2,561.0920965496754,-186.10790345032467
F,CF,random_A_10,536.9,630.9782872335585,94.07828723355851
F,F2,random_A_10,154.5,620.1101666567997,465.6101666567997
F,FO,random_A_10,215.7,620.7282592721631,405.0282592721631
F,NF,random_A_10,315.1,597.4694240447288,282.3694240447288
F,ClF,random_A_10,247.1,500.2134514288118,253.11345142881183
F,HF,random_A_11,566.6,500.60411311956875,-65.99588688043127
F,BF,random_A_11,747.2,575.3367017793769,-171.86329822062316
F,CF,random_A_11,536.9,638.9336979029864,102.03369790298643
F,F2,random_A_11,154.5,638.7888829946676,484.2888829946676
F,FO,random_A_11,215.7,646.0133087271855,430.31330872718553
F,NF,random_A_11,315.1,611.2930279855366,296.19302798553656
F,ClF,random_A_11,247.1,527.2299850476072,280.1299850476072
F,HF,random_A_12,566.6,502.5534022630737,-64.04659773692634
F,BF,random_A_12,747.2,564.3130712795697,-182.88692872043032
F,CF,random_A_12,536.9,638.435273570607,101.53527357060705
F,F2,random_A_12,154.5,621.7616388086713,467.26163880867125
F,FO,random_A_12,215.7,624.9909744780391,409.2909744780391
F,NF,random_A_12,315.1,607.620930426451,292.52093042645095
F,ClF,random_A_12,247.1,508.9266104142722,261.8266104142722
F,HF,random_A_13,566.6,489.2469467822759,-77.3530532177241
F,BF,random_A_13,747.2,550.9939305172252,-196.20606948277486
F,CF,random_A_13,536.9,633.6527779846652,96.75277798466527
F,F2,random_A_13,154.5,606.6784324943694,452.1784324943694
F,FO,random_A_13,215.7,626.4598476058329,410.75984760583293
F,NF,random_A_13,315.1,595.2120193396012,280.11201933960115
F,ClF,random_A_13,247.1,486.021027496222,238.92102749622202
F,HF,random_A_14,566.6,479.47253893735837,-87.12746106264166
F,BF,random_A_14,747.2,559.787625300351,-187.41237469964904
F,CF,random_A_14,536.9,608.6918982846087,71.79189828460869
F,F2,random_A_14,154.5,591.8109500568099,437.31095005680993
F,FO,random_A_14,215.7,634.4183467987605,418.7183467987605
F,NF,random_A_14,315.1,595.7514571678437,280.65145716784366
F,ClF,random_A_14,247.1,471.49344468408725,224.39344468408726
F,HF,random_A_15,566.6,503.5167794093848,-63.08322059061521
F,BF,random_A_15,747.2,578.1596183423977,-169.04038165760232
F,CF,random_A_15,536.9,621.896901631866,84.99690163186597
F,F2,random_A_15,154.5,634.3454338806941,479.84543388069415
F,FO,random_A_15,215.7,640.6593925168756,424.95939251687565
F,NF,random_A_15,315.1,608.3018955579039,293.20189555790387
F,ClF,random_A_15,247.1,516.9293362221647,269.82933622216467
F,HF,random_B_00,566.6,433.9917750638892,-132.60822493611084
F,BF,random_B_00,747.2,641.8605796027975,-105.3394203972025
F,CF,random_B_00,536.9,692.3988522999891,155.49885229998915
F,F2,random_B_00,154.5,389.22305153108215,234.72305153108215
F,FO,random_B_00,215.7,397.6759201087459,181.97592010874592
F,NF,random_B_00,315.1,422.43217621121516,107.33217621121514
F,ClF,random_B_00,247.1,361.8124912340307,114.7124912340307
F,HF,random_B_01,566.6,488.28915810080014,-78.31084189919989
F,BF,random_B_01,747.2,639.7790100002827,-107.42098999971734
F,CF,random_B_01,536.9,782.7049122523632,245.80491225236324
F,F2,random_B_01,154.5,388.3319679254151,233.83196792541509
F,FO,random_B_01,215.7,363.79421475755873,148.09421475755875
F,NF,random_B_01,315.1,416.58338078903137,101.48338078903134
F,ClF,random_B_01,247.1,330.1074369448448,83.00743694484478
F,HF,random_B_02,566.6,520.5713041280528,-46.02869587194721
F,BF,random_B_02,747.2,680.7986818352633,-66.40131816473672
F,CF,random_B_02,536.9,819.7819738350956,282.88197383509566
F,F2,random_B_02,154.5,386.23444076088873,231.73444076088873
F,FO,random_B_02,215.7,404.6901221251531,188.9901221251531
F,NF,random_B_02,315.1,427.61353203951654,112.51353203951652
F,ClF,random_B_02,247.1,334.10642460845736,87.00642460845737
F,HF,random_B_03,566.6,432.29231518749793,-134.3076848125021
F,BF,random_B_03,747.2,605.1413389851726,-142.0586610148274
F,CF,random_B_03,536.9,800.1776360580068,263.2776360580068
F,F2,random_B_03,154.5,372.02403952741327,217.52403952741327
F,FO,random_B_03,215.7,300.6355544329697,84.9355544329697
F,NF,random_B_03,315.1,366.2596213307544,51.15962133075436
F,ClF,random_B_03,247.1,264.3521879273317,17.252187927331732
F,HF,random_B_04,566.6,466.76457426105947,-99.83542573894056
F,BF,random_B_04,747.2,690.8872981945667,-56.312701805433335
F,CF,random_B_04,536.9,770.0865646656117,233.18656466561174
F,F2,random_B_04,154.5,373.54638051442845,219.04638051442845
F,FO,random_B_04,215.7,349.39110193414155,133.69110193414156
F,NF,random_B_04,315.1,394.2209237598271,79.12092375982706
F,ClF,random_B_04,247.1,317.0468465863133,69.94684658631328
F,HF,random_B_05,566.6,481.21780688677757,-85.38219311322246
F,BF,random_B_05,747.2,607.0179125335205,-140.18208746647952
F,CF,random_B_05,536.9,805.8293074604716,268.9293074604716
F,F2,random_B_05,154.5,391.46485367850903,236.96485367850903
F,FO,random_B_05,215.7,337.64753987037426,121.94753987037427
F,NF,random_B_05,315.1,389.6106863403685,74.51068634036847
F,ClF,random_B_05,247.1,357.7703999639569,110.6703999639569
F,HF,random_B_06,566.6,444.53251636464086,-122.06748363535917
F,BF,random_B_06,747.2,624.330033222408,-122.86996677759203
F,CF,random_B_06,536.9,788.264861723394,251.36486172339403
F,F2,random_B_06,154.5,382.1496852409364,227.64968524093638
F,FO,random_B_06,215.7,265.21644343308867,49.51644343308868
F,NF,random_B_06,315.1,326.46554517320817,11.365545173208147
F,ClF,random_B_06,247.1,270.1785566248866,23.078556624886602
F,HF,random_B_07,566.6,488.05410525629657,-78.54589474370346
F,BF,random_B_07,747.2,540.2279946542635,-206.97200534573653
F,CF,random_B_07,536.9,696.9931437224135,160.09314372241352
F,F2,random_B_07,154.5,386.73998664055114,232.23998664055114
F,FO,random_B_07,215.7,395.6816730495682,179.9816730495682
F,NF,random_B_07,315.1,437.61351348532395,122.51351348532393
F,ClF,random_B_07,247.1,367.0720970876134,119.97209708761338
F,HF,random_B_08,566.6,536.5260359636352,-30.073964036364828
F,BF,random_B_08,747.2,673.7303384032316,-73.46966159676845
F,CF,random_B_08,536.9,738.5256649575265,201.6256649575265
F,F2,random_B_08,154.5,375.01804442459337,220.51804442459337
F,FO,random_B_08,215.7,362.5689107430171,146.86891074301712
F,NF,random_B_08,315.1,368.71412642632856,53.61412642632854
F,ClF,random_B_08,247.1,312.02545245617455,64.92545245617455
F,HF,random_B_09,566.6,400.6535649772663,-165.94643502273374
F,BF,random_B_09,747.2,704.7399622884138,-42.46003771158621
F,CF,random_B_09,536.9,811.2982573819229,274.3982573819229
F,F2,random_B_09,154.5,372.5374492024964,218.03744920249642
F,FO,random_B_09,215.7,405.28006364179384,189.58006364179386
F,NF,random_B_09,315.1,368.27610623285557,53.176106232855545
F,ClF,random_B_09,247.1,290.2231523367399,43.12315233673988
F,HF,random_B_10,566.6,468.48498768898884,-98.11501231101118
F,BF,random_B_10,747.2,738.7835813118522,-8.416418688147814
F,CF,random_B_10,536.9,848.593406268466,311.693406268466
F,F2,random_B_10,154.5,382.8662858592091,228.36628585920909
F,FO,random_B_10,215.7,415.75381275551393,200.05381275551395
F,NF,random_B_10,315.1,453.2547584990203,138.15475849902026
F,ClF,random_B_10,247.1,281.1670381702177,34.06703817021773
F,HF,random_B_11,566.6,431.5094748274218,-135.09052517257823
F,BF,random_B_11,747.2,580.7259235115607,-166.47407648843932
F,CF,random_B_11,536.9,802.6085978719268,265.7085978719268
F,F2,random_B_11,154.5,373.37499450753825,218.87499450753825
F,FO,random_B_11,215.7,374.6267185946083,158.9267185946083
F,NF,random_B_11,315.1,388.0354835584552,72.93548355845519
F,ClF,random_B_11,247.1,280.60543728321795,33.50543728321796
F,HF,random_B_12,566.6,329.53657280964586,-237.06342719035416
F,BF,random_B_12,747.2,645.4819245844047,-101.71807541559531
F,CF,random_B_12,536.9,699.5037143749386,162.6037143749386
F,F2,random_B_12,154.5,395.5762608254355,241.0762608254355
F,FO,random_B_12,215.7,396.79970272598433,181.09970272598434
F,NF,random_B_12,315.1,446.434036093848,131.334036093848
F,ClF,random_B_12,247.1,280.98188011140695,33.88188011140696
F,HF,random_B_13,566.6,412.8024706142896,-153.79752938571045
F,BF,random_B_13,747.2,621.6344448557434,-125.56555514425668
F,CF,random_B_13,536.9,770.9874332290156,234.08743322901557
F,F2,random_B_13,154.5,383.3372956999908,228.83729569999082
F,FO,random_B_13,215.7,273.11590953695406,57.415909536954075
F,NF,random_B_13,315.1,399.0777739570156,83.97777395701559
F,ClF,random_B_13,247.1,329.95875983481744,82.85875983481745
F,HF,random_B_14,566.6,568.5109402469618,1.9109402469617862
F,BF,random_B_14,747.2,639.9362563763672,-107.26374362363288
F,CF,random_B_14,536.9,792.6394949464236,255.73949494642363
F,F2,random_B_14,154.5,369.83828902186076,215.33828902186076
F,FO,random_B_14,215.7,337.03450541760174,121.33450541760175
F,NF,random_B_14,315.1,466.9897593993704,151.8897593993704
F,ClF,random_B_14,247.1,285.94483740348085,38.84483740348085
F,HF,random_B_15,566.6,522.857396938209,-43.74260306179099
F,BF,random_B_15,747.2,595.3140885829011,-151.8859114170989
F,CF,random_B_15,536.9,750.753370647308,213.853370647308
F,F2,random_B_15,154.5,384.0423557497346,229.5423557497346
F,FO,random_B_15,215.7,366.64367507250057,150.94367507250058
F,NF,random_B_15,315.1,405.86521403291863,90.7652140329186
F,ClF,random_B_15,247.1,321.8064963048979,74.70649630489791
F,HF,random_C_00,566.6,520.0409522115518,-46.5590477884482
F,BF,random_C_00,747.2,730.8320640335095,-16.367935966490563
F,CF,random_C_00,536.9,919.5736063691019,382.6736063691019
F,F2,random_C_00,154.5,391.6768806091767,237.1768806091767
F,FO,random_C_00,215.7,487.6528935074663,271.9528935074663
F,NF,random_C_00,315.1,504.67275567453817,189.57275567453814
F,ClF,random_C_00,247.1,267.330682811707,20.230682811707
F,HF,random_C_01,566.6,593.734738813579,27.13473881357902
F,BF,random_C_01,747.2,639.1739623969518,-108.02603760304828
F,CF,random_C_01,536.9,667.4692387665056,130.56923876650558
F,F2,random_C_01,154.5,395.5874817900934,241.08748179009342
F,FO,random_C_01,215.7,479.4142243615091,263.71422436150914
F,NF,random_C_01,315.1,528.3458541819008,213.24585418190077
F,ClF,random_C_01,247.1,315.96684020820373,68.86684020820374
F,HF,random_C_02,566.6,538.9437942159532,-27.656205784046847
F,BF,random_C_02,747.2,761.0680247894875,13.868024789487436
F,CF,random_C_02,536.9,733.4492223784591,196.54922237845915
F,F2,random_C_02,154.5,478.5388601148296,324.0388601148296
F,FO,random_C_02,215.7,547.640257771953,331.940257771953
F,NF,random_C_02,315.1,540.4547539052461,225.35475390524607
F,ClF,random_C_02,247.1,297.46567425600233,50.365674256002336
F,HF,random_C_03,566.6,529.4216812034956,-37.17831879650441
F,BF,random_C_03,747.2,559.5981249254455,-187.60187507455453
F,CF,random_C_03,536.9,820.7806560543938,283.88065605439385
F,F2,random_C_03,154.5,300.0015539449314,145.5015539449314
F,FO,random_C_03,215.7,442.9506640524572,227.25066405245724
F,NF,random_C_03,315.1,509.05431911830715,193.95431911830713
F,ClF,random_C_03,247.1,257.7020521759365,10.602052175936507
F,HF,random_C_04,566.6,477.2644296103898,-89.33557038961021
F,BF,random_C_04,747.2,765.2233120121626,18.02331201216259
F,CF,random_C_04,536.9,760.6252089400176,223.72520894001764
F,F2,random_C_04,154.5,365.644924242747,211.14492424274698
F,FO,random_C_04,215.7,444.15042448972395,228.45042448972396
F,NF,random_C_04,315.1,529.7682666454099,214.66826664540986
F,ClF,random_C_04,247.1,263.7122032911946,16.612203291194618
F,HF,random_C_05,566.6,484.99577432130627,-81.60422567869375
F,BF,random_C_05,747.2,667.5829494255895,-79.61705057441054
F,CF,random_C_05,536.9,733.8807508149644,196.98075081496438
F,F2,random_C_05,154.5,337.10087179103937,182.60087179103937
F,FO,random_C_05,215.7,404.01568643539406,188.31568643539407
F,NF,random_C_05,315.1,409.97654564274643,94.87654564274641
F,ClF,random_C_05,247.1,342.1254098579531,95.02540985795312
F,HF,random_C_06,566.6,473.64800948763013,-92.95199051236989
F,BF,random_C_06,747.2,693.4150567273198,-53.784943272680266
F,CF,random_C_06,536.9,700.0034788832531,163.10347888325316
F,F2,random_C_06,154.5,343.8454772723803,189.34547727238032
F,FO,random_C_06,215.7,468.24300990133156,252.54300990133157
F,NF,random_C_06,315.1,531.8737814544152,216.77378145441514
F,ClF,random_C_06,247.1,220.93518301203625,-26.164816987963746
F,HF,random_C_07,566.6,510.5919416977043,-56.008058302295694
F,BF,random_C_07,747.2,752.1567994954372,4.956799495437167
F,CF,random_C_07,536.9,834.9715846130507,298.07158461305073
F,F2,random_C_07,154.5,523.720846191501,369.220846191501
F,FO,random_C_07,215.7,541.593227512093,325.893227512093
F,NF,random_C_07,315.1,595.7685699203629,280.66856992036287
F,ClF,random_C_07,247.1,370.55874074572483,123.45874074572484
F,HF,random_C_08,566.6,523.6442538547221,-42.955746145277885
F,BF,random_C_08,747.2,693.8340692108369,-53.365930789163144
F,CF,random_C_08,536.9,801.6731191368272,264.7731191368272
F,F2,random_C_08,154.5,382.2083535096734,227.70835350967337
F,FO,random_C_08,215.7,477.9902060474573,262.29020604745733
F,NF,random_C_08,315.1,532.1746767980744,217.0746767980744
F,ClF,random_C_08,247.1,246.80003119310717,-0.2999688068928208
F,HF,random_C_09,566.6,494.4661217489018,-72.13387825109822
F,BF,random_C_09,747.2,740.7141900783231,-6.485809921676946
F,CF,random_C_09,536.9,832.3139716067997,295.4139716067997
F,F2,random_C_09,154.5,406.49296571548143,251.99296571548143
F,FO,random_C_09,215.7,477.5381938091471,261.8381938091471
F,NF,random_C_09,315.1,529.2512974656748,214.15129746567482
F,ClF,random_C_09,247.1,335.82626632662954,88.72626632662954
F,HF,random_C_10,566.6,541.9320783501552,-24.667921649844857
F,BF,random_C_10,747.2,699.7814373069094,-47.41856269309062
F,CF,random_C_10,536.9,811.3108643706972,274.41086437069725
F,F2,random_C_10,154.5,314.3994010389746,159.8994010389746
F,FO,random_C_10,215.7,401.0175267338938,185.31752673389383
F,NF,random_C_10,315.1,517.47183473219,202.37183473219
F,ClF,random_C_10,247.1,217.6554200251371,-29.444579974862904
F,HF,random_C_11,566.6,459.87514280839764,-106.72485719160238
F,BF,random_C_11,747.2,838.1118641749056,90.91186417490553
F,CF,random_C_11,536.9,990.1981200556842,453.2981200556842
F,F2,random_C_11,154.5,428.6419834961284,274.1419834961284
F,FO,random_C_11,215.7,515.9378318835343,300.2378318835343
F,NF,random_C_11,315.1,573.3391784523603,258.2391784523603
F,ClF,random_C_11,247.1,232.68594697842582,-14.414053021574176
F,HF,random_C_12,566.6,491.5120829485238,-75.08791705147621
F,BF,random_C_12,747.2,655.2584570752108,-91.94154292478925
F,CF,random_C_12,536.9,707.3289057539814,170.42890575398144
F,F2,random_C_12,154.5,311.3238288202452,156.82382882024518
F,FO,random_C_12,215.7,420.18921047279866,204.48921047279867
F,NF,random_C_12,315.1,434.1589482544416,119.05894825444159
F,ClF,random_C_12,247.1,236.8285852309543,-10.271414769045691
F,HF,random_C_13,566.6,540.2378430471332,-26.362156952866826
F,BF,random_C_13,747.2,658.4093250850592,-88.79067491494084
F,CF,random_C_13,536.9,854.8821426657839,317.98214266578395
F,F2,random_C_13,154.5,373.141871579081,218.641871579081
F,FO,random_C_13,215.7,406.2694051576762,190.56940515767621
F,NF,random_C_13,315.1,475.39050991032707,160.29050991032705
F,ClF,random_C_13,247.1,295.52060319223847,48.420603192238474
F,HF,random_C_14,566.6,489.84816503081316,-76.75183496918686
F,BF,random_C_14,747.2,782.07298333178,34.872983331780006
F,CF,random_C_14,536.9,840.9696614620522,304.0696614620522
F,F2,random_C_14,154.5,406.83914666536583,252.33914666536583
F,FO,random_C_14,215.7,503.2900580859191,287.5900580859191
F,NF,random_C_14,315.1,537.3685311327657,222.2685311327657
F,ClF,random_C_14,247.1,258.9479124238188,11.847912423818826
F,HF,random_C_15,566.6,543.2382856491603,-23.361714350839748
F,BF,random_C_15,747.2,700.0481880739727,-47.151811926027335
F,CF,random_C_15,536.9,888.8443853379665,351.94438533796654
F,F2,random_C_15,154.5,439.9523802461945,285.4523802461945
F,FO,random_C_15,215.7,534.0328253837553,318.3328253837553
F,NF,random_C_15,315.1,633.4673874911634,318.3673874911634
F,ClF,random_C_15,247.1,337.7710789144072,90.67107891440722
Na,NaH,mean_only,197.6,414.365306122449,216.765306122449
Na,Na2,mean_only,70.9,414.365306122449,343.46530612244896
Na,NaCl,mean_only,407.4,414.365306122449,6.965306122449022
Na,NaH,atomic_number_ABC,197.6,422.41092257196135,224.81092257196136
Na,Na2,atomic_number_ABC,70.9,442.9790496523265,372.0790496523265
Na,NaCl,atomic_number_ABC,407.4,412.99560457869865,5.595604578698669
Na,NaH,raw_properties_ABC,197.6,203.10950131963844,5.509501319638446
Na,Na2,raw_properties_ABC,70.9,82.67524129734704,11.775241297347037
Na,NaCl,raw_properties_ABC,407.4,406.4814247396272,-0.9185752603727906
Na,NaH,fixed_A,197.6,345.43571577968146,147.83571577968146
Na,Na2,fixed_A,70.9,331.9247666385486,261.0247666385486
Na,NaCl,fixed_A,407.4,309.86143442126775,-97.53856557873223
Na,NaH,fixed_B,197.6,241.3586778123057,43.758677812305706
Na,Na2,fixed_B,70.9,368.9552028726763,298.0552028726763
Na,NaCl,fixed_B,407.4,575.5652329884523,168.16523298845232
Na,NaH,fixed_C,197.6,486.8645681333198,289.2645681333198
Na,Na2,fixed_C,70.9,106.86751132404407,35.96751132404407
Na,NaCl,fixed_C,407.4,622.4885238017224,215.08852380172243
Na,NaH,fixed_ABC,197.6,292.52614788072106,94.92614788072106
Na,Na2,fixed_ABC,70.9,-26.78799654649538,-97.68799654649538
Na,NaCl,fixed_ABC,407.4,630.1581216815014,222.7581216815014
Na,NaH,random_A_00,197.6,363.0972226682606,165.4972226682606
Na,Na2,random_A_00,70.9,359.5280340549651,288.62803405496504
Na,NaCl,random_A_00,407.4,323.3861106939204,-84.01388930607959
Na,NaH,random_A_01,197.6,327.7161983315991,130.11619833159912
Na,Na2,random_A_01,70.9,302.9147832454888,232.01478324548881
Na,NaCl,random_A_01,407.4,273.9684509961582,-133.43154900384178
Na,NaH,random_A_02,197.6,325.59799564850016,127.99799564850017
Na,Na2,random_A_02,70.9,254.99443428640444,184.09443428640444
Na,NaCl,random_A_02,407.4,270.77939987715524,-136.62060012284473
Na,NaH,random_A_03,197.6,347.0542128915823,149.45421289158233
Na,Na2,random_A_03,70.9,332.7938222466927,261.8938222466927
Na,NaCl,random_A_03,407.4,308.51156283224225,-98.88843716775773
Na,NaH,random_A_04,197.6,326.08825984218936,128.48825984218936
Na,Na2,random_A_04,70.9,286.02837737819976,215.12837737819976
Na,NaCl,random_A_04,407.4,277.387578043527,-130.01242195647296
Na,NaH,random_A_05,197.6,304.7737248713134,107.1737248713134
Na,Na2,random_A_05,70.9,237.64982762495399,166.74982762495398
Na,NaCl,random_A_05,407.4,264.1954167793906,-143.20458322060938
Na,NaH,random_A_06,197.6,336.22892923520317,138.62892923520317
Na,Na2,random_A_06,70.9,326.1147230531579,255.21472305315788
Na,NaCl,random_A_06,407.4,339.3602893532159,-68.0397106467841
Na,NaH,random_A_07,197.6,344.5940595288347,146.9940595288347
Na,Na2,random_A_07,70.9,311.44764694214416,240.54764694214415
Na,NaCl,random_A_07,407.4,292.6262818674431,-114.7737181325569
Na,NaH,random_A_08,197.6,315.2068399971008,117.60683999710082
Na,Na2,random_A_08,70.9,271.0821211184258,200.18212111842578
Na,NaCl,random_A_08,407.4,258.2143485471721,-149.18565145282787
Na,NaH,random_A_09,197.6,353.67809028944566,156.07809028944567
Na,Na2,random_A_09,70.9,337.4723141086222,266.5723141086222
Na,NaCl,random_A_09,407.4,303.5478207978292,-103.85217920217076
Na,NaH,random_A_10,197.6,333.97149059821294,136.37149059821294
Na,Na2,random_A_10,70.9,265.5495613836535,194.6495613836535
Na,NaCl,random_A_10,407.4,267.2097382835009,-140.1902617164991
Na,NaH,random_A_11,197.6,338.4329422649338,140.8329422649338
Na,Na2,random_A_11,70.9,331.3313678265093,260.43136782650924
Na,NaCl,random_A_11,407.4,320.83059227022306,-86.56940772977691
Na,NaH,random_A_12,197.6,349.41943986129786,151.81943986129787
Na,Na2,random_A_12,70.9,333.9413297946579,263.04132979465794
Na,NaCl,random_A_12,407.4,314.170195173891,-93.22980482610899
Na,NaH,random_A_13,197.6,345.18407612401336,147.58407612401336
Na,Na2,random_A_13,70.9,329.4235154060421,258.52351540604207
Na,NaCl,random_A_13,407.4,296.6562541814809,-110.74374581851907
Na,NaH,random_A_14,197.6,327.16119990614857,129.56119990614857
Na,Na2,random_A_14,70.9,307.7021369678637,236.80213696786367
Na,NaCl,random_A_14,407.4,280.91244855583966,-126.48755144416032
Na,NaH,random_A_15,197.6,339.09303585643,141.49303585643
Na,Na2,random_A_15,70.9,320.44502351427957,249.54502351427956
Na,NaCl,random_A_15,407.4,304.3994449019544,-103.0005550980456
Na,NaH,random_B_00,197.6,307.86346984396226,110.26346984396227
Na,Na2,random_B_00,70.9,381.68470818177025,310.78470818177027
Na,NaCl,random_B_00,407.4,475.7008513183971,68.30085131839712
Na,NaH,random_B_01,197.6,220.09950102371494,22.49950102371494
Na,Na2,random_B_01,70.9,384.99764885099887,314.0976488509989
Na,NaCl,random_B_01,407.4,580.605335693542,173.205335693542
Na,NaH,random_B_02,197.6,261.63845772113996,64.03845772113996
Na,Na2,random_B_02,70.9,383.6330716627222,312.7330716627222
Na,NaCl,random_B_02,407.4,494.66540005596556,87.26540005596559
Na,NaH,random_B_03,197.6,233.55051025399905,35.950510253999056
Na,Na2,random_B_03,70.9,372.45373114135947,301.55373114135944
Na,NaCl,random_B_03,407.4,437.7671463137388,30.36714631373883
Na,NaH,random_B_04,197.6,221.1809060522261,23.580906052226112
Na,Na2,random_B_04,70.9,370.0686098741249,299.16860987412485
Na,NaCl,random_B_04,407.4,447.458388976677,40.05838897667701
Na,NaH,random_B_05,197.6,159.8444096578312,-37.7555903421688
Na,Na2,random_B_05,70.9,385.77475958517635,314.8747595851763
Na,NaCl,random_B_05,407.4,463.3458288177454,55.94582881774545
Na,NaH,random_B_06,197.6,149.2137640712221,-48.38623592877789
Na,Na2,random_B_06,70.9,379.6121372416583,308.7121372416583
Na,NaCl,random_B_06,407.4,394.2295944642632,-13.17040553573679
Na,NaH,random_B_07,197.6,331.3667673521172,133.76676735211723
Na,Na2,random_B_07,70.9,377.9932965952426,307.0932965952426
Na,NaCl,random_B_07,407.4,571.6164343872679,164.2164343872679
Na,NaH,random_B_08,197.6,279.73631283328655,82.13631283328655
Na,Na2,random_B_08,70.9,373.229372847437,302.32937284743696
Na,NaCl,random_B_08,407.4,417.3434597448569,9.94345974485691
Na,NaH,random_B_09,197.6,212.88200506834562,15.282005068345626
Na,Na2,random_B_09,70.9,374.5450281690951,303.6450281690951
Na,NaCl,random_B_09,407.4,396.8910144058618,-10.508985594138153
Na,NaH,random_B_10,197.6,195.79619585637786,-1.8038041436221306
Na,Na2,random_B_10,70.9,379.41912655290344,308.51912655290346
Na,NaCl,random_B_10,407.4,490.07667162484074,82.67667162484076
Na,NaH,random_B_11,197.6,291.745096766664,94.14509676666401
Na,Na2,random_B_11,70.9,369.70779602081467,298.80779602081464
Na,NaCl,random_B_11,407.4,419.23924714180305,11.839247141803071
Na,NaH,random_B_12,197.6,269.0132319084214,71.41323190842141
Na,Na2,random_B_12,70.9,387.46773608472614,316.5677360847261
Na,NaCl,random_B_12,407.4,613.1558620794196,205.75586207941967
Na,NaH,random_B_13,197.6,317.86238642576603,120.26238642576604
Na,Na2,random_B_13,70.9,374.39950877519004,303.49950877519007
Na,NaCl,random_B_13,407.4,567.1729667906754,159.77296679067547
Na,NaH,random_B_14,197.6,271.83133059082917,74.23133059082917
Na,Na2,random_B_14,70.9,361.89169381325917,290.9916938132592
Na,NaCl,random_B_14,407.4,570.2029284593948,162.80292845939482
Na,NaH,random_B_15,197.6,105.6490406776349,-91.9509593223651
Na,Na2,random_B_15,70.9,383.9342759178825,313.0342759178825
Na,NaCl,random_B_15,407.4,477.4502715530068,70.05027155300684
Na,NaH,random_C_00,197.6,285.5886377579112,87.98863775791122
Na,Na2,random_C_00,70.9,492.3113320675154,421.41133206751545
Na,NaCl,random_C_00,407.4,583.2179384380825,175.81793843808248
Na,NaH,random_C_01,197.6,325.7834841100439,128.1834841100439
Na,Na2,random_C_01,70.9,175.18164644602513,104.28164644602512
Na,NaCl,random_C_01,407.4,622.6059507783809,215.20595077838095
Na,NaH,random_C_02,197.6,338.64921136828684,141.04921136828685
Na,Na2,random_C_02,70.9,160.11704569891273,89.21704569891273
Na,NaCl,random_C_02,407.4,389.4142989063283,-17.98570109367165
Na,NaH,random_C_03,197.6,346.6081941458983,149.00819414589833
Na,Na2,random_C_03,70.9,223.08607083231126,152.18607083231126
Na,NaCl,random_C_03,407.4,724.1755902237566,316.7755902237566
Na,NaH,random_C_04,197.6,415.91961647318396,218.31961647318397
Na,Na2,random_C_04,70.9,47.927030601765125,-22.97296939823488
Na,NaCl,random_C_04,407.4,515.237962843479,107.83796284347898
Na,NaH,random_C_05,197.6,323.06463099437514,125.46463099437514
Na,Na2,random_C_05,70.9,350.37342185817727,279.4734218581773
Na,NaCl,random_C_05,407.4,552.2240638788289,144.82406387882895
Na,NaH,random_C_06,197.6,362.16762666048123,164.56762666048124
Na,Na2,random_C_06,70.9,-64.51202549795835,-135.41202549795835
Na,NaCl,random_C_06,407.4,522.9988269522765,115.59882695227657
Na,NaH,random_C_07,197.6,375.3199851461198,177.7199851461198
Na,Na2,random_C_07,70.9,193.51656605339915,122.61656605339914
Na,NaCl,random_C_07,407.4,505.82524617834247,98.42524617834249
Na,NaH,random_C_08,197.6,401.8326915986789,204.23269159867888
Na,Na2,random_C_08,70.9,331.92236418482264,261.02236418482266
Na,NaCl,random_C_08,407.4,556.4675816509489,149.0675816509489
Na,NaH,random_C_09,197.6,234.16700460582422,36.56700460582422
Na,Na2,random_C_09,70.9,264.78341100915503,193.88341100915503
Na,NaCl,random_C_09,407.4,666.416948236808,259.01694823680805
Na,NaH,random_C_10,197.6,310.05632540577835,112.45632540577836
Na,Na2,random_C_10,70.9,329.18525287246496,258.285252872465
Na,NaCl,random_C_10,407.4,568.2895984334441,160.88959843344412
Na,NaH,random_C_11,197.6,399.0730057370637,201.4730057370637
Na,Na2,random_C_11,70.9,20.068582039335695,-50.83141796066431
Na,NaCl,random_C_11,407.4,650.4060648326836,243.0060648326836
Na,NaH,random_C_12,197.6,387.2700727681133,189.67007276811333
Na,Na2,random_C_12,70.9,419.3949043762535,348.49490437625354
Na,NaCl,random_C_12,407.4,609.0283656367264,201.62836563672647
Na,NaH,random_C_13,197.6,264.357480327856,66.75748032785603
Na,Na2,random_C_13,70.9,500.9691227649178,430.0691227649178
Na,NaCl,random_C_13,407.4,633.2643868531984,225.86438685319843
Na,NaH,random_C_14,197.6,373.2371453937726,175.6371453937726
Na,Na2,random_C_14,70.9,96.76417519544128,25.864175195441277
Na,NaCl,random_C_14,407.4,594.9261985210628,187.52619852106284
Na,NaH,random_C_15,197.6,320.19603670654857,122.59603670654857
Na,Na2,random_C_15,70.9,20.171950493637894,-50.72804950636211
Na,NaCl,random_C_15,407.4,777.2421541434537,369.84215414345374
Mg,MgH,mean_only,131.6,412.13,280.53
Mg,MgO,mean_only,241.7,412.13,170.43
Mg,MgH,atomic_number_ABC,131.6,421.26546992206295,289.6654699220629
Mg,MgO,atomic_number_ABC,241.7,428.773345887093,187.073345887093
Mg,MgH,raw_properties_ABC,131.6,278.06552424997494,146.46552424997495
Mg,MgO,raw_properties_ABC,241.7,570.9593927271817,329.2593927271817
Mg,MgH,fixed_A,131.6,257.45147121249033,125.85147121249034
Mg,MgO,fixed_A,241.7,350.5299764470553,108.82997644705529
Mg,MgH,fixed_B,131.6,279.9148124518934,148.3148124518934
Mg,MgO,fixed_B,241.7,457.2089864367304,215.50898643673042
Mg,MgH,fixed_C,131.6,422.4343220361366,290.83432203613665
Mg,MgO,fixed_C,241.7,428.05292045228396,186.35292045228397
Mg,MgH,fixed_ABC,131.6,280.7953281039885,149.1953281039885
Mg,MgO,fixed_ABC,241.7,444.3080054976299,202.6080054976299
Mg,MgH,random_A_00,131.6,255.2697312109006,123.66973121090061
Mg,MgO,random_A_00,241.7,341.0691580368416,99.36915803684161
Mg,MgH,random_A_01,131.6,228.22513804326672,96.62513804326673
Mg,MgO,random_A_01,241.7,344.33163350327976,102.63163350327977
Mg,MgH,random_A_02,131.6,293.53636843808215,161.93636843808216
Mg,MgO,random_A_02,241.7,357.19848577555723,115.49848577555724
Mg,MgH,random_A_03,131.6,263.33315491219093,131.73315491219094
Mg,MgO,random_A_03,241.7,355.4422805415887,113.74228054158868
Mg,MgH,random_A_04,131.6,258.1291406984172,126.5291406984172
Mg,MgO,random_A_04,241.7,358.51942387166827,116.81942387166828
Mg,MgH,random_A_05,131.6,280.58092907172437,148.98092907172438
Mg,MgO,random_A_05,241.7,368.2847492048976,126.5847492048976
Mg,MgH,random_A_06,131.6,271.71000859597194,140.11000859597195
Mg,MgO,random_A_06,241.7,371.66936851572416,129.96936851572417
Mg,MgH,random_A_07,131.6,281.1278227527006,149.5278227527006
Mg,MgO,random_A_07,241.7,359.2525796567383,117.55257965673832
Mg,MgH,random_A_08,131.6,233.72495449557726,102.12495449557727
Mg,MgO,random_A_08,241.7,356.90071599250723,115.20071599250724
Mg,MgH,random_A_09,131.6,266.23866038815856,134.63866038815857
Mg,MgO,random_A_09,241.7,349.4689465347009,107.76894653470089
Mg,MgH,random_A_10,131.6,292.12503328649404,160.52503328649405
Mg,MgO,random_A_10,241.7,357.51401395041825,115.81401395041826
Mg,MgH,random_A_11,131.6,263.4441252227763,131.84412522277628
Mg,MgO,random_A_11,241.7,365.2192143029812,123.5192143029812
Mg,MgH,random_A_12,131.6,265.1771014107377,133.5771014107377
Mg,MgO,random_A_12,241.7,351.54587946048076,109.84587946048077
Mg,MgH,random_A_13,131.6,272.8242741232312,141.2242741232312
Mg,MgO,random_A_13,241.7,367.7405388024508,126.04053880245084
Mg,MgH,random_A_14,131.6,226.70522338748376,95.10522338748376
Mg,MgO,random_A_14,241.7,352.31826986225724,110.61826986225725
Mg,MgH,random_A_15,131.6,269.31440658933684,137.71440658933685
Mg,MgO,random_A_15,241.7,362.244684463946,120.544684463946
Mg,MgH,random_B_00,131.6,394.7082725820678,263.1082725820678
Mg,MgO,random_B_00,241.7,535.2782514349707,293.5782514349707
Mg,MgH,random_B_01,131.6,308.64872938205457,177.04872938205457
Mg,MgO,random_B_01,241.7,309.62285761732124,67.92285761732126
Mg,MgH,random_B_02,131.6,364.22409956046806,232.62409956046807
Mg,MgO,random_B_02,241.7,528.2833432972225,286.5833432972225
Mg,MgH,random_B_03,131.6,305.27017482966073,173.67017482966074
Mg,MgO,random_B_03,241.7,609.38242820509,367.68242820509005
Mg,MgH,random_B_04,131.6,339.50101343661777,207.90101343661777
Mg,MgO,random_B_04,241.7,552.9116923608364,311.21169236083637
Mg,MgH,random_B_05,131.6,401.1001969710125,269.50019697101254
Mg,MgO,random_B_05,241.7,387.32869236209723,145.62869236209724
Mg,MgH,random_B_06,131.6,287.54260786113247,155.94260786113247
Mg,MgO,random_B_06,241.7,461.58717584760234,219.88717584760235
Mg,MgH,random_B_07,131.6,370.9404374498449,239.34043744984493
Mg,MgO,random_B_07,241.7,534.5650986472526,292.86509864725264
Mg,MgH,random_B_08,131.6,296.8798158650474,165.27981586504742
Mg,MgO,random_B_08,241.7,588.9351362351981,347.2351362351981
Mg,MgH,random_B_09,131.6,229.61126752255026,98.01126752255027
Mg,MgO,random_B_09,241.7,462.4013659523095,220.70136595230952
Mg,MgH,random_B_10,131.6,304.3968936888452,172.7968936888452
Mg,MgO,random_B_10,241.7,500.56999538873794,258.86999538873795
Mg,MgH,random_B_11,131.6,338.8469177271036,207.24691772710358
Mg,MgO,random_B_11,241.7,559.6097853569427,317.9097853569427
Mg,MgH,random_B_12,131.6,362.90345831069493,231.30345831069494
Mg,MgO,random_B_12,241.7,486.7128291386049,245.0128291386049
Mg,MgH,random_B_13,131.6,234.8634947434488,103.2634947434488
Mg,MgO,random_B_13,241.7,388.48705862499605,146.78705862499606
Mg,MgH,random_B_14,131.6,346.91108716239205,215.31108716239206
Mg,MgO,random_B_14,241.7,488.6187724297284,246.9187724297284
Mg,MgH,random_B_15,131.6,343.20054520759584,211.60054520759584
Mg,MgO,random_B_15,241.7,579.2561131991433,337.55611319914334
Mg,MgH,random_C_00,131.6,414.56406392575224,282.96406392575227
Mg,MgO,random_C_00,241.7,449.7380263007591,208.0380263007591
Mg,MgH,random_C_01,131.6,381.8435960661522,250.2435960661522
Mg,MgO,random_C_01,241.7,431.152998350052,189.45299835005198
Mg,MgH,random_C_02,131.6,366.4184557928314,234.81845579283143
Mg,MgO,random_C_02,241.7,420.49953358447834,178.79953358447835
Mg,MgH,random_C_03,131.6,379.53109189684056,247.93109189684057
Mg,MgO,random_C_03,241.7,462.92467718151215,221.22467718151216
Mg,MgH,random_C_04,131.6,357.0797709754812,225.47977097548122
Mg,MgO,random_C_04,241.7,353.5725897539361,111.8725897539361
Mg,MgH,random_C_05,131.6,399.9336292058523,268.3336292058523
Mg,MgO,random_C_05,241.7,446.3438783274944,204.6438783274944
Mg,MgH,random_C_06,131.6,355.17778645032246,223.57778645032246
Mg,MgO,random_C_06,241.7,289.063790690805,47.36379069080499
Mg,MgH,random_C_07,131.6,322.3055749786639,190.70557497866392
Mg,MgO,random_C_07,241.7,393.7974061929397,152.09740619293973
Mg,MgH,random_C_08,131.6,385.8463844268647,254.2463844268647
Mg,MgO,random_C_08,241.7,412.4185946630592,170.7185946630592
Mg,MgH,random_C_09,131.6,430.30759464344743,298.70759464344746
Mg,MgO,random_C_09,241.7,440.4610928900215,198.76109289002153
Mg,MgH,random_C_10,131.6,354.11149576202683,222.51149576202684
Mg,MgO,random_C_10,241.7,424.5632844263297,182.8632844263297
Mg,MgH,random_C_11,131.6,347.1521699087368,215.55216990873683
Mg,MgO,random_C_11,241.7,310.9587997158522,69.2587997158522
Mg,MgH,random_C_12,131.6,405.85671598229897,274.25671598229894
Mg,MgO,random_C_12,241.7,466.39539498481616,224.69539498481618
Mg,MgH,random_C_13,131.6,327.54829950324444,195.94829950324444
Mg,MgO,random_C_13,241.7,461.2500487722586,219.5500487722586
Mg,MgH,random_C_14,131.6,357.0323911968195,225.4323911968195
Mg,MgO,random_C_14,241.7,351.13554540234543,109.43554540234544
Mg,MgH,random_C_15,131.6,378.9245637217133,247.3245637217133
Mg,MgO,random_C_15,241.7,411.35916649622635,169.65916649622636
Al,AlH,mean_only,294.3,403.56,109.25999999999999
Al,AlO,mean_only,507.5,403.56,-103.94
Al,AlH,atomic_number_ABC,294.3,405.80872795032053,111.50872795032052
Al,AlO,atomic_number_ABC,507.5,415.26882618555277,-92.23117381444723
Al,AlH,raw_properties_ABC,294.3,247.1180984423895,-47.1819015576105
Al,AlO,raw_properties_ABC,507.5,468.82849359001807,-38.67150640998193
Al,AlH,fixed_A,294.3,324.8030293670507,30.503029367050715
Al,AlO,fixed_A,507.5,420.7506379972927,-86.7493620027073
Al,AlH,fixed_B,294.3,261.5528387045041,-32.747161295495914
Al,AlO,fixed_B,507.5,475.45976959885996,-32.040230401140036
Al,AlH,fixed_C,294.3,295.97968155492924,1.6796815549292319
Al,AlO,fixed_C,507.5,409.4547359068156,-98.04526409318441
Al,AlH,fixed_ABC,294.3,188.04273043772187,-106.25726956227814
Al,AlO,fixed_ABC,507.5,454.3319571704782,-53.16804282952182
Al,AlH,random_A_00,294.3,315.9866456783633,21.686645678363277
Al,AlO,random_A_00,507.5,405.1697511108109,-102.33024888918908
Al,AlH,random_A_01,294.3,333.496376513679,39.19637651367901
Al,AlO,random_A_01,507.5,451.13327592863226,-56.36672407136774
Al,AlH,random_A_02,294.3,349.4278381357785,55.12783813577846
Al,AlO,random_A_02,507.5,415.1473169181435,-92.35268308185653
Al,AlH,random_A_03,294.3,328.181514881706,33.88151488170598
Al,AlO,random_A_03,507.5,424.6845739798498,-82.8154260201502
Al,AlH,random_A_04,294.3,352.3134810513034,58.013481051303415
Al,AlO,random_A_04,507.5,455.0748954096035,-52.42510459039647
Al,AlH,random_A_05,294.3,372.40776393471276,78.10776393471275
Al,AlO,random_A_05,507.5,465.3018799814504,-42.198120018549616
Al,AlH,random_A_06,294.3,328.3810534520437,34.081053452043705
Al,AlO,random_A_06,507.5,432.71163376788815,-74.78836623211185
Al,AlH,random_A_07,294.3,337.0334186417212,42.73341864172119
Al,AlO,random_A_07,507.5,417.5976512056802,-89.90234879431978
Al,AlH,random_A_08,294.3,359.41260247305934,65.11260247305933
Al,AlO,random_A_08,507.5,485.01696340103894,-22.483036598961064
Al,AlH,random_A_09,294.3,319.38980069624506,25.08980069624505
Al,AlO,random_A_09,507.5,405.94246238737935,-101.55753761262065
Al,AlH,random_A_10,294.3,351.1652387156664,56.86523871566641
Al,AlO,random_A_10,507.5,418.9656251484554,-88.53437485154461
Al,AlH,random_A_11,294.3,325.5086993767086,31.20869937670858
Al,AlO,random_A_11,507.5,431.336065857168,-76.16393414283198
Al,AlH,random_A_12,294.3,318.5328007106032,24.232800710603215
Al,AlO,random_A_12,507.5,407.8855251520938,-99.6144748479062
Al,AlH,random_A_13,294.3,309.73010357102635,15.430103571026336
Al,AlO,random_A_13,507.5,408.70329004743854,-98.79670995256146
Al,AlH,random_A_14,294.3,329.2365122016211,34.9365122016211
Al,AlO,random_A_14,507.5,457.083238406964,-50.41676159303597
Al,AlH,random_A_15,294.3,345.98922795213747,51.68922795213746
Al,AlO,random_A_15,507.5,443.5542546670279,-63.94574533297208
Al,AlH,random_B_00,294.3,353.59892815101654,59.298928151016526
Al,AlO,random_B_00,507.5,466.87153441224757,-40.62846558775243
Al,AlH,random_B_01,294.3,231.0730835154346,-63.22691648456541
Al,AlO,random_B_01,507.5,494.9304780306012,-12.569521969398807
Al,AlH,random_B_02,294.3,332.7367961109484,38.436796110948364
Al,AlO,random_B_02,507.5,475.38718520621427,-32.11281479378573
Al,AlH,random_B_03,294.3,315.46095991981184,21.16095991981183
Al,AlO,random_B_03,507.5,558.2058447641205,50.70584476412046
Al,AlH,random_B_04,294.3,440.22179479770546,145.92179479770545
Al,AlO,random_B_04,507.5,604.2182264229552,96.71822642295524
Al,AlH,random_B_05,294.3,312.05483475732404,17.754834757324033
Al,AlO,random_B_05,507.5,516.1280358177046,8.628035817704585
Al,AlH,random_B_06,294.3,282.12705304060967,-12.172946959390345
Al,AlO,random_B_06,507.5,528.0771916083232,20.577191608323233
Al,AlH,random_B_07,294.3,325.9097202009084,31.609720200908384
Al,AlO,random_B_07,507.5,478.0763070168309,-29.423692983169076
Al,AlH,random_B_08,294.3,388.95479335418844,94.65479335418843
Al,AlO,random_B_08,507.5,632.6506810243588,125.15068102435885
Al,AlH,random_B_09,294.3,335.97148976023595,41.67148976023594
Al,AlO,random_B_09,507.5,521.1205171589995,13.620517158999519
Al,AlH,random_B_10,294.3,295.97526135101634,1.6752613510163314
Al,AlO,random_B_10,507.5,502.66195702207784,-4.838042977922157
Al,AlH,random_B_11,294.3,382.78658184351224,88.48658184351223
Al,AlO,random_B_11,507.5,512.7661070467807,5.266107046780689
Al,AlH,random_B_12,294.3,344.23802054969525,49.93802054969524
Al,AlO,random_B_12,507.5,450.46249315757547,-57.037506842424534
Al,AlH,random_B_13,294.3,265.39193306562834,-28.908066934371675
Al,AlO,random_B_13,507.5,418.10362895826074,-89.39637104173926
Al,AlH,random_B_14,294.3,270.8750624753295,-23.424937524670497
Al,AlO,random_B_14,507.5,502.6274784168207,-4.872521583179321
Al,AlH,random_B_15,294.3,275.66856954725154,-18.631430452748475
Al,AlO,random_B_15,507.5,473.7894083010041,-33.71059169899593
Al,AlH,random_C_00,294.3,344.8770434874035,50.5770434874035
Al,AlO,random_C_00,507.5,436.9202853448137,-70.57971465518631
Al,AlH,random_C_01,294.3,378.12422722402175,83.82422722402174
Al,AlO,random_C_01,507.5,479.70011061317285,-27.799889386827147
Al,AlH,random_C_02,294.3,356.322433005834,62.02243300583399
Al,AlO,random_C_02,507.5,478.9230716813465,-28.576928318653472
Al,AlH,random_C_03,294.3,420.59555652856864,126.29555652856862
Al,AlO,random_C_03,507.5,432.6918902170604,-74.8081097829396
Al,AlH,random_C_04,294.3,375.18010634550484,80.88010634550483
Al,AlO,random_C_04,507.5,442.045696317339,-65.45430368266102
Al,AlH,random_C_05,294.3,360.7205191786093,66.42051917860931
Al,AlO,random_C_05,507.5,465.85163866813434,-41.64836133186566
Al,AlH,random_C_06,294.3,276.8794291231564,-17.420570876843612
Al,AlO,random_C_06,507.5,351.3262899071249,-156.17371009287513
Al,AlH,random_C_07,294.3,349.84591243986114,55.54591243986113
Al,AlO,random_C_07,507.5,438.4813984646331,-69.01860153536688
Al,AlH,random_C_08,294.3,324.32696789461954,30.02696789461953
Al,AlO,random_C_08,507.5,422.7115524565488,-84.78844754345118
Al,AlH,random_C_09,294.3,307.4680426871867,13.168042687186698
Al,AlO,random_C_09,507.5,439.29311555657443,-68.20688444342557
Al,AlH,random_C_10,294.3,405.51906240682814,111.21906240682813
Al,AlO,random_C_10,507.5,499.8050277779333,-7.694972222066724
Al,AlH,random_C_11,294.3,335.3466200663099,41.04662006630991
Al,AlO,random_C_11,507.5,423.5357574213422,-83.96424257865777
Al,AlH,random_C_12,294.3,352.1599143011826,57.859914301182584
Al,AlO,random_C_12,507.5,431.5924420898885,-75.9075579101115
Al,AlH,random_C_13,294.3,365.20193885214064,70.90193885214063
Al,AlO,random_C_13,507.5,486.7320223490693,-20.767977650930675
Al,AlH,random_C_14,294.3,324.96605548311715,30.666055483117134
Al,AlO,random_C_14,507.5,406.58365649562666,-100.91634350437334
Al,AlH,random_C_15,294.3,358.2341732007689,63.934173200768896
Al,AlO,random_C_15,507.5,390.9983564497327,-116.50164355026732
Si,SiH,mean_only,294.8,397.2,102.39999999999998
Si,Si2,mean_only,311.3,397.2,85.89999999999998
Si,SiN,mean_only,514.0,397.2,-116.80000000000001
Si,SiO,mean_only,794.1,397.2,-396.90000000000003
Si,SiH,atomic_number_ABC,294.8,393.0359150955323,98.23591509553228
Si,Si2,atomic_number_ABC,311.3,410.53251595875406,99.23251595875405
Si,SiN,atomic_number_ABC,514.0,402.5662283071524,-111.43377169284759
Si,SiO,atomic_number_ABC,794.1,403.9348852889393,-390.1651147110607
Si,SiH,raw_properties_ABC,294.8,385.46618178181234,90.66618178181233
Si,Si2,raw_properties_ABC,311.3,364.14440320663493,52.84440320663492
Si,SiN,raw_properties_ABC,514.0,504.47805033509843,-9.52194966490157
Si,SiO,raw_properties_ABC,794.1,535.024920566005,-259.07507943399503
Si,SiH,fixed_A,294.8,380.81841357090735,86.01841357090734
Si,Si2,fixed_A,311.3,395.2340147829901,83.93401478299006
Si,SiN,fixed_A,514.0,446.26192008836614,-67.73807991163386
Si,SiO,fixed_A,794.1,468.13594757749854,-325.9640524225015
Si,SiH,fixed_B,294.8,248.78297162795755,-46.01702837204246
Si,Si2,fixed_B,311.3,360.0826722816255,48.78267228162548
Si,SiN,fixed_B,514.0,400.7475113409612,-113.25248865903882
Si,SiO,fixed_B,794.1,474.008183567672,-320.091816432328
Si,SiH,fixed_C,294.8,351.19064680798573,56.39064680798572
Si,Si2,fixed_C,311.3,357.7382826195279,46.43828261952791
Si,SiN,fixed_C,514.0,410.74144272666706,-103.25855727333294
Si,SiO,fixed_C,794.1,456.95989729143093,-337.1401027085691
Si,SiH,fixed_ABC,294.8,331.03784303886664,36.23784303886663
Si,Si2,fixed_ABC,311.3,351.2287228012838,39.92872280128381
Si,SiN,fixed_ABC,514.0,465.7834230748567,-48.21657692514327
Si,SiO,fixed_ABC,794.1,543.3303869351721,-250.76961306482792
Si,SiH,random_A_00,294.8,389.77098612127793,94.97098612127792
Si,Si2,random_A_00,311.3,408.7626794125243,97.46267941252427
Si,SiN,random_A_00,514.0,458.9332590422823,-55.066740957717684
Si,SiO,random_A_00,794.1,471.0199016061809,-323.0800983938191
Si,SiH,random_A_01,294.8,372.128758583253,77.32875858325298
Si,Si2,random_A_01,311.3,384.6174177947759,73.3174177947759
Si,SiN,random_A_01,514.0,445.9810370791985,-68.01896292080153
Si,SiO,random_A_01,794.1,481.60536032938086,-312.49463967061916
Si,SiH,random_A_02,294.8,390.0460879365568,95.24608793655676
Si,Si2,random_A_02,311.3,383.74540524524525,72.44540524524524
Si,SiN,random_A_02,514.0,429.13637031883377,-84.86362968116623
Si,SiO,random_A_02,794.1,449.28167798821295,-344.8183220117871
Si,SiH,random_A_03,294.8,375.26489756304517,80.46489756304516
Si,Si2,random_A_03,311.3,382.851967005303,71.55196700530297
Si,SiN,random_A_03,514.0,437.11542138136076,-76.88457861863924
Si,SiO,random_A_03,794.1,464.15676546858435,-329.94323453141567
Si,SiH,random_A_04,294.8,372.0554351401719,77.25543514017187
Si,Si2,random_A_04,311.3,371.119584902271,59.819584902271004
Si,SiN,random_A_04,514.0,426.71816651632656,-87.28183348367344
Si,SiO,random_A_04,794.1,466.0921512101572,-328.0078487898428
Si,SiH,random_A_05,294.8,378.61576313268444,83.81576313268442
Si,Si2,random_A_05,311.3,381.61410099920363,70.31410099920362
Si,SiN,random_A_05,514.0,421.4059724514244,-92.59402754857558
Si,SiO,random_A_05,794.1,463.1212865312108,-330.97871346878924
Si,SiH,random_A_06,294.8,373.04360213929607,78.24360213929606
Si,Si2,random_A_06,311.3,392.1931238853159,80.8931238853159
Si,SiN,random_A_06,514.0,432.006527397588,-81.993472602412
Si,SiO,random_A_06,794.1,467.8993239528141,-326.20067604718594
Si,SiH,random_A_07,294.8,377.51205597420125,82.71205597420123
Si,Si2,random_A_07,311.3,367.88119583467335,56.58119583467334
Si,SiN,random_A_07,514.0,429.8888790452935,-84.11112095470651
Si,SiO,random_A_07,794.1,451.11987473146866,-342.98012526853137
Si,SiH,random_A_08,294.8,365.12426428998856,70.32426428998855
Si,Si2,random_A_08,311.3,363.7723616350004,52.47236163500037
Si,SiN,random_A_08,514.0,428.2538795475478,-85.7461204524522
Si,SiO,random_A_08,794.1,481.73045724415874,-312.3695427558413
Si,SiH,random_A_09,294.8,375.9018227206726,81.1018227206726
Si,Si2,random_A_09,311.3,373.36406281525404,62.06406281525403
Si,SiN,random_A_09,514.0,434.92043403852813,-79.07956596147187
Si,SiO,random_A_09,794.1,453.6805155802669,-340.4194844197331
Si,SiH,random_A_10,294.8,386.00533265809594,91.20533265809593
Si,Si2,random_A_10,311.3,367.9533772305497,56.653377230549665
Si,SiN,random_A_10,514.0,424.62441424568016,-89.37558575431984
Si,SiO,random_A_10,794.1,446.61573734754035,-347.4842626524597
Si,SiH,random_A_11,294.8,368.11777215902,73.31777215901997
Si,Si2,random_A_11,311.3,380.78034630894797,69.48034630894796
Si,SiN,random_A_11,514.0,430.63323262104433,-83.36676737895567
Si,SiO,random_A_11,794.1,464.194208396769,-329.905791603231
Si,SiH,random_A_12,294.8,379.27179048485925,84.47179048485924
Si,Si2,random_A_12,311.3,386.729203193688,75.42920319368801
Si,SiN,random_A_12,514.0,440.8066322831073,-73.19336771689268
Si,SiO,random_A_12,794.1,459.9120930084605,-334.18790699153953
Si,SiH,random_A_13,294.8,341.5816210633156,46.78162106331558
Si,Si2,random_A_13,311.3,308.08185695344946,-3.2181430465505514
Si,SiN,random_A_13,514.0,400.36664276015364,-113.63335723984636
Si,SiO,random_A_13,794.1,430.5276660128441,-363.5723339871559
Si,SiH,random_A_14,294.8,359.2526737590201,64.45267375902012
Si,Si2,random_A_14,311.3,363.88170917291546,52.58170917291545
Si,SiN,random_A_14,514.0,433.48734234418805,-80.51265765581195
Si,SiO,random_A_14,794.1,478.55103852339295,-315.5489614766071
Si,SiH,random_A_15,294.8,378.57044798339086,83.77044798339085
Si,Si2,random_A_15,311.3,392.4513907795041,81.15139077950408
Si,SiN,random_A_15,514.0,435.3750027778787,-78.6249972221213
Si,SiO,random_A_15,794.1,468.6207695084837,-325.4792304915163
Si,SiH,random_B_00,294.8,348.2568202618327,53.45682026183266
Si,Si2,random_B_00,311.3,366.6261845312841,55.32618453128407
Si,SiN,random_B_00,514.0,437.40793478746184,-76.59206521253816
Si,SiO,random_B_00,794.1,462.64158986462576,-331.45841013537427
Si,SiH,random_B_01,294.8,203.4271634412771,-91.37283655872292
Si,Si2,random_B_01,311.3,372.0382719139981,60.73827191399806
Si,SiN,random_B_01,514.0,406.6564526772553,-107.34354732274471
Si,SiO,random_B_01,794.1,474.29707030045506,-319.80292969954496
Si,SiH,random_B_02,294.8,309.8003464206295,15.000346420629512
Si,Si2,random_B_02,311.3,368.26336744847913,56.96336744847912
Si,SiN,random_B_02,514.0,369.9306915928532,-144.06930840714682
Si,SiO,random_B_02,794.1,398.7674725963526,-395.3325274036474
Si,SiH,random_B_03,294.8,204.38864796860517,-90.41135203139484
Si,Si2,random_B_03,311.3,358.9298646210572,47.62986462105721
Si,SiN,random_B_03,514.0,414.3536156163765,-99.64638438362351
Si,SiO,random_B_03,794.1,463.7133943679094,-330.3866056320906
Si,SiH,random_B_04,294.8,240.7091539986155,-54.090846001384506
Si,Si2,random_B_04,311.3,353.56790968639075,42.26790968639074
Si,SiN,random_B_04,514.0,401.1031021761697,-112.89689782383027
Si,SiO,random_B_04,794.1,439.7003809780287,-354.3996190219713
Si,SiH,random_B_05,294.8,247.96711484088132,-46.83288515911869
Si,Si2,random_B_05,311.3,371.8143531782253,60.51435317822529
Si,SiN,random_B_05,514.0,409.83146295867135,-104.16853704132865
Si,SiO,random_B_05,794.1,417.9493206143877,-376.1506793856123
Si,SiH,random_B_06,294.8,213.83128248376767,-80.96871751623235
Si,Si2,random_B_06,311.3,365.31482416305374,54.01482416305373
Si,SiN,random_B_06,514.0,436.1241284480592,-77.8758715519408
Si,SiO,random_B_06,794.1,496.09448167586464,-298.0055183241354
Si,SiH,random_B_07,294.8,280.1809366047388,-14.619063395261207
Si,Si2,random_B_07,311.3,368.9112648135991,57.611264813599064
Si,SiN,random_B_07,514.0,394.58591843759126,-119.41408156240874
Si,SiO,random_B_07,794.1,378.94671952718636,-415.15328047281366
Si,SiH,random_B_08,294.8,216.69996247963593,-78.10003752036408
Si,Si2,random_B_08,311.3,358.39503768145016,47.09503768145015
Si,SiN,random_B_08,514.0,432.0985741100443,-81.9014258899557
Si,SiO,random_B_08,794.1,397.88801519880894,-396.2119848011911
Si,SiH,random_B_09,294.8,207.09453158309714,-87.70546841690287
Si,Si2,random_B_09,311.3,362.91280014894573,51.61280014894572
Si,SiN,random_B_09,514.0,411.9947731070918,-102.00522689290818
Si,SiO,random_B_09,794.1,492.28223861051094,-301.8177613894891
Si,SiH,random_B_10,294.8,267.3956679743068,-27.404332025693236
Si,Si2,random_B_10,311.3,362.7059664095192,51.40596640951918
Si,SiN,random_B_10,514.0,433.68225135670366,-80.31774864329634
Si,SiO,random_B_10,794.1,469.6638524067286,-324.4361475932714
Si,SiH,random_B_11,294.8,234.46288103103242,-60.33711896896759
Si,Si2,random_B_11,311.3,350.7670178239287,39.4670178239287
Si,SiN,random_B_11,514.0,426.3842819413314,-87.61571805866862
Si,SiO,random_B_11,794.1,436.5261229814581,-357.5738770185419
Si,SiH,random_B_12,294.8,279.29607572170426,-15.503924278295756
Si,Si2,random_B_12,311.3,373.7245485709316,62.42454857093156
Si,SiN,random_B_12,514.0,425.65781026345724,-88.34218973654276
Si,SiO,random_B_12,794.1,454.21655421688786,-339.88344578311217
Si,SiH,random_B_13,294.8,260.1578406150994,-34.642159384900594
Si,Si2,random_B_13,311.3,361.8399918580647,50.539991858064695
Si,SiN,random_B_13,514.0,437.40396452936284,-76.59603547063716
Si,SiO,random_B_13,794.1,470.07635967837143,-324.0236403216286
Si,SiH,random_B_14,294.8,292.5615160136178,-2.238483986382221
Si,Si2,random_B_14,311.3,353.3955666493199,42.09556664931989
Si,SiN,random_B_14,514.0,394.6212955063629,-119.37870449363709
Si,SiO,random_B_14,794.1,433.30703068044426,-360.79296931955577
Si,SiH,random_B_15,294.8,236.4396533884102,-58.36034661158982
Si,Si2,random_B_15,311.3,368.8862714932208,57.586271493220806
Si,SiN,random_B_15,514.0,421.6242339305113,-92.37576606948869
Si,SiO,random_B_15,794.1,447.0951983002473,-347.0048016997527
Si,SiH,random_C_00,294.8,300.74927626965996,5.949276269659947
Si,Si2,random_C_00,311.3,431.17446226702583,119.87446226702582
Si,SiN,random_C_00,514.0,416.0127884130292,-97.98721158697077
Si,SiO,random_C_00,794.1,392.13770697802966,-401.96229302197037
Si,SiH,random_C_01,294.8,396.4674377617292,101.66743776172916
Si,Si2,random_C_01,311.3,363.02337522225275,51.72337522225274
Si,SiN,random_C_01,514.0,419.10402282938094,-94.89597717061906
Si,SiO,random_C_01,794.1,356.1393907771922,-437.9606092228078
Si,SiH,random_C_02,294.8,358.23182279232935,63.43182279232934
Si,Si2,random_C_02,311.3,402.20873343057156,90.90873343057154
Si,SiN,random_C_02,514.0,478.7473941953836,-35.252605804616394
Si,SiO,random_C_02,794.1,496.1530303025262,-297.94696969747383
Si,SiH,random_C_03,294.8,458.51092084377683,163.71092084377682
Si,Si2,random_C_03,311.3,329.69120382152823,18.391203821528222
Si,SiN,random_C_03,514.0,418.7136460688227,-95.2863539311773
Si,SiO,random_C_03,794.1,447.4410739765284,-346.6589260234716
Si,SiH,random_C_04,294.8,353.0378942783478,58.23789427834777
Si,Si2,random_C_04,311.3,292.574373176573,-18.725626823427035
Si,SiN,random_C_04,514.0,408.5431310604115,-105.4568689395885
Si,SiO,random_C_04,794.1,455.44399148741223,-338.6560085125878
Si,SiH,random_C_05,294.8,305.71848700726434,10.918487007264332
Si,Si2,random_C_05,311.3,423.8922381787021,112.59223817870208
Si,SiN,random_C_05,514.0,427.28832825589666,-86.71167174410334
Si,SiO,random_C_05,794.1,377.4262161734784,-416.6737838265216
Si,SiH,random_C_06,294.8,347.95708702671527,53.15708702671526
Si,Si2,random_C_06,311.3,354.4873091326518,43.18730913265176
Si,SiN,random_C_06,514.0,441.72395322104023,-72.27604677895977
Si,SiO,random_C_06,794.1,461.0622896630979,-333.03771033690214
Si,SiH,random_C_07,294.8,386.4815588126269,91.68155881262686
Si,Si2,random_C_07,311.3,375.1941355814771,63.89413558147709
Si,SiN,random_C_07,514.0,470.64244885093797,-43.35755114906203
Si,SiO,random_C_07,794.1,466.2088108760392,-327.8911891239608
Si,SiH,random_C_08,294.8,332.02594416836445,37.225944168364435
Si,Si2,random_C_08,311.3,364.9548551441598,53.6548551441598
Si,SiN,random_C_08,514.0,423.8771852586317,-90.1228147413683
Si,SiO,random_C_08,794.1,482.58784126933807,-311.51215873066195
Si,SiH,random_C_09,294.8,314.44889833553094,19.64889833553093
Si,Si2,random_C_09,311.3,371.5988471778282,60.29884717782818
Si,SiN,random_C_09,514.0,451.2815726523152,-62.71842734768478
Si,SiO,random_C_09,794.1,515.8098010543995,-278.29019894560054
Si,SiH,random_C_10,294.8,348.7079910107823,53.90799101078227
Si,Si2,random_C_10,311.3,312.3543496068388,1.054349606838798
Si,SiN,random_C_10,514.0,420.53643283503874,-93.46356716496126
Si,SiO,random_C_10,794.1,467.5540904078397,-326.54590959216034
Si,SiH,random_C_11,294.8,424.6748872655958,129.87488726559582
Si,Si2,random_C_11,311.3,337.5648168399665,26.2648168399665
Si,SiN,random_C_11,514.0,447.487751437176,-66.51224856282403
Si,SiO,random_C_11,794.1,483.5052107402197,-310.5947892597803
Si,SiH,random_C_12,294.8,386.33160426416424,91.53160426416423
Si,Si2,random_C_12,311.3,290.9160176908299,-20.383982309170108
Si,SiN,random_C_12,514.0,423.06884527328333,-90.93115472671667
Si,SiO,random_C_12,794.1,447.35466690385965,-346.74533309614037
Si,SiH,random_C_13,294.8,412.6831859134405,117.88318591344051
Si,Si2,random_C_13,311.3,323.1669857781388,11.866985778138769
Si,SiN,random_C_13,514.0,427.7837216521752,-86.21627834782481
Si,SiO,random_C_13,794.1,448.3835881655104,-345.71641183448963
Si,SiH,random_C_14,294.8,393.4416565865974,98.64165658659738
Si,Si2,random_C_14,311.3,309.99407400201824,-1.305925997981774
Si,SiN,random_C_14,514.0,447.2093592144836,-66.79064078551642
Si,SiO,random_C_14,794.1,480.9554305058212,-313.1445694941788
Si,SiH,random_C_15,294.8,392.67765809814296,97.87765809814294
Si,Si2,random_C_15,311.3,312.4524019527578,1.1524019527577707
Si,SiN,random_C_15,514.0,389.2763090450892,-124.72369095491081
Si,SiO,random_C_15,794.1,415.97214295996804,-378.127857040032
P,PH,mean_only,277.2,395.1723404255319,117.97234042553191
P,P2,mean_only,485.5,395.1723404255319,-90.3276595744681
P,PN,mean_only,614.0,395.1723404255319,-218.8276595744681
P,PO,mean_only,590.0,395.1723404255319,-194.8276595744681
P,PS,mean_only,440.0,395.1723404255319,-44.8276595744681
P,PH,atomic_number_ABC,277.2,390.2465958403003,113.04659584030031
P,P2,atomic_number_ABC,485.5,398.49220117231334,-87.00779882768666
P,PN,atomic_number_ABC,614.0,395.4574552625616,-218.5425447374384
P,PO,atomic_number_ABC,590.0,396.1044609588945,-193.8955390411055
P,PS,atomic_number_ABC,440.0,393.63747544893005,-46.36252455106995
P,PH,raw_properties_ABC,277.2,290.0604082133794,12.8604082133794
P,P2,raw_properties_ABC,485.5,403.38253752793656,-82.11746247206344
P,PN,raw_properties_ABC,614.0,419.3716341503335,-194.62836584966652
P,PO,raw_properties_ABC,590.0,447.0567780755272,-142.94322192447282
P,PS,raw_properties_ABC,440.0,428.2483316123581,-11.751668387641928
P,PH,fixed_A,277.2,380.9094255270377,103.7094255270377
P,P2,fixed_A,485.5,399.77548146336574,-85.72451853663426
P,PN,fixed_A,614.0,442.0312822787403,-171.96871772125968
P,PO,fixed_A,590.0,468.6449604831869,-121.35503951681312
P,PS,fixed_A,440.0,356.2141350223559,-83.78586497764411
P,PH,fixed_B,277.2,392.2180251413807,115.01802514138069
P,P2,fixed_B,485.5,339.2668626138479,-146.23313738615212
P,PN,fixed_B,614.0,392.07363622181447,-221.92636377818553
P,PO,fixed_B,590.0,451.29506267506645,-138.70493732493355
P,PS,fixed_B,440.0,339.8868077652103,-100.11319223478972
P,PH,fixed_C,277.2,439.7728264293712,162.57282642937122
P,P2,fixed_C,485.5,350.777483000337,-134.72251699966301
P,PN,fixed_C,614.0,408.87011947760976,-205.12988052239024
P,PO,fixed_C,590.0,396.0136912514335,-193.9863087485665
P,PS,fixed_C,440.0,370.5604425997383,-69.43955740026172
P,PH,fixed_ABC,277.2,428.2586324036737,151.0586324036737
P,P2,fixed_ABC,485.5,435.92428569288455,-49.57571430711545
P,PN,fixed_ABC,614.0,527.7056149976831,-86.29438500231686
P,PO,fixed_ABC,590.0,548.4366719029003,-41.56332809709966
P,PS,fixed_ABC,440.0,406.1494213621043,-33.850578637895694
P,PH,random_A_00,277.2,388.7081200474187,111.50812004741869
P,P2,random_A_00,485.5,408.9312989379997,-76.56870106200029
P,PN,random_A_00,614.0,453.3136349572403,-160.6863650427597
P,PO,random_A_00,590.0,470.2207226987417,-119.77927730125828
P,PS,random_A_00,440.0,352.4730714684471,-87.52692853155293
P,PH,random_A_01,277.2,397.8484178929272,120.64841789292723
P,P2,random_A_01,485.5,435.0357473803231,-50.46425261967693
P,PN,random_A_01,614.0,466.9736431204624,-147.02635687953762
P,PO,random_A_01,590.0,507.6410117429866,-82.35898825701338
P,PS,random_A_01,440.0,375.3130267774159,-64.68697322258407
P,PH,random_A_02,277.2,373.8168300906648,96.61683009066479
P,P2,random_A_02,485.5,362.11401697228854,-123.38598302771146
P,PN,random_A_02,614.0,411.0343790309098,-202.9656209690902
P,PO,random_A_02,590.0,435.95461118948555,-154.04538881051445
P,PS,random_A_02,440.0,324.5331615258101,-115.4668384741899
P,PH,random_A_03,277.2,380.69984107362416,103.49984107362417
P,P2,random_A_03,485.5,397.7446811849584,-87.75531881504162
P,PN,random_A_03,614.0,438.49171437178364,-175.50828562821636
P,PO,random_A_03,590.0,468.24232236287395,-121.75767763712605
P,PS,random_A_03,440.0,353.14628458901984,-86.85371541098016
P,PH,random_A_04,277.2,383.5050731322013,106.3050731322013
P,P2,random_A_04,485.5,398.6912342961392,-86.80876570386079
P,PN,random_A_04,614.0,434.8952086630783,-179.10479133692172
P,PO,random_A_04,590.0,477.7974101290183,-112.20258987098168
P,PS,random_A_04,440.0,353.4181332104799,-86.58186678952012
P,PH,random_A_05,277.2,361.2264027451462,84.02640274514619
P,P2,random_A_05,485.5,356.4646818844789,-129.03531811552108
P,PN,random_A_05,614.0,401.5757831342673,-212.42421686573272
P,PO,random_A_05,590.0,445.4498551464446,-144.55014485355542
P,PS,random_A_05,440.0,340.7654331113989,-99.23456688860108
P,PH,random_A_06,277.2,344.4146618865584,67.21466188655842
P,P2,random_A_06,485.5,344.51449545257555,-140.98550454742445
P,PN,random_A_06,614.0,400.86163948681104,-213.13836051318896
P,PO,random_A_06,590.0,439.0694621940578,-150.9305378059422
P,PS,random_A_06,440.0,322.93260506474394,-117.06739493525606
P,PH,random_A_07,277.2,392.4177997647561,115.21779976475614
P,P2,random_A_07,485.5,399.8368850340671,-85.66311496593289
P,PN,random_A_07,614.0,439.41303326493517,-174.58696673506483
P,PO,random_A_07,590.0,464.52724200660646,-125.47275799339354
P,PS,random_A_07,440.0,361.41251142096917,-78.58748857903083
P,PH,random_A_08,277.2,390.41597091296455,113.21597091296456
P,P2,random_A_08,485.5,416.51834852074415,-68.98165147925585
P,PN,random_A_08,614.0,449.7331754747009,-164.2668245252991
P,PO,random_A_08,590.0,507.3492747343392,-82.65072526566081
P,PS,random_A_08,440.0,363.97642994034373,-76.02357005965627
P,PH,random_A_09,277.2,393.8950407507685,116.6950407507685
P,P2,random_A_09,485.5,412.13875676869156,-73.36124323130844
P,PN,random_A_09,614.0,448.3882233176627,-165.61177668233728
P,PO,random_A_09,590.0,472.1999394127699,-117.80006058723012
P,PS,random_A_09,440.0,356.98008905628427,-83.01991094371573
P,PH,random_A_10,277.2,384.3163913580664,107.11639135806644
P,P2,random_A_10,485.5,376.0953494350075,-109.4046505649925
P,PN,random_A_10,614.0,421.1535801680596,-192.8464198319404
P,PO,random_A_10,590.0,447.06437000366407,-142.93562999633593
P,PS,random_A_10,440.0,333.3505762613502,-106.64942373864977
P,PH,random_A_11,277.2,362.6227224562879,85.42272245628789
P,P2,random_A_11,485.5,377.1559512621942,-108.34404873780579
P,PN,random_A_11,614.0,421.74443467138406,-192.25556532861594
P,PO,random_A_11,590.0,458.8852811242666,-131.1147188757334
P,PS,random_A_11,440.0,347.01800248508147,-92.98199751491853
P,PH,random_A_12,277.2,379.91060485749995,102.71060485749996
P,P2,random_A_12,485.5,394.44279449600145,-91.05720550399855
P,PN,random_A_12,614.0,437.7862197968498,-176.21378020315018
P,PO,random_A_12,590.0,461.6742566238934,-128.32574337610657
P,PS,random_A_12,440.0,346.21893114712236,-93.78106885287764
P,PH,random_A_13,277.2,400.4785817610013,123.2785817610013
P,P2,random_A_13,485.5,433.63917770007356,-51.86082229992644
P,PN,random_A_13,614.0,458.60009516588855,-155.39990483411145
P,PO,random_A_13,590.0,491.82327329901307,-98.17672670098693
P,PS,random_A_13,440.0,390.37557199223426,-49.624428007765744
P,PH,random_A_14,277.2,391.7750582233633,114.57505822336333
P,P2,random_A_14,485.5,429.3092474539347,-56.19075254606531
P,PN,random_A_14,614.0,461.75727399271267,-152.24272600728733
P,PO,random_A_14,590.0,511.7899305090501,-78.21006949094988
P,PS,random_A_14,440.0,370.53486887922236,-69.46513112077764
P,PH,random_A_15,277.2,371.8177282500992,94.61772825009922
P,P2,random_A_15,485.5,385.26981823876446,-100.23018176123554
P,PN,random_A_15,614.0,425.83481600715197,-188.16518399284803
P,PO,random_A_15,590.0,461.18658955299514,-128.81341044700486
P,PS,random_A_15,440.0,353.7788621249399,-86.2211378750601
P,PH,random_B_00,277.2,176.71767114475037,-100.48232885524962
P,P2,random_B_00,485.5,347.3736245032766,-138.12637549672343
P,PN,random_B_00,614.0,319.205755184875,-294.794244815125
P,PO,random_B_00,590.0,332.00154505115313,-257.99845494884687
P,PS,random_B_00,440.0,296.5490438823884,-143.4509561176116
P,PH,random_B_01,277.2,240.41373438415195,-36.78626561584804
P,P2,random_B_01,485.5,350.75224988090497,-134.74775011909503
P,PN,random_B_01,614.0,351.8175979692588,-262.1824020307412
P,PO,random_B_01,590.0,442.903900435519,-147.096099564481
P,PS,random_B_01,440.0,314.43647263925743,-125.56352736074257
P,PH,random_B_02,277.2,303.92587072119454,26.725870721194553
P,P2,random_B_02,485.5,347.871789514343,-137.628210485657
P,PN,random_B_02,614.0,351.2632413321665,-262.7367586678335
P,PO,random_B_02,590.0,383.1096516719526,-206.89034832804742
P,PS,random_B_02,440.0,337.91477923822356,-102.08522076177644
P,PH,random_B_03,277.2,326.92224165155596,49.722241651555976
P,P2,random_B_03,485.5,337.7473516178303,-147.7526483821697
P,PN,random_B_03,614.0,380.56356790740165,-233.43643209259835
P,PO,random_B_03,590.0,432.35431372824974,-157.64568627175026
P,PS,random_B_03,440.0,327.2828876578306,-112.7171123421694
P,PH,random_B_04,277.2,281.90519255243566,4.705192552435676
P,P2,random_B_04,485.5,337.2582246951438,-148.24177530485622
P,PN,random_B_04,614.0,326.46564988125397,-287.53435011874603
P,PO,random_B_04,590.0,372.42146022169175,-217.57853977830825
P,PS,random_B_04,440.0,380.36130872844035,-59.63869127155965
P,PH,random_B_05,277.2,253.54547118732498,-23.65452881267501
P,P2,random_B_05,485.5,348.7648149324025,-136.7351850675975
P,PN,random_B_05,614.0,346.8864530824868,-267.1135469175132
P,PO,random_B_05,590.0,395.67610831416357,-194.32389168583643
P,PS,random_B_05,440.0,339.63337818095,-100.36662181905001
P,PH,random_B_06,277.2,232.51958411548088,-44.68041588451911
P,P2,random_B_06,485.5,341.9863816182384,-143.5136183817616
P,PN,random_B_06,614.0,382.413593677406,-231.58640632259397
P,PO,random_B_06,590.0,438.9298082099868,-151.0701917900132
P,PS,random_B_06,440.0,316.7066833719797,-123.2933166280203
P,PH,random_B_07,277.2,215.31844762667228,-61.88155237332771
P,P2,random_B_07,485.5,345.43496342813137,-140.06503657186863
P,PN,random_B_07,614.0,345.76798738394245,-268.23201261605755
P,PO,random_B_07,590.0,363.68806554722727,-226.31193445277273
P,PS,random_B_07,440.0,353.97419058377903,-86.02580941622097
P,PH,random_B_08,277.2,310.60788541327094,33.40788541327095
P,P2,random_B_08,485.5,334.8091714132245,-150.69082858677552
P,PN,random_B_08,614.0,352.8970450934803,-261.1029549065197
P,PO,random_B_08,590.0,352.8141106063172,-237.18588939368283
P,PS,random_B_08,440.0,345.4115367560511,-94.58846324394892
P,PH,random_B_09,277.2,302.50904773557716,25.309047735577167
P,P2,random_B_09,485.5,338.6368757909329,-146.8631242090671
P,PN,random_B_09,614.0,305.5613280596925,-308.4386719403075
P,PO,random_B_09,590.0,400.75399164983753,-189.24600835016247
P,PS,random_B_09,440.0,381.5600921892536,-58.43990781074638
P,PH,random_B_10,277.2,210.8610269396848,-66.3389730603152
P,P2,random_B_10,485.5,342.6071502936844,-142.8928497063156
P,PN,random_B_10,614.0,375.1142626327231,-238.88573736727687
P,PO,random_B_10,590.0,402.8254463972427,-187.17455360275733
P,PS,random_B_10,440.0,365.8575483323578,-74.1424516676422
P,PH,random_B_11,277.2,332.5527728644308,55.35277286443079
P,P2,random_B_11,485.5,331.9331102881499,-153.56688971185008
P,PN,random_B_11,614.0,337.0889134161864,-276.9110865838136
P,PO,random_B_11,590.0,330.98586581616297,-259.01413418383703
P,PS,random_B_11,440.0,364.10377333795935,-75.89622666204065
P,PH,random_B_12,277.2,263.4538280003319,-13.746171999668093
P,P2,random_B_12,485.5,350.80974486072137,-134.69025513927863
P,PN,random_B_12,614.0,280.38627678614876,-333.61372321385124
P,PO,random_B_12,590.0,334.3215101595603,-255.67848984043968
P,PS,random_B_12,440.0,363.0698723985503,-76.93012760144973
P,PH,random_B_13,277.2,241.00183470035046,-36.19816529964953
P,P2,random_B_13,485.5,345.01094061907577,-140.48905938092423
P,PN,random_B_13,614.0,340.91890967160646,-273.08109032839354
P,PO,random_B_13,590.0,394.6446316668046,-195.35536833319537
P,PS,random_B_13,440.0,370.27350713256504,-69.72649286743496
P,PH,random_B_14,277.2,232.54321547273463,-44.65678452726536
P,P2,random_B_14,485.5,331.4575962344281,-154.04240376557192
P,PN,random_B_14,614.0,327.489100608362,-286.510899391638
P,PO,random_B_14,590.0,411.33644907672397,-178.66355092327603
P,PS,random_B_14,440.0,435.2051851929087,-4.7948148070913135
P,PH,random_B_15,277.2,265.8762023378255,-11.323797662174513
P,P2,random_B_15,485.5,340.4344432524863,-145.0655567475137
P,PN,random_B_15,614.0,357.3748832939861,-256.6251167060139
P,PO,random_B_15,590.0,365.95776965016285,-224.04223034983715
P,PS,random_B_15,440.0,302.72373901579243,-137.27626098420757
P,PH,random_C_00,277.2,385.5281306605938,108.32813066059379
P,P2,random_C_00,485.5,376.07058168406184,-109.42941831593816
P,PN,random_C_00,614.0,381.2803714104005,-232.7196285895995
P,PO,random_C_00,590.0,374.93892250934107,-215.06107749065893
P,PS,random_C_00,440.0,379.82341789453477,-60.17658210546523
P,PH,random_C_01,277.2,386.14323411111377,108.94323411111378
P,P2,random_C_01,485.5,400.2482551569253,-85.25174484307468
P,PN,random_C_01,614.0,407.6180051183752,-206.3819948816248
P,PO,random_C_01,590.0,442.8747503318397,-147.12524966816028
P,PS,random_C_01,440.0,403.91865638762795,-36.08134361237205
P,PH,random_C_02,277.2,366.2373124976028,89.03731249760278
P,P2,random_C_02,485.5,376.5571954665768,-108.94280453342321
P,PN,random_C_02,614.0,372.0235799581918,-241.97642004180818
P,PO,random_C_02,590.0,364.82310183506854,-225.17689816493146
P,PS,random_C_02,440.0,366.2443036810991,-73.7556963189009
P,PH,random_C_03,277.2,362.80934162514353,85.60934162514354
P,P2,random_C_03,485.5,331.8933714095355,-153.60662859046448
P,PN,random_C_03,614.0,402.01426458106613,-211.98573541893387
P,PO,random_C_03,590.0,413.5963660318299,-176.40363396817008
P,PS,random_C_03,440.0,407.68100168109424,-32.318998318905756
P,PH,random_C_04,277.2,451.3468010573857,174.1468010573857
P,P2,random_C_04,485.5,396.3815705609487,-89.11842943905128
P,PN,random_C_04,614.0,421.9274261166837,-192.0725738833163
P,PO,random_C_04,590.0,465.25459933405864,-124.74540066594136
P,PS,random_C_04,440.0,414.2610289063117,-25.738971093688292
P,PH,random_C_05,277.2,433.5446825908657,156.34468259086572
P,P2,random_C_05,485.5,485.9293895488871,0.4293895488871158
P,PN,random_C_05,614.0,417.9371546127405,-196.06284538725947
P,PO,random_C_05,590.0,441.7093399430123,-148.2906600569877
P,PS,random_C_05,440.0,394.8952112583141,-45.10478874168592
P,PH,random_C_06,277.2,399.8097563920002,122.60975639200024
P,P2,random_C_06,485.5,440.9511813418511,-44.54881865814889
P,PN,random_C_06,614.0,484.6528819344516,-129.3471180655484
P,PO,random_C_06,590.0,497.730352591188,-92.26964740881198
P,PS,random_C_06,440.0,398.99336147789705,-41.006638522102946
P,PH,random_C_07,277.2,422.6975637766294,145.49756377662942
P,P2,random_C_07,485.5,365.8847613031244,-119.61523869687562
P,PN,random_C_07,614.0,396.34972726945944,-217.65027273054056
P,PO,random_C_07,590.0,395.1716583069575,-194.8283416930425
P,PS,random_C_07,440.0,371.8464036684151,-68.15359633158488
P,PH,random_C_08,277.2,397.70123983904585,120.50123983904587
P,P2,random_C_08,485.5,332.17661288486994,-153.32338711513006
P,PN,random_C_08,614.0,375.48202714856984,-238.51797285143016
P,PO,random_C_08,590.0,355.36201425414015,-234.63798574585985
P,PS,random_C_08,440.0,364.99574399042706,-75.00425600957294
P,PH,random_C_09,277.2,390.55999414201506,113.35999414201507
P,P2,random_C_09,485.5,375.58421638446964,-109.91578361553036
P,PN,random_C_09,614.0,390.38896031320087,-223.61103968679913
P,PO,random_C_09,590.0,384.48965585718247,-205.51034414281753
P,PS,random_C_09,440.0,388.64435751398145,-51.35564248601855
P,PH,random_C_10,277.2,425.7485172694407,148.5485172694407
P,P2,random_C_10,485.5,371.66841075656845,-113.83158924343155
P,PN,random_C_10,614.0,408.89677891860833,-205.10322108139167
P,PO,random_C_10,590.0,460.461995036146,-129.538004963854
P,PS,random_C_10,440.0,429.485568423711,-10.514431576288985
P,PH,random_C_11,277.2,381.15045883527455,103.95045883527456
P,P2,random_C_11,485.5,382.04595042658326,-103.45404957341674
P,PN,random_C_11,614.0,423.6723750517766,-190.3276249482234
P,PO,random_C_11,590.0,441.84698244821095,-148.15301755178905
P,PS,random_C_11,440.0,400.77116192576256,-39.228838074237444
P,PH,random_C_12,277.2,397.6862144779105,120.4862144779105
P,P2,random_C_12,485.5,368.7831967763767,-116.71680322362329
P,PN,random_C_12,614.0,398.6498187349811,-215.35018126501888
P,PO,random_C_12,590.0,387.8698438113967,-202.13015618860328
P,PS,random_C_12,440.0,373.4531808887146,-66.5468191112854
P,PH,random_C_13,277.2,439.4564988136901,162.2564988136901
P,P2,random_C_13,485.5,433.13701291525854,-52.36298708474146
P,PN,random_C_13,614.0,432.5701185637838,-181.4298814362162
P,PO,random_C_13,590.0,437.86603872845484,-152.13396127154516
P,PS,random_C_13,440.0,406.4583869479904,-33.54161305200961
P,PH,random_C_14,277.2,419.7166646330182,142.5166646330182
P,P2,random_C_14,485.5,375.8750066559153,-109.62499334408471
P,PN,random_C_14,614.0,418.032421790168,-195.96757820983203
P,PO,random_C_14,590.0,416.0605410386377,-173.93945896136228
P,PS,random_C_14,440.0,385.49772607574005,-54.50227392425995
P,PH,random_C_15,277.2,377.6189304531473,100.41893045314731
P,P2,random_C_15,485.5,352.5635321213204,-132.9364678786796
P,PN,random_C_15,614.0,406.9653361841601,-207.0346638158399
P,PO,random_C_15,590.0,420.34216443673984,-169.65783556326016
P,PS,random_C_15,440.0,419.92235479373466,-20.077645206265345
S,HS,mean_only,351.0,403.4122448979592,52.412244897959226
S,PS,mean_only,440.0,403.4122448979592,-36.587755102040774
S,S2,mean_only,421.6,403.4122448979592,-18.187755102040796
S,HS,atomic_number_ABC,351.0,392.72583209066545,41.72583209066545
S,PS,atomic_number_ABC,440.0,406.6375609458482,-33.36243905415182
S,S2,atomic_number_ABC,421.6,406.97174327692545,-14.628256723074571
S,HS,raw_properties_ABC,351.0,319.5675946972728,-31.432405302727204
S,PS,raw_properties_ABC,440.0,462.0709360147414,22.07093601474139
S,S2,raw_properties_ABC,421.6,432.7957300151795,11.195730015179493
S,HS,fixed_A,351.0,336.0470329888434,-14.952967011156602
S,PS,fixed_A,440.0,363.0239740588189,-76.97602594118109
S,S2,fixed_A,421.6,309.35233403514786,-112.24766596485216
S,HS,fixed_B,351.0,306.3389547849596,-44.66104521504042
S,PS,fixed_B,440.0,345.6464789932952,-94.3535210067048
S,S2,fixed_B,421.6,348.35780214414444,-73.24219785585558
S,HS,fixed_C,351.0,402.15862942791284,51.15862942791284
S,PS,fixed_C,440.0,394.7092574686004,-45.29074253139959
S,S2,fixed_C,421.6,365.91208613833714,-55.68791386166288
S,HS,fixed_ABC,351.0,346.2347707867342,-4.765229213265798
S,PS,fixed_ABC,440.0,434.44302503516934,-5.556974964830658
S,S2,fixed_ABC,421.6,471.7235669807414,50.12356698074137
S,HS,random_A_00,351.0,328.64963606212336,-22.350363937876637
S,PS,random_A_00,440.0,356.73028178385056,-83.26971821614944
S,S2,random_A_00,421.6,290.08411133541154,-131.5158886645885
S,HS,random_A_01,351.0,332.8365443811371,-18.163455618862884
S,PS,random_A_01,440.0,377.60428855817827,-62.39571144182173
S,S2,random_A_01,421.6,310.72857528215064,-110.87142471784938
S,HS,random_A_02,351.0,337.5704939385853,-13.429506061414713
S,PS,random_A_02,440.0,331.70946532416383,-108.29053467583617
S,S2,random_A_02,421.6,281.78402823086844,-139.81597176913158
S,HS,random_A_03,351.0,334.66201109088195,-16.337988909118053
S,PS,random_A_03,440.0,360.39165370911655,-79.60834629088345
S,S2,random_A_03,421.6,304.9128440968452,-116.6871559031548
S,HS,random_A_04,351.0,338.19424845622717,-12.805751543772828
S,PS,random_A_04,440.0,360.24507232929676,-79.75492767070324
S,S2,random_A_04,421.6,306.8761249669585,-114.72387503304151
S,HS,random_A_05,351.0,351.23419781692894,0.23419781692894048
S,PS,random_A_05,440.0,356.4146358214665,-83.5853641785335
S,S2,random_A_05,421.6,330.0102796086078,-91.58972039139223
S,HS,random_A_06,351.0,324.39268520534046,-26.607314794659544
S,PS,random_A_06,440.0,332.5309044850011,-107.46909551499891
S,S2,random_A_06,421.6,299.7689139416947,-121.83108605830535
S,HS,random_A_07,351.0,355.66080564860874,4.6608056486087435
S,PS,random_A_07,440.0,371.13193847554294,-68.86806152445706
S,S2,random_A_07,421.6,324.0258154172208,-97.5741845827792
S,HS,random_A_08,351.0,334.03000107113735,-16.96999892886265
S,PS,random_A_08,440.0,367.92863494286735,-72.07136505713265
S,S2,random_A_08,421.6,307.4431481752672,-114.15685182473283
S,HS,random_A_09,351.0,334.84126327549933,-16.15873672450067
S,PS,random_A_09,440.0,361.0760122453288,-78.9239877546712
S,S2,random_A_09,421.6,295.0803406478398,-126.5196593521602
S,HS,random_A_10,351.0,342.749557275446,-8.250442724553977
S,PS,random_A_10,440.0,342.2888261207018,-97.7111738792982
S,S2,random_A_10,421.6,286.9357859889047,-134.66421401109534
S,HS,random_A_11,351.0,334.07231504655306,-16.927684953446942
S,PS,random_A_11,440.0,359.14390549030946,-80.85609450969054
S,S2,random_A_11,421.6,318.95141003500373,-102.64858996499629
S,HS,random_A_12,351.0,330.32441670362607,-20.67558329637393
S,PS,random_A_12,440.0,353.1467465463752,-86.8532534536248
S,S2,random_A_12,421.6,294.5375666536147,-127.06243334638532
S,HS,random_A_13,351.0,356.02607360799135,5.02607360799135
S,PS,random_A_13,440.0,397.64354306057055,-42.35645693942945
S,S2,random_A_13,421.6,348.0697198745313,-73.53028012546872
S,HS,random_A_14,351.0,327.538173430147,-23.461826569852974
S,PS,random_A_14,440.0,373.1979140276007,-66.80208597239931
S,S2,random_A_14,421.6,307.3594069573975,-114.24059304260254
S,HS,random_A_15,351.0,341.7956477995393,-9.204352200460676
S,PS,random_A_15,440.0,364.59409046071096,-75.40590953928904
S,S2,random_A_15,421.6,323.1759381157298,-98.4240618842702
S,HS,random_B_00,351.0,171.32128188167493,-179.67871811832507
S,PS,random_B_00,440.0,328.33962114779285,-111.66037885220715
S,S2,random_B_00,421.6,358.3573693609239,-63.24263063907614
S,HS,random_B_01,351.0,230.13994127115754,-120.86005872884246
S,PS,random_B_01,440.0,307.5372509919328,-132.4627490080672
S,S2,random_B_01,421.6,364.2131512864112,-57.38684871358885
S,HS,random_B_02,351.0,211.86117863428302,-139.13882136571698
S,PS,random_B_02,440.0,347.93572741680345,-92.06427258319655
S,S2,random_B_02,421.6,360.4893823130287,-61.110617686971295
S,HS,random_B_03,351.0,338.9642867069442,-12.035713293055778
S,PS,random_B_03,440.0,338.85396665100376,-101.14603334899624
S,S2,random_B_03,421.6,348.9722340569606,-72.62776594303944
S,HS,random_B_04,351.0,280.99319047522647,-70.00680952477353
S,PS,random_B_04,440.0,392.32698381642354,-47.673016183576465
S,S2,random_B_04,421.6,346.9376996995629,-74.6623003004371
S,HS,random_B_05,351.0,219.88154577693584,-131.11845422306416
S,PS,random_B_05,440.0,353.3004697468804,-86.69953025311958
S,S2,random_B_05,421.6,361.36728900483183,-60.23271099516819
S,HS,random_B_06,351.0,388.1533547996037,37.153354799603676
S,PS,random_B_06,440.0,330.4467306750446,-109.55326932495541
S,S2,random_B_06,421.6,354.28474191951125,-67.31525808048877
S,HS,random_B_07,351.0,175.78945374413848,-175.21054625586152
S,PS,random_B_07,440.0,364.5793833744768,-75.42061662552322
S,S2,random_B_07,421.6,357.4206968292862,-64.17930317071381
S,HS,random_B_08,351.0,283.8144559923079,-67.1855440076921
S,PS,random_B_08,440.0,352.2786848550063,-87.7213151449937
S,S2,random_B_08,421.6,348.4424595465177,-73.15754045348234
S,HS,random_B_09,351.0,303.03008128052977,-47.96991871947023
S,PS,random_B_09,440.0,401.65299919323223,-38.34700080676777
S,S2,random_B_09,421.6,352.7858577851527,-68.81414221484732
S,HS,random_B_10,351.0,259.28091172954055,-91.71908827045945
S,PS,random_B_10,440.0,373.6320422798784,-66.36795772012158
S,S2,random_B_10,421.6,357.5688382753453,-64.03116172465474
S,HS,random_B_11,351.0,390.9688109170586,39.96881091705859
S,PS,random_B_11,440.0,366.67214681033613,-73.32785318966387
S,S2,random_B_11,421.6,345.907152808734,-75.69284719126603
S,HS,random_B_12,351.0,259.635208170227,-91.36479182977303
S,PS,random_B_12,440.0,381.9286073598881,-58.071392640111924
S,S2,random_B_12,421.6,367.9150611890712,-53.68493881092883
S,HS,random_B_13,351.0,304.06864595822367,-46.93135404177633
S,PS,random_B_13,440.0,386.2586531906364,-53.74134680936362
S,S2,random_B_13,421.6,358.10132468685106,-63.498675313148965
S,HS,random_B_14,351.0,311.23530193858124,-39.764698061418756
S,PS,random_B_14,440.0,452.88171997078285,12.881719970782854
S,S2,random_B_14,421.6,346.07834913899455,-75.52165086100547
S,HS,random_B_15,351.0,234.97634510829326,-116.02365489170674
S,PS,random_B_15,440.0,314.01875059025036,-125.98124940974964
S,S2,random_B_15,421.6,357.17855640579046,-64.42144359420956
S,HS,random_C_00,351.0,409.1744625470272,58.17446254702719
S,PS,random_C_00,440.0,397.8370931359275,-42.16290686407251
S,S2,random_C_00,421.6,367.77162325572544,-53.82837674427458
S,HS,random_C_01,351.0,403.90713863291154,52.90713863291154
S,PS,random_C_01,440.0,416.00935622238444,-23.99064377761556
S,S2,random_C_01,421.6,369.4344706046012,-52.165529395398835
S,HS,random_C_02,351.0,400.32392724210365,49.32392724210365
S,PS,random_C_02,440.0,391.56250301180165,-48.43749698819835
S,S2,random_C_02,421.6,368.6849043961694,-52.91509560383065
S,HS,random_C_03,351.0,441.7194534760157,90.7194534760157
S,PS,random_C_03,440.0,432.6833097513978,-7.316690248602185
S,S2,random_C_03,421.6,407.7403837696857,-13.859616230314316
S,HS,random_C_04,351.0,390.9908670194614,39.990867019461405
S,PS,random_C_04,440.0,418.29931865134745,-21.70068134865255
S,S2,random_C_04,421.6,360.9749457214537,-60.625054278546315
S,HS,random_C_05,351.0,406.912810378365,55.91281037836501
S,PS,random_C_05,440.0,394.6340119800419,-45.36598801995808
S,S2,random_C_05,421.6,361.96413625854115,-59.63586374145888
S,HS,random_C_06,351.0,413.50384803150695,62.50384803150695
S,PS,random_C_06,440.0,401.03080428283783,-38.969195717162165
S,S2,random_C_06,421.6,346.00494210885176,-75.59505789114826
S,HS,random_C_07,351.0,434.31871415792176,83.31871415792176
S,PS,random_C_07,440.0,384.9909970358859,-55.009002964114075
S,S2,random_C_07,421.6,349.5891602578003,-72.01083974219972
S,HS,random_C_08,351.0,417.1053336281973,66.10533362819729
S,PS,random_C_08,440.0,391.57672430932,-48.423275690679986
S,S2,random_C_08,421.6,363.4381013932613,-58.1618986067387
S,HS,random_C_09,351.0,410.007452111379,59.007452111378996
S,PS,random_C_09,440.0,405.50028997252235,-34.49971002747765
S,S2,random_C_09,421.6,376.261287690124,-45.33871230987603
S,HS,random_C_10,351.0,408.78646371649506,57.786463716495064
S,PS,random_C_10,440.0,445.13075111570174,5.130751115701742
S,S2,random_C_10,421.6,375.4204040579494,-46.17959594205064
S,HS,random_C_11,351.0,390.81829555893023,39.81829555893023
S,PS,random_C_11,440.0,413.56826253305536,-26.43173746694464
S,S2,random_C_11,421.6,388.6739696559269,-32.926030344073126
S,HS,random_C_12,351.0,392.7113214458591,41.711321445859085
S,PS,random_C_12,440.0,388.76980826118745,-51.23019173881255
S,S2,random_C_12,421.6,379.71521190661343,-41.88478809338659
S,HS,random_C_13,351.0,430.02000770679535,79.02000770679535
S,PS,random_C_13,440.0,414.1670916321491,-25.832908367850905
S,S2,random_C_13,421.6,381.8956837602104,-39.70431623978965
S,HS,random_C_14,351.0,398.3392672261814,47.33926722618139
S,PS,random_C_14,440.0,399.9010672359666,-40.09893276403341
S,S2,random_C_14,421.6,364.17004445218174,-57.42995554781828
S,HS,random_C_15,351.0,428.07184687435773,77.07184687435773
S,PS,random_C_15,440.0,429.734039201147,-10.265960798852973
S,S2,random_C_15,421.6,364.7085785280852,-56.89142147191484
Cl,HCl,mean_only,427.8,416.9065217391304,-10.893478260869585
Cl,Cl2,mean_only,239.3,416.9065217391304,177.60652173913041
Cl,ClF,mean_only,247.1,416.9065217391304,169.80652173913043
Cl,ClO,mean_only,265.2,416.9065217391304,151.70652173913044
Cl,NaCl,mean_only,407.4,416.9065217391304,9.506521739130449
Cl,BrCl,mean_only,215.3,416.9065217391304,201.60652173913041
Cl,HCl,atomic_number_ABC,427.8,395.4516138865735,-32.3483861134265
Cl,Cl2,atomic_number_ABC,239.3,431.3215364792758,192.02153647927577
Cl,ClF,atomic_number_ABC,247.1,416.8624937410717,169.76249374107172
Cl,ClO,atomic_number_ABC,265.2,414.5250951548655,149.3250951548655
Cl,NaCl,atomic_number_ABC,407.4,421.20749810135396,13.807498101353985
Cl,BrCl,atomic_number_ABC,215.3,355.9317294496809,140.6317294496809
Cl,HCl,raw_properties_ABC,427.8,441.94564216919906,14.14564216919905
Cl,Cl2,raw_properties_ABC,239.3,202.82131476693644,-36.47868523306357
Cl,ClF,raw_properties_ABC,247.1,133.9309675928257,-113.16903240717429
Cl,ClO,raw_properties_ABC,265.2,446.7146407346048,181.51464073460482
Cl,NaCl,raw_properties_ABC,407.4,421.29930761478647,13.899307614786494
Cl,BrCl,raw_properties_ABC,215.3,127.61562480742577,-87.68437519257424
Cl,HCl,fixed_A,427.8,327.5113229923814,-100.28867700761862
Cl,Cl2,fixed_A,239.3,304.18500664984083,64.88500664984082
Cl,ClF,fixed_A,247.1,397.65913172564706,150.55913172564706
Cl,ClO,fixed_A,265.2,440.0009787388817,174.80097873888172
Cl,NaCl,fixed_A,407.4,267.1120154071972,-140.2879845928028
Cl,BrCl,fixed_A,215.3,270.3831232187175,55.0831232187175
Cl,HCl,fixed_B,427.8,310.951652036147,-116.84834796385303
Cl,Cl2,fixed_B,239.3,369.5961923639531,130.29619236395308
Cl,ClF,fixed_B,247.1,264.8886699034532,17.78866990345321
Cl,ClO,fixed_B,265.2,314.36958575692626,49.16958575692627
Cl,NaCl,fixed_B,407.4,564.5380805875465,157.13808058754648
Cl,BrCl,fixed_B,215.3,438.38105447266884,223.08105447266882
Cl,HCl,fixed_C,427.8,459.26724282498407,31.467242824984055
Cl,Cl2,fixed_C,239.3,-36.49264246587876,-275.79264246587877
Cl,ClF,fixed_C,247.1,6.8223772482148775,-240.27762275178512
Cl,ClO,fixed_C,265.2,252.99970691487067,-12.200293085129317
Cl,NaCl,fixed_C,407.4,586.2452270530363,178.8452270530363
Cl,BrCl,fixed_C,215.3,-4.133124186128043,-219.43312418612805
Cl,HCl,fixed_ABC,427.8,358.2865688635866,-69.51343113641343
Cl,Cl2,fixed_ABC,239.3,67.95644901694669,-171.34355098305332
Cl,ClF,fixed_ABC,247.1,-12.990028927528272,-260.09002892752824
Cl,ClO,fixed_ABC,265.2,275.679049573563,10.479049573563032
Cl,NaCl,fixed_ABC,407.4,575.1959396922041,167.79593969220412
Cl,BrCl,fixed_ABC,215.3,112.81471171078078,-102.48528828921923
Cl,HCl,random_A_00,427.8,329.9916962414814,-97.8083037585186
Cl,Cl2,random_A_00,239.3,301.8585929544243,62.558592954424284
Cl,ClF,random_A_00,247.1,392.98075709419834,145.88075709419834
Cl,ClO,random_A_00,265.2,436.24278726764385,171.04278726764386
Cl,NaCl,random_A_00,407.4,274.67608334976256,-132.7239166502374
Cl,BrCl,random_A_00,215.3,266.1994358030789,50.899435803078916
Cl,HCl,random_A_01,427.8,284.17486520182933,-143.62513479817068
Cl,Cl2,random_A_01,239.3,218.5820075469597,-20.717992453040324
Cl,ClF,random_A_01,247.1,333.44699487987293,86.34699487987294
Cl,ClO,random_A_01,265.2,414.68329241051987,149.48329241051988
Cl,NaCl,random_A_01,407.4,211.80591412048193,-195.59408587951805
Cl,BrCl,random_A_01,215.3,210.77529764593638,-4.524702354063635
Cl,HCl,random_A_02,427.8,346.9451139101443,-80.85488608985571
Cl,Cl2,random_A_02,239.3,305.74080245388643,66.44080245388642
Cl,ClF,random_A_02,247.1,397.4095609523443,150.3095609523443
Cl,ClO,random_A_02,265.2,429.78217416357285,164.58217416357286
Cl,NaCl,random_A_02,407.4,244.20713594236508,-163.1928640576349
Cl,BrCl,random_A_02,215.3,275.21700715479926,59.91700715479925
Cl,HCl,random_A_03,427.8,326.52113274970395,-101.27886725029606
Cl,Cl2,random_A_03,239.3,297.0366598708244,57.73665987082438
Cl,ClF,random_A_03,247.1,386.4166622997268,139.3166622997268
Cl,ClO,random_A_03,265.2,437.8687687528078,172.6687687528078
Cl,NaCl,random_A_03,407.4,263.70898018029686,-143.69101981970311
Cl,BrCl,random_A_03,215.3,265.22296373453423,49.92296373453422
Cl,HCl,random_A_04,427.8,316.36189025903735,-111.43810974096266
Cl,Cl2,random_A_04,239.3,272.7014300750976,33.40143007509761
Cl,ClF,random_A_04,247.1,370.47765942827147,123.37765942827147
Cl,ClO,random_A_04,265.2,435.9138488861448,170.71384888614483
Cl,NaCl,random_A_04,407.4,233.67305739605825,-173.72694260394172
Cl,BrCl,random_A_04,215.3,255.8768356730848,40.57683567308479
Cl,HCl,random_A_05,427.8,339.3384525535329,-88.46154744646714
Cl,Cl2,random_A_05,239.3,316.37914070560487,77.07914070560486
Cl,ClF,random_A_05,247.1,413.6899530578398,166.58995305783978
Cl,ClO,random_A_05,265.2,452.1178294405309,186.9178294405309
Cl,NaCl,random_A_05,407.4,245.78814420146938,-161.6118557985306
Cl,BrCl,random_A_05,215.3,287.40586559174795,72.10586559174794
Cl,HCl,random_A_06,427.8,364.7059306171688,-63.09406938283121
Cl,Cl2,random_A_06,239.3,394.99186708039514,155.69186708039513
Cl,ClF,random_A_06,247.1,460.5816090704358,213.48160907043578
Cl,ClO,random_A_06,265.2,492.7328970650995,227.53289706509952
Cl,NaCl,random_A_06,407.4,313.6241363740787,-93.77586362592126
Cl,BrCl,random_A_06,215.3,330.0088823400247,114.70888234002467
Cl,HCl,random_A_07,427.8,331.74701813244263,-96.05298186755738
Cl,Cl2,random_A_07,239.3,285.1239747089987,45.82397470899866
Cl,ClF,random_A_07,247.1,384.46919679615354,137.36919679615355
Cl,ClO,random_A_07,265.2,427.32116244751336,162.12116244751337
Cl,NaCl,random_A_07,407.4,249.1779695676541,-158.2220304323459
Cl,BrCl,random_A_07,215.3,256.7062000519844,41.4062000519844
Cl,HCl,random_A_08,427.8,291.5489843127657,-136.25101568723431
Cl,Cl2,random_A_08,239.3,228.84935662685717,-10.450643373142839
Cl,ClF,random_A_08,247.1,339.58208904922174,92.48208904922174
Cl,ClO,random_A_08,265.2,431.41738517543695,166.21738517543696
Cl,NaCl,random_A_08,407.4,207.12925468680686,-200.27074531319312
Cl,BrCl,random_A_08,215.3,217.20468804236623,1.9046880423662174
Cl,HCl,random_A_09,427.8,318.4730272732239,-109.32697272677609
Cl,Cl2,random_A_09,239.3,271.7935874314294,32.493587431429376
Cl,ClF,random_A_09,247.1,365.38405416131616,118.28405416131616
Cl,ClO,random_A_09,265.2,421.97385122420087,156.77385122420088
Cl,NaCl,random_A_09,407.4,247.498034520128,-159.901965479872
Cl,BrCl,random_A_09,215.3,255.58418531582151,40.2841853158215
Cl,HCl,random_A_10,427.8,336.5374229302486,-91.26257706975139
Cl,Cl2,random_A_10,239.3,280.3797660334295,41.07976603342951
Cl,ClF,random_A_10,247.1,378.0726582148126,130.97265821481258
Cl,ClO,random_A_10,265.2,420.0430456250793,154.8430456250793
Cl,NaCl,random_A_10,407.4,233.07930628947435,-174.32069371052563
Cl,BrCl,random_A_10,215.3,256.64483979182967,41.344839791829656
Cl,HCl,random_A_11,427.8,336.76892943813255,-91.03107056186747
Cl,Cl2,random_A_11,239.3,336.247616099394,96.947616099394
Cl,ClF,random_A_11,247.1,415.95527858013656,168.85527858013657
Cl,ClO,random_A_11,265.2,464.02853103810816,198.82853103810817
Cl,NaCl,random_A_11,407.4,283.4826445225249,-123.9173554774751
Cl,BrCl,random_A_11,215.3,292.76935524163787,77.46935524163786
Cl,HCl,random_A_12,427.8,331.81377679696277,-95.98622320303724
Cl,Cl2,random_A_12,239.3,307.08508407915394,67.78508407915393
Cl,ClF,random_A_12,247.1,392.24588075401005,145.14588075401005
Cl,ClO,random_A_12,265.2,440.31498591187295,175.11498591187296
Cl,NaCl,random_A_12,407.4,268.5450737604836,-138.85492623951637
Cl,BrCl,random_A_12,215.3,275.2792039274885,59.97920392748847
Cl,HCl,random_A_13,427.8,307.010712959228,-120.78928704077202
Cl,Cl2,random_A_13,239.3,258.69457841370837,19.39457841370836
Cl,ClF,random_A_13,247.1,356.184169586078,109.08416958607799
Cl,ClO,random_A_13,265.2,422.59025638599456,157.39025638599458
Cl,NaCl,random_A_13,407.4,239.3594954763272,-168.04050452367278
Cl,BrCl,random_A_13,215.3,248.04508379589677,32.74508379589676
Cl,HCl,random_A_14,427.8,290.212627247539,-137.58737275246102
Cl,Cl2,random_A_14,239.3,235.72103542262542,-3.5789645773745917
Cl,ClF,random_A_14,247.1,340.4098054215449,93.3098054215449
Cl,ClO,random_A_14,265.2,431.764572356357,166.56457235635702
Cl,NaCl,random_A_14,407.4,221.64915330848592,-185.75084669151406
Cl,BrCl,random_A_14,215.3,220.3786222935435,5.078622293543475
Cl,HCl,random_A_15,427.8,331.0436635880341,-96.75633641196589
Cl,Cl2,random_A_15,239.3,310.5834507706659,71.28345077066587
Cl,ClF,random_A_15,247.1,398.4920114194094,151.39201141940939
Cl,ClO,random_A_15,265.2,444.8325192576559,179.63251925765593
Cl,NaCl,random_A_15,407.4,269.9639041626489,-137.4360958373511
Cl,BrCl,random_A_15,215.3,272.4615487168352,57.16154871683517
Cl,HCl,random_B_00,427.8,401.89298104121417,-25.90701895878584
Cl,Cl2,random_B_00,239.3,380.62296466626987,141.32296466626985
Cl,ClF,random_B_00,247.1,349.4915604436239,102.39156044362389
Cl,ClO,random_B_00,265.2,330.67128340063675,65.47128340063676
Cl,NaCl,random_B_00,407.4,483.12943215705417,75.72943215705419
Cl,BrCl,random_B_00,215.3,415.98699017866375,200.68699017866373
Cl,HCl,random_B_01,427.8,455.4953158018631,27.695315801863103
Cl,Cl2,random_B_01,239.3,383.85786212411494,144.55786212411493
Cl,ClF,random_B_01,247.1,327.63422195004796,80.53422195004796
Cl,ClO,random_B_01,265.2,317.80584261982114,52.605842619821146
Cl,NaCl,random_B_01,407.4,546.6062054062489,139.20620540624896
Cl,BrCl,random_B_01,215.3,328.1553236121054,112.8553236121054
Cl,HCl,random_B_02,427.8,251.19561868498283,-176.60438131501718
Cl,Cl2,random_B_02,239.3,382.65059657257314,143.35059657257312
Cl,ClF,random_B_02,247.1,351.73126888453845,104.63126888453846
Cl,ClO,random_B_02,265.2,261.4939521168309,-3.7060478831691057
Cl,NaCl,random_B_02,407.4,457.81894447863056,50.41894447863058
Cl,BrCl,random_B_02,215.3,365.40405524151197,150.10405524151196
Cl,HCl,random_B_03,427.8,380.7283849899056,-47.07161501009443
Cl,Cl2,random_B_03,239.3,367.16049222253366,127.86049222253365
Cl,ClF,random_B_03,247.1,262.9329466474411,15.832946647441105
Cl,ClO,random_B_03,265.2,281.04947990463654,15.849479904636553
Cl,NaCl,random_B_03,407.4,438.3162243223424,30.91622432234243
Cl,BrCl,random_B_03,215.3,312.41019840830864,97.11019840830863
Cl,HCl,random_B_04,427.8,402.45947066233697,-25.340529337663042
Cl,Cl2,random_B_04,239.3,367.2465293844143,127.9465293844143
Cl,ClF,random_B_04,247.1,326.97571268779416,79.87571268779416
Cl,ClO,random_B_04,265.2,380.8147778842284,115.61477788422843
Cl,NaCl,random_B_04,407.4,446.70422827048293,39.30422827048295
Cl,BrCl,random_B_04,215.3,347.40395520461175,132.10395520461174
Cl,HCl,random_B_05,427.8,395.34183041253175,-32.45816958746826
Cl,Cl2,random_B_05,239.3,383.03638394415765,143.73638394415764
Cl,ClF,random_B_05,247.1,352.55849466442476,105.45849466442476
Cl,ClO,random_B_05,265.2,337.84105071028966,72.64105071028968
Cl,NaCl,random_B_05,407.4,483.41807035897693,76.01807035897696
Cl,BrCl,random_B_05,215.3,338.55304049802027,123.25304049802025
Cl,HCl,random_B_06,427.8,522.0998401411155,94.29984014111545
Cl,Cl2,random_B_06,239.3,371.58071926521603,132.28071926521602
Cl,ClF,random_B_06,247.1,284.7389959051441,37.63899590514413
Cl,ClO,random_B_06,265.2,384.81351295067105,119.61351295067107
Cl,NaCl,random_B_06,407.4,422.80370335479915,15.403703354799177
Cl,BrCl,random_B_06,215.3,323.0156142712698,107.71561427126977
Cl,HCl,random_B_07,427.8,320.0378264274538,-107.7621735725462
Cl,Cl2,random_B_07,239.3,378.11759225570137,138.81759225570136
Cl,ClF,random_B_07,247.1,353.4212187495347,106.32121874953472
Cl,ClO,random_B_07,265.2,330.60457902535126,65.40457902535127
Cl,NaCl,random_B_07,407.4,565.174555612871,157.77455561287104
Cl,BrCl,random_B_07,215.3,381.3275878989268,166.0275878989268
Cl,HCl,random_B_08,427.8,389.1347403332411,-38.665259666758914
Cl,Cl2,random_B_08,239.3,367.03688362387885,127.73688362387884
Cl,ClF,random_B_08,247.1,315.9749594408354,68.8749594408354
Cl,ClO,random_B_08,265.2,291.5164958508457,26.316495850845683
Cl,NaCl,random_B_08,407.4,413.7976777121733,6.3976777121733335
Cl,BrCl,random_B_08,215.3,273.2625361635533,57.962536163553295
Cl,HCl,random_B_09,427.8,400.56295717635845,-27.23704282364156
Cl,Cl2,random_B_09,239.3,371.63623307894323,132.33623307894322
Cl,ClF,random_B_09,247.1,257.8540053178011,10.75400531780113
Cl,ClO,random_B_09,265.2,350.8256764295916,85.62567642959164
Cl,NaCl,random_B_09,407.4,414.5941106073834,7.194110607383436
Cl,BrCl,random_B_09,215.3,339.9228316856771,124.62283168567711
Cl,HCl,random_B_10,427.8,393.49116712652403,-34.30883287347598
Cl,Cl2,random_B_10,239.3,378.0410489185425,138.7410489185425
Cl,ClF,random_B_10,247.1,280.2804241612438,33.18042416124379
Cl,ClO,random_B_10,265.2,368.3937603533181,103.19376035331811
Cl,NaCl,random_B_10,407.4,480.77005718353223,73.37005718353225
Cl,BrCl,random_B_10,215.3,337.1511650977642,121.85116509776418
Cl,HCl,random_B_11,427.8,543.3293926812603,115.52939268126028
Cl,Cl2,random_B_11,239.3,368.27867783250684,128.97867783250683
Cl,ClF,random_B_11,247.1,285.07793883590784,37.97793883590785
Cl,ClO,random_B_11,265.2,460.69170172449265,195.49170172449266
Cl,NaCl,random_B_11,407.4,432.2439149661254,24.843914966125396
Cl,BrCl,random_B_11,215.3,316.8924233279241,101.59242332792411
Cl,HCl,random_B_12,427.8,312.7116464755108,-115.08835352448921
Cl,Cl2,random_B_12,239.3,386.72408460059654,147.42408460059653
Cl,ClF,random_B_12,247.1,298.36474982038095,51.264749820380956
Cl,ClO,random_B_12,265.2,436.1695359816026,170.96953598160263
Cl,NaCl,random_B_12,407.4,588.9126148259415,181.51261482594157
Cl,BrCl,random_B_12,215.3,259.6913267534277,44.39132675342768
Cl,HCl,random_B_13,427.8,448.43018028578354,20.630180285783524
Cl,Cl2,random_B_13,239.3,379.33924088604977,140.03924088604975
Cl,ClF,random_B_13,247.1,341.6187001692316,94.51870016923161
Cl,ClO,random_B_13,265.2,393.0891892492535,127.88918924925349
Cl,NaCl,random_B_13,407.4,549.642602501588,142.24260250158807
Cl,BrCl,random_B_13,215.3,370.45360251827293,155.15360251827292
Cl,HCl,random_B_14,427.8,414.88105220447704,-12.918947795522968
Cl,Cl2,random_B_14,239.3,364.95829277553014,125.65829277553013
Cl,ClF,random_B_14,247.1,301.0373370098742,53.9373370098742
Cl,ClO,random_B_14,265.2,370.09326955363963,104.89326955363964
Cl,NaCl,random_B_14,407.4,540.2227625967114,132.8227625967114
Cl,BrCl,random_B_14,215.3,376.9517491828559,161.6517491828559
Cl,HCl,random_B_15,427.8,284.11923133390053,-143.68076866609948
Cl,Cl2,random_B_15,239.3,382.0207918097331,142.7207918097331
Cl,ClF,random_B_15,247.1,292.3678139370486,45.2678139370486
Cl,ClO,random_B_15,265.2,168.83261085904908,-96.3673891409509
Cl,NaCl,random_B_15,407.4,512.5248028214077,105.12480282140768
Cl,BrCl,random_B_15,215.3,465.1153136057059,249.8153136057059
Cl,HCl,random_C_00,427.8,408.0842347416182,-19.715765258381794
Cl,Cl2,random_C_00,239.3,135.32453811865412,-103.9754618813459
Cl,ClF,random_C_00,247.1,120.79173319841004,-126.30826680158995
Cl,ClO,random_C_00,265.2,306.1711057733412,40.97110577334121
Cl,NaCl,random_C_00,407.4,463.3955414333955,55.995541433395545
Cl,BrCl,random_C_00,215.3,193.73454398182687,-21.565456018173137
Cl,HCl,random_C_01,427.8,450.64002143637885,22.840021436378834
Cl,Cl2,random_C_01,239.3,284.6990081003123,45.3990081003123
Cl,ClF,random_C_01,247.1,197.79688990154594,-49.303110098454056
Cl,ClO,random_C_01,265.2,307.1152809289051,41.91528092890513
Cl,NaCl,random_C_01,407.4,632.7986031756083,225.3986031756083
Cl,BrCl,random_C_01,215.3,196.48225603897998,-18.817743961020028
Cl,HCl,random_C_02,427.8,424.02958038762426,-3.770419612375747
Cl,Cl2,random_C_02,239.3,320.1924126231055,80.89241262310549
Cl,ClF,random_C_02,247.1,222.98694492601993,-24.113055073980064
Cl,ClO,random_C_02,265.2,284.6993583593873,19.499358359387315
Cl,NaCl,random_C_02,407.4,438.98389406423473,31.583894064234755
Cl,BrCl,random_C_02,215.3,229.31710739788696,14.017107397886946
Cl,HCl,random_C_03,427.8,470.66729719377724,42.86729719377723
Cl,Cl2,random_C_03,239.3,161.8271110330747,-77.47288896692532
Cl,ClF,random_C_03,247.1,115.2050718759292,-131.8949281240708
Cl,ClO,random_C_03,265.2,370.62989665970434,105.42989665970435
Cl,NaCl,random_C_03,407.4,662.1930231900827,254.79302319008275
Cl,BrCl,random_C_03,215.3,174.4155427541851,-40.8844572458149
Cl,HCl,random_C_04,427.8,331.6316862782692,-96.16831372173078
Cl,Cl2,random_C_04,239.3,244.137247024129,4.837247024128999
Cl,ClF,random_C_04,247.1,168.94273927934836,-78.15726072065164
Cl,ClO,random_C_04,265.2,236.8999402015643,-28.300059798435683
Cl,NaCl,random_C_04,407.4,534.3669104100019,126.9669104100019
Cl,BrCl,random_C_04,215.3,274.9045781687706,59.604578168770615
Cl,HCl,random_C_05,427.8,416.5774382503459,-11.222561749654119
Cl,Cl2,random_C_05,239.3,346.06499256056446,106.76499256056445
Cl,ClF,random_C_05,247.1,309.90301453783763,62.80301453783764
Cl,ClO,random_C_05,265.2,272.9913625388041,7.791362538804094
Cl,NaCl,random_C_05,407.4,448.6907712202628,41.2907712202628
Cl,BrCl,random_C_05,215.3,106.45175796871149,-108.84824203128852
Cl,HCl,random_C_06,427.8,428.1794477695604,0.37944776956038595
Cl,Cl2,random_C_06,239.3,117.5075181337329,-121.79248186626711
Cl,ClF,random_C_06,247.1,31.32744925791502,-215.77255074208497
Cl,ClO,random_C_06,265.2,158.6477588217764,-106.5522411782236
Cl,NaCl,random_C_06,407.4,540.4818850156886,133.0818850156886
Cl,BrCl,random_C_06,215.3,97.67871513482652,-117.6212848651735
Cl,HCl,random_C_07,427.8,402.5067281938559,-25.293271806144105
Cl,Cl2,random_C_07,239.3,178.10702003553786,-61.192979964462154
Cl,ClF,random_C_07,247.1,171.1635024824562,-75.93649751754378
Cl,ClO,random_C_07,265.2,236.2151494737181,-28.98485052628189
Cl,NaCl,random_C_07,407.4,507.65966371414635,100.25966371414637
Cl,BrCl,random_C_07,215.3,168.64288702156975,-46.65711297843026
Cl,HCl,random_C_08,427.8,417.38443520020115,-10.415564799798858
Cl,Cl2,random_C_08,239.3,107.64672464635424,-131.65327535364577
Cl,ClF,random_C_08,247.1,116.75687898291159,-130.3431210170884
Cl,ClO,random_C_08,265.2,269.575791374309,4.375791374309017
Cl,NaCl,random_C_08,407.4,446.69293422250513,39.29293422250515
Cl,BrCl,random_C_08,215.3,185.35152706179105,-29.948472938208965
Cl,HCl,random_C_09,427.8,411.25709566266625,-16.542904337333766
Cl,Cl2,random_C_09,239.3,214.66207989189502,-24.637920108104993
Cl,ClF,random_C_09,247.1,174.66083667460762,-72.43916332539237
Cl,ClO,random_C_09,265.2,310.6434358127202,45.443435812720224
Cl,NaCl,random_C_09,407.4,604.2401559215908,196.84015592159085
Cl,BrCl,random_C_09,215.3,101.7728856537845,-113.52711434621551
Cl,HCl,random_C_10,427.8,315.29826807103535,-112.50173192896466
Cl,Cl2,random_C_10,239.3,266.4887622378154,27.18876223781541
Cl,ClF,random_C_10,247.1,153.7331283083601,-93.36687169163989
Cl,ClO,random_C_10,265.2,261.4275710271262,-3.772428972873797
Cl,NaCl,random_C_10,407.4,591.2976080892631,183.89760808926314
Cl,BrCl,random_C_10,215.3,239.84818390791878,24.54818390791877
Cl,HCl,random_C_11,427.8,424.6878300254077,-3.112169974592291
Cl,Cl2,random_C_11,239.3,128.38898814283027,-110.91101185716974
Cl,ClF,random_C_11,247.1,58.10126000651155,-188.99873999348844
Cl,ClO,random_C_11,265.2,257.4306882127695,-7.769311787230492
Cl,NaCl,random_C_11,407.4,549.4729143302575,142.0729143302575
Cl,BrCl,random_C_11,215.3,148.57383577271486,-66.72616422728515
Cl,HCl,random_C_12,427.8,445.8272595109342,18.027259510934186
Cl,Cl2,random_C_12,239.3,147.7464011086064,-91.55359889139362
Cl,ClF,random_C_12,247.1,123.28226792261364,-123.81773207738635
Cl,ClO,random_C_12,265.2,281.63892359727254,16.43892359727255
Cl,NaCl,random_C_12,407.4,522.537180510224,115.13718051022397
Cl,BrCl,random_C_12,215.3,148.75493842815007,-66.54506157184994
Cl,HCl,random_C_13,427.8,394.52409552761344,-33.27590447238657
Cl,Cl2,random_C_13,239.3,250.9289449703871,11.628944970387096
Cl,ClF,random_C_13,247.1,158.54493469108695,-88.55506530891304
Cl,ClO,random_C_13,265.2,234.22752343103534,-30.97247656896465
Cl,NaCl,random_C_13,407.4,595.060832527287,187.66083252728697
Cl,BrCl,random_C_13,215.3,150.0596822189268,-65.2403177810732
Cl,HCl,random_C_14,427.8,411.3543802148889,-16.44561978511109
Cl,Cl2,random_C_14,239.3,87.31004463269642,-151.9899553673036
Cl,ClF,random_C_14,247.1,65.86615087892972,-181.23384912107028
Cl,ClO,random_C_14,265.2,249.26405898369973,-15.935941016300262
Cl,NaCl,random_C_14,407.4,521.0439676545916,113.64396765459162
Cl,BrCl,random_C_14,215.3,88.09401934593967,-127.20598065406034
Cl,HCl,random_C_15,427.8,455.50757009552194,27.70757009552193
Cl,Cl2,random_C_15,239.3,205.11814489999523,-34.18185510000478
Cl,ClF,random_C_15,247.1,137.3825276786946,-109.7174723213054
Cl,ClO,random_C_15,265.2,312.3224147294592,47.122414729459194
Cl,NaCl,random_C_15,407.4,748.3263379238227,340.92633792382276
Cl,BrCl,random_C_15,215.3,128.3068519508609,-86.99314804913911
Ca,CaO,mean_only,385.0,403.81960784313725,18.81960784313725
Ca,CaO,atomic_number_ABC,385.0,383.486622253072,-1.5133777469279721
Ca,CaO,raw_properties_ABC,385.0,516.572098169458,131.57209816945795
Ca,CaO,fixed_A,385.0,379.7496159818938,-5.250384018106217
Ca,CaO,fixed_B,385.0,373.91267552942855,-11.087324470571446
Ca,CaO,fixed_C,385.0,443.8405310470446,58.84053104704458
Ca,CaO,fixed_ABC,385.0,353.86009900729675,-31.139900992703247
Ca,CaO,random_A_00,385.0,389.491187384435,4.4911873844350225
Ca,CaO,random_A_01,385.0,373.55233170538963,-11.447668294610367
Ca,CaO,random_A_02,385.0,358.3914551410908,-26.608544858909227
Ca,CaO,random_A_03,385.0,381.66186986351886,-3.3381301364811407
Ca,CaO,random_A_04,385.0,366.8522007249123,-18.14779927508772
Ca,CaO,random_A_05,385.0,346.5267070874334,-38.47329291256659
Ca,CaO,random_A_06,385.0,388.1702402874228,3.170240287422814
Ca,CaO,random_A_07,385.0,367.6632375067229,-17.336762493277092
Ca,CaO,random_A_08,385.0,364.40902968501246,-20.590970314987544
Ca,CaO,random_A_09,385.0,381.19194565298744,-3.8080543470125576
Ca,CaO,random_A_10,385.0,360.12315044359553,-24.876849556404466
Ca,CaO,random_A_11,385.0,382.2290772760193,-2.770922723980675
Ca,CaO,random_A_12,385.0,384.71015630931834,-0.28984369068166416
Ca,CaO,random_A_13,385.0,379.55012195110777,-5.449878048892231
Ca,CaO,random_A_14,385.0,381.9362443372915,-3.063755662708502
Ca,CaO,random_A_15,385.0,372.95172467611644,-12.048275323883558
Ca,CaO,random_B_00,385.0,456.27419126626916,71.27419126626916
Ca,CaO,random_B_01,385.0,534.06611948359,149.06611948359
Ca,CaO,random_B_02,385.0,394.82464251880543,9.824642518805433
Ca,CaO,random_B_03,385.0,375.0353310504826,-9.964668949517375
Ca,CaO,random_B_04,385.0,341.8743962269608,-43.12560377303919
Ca,CaO,random_B_05,385.0,407.97312122134934,22.973121221349345
Ca,CaO,random_B_06,385.0,488.6439329268899,103.64393292688987
Ca,CaO,random_B_07,385.0,398.7953869885917,13.795386988591702
Ca,CaO,random_B_08,385.0,307.69519384542997,-77.30480615457003
Ca,CaO,random_B_09,385.0,383.175495448063,-1.824504551937025
Ca,CaO,random_B_10,385.0,432.5645532735847,47.56455327358469
Ca,CaO,random_B_11,385.0,326.1429727230433,-58.85702727695673
Ca,CaO,random_B_12,385.0,369.16245319712596,-15.837546802874044
Ca,CaO,random_B_13,385.0,410.6465085011395,25.64650850113952
Ca,CaO,random_B_14,385.0,414.9963421345871,29.99634213458711
Ca,CaO,random_B_15,385.0,453.10151139823466,68.10151139823466
Ca,CaO,random_C_00,385.0,438.53853126012075,53.53853126012075
Ca,CaO,random_C_01,385.0,382.6595361751238,-2.340463824876224
Ca,CaO,random_C_02,385.0,367.6132816998441,-17.386718300155906
Ca,CaO,random_C_03,385.0,491.19885701048906,106.19885701048906
Ca,CaO,random_C_04,385.0,369.3382115657935,-15.661788434206528
Ca,CaO,random_C_05,385.0,419.46648783214573,34.46648783214573
Ca,CaO,random_C_06,385.0,351.1822505619916,-33.81774943800838
Ca,CaO,random_C_07,385.0,329.44491892310873,-55.55508107689127
Ca,CaO,random_C_08,385.0,385.2999153162519,0.2999153162518837
Ca,CaO,random_C_09,385.0,532.3838297820537,147.38382978205368
Ca,CaO,random_C_10,385.0,439.03668073038926,54.036680730389264
Ca,CaO,random_C_11,385.0,348.3625234802389,-36.637476519761094
Ca,CaO,random_C_12,385.0,445.6463956124973,60.646395612497315
Ca,CaO,random_C_13,385.0,433.526025520357,48.526025520356995
Ca,CaO,random_C_14,385.0,390.9978915644656,5.99789156446559
Ca,CaO,random_C_15,385.0,405.0434470818793,20.04344708187932
Cu,CuO,mean_only,277.2,405.9333333333333,128.7333333333333
Cu,CuO,atomic_number_ABC,277.2,349.262809581416,72.06280958141599
Cu,CuO,raw_properties_ABC,277.2,554.7290734492103,277.52907344921033
Cu,CuO,fixed_A,277.2,347.16633018898625,69.96633018898626
Cu,CuO,fixed_B,277.2,184.3628642439088,-92.83713575609119
Cu,CuO,fixed_C,277.2,169.3095426593069,-107.89045734069308
Cu,CuO,fixed_ABC,277.2,342.95602114039536,65.75602114039538
Cu,CuO,random_A_00,277.2,283.40506154811,6.205061548109995
Cu,CuO,random_A_01,277.2,411.6377722773337,134.4377722773337
Cu,CuO,random_A_02,277.2,369.82130267349527,92.62130267349528
Cu,CuO,random_A_03,277.2,356.26136737140575,79.06136737140577
Cu,CuO,random_A_04,277.2,414.5577730957036,137.35777309570364
Cu,CuO,random_A_05,277.2,487.66995319021237,210.46995319021238
Cu,CuO,random_A_06,277.2,296.7500910955405,19.550091095540495
Cu,CuO,random_A_07,277.2,422.3277389407232,145.1277389407232
Cu,CuO,random_A_08,277.2,434.7384736579473,157.5384736579473
Cu,CuO,random_A_09,277.2,349.21995596672093,72.01995596672094
Cu,CuO,random_A_10,277.2,367.35042285301483,90.15042285301485
Cu,CuO,random_A_11,277.2,368.629611449357,91.42961144935703
Cu,CuO,random_A_12,277.2,304.00918668767827,26.809186687678277
Cu,CuO,random_A_13,277.2,421.99099827847243,144.79099827847244
Cu,CuO,random_A_14,277.2,380.5285270984852,103.32852709848521
Cu,CuO,random_A_15,277.2,398.7862074681807,121.5862074681807
Cu,CuO,random_B_00,277.2,389.02202998932063,111.82202998932064
Cu,CuO,random_B_01,277.2,600.4263598053265,323.22635980532647
Cu,CuO,random_B_02,277.2,464.36577021123105,187.16577021123106
Cu,CuO,random_B_03,277.2,287.1072650261177,9.907265026117727
Cu,CuO,random_B_04,277.2,169.3967899169401,-107.8032100830599
Cu,CuO,random_B_05,277.2,406.22833967411,129.02833967411
Cu,CuO,random_B_06,277.2,360.0112207574518,82.81122075745179
Cu,CuO,random_B_07,277.2,527.9127146824665,250.71271468246647
Cu,CuO,random_B_08,277.2,584.884948485655,307.68494848565496
Cu,CuO,random_B_09,277.2,480.99904480816696,203.79904480816697
Cu,CuO,random_B_10,277.2,600.7014349918506,323.50143499185066
Cu,CuO,random_B_11,277.2,226.3852005344568,-50.81479946554319
Cu,CuO,random_B_12,277.2,264.53817867359965,-12.661821326400343
Cu,CuO,random_B_13,277.2,753.3728713967012,476.17287139670117
Cu,CuO,random_B_14,277.2,1143.5543375399754,866.3543375399754
Cu,CuO,random_B_15,277.2,272.025655744998,-5.174344255001984
Cu,CuO,random_C_00,277.2,209.86518280454763,-67.33481719545236
Cu,CuO,random_C_01,277.2,298.5913436813683,21.391343681368312
Cu,CuO,random_C_02,277.2,491.5818544323289,214.3818544323289
Cu,CuO,random_C_03,277.2,240.84361850093688,-36.356381499063104
Cu,CuO,random_C_04,277.2,112.79341319959377,-164.40658680040622
Cu,CuO,random_C_05,277.2,364.4252348392518,87.22523483925181
Cu,CuO,random_C_06,277.2,351.2560490632009,74.05604906320093
Cu,CuO,random_C_07,277.2,231.57232900439317,-45.62767099560682
Cu,CuO,random_C_08,277.2,56.44561401912097,-220.75438598087902
Cu,CuO,random_C_09,277.2,103.14363925019177,-174.05636074980822
Cu,CuO,random_C_10,277.2,347.790559300718,70.59055930071798
Cu,CuO,random_C_11,277.2,235.5029780655691,-41.69702193443089
Cu,CuO,random_C_12,277.2,301.0380842789659,23.838084278965937
Cu,CuO,random_C_13,277.2,417.9809601489744,140.78096014897443
Cu,CuO,random_C_14,277.2,85.99082284366489,-191.2091771563351
Cu,CuO,random_C_15,277.2,483.09647392711537,205.89647392711538
Br,HBr,mean_only,362.4,412.48775510204086,50.08775510204089
Br,Br2,mean_only,190.2,412.48775510204086,222.28775510204088
Br,BrCl,mean_only,215.3,412.48775510204086,197.18775510204085
Br,HBr,atomic_number_ABC,362.4,312.0042186391073,-50.39578136089267
Br,Br2,atomic_number_ABC,190.2,353.0580562670566,162.8580562670566
Br,BrCl,atomic_number_ABC,215.3,351.2654881438382,135.96548814383817
Br,HBr,raw_properties_ABC,362.4,316.81850429464237,-45.58149570535761
Br,Br2,raw_properties_ABC,190.2,205.81253333805975,15.612533338059762
Br,BrCl,raw_properties_ABC,215.3,167.26684555122256,-48.03315444877745
Br,HBr,fixed_A,362.4,287.85901876740445,-74.54098123259553
Br,Br2,fixed_A,190.2,222.50193302313664,32.301933023136655
Br,BrCl,fixed_A,215.3,253.72627782284425,38.42627782284424
Br,HBr,fixed_B,362.4,323.62333283567375,-38.77666716432623
Br,Br2,fixed_B,190.2,373.792685971076,183.59268597107604
Br,BrCl,fixed_B,215.3,424.4367475920986,209.13674759209857
Br,HBr,fixed_C,362.4,395.40898512250527,33.008985122505294
Br,Br2,fixed_C,190.2,111.30364109131881,-78.89635890868118
Br,BrCl,fixed_C,215.3,82.4990829166403,-132.8009170833597
Br,HBr,fixed_ABC,362.4,321.66177452139436,-40.738225478605614
Br,Br2,fixed_ABC,190.2,264.1085169422255,73.9085169422255
Br,BrCl,fixed_ABC,215.3,219.15978879927158,3.85978879927157
Br,HBr,random_A_00,362.4,288.9695016838639,-73.4304983161361
Br,Br2,random_A_00,190.2,219.17116797349814,28.971167973498154
Br,BrCl,random_A_00,215.3,250.1520968503391,34.85209685033908
Br,HBr,random_A_01,362.4,275.6545727165907,-86.7454272834093
Br,Br2,random_A_01,190.2,205.70585497656066,15.50585497656067
Br,BrCl,random_A_01,215.3,220.0547015740101,4.754701574010085
Br,HBr,random_A_02,362.4,314.32223369826585,-48.07776630173413
Br,Br2,random_A_02,190.2,241.87573593880182,51.675735938801836
Br,BrCl,random_A_02,215.3,266.2579328502834,50.957932850283385
Br,HBr,random_A_03,362.4,290.291321852994,-72.108678147006
Br,Br2,random_A_03,190.2,225.15567927157846,34.955679271578475
Br,BrCl,random_A_03,215.3,253.0062343270318,37.70623432703178
Br,HBr,random_A_04,362.4,299.9578054917479,-62.4421945082521
Br,Br2,random_A_04,190.2,241.28104768573135,51.08104768573136
Br,BrCl,random_A_04,215.3,255.8126868535131,40.51268685351309
Br,HBr,random_A_05,362.4,308.26973966907485,-54.130260330925125
Br,Br2,random_A_05,190.2,254.75681761142957,64.55681761142958
Br,BrCl,random_A_05,215.3,276.0037877629028,60.70378776290278
Br,HBr,random_A_06,362.4,287.52308539825697,-74.87691460174301
Br,Br2,random_A_06,190.2,234.90128039985308,44.70128039985309
Br,BrCl,random_A_06,215.3,290.61665303608174,75.31665303608173
Br,HBr,random_A_07,362.4,299.478688543734,-62.92131145626598
Br,Br2,random_A_07,190.2,222.03312327603223,31.83312327603224
Br,BrCl,random_A_07,215.3,247.01346633022987,31.713466330229863
Br,HBr,random_A_08,362.4,279.3029817009963,-83.09701829900365
Br,Br2,random_A_08,190.2,206.7971941143015,16.597194114301516
Br,BrCl,random_A_08,215.3,222.93090162453026,7.630901624530253
Br,HBr,random_A_09,362.4,301.558307699522,-60.84169230047797
Br,Br2,random_A_09,190.2,240.2906862573456,50.090686257345624
Br,BrCl,random_A_09,215.3,254.84007190233473,39.54007190233472
Br,HBr,random_A_10,362.4,311.56229684388313,-50.837703156116845
Br,Br2,random_A_10,190.2,231.84605938161081,41.646059381610826
Br,BrCl,random_A_10,215.3,252.88750877982142,37.587508779821405
Br,HBr,random_A_11,362.4,287.4056040068096,-74.99439599319038
Br,Br2,random_A_11,190.2,235.75989304398934,45.55989304398935
Br,BrCl,random_A_11,215.3,271.0152414992068,55.7152414992068
Br,HBr,random_A_12,362.4,296.32412693141595,-66.07587306858403
Br,Br2,random_A_12,190.2,236.1092455318184,45.909245531818414
Br,BrCl,random_A_12,215.3,262.7333357000621,47.433335700062116
Br,HBr,random_A_13,362.4,296.77960212356254,-65.62039787643744
Br,Br2,random_A_13,190.2,240.31908543507302,50.11908543507303
Br,BrCl,random_A_13,215.3,251.49461472155159,36.194614721551574
Br,HBr,random_A_14,362.4,273.3730337507523,-89.02696624924766
Br,Br2,random_A_14,190.2,204.18090701236312,13.980907012363133
Br,BrCl,random_A_14,215.3,223.32270513061545,8.022705130615435
Br,HBr,random_A_15,362.4,287.4545350603831,-74.9454649396169
Br,Br2,random_A_15,190.2,222.3909057922524,32.19090579225241
Br,BrCl,random_A_15,215.3,254.45765198873056,39.15765198873055
Br,HBr,random_B_00,362.4,310.674104680572,-51.72589531942799
Br,Br2,random_B_00,190.2,381.90151483994754,191.70151483994755
Br,BrCl,random_B_00,215.3,424.0409150458995,208.7409150458995
Br,HBr,random_B_01,362.4,501.7590916499828,139.35909164998282
Br,Br2,random_B_01,190.2,385.9322703445648,195.73227034456482
Br,BrCl,random_B_01,215.3,326.316606687739,111.016606687739
Br,HBr,random_B_02,362.4,381.44277675989224,19.042776759892263
Br,Br2,random_B_02,190.2,382.06756923786907,191.86756923786908
Br,BrCl,random_B_02,215.3,350.37088492734716,135.07088492734715
Br,HBr,random_B_03,362.4,299.1972136349015,-63.20278636509846
Br,Br2,random_B_03,190.2,370.7779674629074,180.5779674629074
Br,BrCl,random_B_03,215.3,303.86171638388663,88.56171638388662
Br,HBr,random_B_04,362.4,324.18898733886505,-38.21101266113493
Br,Br2,random_B_04,190.2,366.5780756990827,176.37807569908273
Br,BrCl,random_B_04,215.3,343.79212094927897,128.49212094927896
Br,HBr,random_B_05,362.4,354.01224715005037,-8.387752849949607
Br,Br2,random_B_05,190.2,383.5002991959498,193.30029919594983
Br,BrCl,random_B_05,215.3,323.01645834844294,107.71645834844293
Br,HBr,random_B_06,362.4,349.50371899377586,-12.896281006224115
Br,Br2,random_B_06,190.2,373.5070485537924,183.3070485537924
Br,BrCl,random_B_06,215.3,318.28505598974823,102.98505598974822
Br,HBr,random_B_07,362.4,270.8669880946305,-91.53301190536945
Br,Br2,random_B_07,190.2,381.5759920425799,191.37599204257992
Br,BrCl,random_B_07,215.3,383.15782868574775,167.85782868574773
Br,HBr,random_B_08,362.4,346.43336492883185,-15.966635071168128
Br,Br2,random_B_08,190.2,366.9022548108144,176.7022548108144
Br,BrCl,random_B_08,215.3,277.5340294246669,62.234029424666915
Br,HBr,random_B_09,362.4,292.0021042119014,-70.3978957880986
Br,Br2,random_B_09,190.2,373.02432560450745,182.82432560450746
Br,BrCl,random_B_09,215.3,343.6647325584952,128.36473255849518
Br,HBr,random_B_10,362.4,352.25524108313994,-10.144758916860042
Br,Br2,random_B_10,190.2,378.6507801510111,188.4507801510111
Br,BrCl,random_B_10,215.3,336.5873040460045,121.28730404600446
Br,HBr,random_B_11,362.4,334.56508638182464,-27.834913618175335
Br,Br2,random_B_11,190.2,365.2181692607063,175.01816926070632
Br,BrCl,random_B_11,215.3,323.3672605512149,108.06726055121487
Br,HBr,random_B_12,362.4,367.87324681134874,5.4732468113487585
Br,Br2,random_B_12,190.2,387.0758947027388,196.87589470273883
Br,BrCl,random_B_12,215.3,264.0109898440768,48.71098984407678
Br,HBr,random_B_13,362.4,358.5329422668925,-3.8670577331074583
Br,Br2,random_B_13,190.2,380.2115545108485,190.0115545108485
Br,BrCl,random_B_13,215.3,392.6402043621007,177.34020436210068
Br,HBr,random_B_14,362.4,390.6790576375053,28.279057637505332
Br,Br2,random_B_14,190.2,368.9254880847009,178.72548808470088
Br,BrCl,random_B_14,215.3,390.83694972825754,175.53694972825753
Br,HBr,random_B_15,362.4,340.36715244041966,-22.03284755958032
Br,Br2,random_B_15,190.2,383.76202315238953,193.56202315238954
Br,BrCl,random_B_15,215.3,439.21681249461005,223.91681249461004
Br,HBr,random_C_00,362.4,400.14733586030707,37.74733586030709
Br,Br2,random_C_00,190.2,145.84074250183073,-44.35925749816926
Br,BrCl,random_C_00,215.3,193.18211787848563,-22.117882121514384
Br,HBr,random_C_01,362.4,397.2679301292836,34.86793012928365
Br,Br2,random_C_01,190.2,172.02940312047508,-18.170596879524908
Br,BrCl,random_C_01,215.3,204.05022455253436,-11.249775447465652
Br,HBr,random_C_02,362.4,448.0551588749654,85.65515887496542
Br,Br2,random_C_02,190.2,135.9221178446901,-54.2778821553099
Br,BrCl,random_C_02,215.3,210.96068039883224,-4.339319601167773
Br,HBr,random_C_03,362.4,438.4309849634073,76.03098496340732
Br,Br2,random_C_03,190.2,224.63182827010942,34.431828270109435
Br,BrCl,random_C_03,215.3,246.7318787491959,31.431878749195874
Br,HBr,random_C_04,362.4,342.25986796640177,-20.140132033598206
Br,Br2,random_C_04,190.2,246.7077761328872,56.507776132887216
Br,BrCl,random_C_04,215.3,301.5178455646062,86.2178455646062
Br,HBr,random_C_05,362.4,478.81916933772663,116.41916933772666
Br,Br2,random_C_05,190.2,21.135361089219487,-169.0646389107805
Br,BrCl,random_C_05,215.3,30.935018399949854,-184.36498160005016
Br,HBr,random_C_06,362.4,447.0634268164568,84.66342681645682
Br,Br2,random_C_06,190.2,118.04473091691455,-72.15526908308544
Br,BrCl,random_C_06,215.3,148.07198641823004,-67.22801358176997
Br,HBr,random_C_07,362.4,420.2141912270234,57.8141912270234
Br,Br2,random_C_07,190.2,144.1282557945347,-46.07174420546528
Br,BrCl,random_C_07,215.3,169.93065270860924,-45.36934729139077
Br,HBr,random_C_08,362.4,411.2262362196679,48.82623621966792
Br,Br2,random_C_08,190.2,175.15782840428085,-15.04217159571914
Br,BrCl,random_C_08,215.3,191.0156649163022,-24.284335083697812
Br,HBr,random_C_09,362.4,442.18866056543146,79.78866056543148
Br,Br2,random_C_09,190.2,74.86919002604071,-115.33080997395928
Br,BrCl,random_C_09,215.3,92.54574209949169,-122.75425790050832
Br,HBr,random_C_10,362.4,408.17951355135574,45.77951355135576
Br,Br2,random_C_10,190.2,247.27405906092702,57.07405906092703
Br,BrCl,random_C_10,215.3,280.0914297281771,64.79142972817709
Br,HBr,random_C_11,362.4,406.02661716194666,43.62661716194668
Br,Br2,random_C_11,190.2,99.42632324909692,-90.77367675090306
Br,BrCl,random_C_11,215.3,156.47892286409495,-58.82107713590506
Br,HBr,random_C_12,362.4,360.0211452260099,-2.378854773990099
Br,Br2,random_C_12,190.2,132.61460734272146,-57.58539265727853
Br,BrCl,random_C_12,215.3,152.5001992404977,-62.79980075950232
Br,HBr,random_C_13,362.4,426.88288848039764,64.48288848039766
Br,Br2,random_C_13,190.2,109.14578022506089,-81.0542197749391
Br,BrCl,random_C_13,215.3,139.97501216503144,-75.32498783496857
Br,HBr,random_C_14,362.4,399.43607820716494,37.03607820716496
Br,Br2,random_C_14,190.2,110.2957776322782,-79.90422236772179
Br,BrCl,random_C_14,215.3,104.6913325863012,-110.60866741369881
Br,HBr,random_C_15,362.4,424.627610781857,62.22761078185704
Br,Br2,random_C_15,190.2,92.97934216454047,-97.22065783545952
Br,BrCl,random_C_15,215.3,161.2129137692657,-54.087086230734315
I,HI,mean_only,294.5,410.73,116.23000000000002
I,I2,mean_only,148.8,410.73,261.93
I,HI,atomic_number_ABC,294.5,129.2006726859779,-165.2993273140221
I,I2,atomic_number_ABC,148.8,-385.5135141086185,-534.3135141086185
I,HI,raw_properties_ABC,294.5,235.11802226500868,-59.381977734991324
I,I2,raw_properties_ABC,148.8,41.72903906175458,-107.07096093824543
I,HI,fixed_A,294.5,270.69743399257857,-23.802566007421433
I,I2,fixed_A,148.8,184.74683745725002,35.94683745725001
I,HI,fixed_B,294.5,309.09699324402925,14.59699324402925
I,I2,fixed_B,148.8,368.351943155451,219.551943155451
I,HI,fixed_C,294.5,410.49608743832675,115.99608743832675
I,I2,fixed_C,148.8,294.70144462847554,145.90144462847553
I,HI,fixed_ABC,294.5,406.74064822412726,112.24064822412726
I,I2,fixed_ABC,148.8,-238.62934741376142,-387.42934741376143
I,HI,random_A_00,294.5,295.0064327256885,0.5064327256885122
I,I2,random_A_00,148.8,230.58710527015046,81.78710527015045
I,HI,random_A_01,294.5,285.0518546545159,-9.448145345484079
I,I2,random_A_01,148.8,224.3047485136305,75.50474851363049
I,HI,random_A_02,294.5,338.61559512880524,44.11559512880524
I,I2,random_A_02,148.8,292.99442731063004,144.19442731063003
I,HI,random_A_03,294.5,290.949574267747,-3.550425732253018
I,I2,random_A_03,148.8,224.89181045381807,76.09181045381806
I,HI,random_A_04,294.5,319.11158547644027,24.61158547644027
I,I2,random_A_04,148.8,279.09024793575395,130.29024793575394
I,HI,random_A_05,294.5,281.4267162304919,-13.073283769508123
I,I2,random_A_05,148.8,199.29989057758308,50.49989057758307
I,HI,random_A_06,294.5,264.1311110778569,-30.368888922143128
I,I2,random_A_06,148.8,183.0714407681261,34.2714407681261
I,HI,random_A_07,294.5,268.27811728286105,-26.221882717138953
I,I2,random_A_07,148.8,154.60043884031802,5.800438840318009
I,HI,random_A_08,294.5,304.8722354035238,10.372235403523803
I,I2,random_A_08,148.8,257.289342087931,108.48934208793099
I,HI,random_A_09,294.5,328.7820424208054,34.282042420805396
I,I2,random_A_09,148.8,294.37774053881816,145.57774053881815
I,HI,random_A_10,294.5,331.7385502843515,37.238550284351504
I,I2,random_A_10,148.8,274.183027091128,125.38302709112799
I,HI,random_A_11,294.5,262.1362991153732,-32.36370088462678
I,I2,random_A_11,148.8,181.70052335503962,32.90052335503961
I,HI,random_A_12,294.5,312.1420973557134,17.642097355713418
I,I2,random_A_12,148.8,266.2491153331556,117.44911533315559
I,HI,random_A_13,294.5,277.56513004117056,-16.934869958829438
I,I2,random_A_13,148.8,200.20854648488273,51.40854648488272
I,HI,random_A_14,294.5,292.1741427765572,-2.3258572234428243
I,I2,random_A_14,148.8,243.12797805231384,94.32797805231382
I,HI,random_A_15,294.5,256.21494393010585,-38.28505606989415
I,I2,random_A_15,148.8,156.4758601895092,7.675860189509194
I,HI,random_B_00,294.5,201.62865889718373,-92.87134110281627
I,I2,random_B_00,148.8,379.78905952091355,230.98905952091354
I,HI,random_B_01,294.5,150.6077169828904,-143.8922830171096
I,I2,random_B_01,148.8,386.5365051673233,237.7365051673233
I,HI,random_B_02,294.5,192.43496378467432,-102.06503621532568
I,I2,random_B_02,148.8,379.17601879808274,230.37601879808273
I,HI,random_B_03,294.5,203.8821261818726,-90.6178738181274
I,I2,random_B_03,148.8,371.54091553078706,222.74091553078705
I,HI,random_B_04,294.5,274.4007122862172,-20.099287713782815
I,I2,random_B_04,148.8,365.34029672241303,216.54029672241302
I,HI,random_B_05,294.5,208.47898214851674,-86.02101785148326
I,I2,random_B_05,148.8,384.57372660651225,235.77372660651224
I,HI,random_B_06,294.5,197.03060590108535,-97.46939409891465
I,I2,random_B_06,148.8,373.2792470187875,224.47924701878748
I,HI,random_B_07,294.5,237.30181003031345,-57.19818996968655
I,I2,random_B_07,148.8,379.9866411259335,231.18664112593348
I,HI,random_B_08,294.5,69.68677378868807,-224.81322621131193
I,I2,random_B_08,148.8,368.7532623907242,219.9532623907242
I,HI,random_B_09,294.5,238.11324900280223,-56.386750997197765
I,I2,random_B_09,148.8,372.3622113463043,223.5622113463043
I,HI,random_B_10,294.5,167.50684032868043,-126.99315967131957
I,I2,random_B_10,148.8,377.781629129209,228.981629129209
I,HI,random_B_11,294.5,207.6695615691674,-86.8304384308326
I,I2,random_B_11,148.8,366.7612777613329,217.9612777613329
I,HI,random_B_12,294.5,225.18284543212897,-69.31715456787103
I,I2,random_B_12,148.8,388.582558624877,239.78255862487697
I,HI,random_B_13,294.5,211.55142605246763,-82.94857394753237
I,I2,random_B_13,148.8,378.1724283800902,229.37242838009018
I,HI,random_B_14,294.5,265.5006862856676,-28.999313714332402
I,I2,random_B_14,148.8,363.52499160029026,214.72499160029025
I,HI,random_B_15,294.5,393.16207958473717,98.66207958473717
I,I2,random_B_15,148.8,381.7249031123071,232.9249031123071
I,HI,random_C_00,294.5,404.39953219311104,109.89953219311104
I,I2,random_C_00,148.8,201.69413967765962,52.89413967765961
I,HI,random_C_01,294.5,364.8849324327738,70.38493243277378
I,I2,random_C_01,148.8,82.12128981361894,-66.67871018638107
I,HI,random_C_02,294.5,474.9029627401077,180.40296274010768
I,I2,random_C_02,148.8,626.8915714160133,478.0915714160133
I,HI,random_C_03,294.5,326.1837171116257,31.683717111625697
I,I2,random_C_03,148.8,258.3400195998863,109.5400195998863
I,HI,random_C_04,294.5,462.80976705385444,168.30976705385444
I,I2,random_C_04,148.8,-534.5804162457966,-683.3804162457966
I,HI,random_C_05,294.5,588.5300601606523,294.0300601606523
I,I2,random_C_05,148.8,549.0378460744463,400.2378460744463
I,HI,random_C_06,294.5,465.3324259009911,170.8324259009911
I,I2,random_C_06,148.8,425.27170320712935,276.47170320712934
I,HI,random_C_07,294.5,411.42834568388474,116.92834568388474
I,I2,random_C_07,148.8,166.4288246470384,17.628824647038385
I,HI,random_C_08,294.5,476.20220498048974,181.70220498048974
I,I2,random_C_08,148.8,-35.82787189426472,-184.62787189426473
I,HI,random_C_09,294.5,515.768667699976,221.26866769997605
I,I2,random_C_09,148.8,415.05317811505654,266.2531781150565
I,HI,random_C_10,294.5,578.268657767213,283.76865776721297
I,I2,random_C_10,148.8,-303.1195536067742,-451.91955360677423
I,HI,random_C_11,294.5,375.08206510131424,80.58206510131424
I,I2,random_C_11,148.8,550.5405776602577,401.74057766025766
I,HI,random_C_12,294.5,390.67834300040363,96.17834300040363
I,I2,random_C_12,148.8,-164.31519309468575,-313.11519309468576
I,HI,random_C_13,294.5,431.0075416251098,136.5075416251098
I,I2,random_C_13,148.8,378.4612844649887,229.66128446498868
I,HI,random_C_14,294.5,448.88473676202716,154.38473676202716
I,I2,random_C_14,148.8,93.008376264954,-55.79162373504602
I,HI,random_C_15,294.5,336.90087390682476,42.400873906824756
I,I2,random_C_15,148.8,521.4662313041846,372.6662313041846
