target,config,Z,observed,predicted
Electronegativity,z_poly,1,2.2,2.0154641855662163
Electronegativity,z_poly,3,0.98,1.82648828694006
Electronegativity,z_poly,4,1.57,1.8260810171416844
Electronegativity,z_poly,5,2.04,1.82563643209985
Electronegativity,z_poly,6,2.55,1.8251529556361201
Electronegativity,z_poly,7,3.04,1.8246290115720576
Electronegativity,z_poly,8,3.44,1.8240630237292264
Electronegativity,z_poly,9,3.98,1.823453415929189
Electronegativity,z_poly,11,0.93,1.9954107457026462
Electronegativity,z_poly,12,1.31,1.99040692319587
Electronegativity,z_poly,13,1.61,1.985372225284263
Electronegativity,z_poly,14,1.9,1.980306155192673
Electronegativity,z_poly,15,2.19,1.975208216145948
Electronegativity,z_poly,16,2.58,1.970077911368936
Electronegativity,z_poly,17,3.16,1.9649147440864843
Electronegativity,z_poly,19,0.82,1.9991671791186962
Electronegativity,z_poly,20,1.0,1.9928282820871466
Electronegativity,z_poly,21,1.36,1.9864546750300411
Electronegativity,z_poly,22,1.54,1.9800462372162304
Electronegativity,z_poly,23,1.63,1.973602847914564
Electronegativity,z_poly,24,1.66,1.9671243863938928
Electronegativity,z_poly,25,1.55,1.9606107319230663
Electronegativity,z_poly,26,1.83,1.9540617637709348
Electronegativity,z_poly,27,1.88,1.9474773612063485
Electronegativity,z_poly,28,1.91,1.9408574034981576
Electronegativity,z_poly,29,1.9,1.934201769915212
Electronegativity,z_poly,30,1.65,1.9275103397263622
Electronegativity,z_poly,31,1.81,1.920782992200458
Electronegativity,z_poly,32,2.01,1.9140196066063495
Electronegativity,z_poly,33,2.18,1.907220062212887
Electronegativity,z_poly,34,2.55,1.9003842382889207
Electronegativity,z_poly,35,2.96,1.8935120141033006
Electronegativity,z_poly,36,3.0,1.8866032689248766
Electronegativity,z_poly,37,0.82,1.8369618871822535
Electronegativity,z_poly,38,0.95,1.8308247215323248
Electronegativity,z_poly,39,1.22,1.8246468896725767
Electronegativity,z_poly,40,1.33,1.818428168386764
Electronegativity,z_poly,41,1.6,1.8121683344586401
Electronegativity,z_poly,42,2.16,1.8058671646719593
Electronegativity,z_poly,43,1.9,1.7995244358104754
Electronegativity,z_poly,44,2.2,1.7931399246579423
Electronegativity,z_poly,45,2.28,1.7867134079981144
Electronegativity,z_poly,46,2.2,1.7802446626147452
Electronegativity,z_poly,47,1.93,1.773733465291589
Electronegativity,z_poly,48,1.69,1.7671795928123997
Electronegativity,z_poly,49,1.78,1.7605828219609312
Electronegativity,z_poly,50,1.96,1.7539429295209377
Electronegativity,z_poly,51,2.05,1.747259692276173
Electronegativity,z_poly,52,2.1,1.7405328870103909
Electronegativity,z_poly,53,2.66,1.7337622905073458
Electronegativity,z_poly,54,2.6,1.7269476795507914
Electronegativity,z_poly,55,0.79,1.7835362267857529
Electronegativity,z_poly,56,0.89,1.775401145536095
Electronegativity,z_poly,57,1.1,1.767117328367799
Electronegativity,z_poly,58,1.12,1.758683024717668
Electronegativity,z_poly,59,1.13,1.7500964840225048
Electronegativity,z_poly,60,1.14,1.7413559557191125
Electronegativity,z_poly,62,1.17,1.7234059340348518
Electronegativity,z_poly,64,1.2,1.7048189551593096
Electronegativity,z_poly,66,1.22,1.6855810145869095
Electronegativity,z_poly,67,1.23,1.675713557256395
Electronegativity,z_poly,68,1.24,1.6656781078120748
Electronegativity,z_poly,69,1.25,1.655472915690752
Electronegativity,z_poly,71,1.27,1.6345463011643098
Electronegativity,z_poly,72,1.3,1.6238213776327963
Electronegativity,z_poly,73,1.5,1.612919709171492
Electronegativity,z_poly,74,2.36,1.6018395452171996
Electronegativity,z_poly,75,1.9,1.5905791352067222
Electronegativity,z_poly,76,2.2,1.5791367285768625
Electronegativity,z_poly,77,2.2,1.5675105747644236
Electronegativity,z_poly,78,2.28,1.5556989232062086
Electronegativity,z_poly,79,2.54,1.5437000233390203
Electronegativity,z_poly,80,2.0,1.5315121245996617
Electronegativity,z_poly,81,1.62,1.5191334764249356
Electronegativity,z_poly,82,2.33,1.506562328251645
Electronegativity,z_poly,83,2.02,1.4937969295165927
Electronegativity,z_poly,84,2.0,1.480835529656582
Electronegativity,z_poly,85,2.2,1.4676763781084157
Electronegativity,z_poly,87,0.7,1.86076192476406
Electronegativity,z_poly,88,0.9,1.8698015926725227
Electronegativity,z_poly,89,1.1,1.879234937027697
Electronegativity,z_poly,90,1.3,1.889066562159207
Electronegativity,z_poly,91,1.5,1.8993010723966781
Electronegativity,z_poly,92,1.38,1.909943072069734
Electronegativity,z_poly,93,1.36,1.9209971655079991
Electronegativity,z_poly,94,1.28,1.9324679570410983
Electronegativity,z_poly,95,1.3,1.9443600509986565
Electronegativity,z_poly,96,1.3,1.9566780517102975
Electronegativity,z_poly,97,1.3,1.9694265635056458
Electronegativity,z_poly,98,1.3,1.982610190714326
Electronegativity,z_poly,99,1.3,1.9962335376659628
Electronegativity,z_poly,100,1.3,2.0103012086901804
Electronegativity,z_poly,101,1.3,2.024817808116604
Electronegativity,z_poly,102,1.3,2.039787940274857
Electronegativity,z_poly,103,1.3,2.055216209494565
Electronegativity,message_bits,1,2.2,2.1339939402001433
Electronegativity,message_bits,3,0.98,1.9342460479954189
Electronegativity,message_bits,4,1.57,1.9736075774372512
Electronegativity,message_bits,5,2.04,1.9271722007314553
Electronegativity,message_bits,6,2.55,1.9559179909518742
Electronegativity,message_bits,7,3.04,1.9094826142460783
Electronegativity,message_bits,8,3.44,1.9085800548251133
Electronegativity,message_bits,9,3.98,1.8621446781193174
Electronegativity,message_bits,11,0.93,2.1468185612086668
Electronegativity,message_bits,12,1.31,2.1998026659544108
Electronegativity,message_bits,13,1.61,2.1569404945245507
Electronegativity,message_bits,14,1.9,2.176277906910727
Electronegativity,message_bits,15,2.19,2.1334157354808676
Electronegativity,message_bits,16,2.58,1.8092942675491233
Electronegativity,message_bits,17,3.16,1.7664320961192632
Electronegativity,message_bits,19,0.82,2.004098249593764
Electronegativity,message_bits,20,1.0,2.081925311492858
Electronegativity,message_bits,21,1.36,2.0552737996658554
Electronegativity,message_bits,22,1.54,2.017108292000576
Electronegativity,message_bits,23,1.63,1.9904567801735733
Electronegativity,message_bits,24,1.66,2.059399156107984
Electronegativity,message_bits,25,1.55,2.032747644280981
Electronegativity,message_bits,26,1.83,1.994582136615702
Electronegativity,message_bits,27,1.88,1.9679306247886992
Electronegativity,message_bits,28,1.91,2.045757686687794
Electronegativity,message_bits,29,1.9,2.0191061748607906
Electronegativity,message_bits,30,1.65,1.9809406671955117
Electronegativity,message_bits,31,1.81,1.9542891553685087
Electronegativity,message_bits,32,2.01,1.7873755872696433
Electronegativity,message_bits,33,2.18,1.7607240754426405
Electronegativity,message_bits,34,2.55,1.7225585677773614
Electronegativity,message_bits,35,2.96,1.6959070559503584
Electronegativity,message_bits,36,3.0,1.7737341178494528
Electronegativity,message_bits,37,0.82,1.804141941078085
Electronegativity,message_bits,38,0.95,1.7478028148884437
Electronegativity,message_bits,39,1.22,1.7213358899535076
Electronegativity,message_bits,40,1.33,1.8891869306176772
Electronegativity,message_bits,41,1.6,1.862720005682741
Electronegativity,message_bits,42,2.16,1.8063808794930998
Electronegativity,message_bits,43,1.9,1.7799139545581637
Electronegativity,message_bits,44,2.2,1.7945748058355908
Electronegativity,message_bits,45,2.28,1.7681078809006547
Electronegativity,message_bits,46,2.2,1.7117687547110134
Electronegativity,message_bits,47,1.93,1.6853018297760776
Electronegativity,message_bits,48,1.69,1.5528059646753385
Electronegativity,message_bits,49,1.78,1.5263390397404024
Electronegativity,message_bits,50,1.96,1.4699999135507613
Electronegativity,message_bits,51,2.05,1.4435329886158252
Electronegativity,message_bits,52,2.1,1.4581938398932521
Electronegativity,message_bits,53,2.66,1.431726914958316
Electronegativity,message_bits,54,2.6,1.3753877887686747
Electronegativity,message_bits,55,0.79,1.7455182415080754
Electronegativity,message_bits,56,0.89,2.004736157577288
Electronegativity,message_bits,57,1.1,1.9674987559749149
Electronegativity,message_bits,58,1.12,1.909150060521819
Electronegativity,message_bits,59,1.13,1.871912658919446
Electronegativity,message_bits,60,1.14,1.8977132105510714
Electronegativity,message_bits,62,1.17,1.8021271134956023
Electronegativity,message_bits,64,1.2,1.4976606288391234
Electronegativity,message_bits,66,1.22,1.4020745317836543
Electronegativity,message_bits,67,1.23,1.3648371301812812
Electronegativity,message_bits,68,1.24,1.3906376818129067
Electronegativity,message_bits,69,1.25,1.3534002802105336
Electronegativity,message_bits,71,1.27,1.2578141831550647
Electronegativity,message_bits,72,1.3,1.5170320992242772
Electronegativity,message_bits,73,1.5,1.4797946976219039
Electronegativity,message_bits,74,2.36,1.4214460021688082
Electronegativity,message_bits,75,1.9,1.384208600566435
Electronegativity,message_bits,76,2.2,1.4100091521980604
Electronegativity,message_bits,77,2.2,1.3727717505956873
Electronegativity,message_bits,78,2.28,1.3144230551425915
Electronegativity,message_bits,79,2.54,1.2771856535402184
Electronegativity,message_bits,80,2.0,1.3621844605738145
Electronegativity,message_bits,81,1.62,1.3249470589714414
Electronegativity,message_bits,82,2.33,1.2665983635183455
Electronegativity,message_bits,83,2.02,1.2293609619159724
Electronegativity,message_bits,84,2.0,1.255161513547598
Electronegativity,message_bits,85,2.2,1.2179241119452247
Electronegativity,message_bits,87,0.7,1.6022986628784872
Electronegativity,message_bits,88,0.9,1.7154917366181373
Electronegativity,message_bits,89,1.1,1.6817984517146152
Electronegativity,message_bits,90,1.3,1.64821691347389
Electronegativity,message_bits,91,1.5,1.614523628570368
Electronegativity,message_bits,92,1.38,1.6651504731950604
Electronegativity,message_bits,93,1.36,1.6314571882915385
Electronegativity,message_bits,94,1.28,1.5978756500508133
Electronegativity,message_bits,95,1.3,1.5641823651472913
Electronegativity,message_bits,96,1.3,1.8166256406943417
Electronegativity,message_bits,97,1.3,1.7829323557908197
Electronegativity,message_bits,98,1.3,1.7493508175500945
Electronegativity,message_bits,99,1.3,1.7156575326465724
Electronegativity,message_bits,100,1.3,1.7662843772712649
Electronegativity,message_bits,101,1.3,1.732591092367743
Electronegativity,message_bits,102,1.3,1.6990095541270178
Electronegativity,message_bits,103,1.3,1.6653162692234957
Electronegativity,golay_bits,1,2.2,1.9068112406267452
Electronegativity,golay_bits,3,0.98,2.2041468799938344
Electronegativity,golay_bits,4,1.57,2.0801155320523503
Electronegativity,golay_bits,5,2.04,2.137974809517914
Electronegativity,golay_bits,6,2.55,1.891078101785305
Electronegativity,golay_bits,7,3.04,1.8751459153881451
Electronegativity,golay_bits,8,3.44,2.0171315480543752
Electronegativity,golay_bits,9,3.98,2.0559340727673954
Electronegativity,golay_bits,11,0.93,1.9790593661021152
Electronegativity,golay_bits,12,1.31,2.1445905968081127
Electronegativity,golay_bits,13,1.61,2.0746652588117747
Electronegativity,golay_bits,14,1.9,2.5657308729944246
Electronegativity,golay_bits,15,2.19,1.9215617508931881
Electronegativity,golay_bits,16,2.58,1.7351863010923068
Electronegativity,golay_bits,17,3.16,2.0314809817855943
Electronegativity,golay_bits,19,0.82,1.8441022568425989
Electronegativity,golay_bits,20,1.0,1.7857072455351382
Electronegativity,golay_bits,21,1.36,2.1493706360292637
Electronegativity,golay_bits,22,1.54,2.178591562199566
Electronegativity,golay_bits,23,1.63,2.135926743209774
Electronegativity,golay_bits,24,1.66,1.7323709452271732
Electronegativity,golay_bits,25,1.55,2.103593014774675
Electronegativity,golay_bits,26,1.83,2.158840063821893
Electronegativity,golay_bits,27,1.88,2.056564320024893
Electronegativity,golay_bits,28,1.91,2.4074808228467144
Electronegativity,golay_bits,29,1.9,1.904185371580496
Electronegativity,golay_bits,30,1.65,1.97036242673007
Electronegativity,golay_bits,31,1.81,1.7877723351282868
Electronegativity,golay_bits,32,2.01,2.024889345058963
Electronegativity,golay_bits,33,2.18,1.7686671001379592
Electronegativity,golay_bits,34,2.55,1.4717922959591623
Electronegativity,golay_bits,35,2.96,1.7682327166689062
Electronegativity,golay_bits,36,3.0,2.0462345837561484
Electronegativity,golay_bits,37,0.82,1.2013023619382452
Electronegativity,golay_bits,38,0.95,1.9089594992511303
Electronegativity,golay_bits,39,1.22,1.8267268304719146
Electronegativity,golay_bits,40,1.33,1.838297301844637
Electronegativity,golay_bits,41,1.6,1.6080917957741092
Electronegativity,golay_bits,42,2.16,2.046651861632553
Electronegativity,golay_bits,43,1.9,1.7964996649119318
Electronegativity,golay_bits,44,2.2,1.9309479532817626
Electronegativity,golay_bits,45,2.28,1.742036964159753
Electronegativity,golay_bits,46,2.2,1.3690677553525434
Electronegativity,golay_bits,47,1.93,1.8296286878883923
Electronegativity,golay_bits,48,1.69,1.4681807689357909
Electronegativity,golay_bits,49,1.78,1.3291088979302264
Electronegativity,golay_bits,50,1.96,1.6317476974100051
Electronegativity,golay_bits,51,2.05,1.5623043983817506
Electronegativity,golay_bits,52,2.1,1.6972874609956423
Electronegativity,golay_bits,53,2.66,1.3265980256931442
Electronegativity,golay_bits,54,2.6,1.180194894380125
Electronegativity,golay_bits,55,0.79,1.692613801479388
Electronegativity,golay_bits,56,0.89,2.325327272721746
Electronegativity,golay_bits,57,1.1,1.7250148091213091
Electronegativity,golay_bits,58,1.12,1.7998700661759088
Electronegativity,golay_bits,59,1.13,1.8289889411320857
Electronegativity,golay_bits,60,1.14,1.848248080446734
Electronegativity,golay_bits,62,1.17,1.4056403819158785
Electronegativity,golay_bits,64,1.2,1.4649626490950185
Electronegativity,golay_bits,66,1.22,1.5689367811057953
Electronegativity,golay_bits,67,1.23,1.2010012875656704
Electronegativity,golay_bits,68,1.24,1.113245482285179
Electronegativity,golay_bits,69,1.25,1.5559421022383053
Electronegativity,golay_bits,71,1.27,1.1133344037074497
Electronegativity,golay_bits,72,1.3,1.7398084157939173
Electronegativity,golay_bits,73,1.5,1.1713141924727555
Electronegativity,golay_bits,74,2.36,1.549728907645816
Electronegativity,golay_bits,75,1.9,1.4905200147364281
Electronegativity,golay_bits,76,2.2,1.2689686826747957
Electronegativity,golay_bits,77,2.2,1.6705297555594671
Electronegativity,golay_bits,78,2.28,1.0927502366436057
Electronegativity,golay_bits,79,2.54,1.4252651270555967
Electronegativity,golay_bits,80,2.0,1.3405438395098581
Electronegativity,golay_bits,81,1.62,1.2772430388672356
Electronegativity,golay_bits,82,2.33,1.164486309502446
Electronegativity,golay_bits,83,2.02,1.5824268829902188
Electronegativity,golay_bits,84,2.0,1.536360860501887
Electronegativity,golay_bits,85,2.2,1.1098018478427962
Electronegativity,golay_bits,87,0.7,1.2812617182644916
Electronegativity,golay_bits,88,0.9,1.7579483939391443
Electronegativity,golay_bits,89,1.1,1.911642403027827
Electronegativity,golay_bits,90,1.3,1.7285481358015868
Electronegativity,golay_bits,91,1.5,1.318766685174777
Electronegativity,golay_bits,92,1.38,1.1467625288268954
Electronegativity,golay_bits,93,1.36,1.8598489935987121
Electronegativity,golay_bits,94,1.28,2.042847066467721
Electronegativity,golay_bits,95,1.3,1.43164701743145
Electronegativity,golay_bits,96,1.3,1.8264549923023572
Electronegativity,golay_bits,97,1.3,1.553250200615193
Electronegativity,golay_bits,98,1.3,1.7919599387232186
Electronegativity,golay_bits,99,1.3,2.0556278156678953
Electronegativity,golay_bits,100,1.3,1.730251394048123
Electronegativity,golay_bits,101,1.3,2.0766330617922346
Electronegativity,golay_bits,102,1.3,1.5912766025313383
Electronegativity,golay_bits,103,1.3,1.5933318773184117
Electronegativity,mog_planar,1,2.2,1.5353111859723425
Electronegativity,mog_planar,3,0.98,1.8597551149820795
Electronegativity,mog_planar,4,1.57,1.846908899938488
Electronegativity,mog_planar,5,2.04,1.8346782384968838
Electronegativity,mog_planar,6,2.55,1.8692476352609844
Electronegativity,mog_planar,7,3.04,1.470384639145307
Electronegativity,mog_planar,8,3.44,2.0285803783329164
Electronegativity,mog_planar,9,3.98,1.5138899048928371
Electronegativity,mog_planar,11,0.93,1.8163759279536766
Electronegativity,mog_planar,12,1.31,2.1715447994771404
Electronegativity,mog_planar,13,1.61,1.7660512331325928
Electronegativity,mog_planar,14,1.9,2.325535622996395
Electronegativity,mog_planar,15,2.19,1.721228223477628
Electronegativity,mog_planar,16,2.58,1.5674866451366303
Electronegativity,mog_planar,17,3.16,1.5504842962708136
Electronegativity,mog_planar,19,0.82,1.6575433407925204
Electronegativity,mog_planar,20,1.0,1.7676651796510372
Electronegativity,mog_planar,21,1.36,1.645930044538364
Electronegativity,mog_planar,22,1.54,1.831683107658377
Electronegativity,mog_planar,23,1.63,1.6064435912295334
Electronegativity,mog_planar,24,1.66,1.6546880062510934
Electronegativity,mog_planar,25,1.55,1.6507802687677726
Electronegativity,mog_planar,26,1.83,1.8144184995186596
Electronegativity,mog_planar,27,1.88,1.5123266474876778
Electronegativity,mog_planar,28,1.91,1.8351230779876966
Electronegativity,mog_planar,29,1.9,1.9316941260823473
Electronegativity,mog_planar,30,1.65,1.6340350856145776
Electronegativity,mog_planar,31,1.81,2.1437796085872654
Electronegativity,mog_planar,32,2.01,2.184593043769704
Electronegativity,mog_planar,33,2.18,1.5347913857876803
Electronegativity,mog_planar,34,2.55,1.7279540940675524
Electronegativity,mog_planar,35,2.96,1.5014977770287934
Electronegativity,mog_planar,36,3.0,1.8456549435894056
Electronegativity,mog_planar,37,0.82,1.708245417948331
Electronegativity,mog_planar,38,0.95,2.211848642932414
Electronegativity,mog_planar,39,1.22,1.723837206590383
Electronegativity,mog_planar,40,1.33,2.1121277022992153
Electronegativity,mog_planar,41,1.6,1.6822286234034585
Electronegativity,mog_planar,42,2.16,2.043000659853474
Electronegativity,mog_planar,43,1.9,1.8274574754153172
Electronegativity,mog_planar,44,2.2,2.260455793956042
Electronegativity,mog_planar,45,2.28,1.721965582380038
Electronegativity,mog_planar,46,2.2,2.0612033938752488
Electronegativity,mog_planar,47,1.93,1.7022396558974042
Electronegativity,mog_planar,48,1.69,1.78960691170062
Electronegativity,mog_planar,49,1.78,1.5315160591263097
Electronegativity,mog_planar,50,1.96,1.50429064018641
Electronegativity,mog_planar,51,2.05,1.760291560586693
Electronegativity,mog_planar,52,2.1,1.6755544548674315
Electronegativity,mog_planar,53,2.66,1.7936215157665996
Electronegativity,mog_planar,54,2.6,1.7444646953652854
Electronegativity,mog_planar,55,0.79,1.593515188458583
Electronegativity,mog_planar,56,0.89,2.0359409617334983
Electronegativity,mog_planar,57,1.1,1.6059570229145435
Electronegativity,mog_planar,58,1.12,1.6888609137726192
Electronegativity,mog_planar,59,1.13,1.6995966886013008
Electronegativity,mog_planar,60,1.14,1.6803108826859134
Electronegativity,mog_planar,62,1.17,1.8036641036446097
Electronegativity,mog_planar,64,1.2,1.6773097177567473
Electronegativity,mog_planar,66,1.22,1.8050171616551702
Electronegativity,mog_planar,67,1.23,1.485437163134549
Electronegativity,mog_planar,68,1.24,1.6794184193160597
Electronegativity,mog_planar,69,1.25,1.7080785341017382
Electronegativity,mog_planar,71,1.27,1.7733588268503977
Electronegativity,mog_planar,72,1.3,1.6970393111382742
Electronegativity,mog_planar,73,1.5,1.6391220088682683
Electronegativity,mog_planar,74,2.36,1.7996854238608284
Electronegativity,mog_planar,75,1.9,1.540785043593761
Electronegativity,mog_planar,76,2.2,1.923293961868215
Electronegativity,mog_planar,77,2.2,1.5485170620828546
Electronegativity,mog_planar,78,2.28,1.4733113535835283
Electronegativity,mog_planar,79,2.54,1.4777351667521237
Electronegativity,mog_planar,80,2.0,1.3649494397949327
Electronegativity,mog_planar,81,1.62,1.462870092887068
Electronegativity,mog_planar,82,2.33,1.4756361039311252
Electronegativity,mog_planar,83,2.02,1.486891890459007
Electronegativity,mog_planar,84,2.0,1.8044996744639041
Electronegativity,mog_planar,85,2.2,1.4667338711697713
Electronegativity,mog_planar,87,0.7,1.719421544210669
Electronegativity,mog_planar,88,0.9,1.5633950767108091
Electronegativity,mog_planar,89,1.1,1.914482126291975
Electronegativity,mog_planar,90,1.3,1.6143188217713007
Electronegativity,mog_planar,91,1.5,1.5939967572512408
Electronegativity,mog_planar,92,1.38,1.6152119925049098
Electronegativity,mog_planar,93,1.36,1.7066520809204342
Electronegativity,mog_planar,94,1.28,1.957534701838706
Electronegativity,mog_planar,95,1.3,1.5519169698096626
Electronegativity,mog_planar,96,1.3,1.8134663869961323
Electronegativity,mog_planar,97,1.3,1.9190608290689095
Electronegativity,mog_planar,98,1.3,1.935136934764033
Electronegativity,mog_planar,99,1.3,2.0528084941404177
Electronegativity,mog_planar,100,1.3,2.2492433668044183
Electronegativity,mog_planar,101,1.3,1.9453249116419802
Electronegativity,mog_planar,102,1.3,1.9934554796130037
Electronegativity,mog_planar,103,1.3,1.8236173565991438
Electronegativity,mog_stacked,1,2.2,1.5193302338277197
Electronegativity,mog_stacked,3,0.98,1.770271442695894
Electronegativity,mog_stacked,4,1.57,1.8461383062297958
Electronegativity,mog_stacked,5,2.04,1.8785192202627972
Electronegativity,mog_stacked,6,2.55,1.8952816286448455
Electronegativity,mog_stacked,7,3.04,1.4973230034503313
Electronegativity,mog_stacked,8,3.44,1.9695503864937902
Electronegativity,mog_stacked,9,3.98,1.6239545519954024
Electronegativity,mog_stacked,11,0.93,1.9319788136038287
Electronegativity,mog_stacked,12,1.31,2.1850344824659302
Electronegativity,mog_stacked,13,1.61,1.745144878404777
Electronegativity,mog_stacked,14,1.9,2.3775217443853034
Electronegativity,mog_stacked,15,2.19,1.7564401781734347
Electronegativity,mog_stacked,16,2.58,1.596814446443154
Electronegativity,mog_stacked,17,3.16,1.4901737807410458
Electronegativity,mog_stacked,19,0.82,1.7223067957403593
Electronegativity,mog_stacked,20,1.0,1.7491099789533258
Electronegativity,mog_stacked,21,1.36,1.7789188175336494
Electronegativity,mog_stacked,22,1.54,1.8326265849735661
Electronegativity,mog_stacked,23,1.63,1.5994498961572248
Electronegativity,mog_stacked,24,1.66,1.5528775932002945
Electronegativity,mog_stacked,25,1.55,1.7792934401277594
Electronegativity,mog_stacked,26,1.83,1.871987550760187
Electronegativity,mog_stacked,27,1.88,1.4896080359721149
Electronegativity,mog_stacked,28,1.91,1.6979379576357618
Electronegativity,mog_stacked,29,1.9,1.8854321695229417
Electronegativity,mog_stacked,30,1.65,1.6274211828831242
Electronegativity,mog_stacked,31,1.81,1.9731533884228276
Electronegativity,mog_stacked,32,2.01,2.0695514399875456
Electronegativity,mog_stacked,33,2.18,1.4544075195872137
Electronegativity,mog_stacked,34,2.55,1.7130439838560216
Electronegativity,mog_stacked,35,2.96,1.584554182316528
Electronegativity,mog_stacked,36,3.0,1.7808095968280693
Electronegativity,mog_stacked,37,0.82,1.7823412791702091
Electronegativity,mog_stacked,38,0.95,2.232776466913939
Electronegativity,mog_stacked,39,1.22,1.6636127900469435
Electronegativity,mog_stacked,40,1.33,2.107078896293955
Electronegativity,mog_stacked,41,1.6,1.7148481760108645
Electronegativity,mog_stacked,42,2.16,2.0426950249451368
Electronegativity,mog_stacked,43,1.9,1.8258898450674859
Electronegativity,mog_stacked,44,2.2,2.3522777951821396
Electronegativity,mog_stacked,45,2.28,1.7159540664181945
Electronegativity,mog_stacked,46,2.2,2.0844026687348443
Electronegativity,mog_stacked,47,1.93,1.6224946987605406
Electronegativity,mog_stacked,48,1.69,1.7258078067102065
Electronegativity,mog_stacked,49,1.78,1.5332963835308508
Electronegativity,mog_stacked,50,1.96,1.5433589099978664
Electronegativity,mog_stacked,51,2.05,1.7801085213552177
Electronegativity,mog_stacked,52,2.1,1.7035975870023299
Electronegativity,mog_stacked,53,2.66,1.7817319133094067
Electronegativity,mog_stacked,54,2.6,1.7137188728179837
Electronegativity,mog_stacked,55,0.79,1.6919580813293595
Electronegativity,mog_stacked,56,0.89,1.977844257487761
Electronegativity,mog_stacked,57,1.1,1.5188809219904027
Electronegativity,mog_stacked,58,1.12,1.691048712795638
Electronegativity,mog_stacked,59,1.13,1.5961389983371799
Electronegativity,mog_stacked,60,1.14,1.7198855291838322
Electronegativity,mog_stacked,62,1.17,1.813403668208063
Electronegativity,mog_stacked,64,1.2,1.807339482892002
Electronegativity,mog_stacked,66,1.22,1.7516526269032373
Electronegativity,mog_stacked,67,1.23,1.3992528484326163
Electronegativity,mog_stacked,68,1.24,1.6726930501303232
Electronegativity,mog_stacked,69,1.25,1.6529505080805773
Electronegativity,mog_stacked,71,1.27,1.8645923178595658
Electronegativity,mog_stacked,72,1.3,1.7784377145678074
Electronegativity,mog_stacked,73,1.5,1.5828501888604238
Electronegativity,mog_stacked,74,2.36,1.7942069206266293
Electronegativity,mog_stacked,75,1.9,1.5951648270246879
Electronegativity,mog_stacked,76,2.2,1.9697587073162588
Electronegativity,mog_stacked,77,2.2,1.6167956680328857
Electronegativity,mog_stacked,78,2.28,1.6003814971851202
Electronegativity,mog_stacked,79,2.54,1.2342513802866182
Electronegativity,mog_stacked,80,2.0,1.1985307311639946
Electronegativity,mog_stacked,81,1.62,1.3915988928456589
Electronegativity,mog_stacked,82,2.33,1.6162423736569436
Electronegativity,mog_stacked,83,2.02,1.5257823977670821
Electronegativity,mog_stacked,84,2.0,1.7510840480112786
Electronegativity,mog_stacked,85,2.2,1.3654216713649159
Electronegativity,mog_stacked,87,0.7,1.677748374680621
Electronegativity,mog_stacked,88,0.9,1.7029073233992007
Electronegativity,mog_stacked,89,1.1,1.7737334949385026
Electronegativity,mog_stacked,90,1.3,1.5337864449655103
Electronegativity,mog_stacked,91,1.5,1.4410892971059723
Electronegativity,mog_stacked,92,1.38,1.6644817586474612
Electronegativity,mog_stacked,93,1.36,1.587594504575247
Electronegativity,mog_stacked,94,1.28,1.9566912815906277
Electronegativity,mog_stacked,95,1.3,1.510881987284644
Electronegativity,mog_stacked,96,1.3,1.867968713122078
Electronegativity,mog_stacked,97,1.3,1.7339297260957758
Electronegativity,mog_stacked,98,1.3,2.1237414941205133
Electronegativity,mog_stacked,99,1.3,2.0335256500921517
Electronegativity,mog_stacked,100,1.3,2.1583077002900346
Electronegativity,mog_stacked,101,1.3,2.0143764093938077
Electronegativity,mog_stacked,102,1.3,2.018403717415981
Electronegativity,mog_stacked,103,1.3,1.7953080011476874
Electronegativity,mog_cylinder,1,2.2,1.5198719654207558
Electronegativity,mog_cylinder,3,0.98,1.9637431117651194
Electronegativity,mog_cylinder,4,1.57,1.9640159894731846
Electronegativity,mog_cylinder,5,2.04,1.962941704345859
Electronegativity,mog_cylinder,6,2.55,1.7524873996747496
Electronegativity,mog_cylinder,7,3.04,1.6416190750936996
Electronegativity,mog_cylinder,8,3.44,2.1847150511177147
Electronegativity,mog_cylinder,9,3.98,1.6821910084691147
Electronegativity,mog_cylinder,11,0.93,1.7689337278469914
Electronegativity,mog_cylinder,12,1.31,1.961181915403074
Electronegativity,mog_cylinder,13,1.61,1.6667962439377562
Electronegativity,mog_cylinder,14,1.9,2.509336325592736
Electronegativity,mog_cylinder,15,2.19,1.7959178304812229
Electronegativity,mog_cylinder,16,2.58,1.4861484736212605
Electronegativity,mog_cylinder,17,3.16,1.3198601260075455
Electronegativity,mog_cylinder,19,0.82,1.625131621183535
Electronegativity,mog_cylinder,20,1.0,1.6687606963184027
Electronegativity,mog_cylinder,21,1.36,1.62062414383299
Electronegativity,mog_cylinder,22,1.54,1.8896703233041592
Electronegativity,mog_cylinder,23,1.63,1.608746414021668
Electronegativity,mog_cylinder,24,1.66,1.68061876468055
Electronegativity,mog_cylinder,25,1.55,1.6240335422406726
Electronegativity,mog_cylinder,26,1.83,1.7957556439660973
Electronegativity,mog_cylinder,27,1.88,1.6779603195747115
Electronegativity,mog_cylinder,28,1.91,1.9223194306686997
Electronegativity,mog_cylinder,29,1.9,1.8718859672260326
Electronegativity,mog_cylinder,30,1.65,1.661192050144171
Electronegativity,mog_cylinder,31,1.81,1.375024519991535
Electronegativity,mog_cylinder,32,2.01,1.9712696344287246
Electronegativity,mog_cylinder,33,2.18,1.6493011232617376
Electronegativity,mog_cylinder,34,2.55,1.9320021113906816
Electronegativity,mog_cylinder,35,2.96,1.636935767966638
Electronegativity,mog_cylinder,36,3.0,1.8681896333466603
Electronegativity,mog_cylinder,37,0.82,1.905060168792815
Electronegativity,mog_cylinder,38,0.95,1.9687063974909766
Electronegativity,mog_cylinder,39,1.22,1.6107255138111143
Electronegativity,mog_cylinder,40,1.33,2.088360218906992
Electronegativity,mog_cylinder,41,1.6,1.758420609065703
Electronegativity,mog_cylinder,42,2.16,1.8373004353863907
Electronegativity,mog_cylinder,43,1.9,1.8564461302403705
Electronegativity,mog_cylinder,44,2.2,2.2145385110655527
Electronegativity,mog_cylinder,45,2.28,1.6210328525547641
Electronegativity,mog_cylinder,46,2.2,2.2625496210024014
Electronegativity,mog_cylinder,47,1.93,1.7008511024658572
Electronegativity,mog_cylinder,48,1.69,1.6723495271741118
Electronegativity,mog_cylinder,49,1.78,1.5361641859362598
Electronegativity,mog_cylinder,50,1.96,1.4824882266733297
Electronegativity,mog_cylinder,51,2.05,1.903061868711828
Electronegativity,mog_cylinder,52,2.1,1.6575172728206722
Electronegativity,mog_cylinder,53,2.66,1.8596887581201489
Electronegativity,mog_cylinder,54,2.6,1.8564876571415458
Electronegativity,mog_cylinder,55,0.79,1.6975428176741072
Electronegativity,mog_cylinder,56,0.89,1.8360140231060877
Electronegativity,mog_cylinder,57,1.1,1.7257868643336458
Electronegativity,mog_cylinder,58,1.12,1.3735514356502074
Electronegativity,mog_cylinder,59,1.13,1.5924243484718155
Electronegativity,mog_cylinder,60,1.14,1.7990686639673805
Electronegativity,mog_cylinder,62,1.17,1.8465971871783335
Electronegativity,mog_cylinder,64,1.2,1.7682489131669485
Electronegativity,mog_cylinder,66,1.22,1.6696457129979194
Electronegativity,mog_cylinder,67,1.23,1.1287175194875894
Electronegativity,mog_cylinder,68,1.24,1.6944619264822254
Electronegativity,mog_cylinder,69,1.25,1.7196726855470246
Electronegativity,mog_cylinder,71,1.27,1.7044750081828348
Electronegativity,mog_cylinder,72,1.3,1.6630428446843957
Electronegativity,mog_cylinder,73,1.5,1.7196207198393447
Electronegativity,mog_cylinder,74,2.36,1.8879285840447415
Electronegativity,mog_cylinder,75,1.9,1.592483905791359
Electronegativity,mog_cylinder,76,2.2,2.032142626017601
Electronegativity,mog_cylinder,77,2.2,1.5845401283561682
Electronegativity,mog_cylinder,78,2.28,1.6554167960758566
Electronegativity,mog_cylinder,79,2.54,1.5192228737218496
Electronegativity,mog_cylinder,80,2.0,1.2814904981092237
Electronegativity,mog_cylinder,81,1.62,1.426360402583057
Electronegativity,mog_cylinder,82,2.33,1.5525706303188558
Electronegativity,mog_cylinder,83,2.02,1.4532155526453603
Electronegativity,mog_cylinder,84,2.0,1.548430450548843
Electronegativity,mog_cylinder,85,2.2,1.350538705520596
Electronegativity,mog_cylinder,87,0.7,1.5995257779842793
Electronegativity,mog_cylinder,88,0.9,1.4681753309354073
Electronegativity,mog_cylinder,89,1.1,1.7867882132461004
Electronegativity,mog_cylinder,90,1.3,1.7999347254093847
Electronegativity,mog_cylinder,91,1.5,1.5619119847997969
Electronegativity,mog_cylinder,92,1.38,1.6741031511378948
Electronegativity,mog_cylinder,93,1.36,1.4628025207543007
Electronegativity,mog_cylinder,94,1.28,1.9109896803513504
Electronegativity,mog_cylinder,95,1.3,1.4940904387125766
Electronegativity,mog_cylinder,96,1.3,1.935661554234898
Electronegativity,mog_cylinder,97,1.3,2.0351838277303913
Electronegativity,mog_cylinder,98,1.3,1.6374660582072975
Electronegativity,mog_cylinder,99,1.3,2.114551665670845
Electronegativity,mog_cylinder,100,1.3,2.126086336706973
Electronegativity,mog_cylinder,101,1.3,2.0620342139774452
Electronegativity,mog_cylinder,102,1.3,2.18379342198076
Electronegativity,mog_cylinder,103,1.3,1.8206278005061962
Electronegativity,mog_sphere,1,2.2,1.5860089834733606
Electronegativity,mog_sphere,3,0.98,2.08840131215676
Electronegativity,mog_sphere,4,1.57,1.9548314219554266
Electronegativity,mog_sphere,5,2.04,1.8181290532974193
Electronegativity,mog_sphere,6,2.55,1.7931676734875919
Electronegativity,mog_sphere,7,3.04,1.51038180604168
Electronegativity,mog_sphere,8,3.44,1.8265668236007866
Electronegativity,mog_sphere,9,3.98,1.8534334379246336
Electronegativity,mog_sphere,11,0.93,1.7817736083193945
Electronegativity,mog_sphere,12,1.31,2.1955941716446326
Electronegativity,mog_sphere,13,1.61,1.8799272040054749
Electronegativity,mog_sphere,14,1.9,2.2929327312336265
Electronegativity,mog_sphere,15,2.19,1.792752967158983
Electronegativity,mog_sphere,16,2.58,1.6397681258755832
Electronegativity,mog_sphere,17,3.16,1.599509097890068
Electronegativity,mog_sphere,19,0.82,1.6442766329097733
Electronegativity,mog_sphere,20,1.0,1.766671244287921
Electronegativity,mog_sphere,21,1.36,1.7983876528789076
Electronegativity,mog_sphere,22,1.54,1.9811761521244458
Electronegativity,mog_sphere,23,1.63,1.6132945312185032
Electronegativity,mog_sphere,24,1.66,1.7544584773901786
Electronegativity,mog_sphere,25,1.55,1.456395046380853
Electronegativity,mog_sphere,26,1.83,1.849409663979758
Electronegativity,mog_sphere,27,1.88,1.3469596556871593
Electronegativity,mog_sphere,28,1.91,1.8804370822202503
Electronegativity,mog_sphere,29,1.9,1.766010458783732
Electronegativity,mog_sphere,30,1.65,1.5704659005875423
Electronegativity,mog_sphere,31,1.81,1.8029952083310368
Electronegativity,mog_sphere,32,2.01,1.9449412063151645
Electronegativity,mog_sphere,33,2.18,1.4316373927774446
Electronegativity,mog_sphere,34,2.55,1.6824377938947845
Electronegativity,mog_sphere,35,2.96,1.5425161330749366
Electronegativity,mog_sphere,36,3.0,1.8552725483840002
Electronegativity,mog_sphere,37,0.82,1.8343122570525365
Electronegativity,mog_sphere,38,0.95,2.0670506024242603
Electronegativity,mog_sphere,39,1.22,1.7308032483143962
Electronegativity,mog_sphere,40,1.33,2.0412012645783104
Electronegativity,mog_sphere,41,1.6,1.618775261179523
Electronegativity,mog_sphere,42,2.16,2.0249614693091926
Electronegativity,mog_sphere,43,1.9,1.7034469402396897
Electronegativity,mog_sphere,44,2.2,1.9003593035564061
Electronegativity,mog_sphere,45,2.28,1.8290323026196118
Electronegativity,mog_sphere,46,2.2,1.974787992772757
Electronegativity,mog_sphere,47,1.93,1.716209713121022
Electronegativity,mog_sphere,48,1.69,1.5237738171263036
Electronegativity,mog_sphere,49,1.78,1.4569349864977246
Electronegativity,mog_sphere,50,1.96,1.482142380870707
Electronegativity,mog_sphere,51,2.05,1.7626680528449128
Electronegativity,mog_sphere,52,2.1,1.7522044468726439
Electronegativity,mog_sphere,53,2.66,1.7573711981230302
Electronegativity,mog_sphere,54,2.6,1.696008551114067
Electronegativity,mog_sphere,55,0.79,1.6330611328300764
Electronegativity,mog_sphere,56,0.89,2.134503742618683
Electronegativity,mog_sphere,57,1.1,1.5526802361954617
Electronegativity,mog_sphere,58,1.12,1.5692742890862836
Electronegativity,mog_sphere,59,1.13,1.5615984817972626
Electronegativity,mog_sphere,60,1.14,1.6425577084627203
Electronegativity,mog_sphere,62,1.17,1.7320313345737173
Electronegativity,mog_sphere,64,1.2,2.1132188079380514
Electronegativity,mog_sphere,66,1.22,2.164010531215405
Electronegativity,mog_sphere,67,1.23,1.3967302824379064
Electronegativity,mog_sphere,68,1.24,1.7019795215479387
Electronegativity,mog_sphere,69,1.25,1.93877154080383
Electronegativity,mog_sphere,71,1.27,2.053122070086504
Electronegativity,mog_sphere,72,1.3,1.6712899947193294
Electronegativity,mog_sphere,73,1.5,1.7332969410341608
Electronegativity,mog_sphere,74,2.36,2.0202708135458485
Electronegativity,mog_sphere,75,1.9,1.7713175580226665
Electronegativity,mog_sphere,76,2.2,1.8408042111118952
Electronegativity,mog_sphere,77,2.2,1.6773668383967435
Electronegativity,mog_sphere,78,2.28,1.731299391771777
Electronegativity,mog_sphere,79,2.54,1.7179397143899526
Electronegativity,mog_sphere,80,2.0,1.703629813141606
Electronegativity,mog_sphere,81,1.62,1.406561040550221
Electronegativity,mog_sphere,82,2.33,1.5829099436188665
Electronegativity,mog_sphere,83,2.02,1.5146393373457834
Electronegativity,mog_sphere,84,2.0,2.115842503507598
Electronegativity,mog_sphere,85,2.2,1.27986206011941
Electronegativity,mog_sphere,87,0.7,1.5141627981635035
Electronegativity,mog_sphere,88,0.9,1.5814285116132663
Electronegativity,mog_sphere,89,1.1,1.8191928915704585
Electronegativity,mog_sphere,90,1.3,1.8640160277477837
Electronegativity,mog_sphere,91,1.5,1.2659018141520253
Electronegativity,mog_sphere,92,1.38,1.752959467303475
Electronegativity,mog_sphere,93,1.36,1.5696086232118924
Electronegativity,mog_sphere,94,1.28,1.9169279635165757
Electronegativity,mog_sphere,95,1.3,1.594039007435248
Electronegativity,mog_sphere,96,1.3,2.0145945187625602
Electronegativity,mog_sphere,97,1.3,1.6333420629899222
Electronegativity,mog_sphere,98,1.3,1.899309230427801
Electronegativity,mog_sphere,99,1.3,2.0296839145632037
Electronegativity,mog_sphere,100,1.3,2.1717355958226707
Electronegativity,mog_sphere,101,1.3,2.067950225829042
Electronegativity,mog_sphere,102,1.3,2.015595174565504
Electronegativity,mog_sphere,103,1.3,1.8458027273807074
Electronegativity,gray_message_bits,1,2.2,1.851041565515524
Electronegativity,gray_message_bits,3,0.98,1.5669897462743494
Electronegativity,gray_message_bits,4,1.57,1.2686478606206375
Electronegativity,gray_message_bits,5,2.04,1.3843033369303799
Electronegativity,gray_message_bits,6,2.55,1.2681025428394979
Electronegativity,gray_message_bits,7,3.04,1.1524470665297555
Electronegativity,gray_message_bits,8,3.44,1.4843015334730167
Electronegativity,gray_message_bits,9,3.98,1.5999570097827591
Electronegativity,gray_message_bits,11,0.93,2.1295786934701493
Electronegativity,gray_message_bits,12,1.31,2.2628682128155453
Electronegativity,gray_message_bits,13,1.61,2.379971340201775
Electronegativity,gray_message_bits,14,1.9,2.313508242377253
Electronegativity,gray_message_bits,15,2.19,2.1964051149910233
Electronegativity,gray_message_bits,16,2.58,2.04810142894691
Electronegativity,gray_message_bits,17,3.16,2.1652045563331397
Electronegativity,gray_message_bits,19,0.82,2.1307959372312695
Electronegativity,gray_message_bits,20,1.0,2.102456144117429
Electronegativity,gray_message_bits,21,1.36,2.290532348334242
Electronegativity,gray_message_bits,22,1.54,2.333363207500976
Electronegativity,gray_message_bits,23,1.63,2.145287003284163
Electronegativity,gray_message_bits,24,1.66,1.514201957406521
Electronegativity,gray_message_bits,25,1.55,1.7022781616233338
Electronegativity,gray_message_bits,26,1.83,1.6594473024565999
Electronegativity,gray_message_bits,27,1.88,1.4713710982397872
Electronegativity,gray_message_bits,28,1.91,1.4997108913536272
Electronegativity,gray_message_bits,29,1.9,1.68778709557044
Electronegativity,gray_message_bits,30,1.65,1.7306179547371738
Electronegativity,gray_message_bits,31,1.81,1.542541750520361
Electronegativity,gray_message_bits,32,2.01,1.20564217742798
Electronegativity,gray_message_bits,33,2.18,1.393718381644793
Electronegativity,gray_message_bits,34,2.55,1.350887522478059
Electronegativity,gray_message_bits,35,2.96,1.162811318261246
Electronegativity,gray_message_bits,36,3.0,1.134471525147406
Electronegativity,gray_message_bits,37,0.82,1.6915030924188854
Electronegativity,gray_message_bits,38,0.95,1.7657816544918186
Electronegativity,gray_message_bits,39,1.22,1.6235666770842034
Electronegativity,gray_message_bits,40,1.33,1.9366292763360002
Electronegativity,gray_message_bits,41,1.6,2.0788442537436156
Electronegativity,gray_message_bits,42,2.16,2.0045656916706824
Electronegativity,gray_message_bits,43,1.9,1.862350714263067
Electronegativity,gray_message_bits,44,2.2,1.9856569303806206
Electronegativity,gray_message_bits,45,2.28,2.127871907788236
Electronegativity,gray_message_bits,46,2.2,2.202150469861169
Electronegativity,gray_message_bits,47,1.93,2.059935492453554
Electronegativity,gray_message_bits,48,1.69,2.0450129928823952
Electronegativity,gray_message_bits,49,1.78,2.18722797029001
Electronegativity,gray_message_bits,50,1.96,2.112949408217077
Electronegativity,gray_message_bits,51,2.05,1.9707344308094619
Electronegativity,gray_message_bits,52,2.1,1.8474282146919083
Electronegativity,gray_message_bits,53,2.66,1.9896431920995234
Electronegativity,gray_message_bits,54,2.6,2.0639217541724566
Electronegativity,gray_message_bits,55,0.79,2.1181891276265064
Electronegativity,gray_message_bits,56,0.89,2.115296410934267
Electronegativity,gray_message_bits,57,1.1,2.2172221560346217
Electronegativity,gray_message_bits,58,1.12,2.088391850408045
Electronegativity,gray_message_bits,59,1.13,1.9864661053076906
Electronegativity,gray_message_bits,60,1.14,2.0476661844797013
Electronegativity,gray_message_bits,62,1.17,2.2784222352066323
Electronegativity,gray_message_bits,64,1.2,1.6420898793653878
Electronegativity,gray_message_bits,66,1.22,1.6151853188391658
Electronegativity,gray_message_bits,67,1.23,1.5132595737388113
Electronegativity,gray_message_bits,68,1.24,1.4520594945668006
Electronegativity,gray_message_bits,69,1.25,1.5539852396671552
Electronegativity,gray_message_bits,71,1.27,1.580889800193377
Electronegativity,gray_message_bits,72,1.3,1.5837825168856163
Electronegativity,gray_message_bits,73,1.5,1.685708261985971
Electronegativity,gray_message_bits,74,2.36,1.5568779563593944
Electronegativity,gray_message_bits,75,1.9,1.4549522112590398
Electronegativity,gray_message_bits,76,2.2,1.5161522904310505
Electronegativity,gray_message_bits,77,2.2,1.618078035531405
Electronegativity,gray_message_bits,78,2.28,1.7469083411579815
Electronegativity,gray_message_bits,79,2.54,1.644982596057627
Electronegativity,gray_message_bits,80,2.0,1.3789161870745639
Electronegativity,gray_message_bits,81,1.62,1.4808419321749184
Electronegativity,gray_message_bits,82,2.33,1.352011626548342
Electronegativity,gray_message_bits,83,2.02,1.2500858814479874
Electronegativity,gray_message_bits,84,2.0,1.1888858022759767
Electronegativity,gray_message_bits,85,2.2,1.2908115473763313
Electronegativity,gray_message_bits,87,0.7,1.830000883120128
Electronegativity,gray_message_bits,88,0.9,1.5374082476348305
Electronegativity,gray_message_bits,89,1.1,1.6858723746366284
Electronegativity,gray_message_bits,90,1.3,1.6136649908482017
Electronegativity,gray_message_bits,91,1.5,1.465200863846404
Electronegativity,gray_message_bits,92,1.38,1.588234569224399
Electronegativity,gray_message_bits,93,1.36,1.7366986962261968
Electronegativity,gray_message_bits,94,1.28,1.8089060800146235
Electronegativity,gray_message_bits,95,1.3,1.6604419530128258
Electronegativity,gray_message_bits,96,1.3,1.799659482706167
Electronegativity,gray_message_bits,97,1.3,1.9481236097079646
Electronegativity,gray_message_bits,98,1.3,1.8759162259195379
Electronegativity,gray_message_bits,99,1.3,1.7274520989177402
Electronegativity,gray_message_bits,100,1.3,1.604418393539745
Electronegativity,gray_message_bits,101,1.3,1.7528825205415428
Electronegativity,gray_message_bits,102,1.3,1.8250899043299695
Electronegativity,gray_message_bits,103,1.3,1.6766257773281716
Electronegativity,gray_golay_bits,1,2.2,1.9205358764853553
Electronegativity,gray_golay_bits,3,0.98,1.459432499662988
Electronegativity,gray_golay_bits,4,1.57,1.1438461665659436
Electronegativity,gray_golay_bits,5,2.04,1.5471010349966205
Electronegativity,gray_golay_bits,6,2.55,1.2448521011353832
Electronegativity,gray_golay_bits,7,3.04,1.167326976722964
Electronegativity,gray_golay_bits,8,3.44,1.5548192022811966
Electronegativity,gray_golay_bits,9,3.98,1.5523582192568437
Electronegativity,gray_golay_bits,11,0.93,2.17391018278318
Electronegativity,gray_golay_bits,12,1.31,2.286254524227303
Electronegativity,gray_golay_bits,13,1.61,2.4404372778961445
Electronegativity,gray_golay_bits,14,1.9,2.4057354448852926
Electronegativity,gray_golay_bits,15,2.19,2.143800016065342
Electronegativity,gray_golay_bits,16,2.58,2.398054956235186
Electronegativity,gray_golay_bits,17,3.16,1.8623548813752715
Electronegativity,gray_golay_bits,19,0.82,2.061773784349849
Electronegativity,gray_golay_bits,20,1.0,2.265875850657147
Electronegativity,gray_golay_bits,21,1.36,2.187835342954916
Electronegativity,gray_golay_bits,22,1.54,2.2192815804918022
Electronegativity,gray_golay_bits,23,1.63,2.2515345353051006
Electronegativity,gray_golay_bits,24,1.66,1.5738602837521956
Electronegativity,gray_golay_bits,25,1.55,1.654229192742853
Electronegativity,gray_golay_bits,26,1.83,1.7020990406357925
Electronegativity,gray_golay_bits,27,1.88,1.4142652540843437
Electronegativity,gray_golay_bits,28,1.91,1.522596533035465
Electronegativity,gray_golay_bits,29,1.9,1.684347158822889
Electronegativity,gray_golay_bits,30,1.65,1.5708476240710527
Electronegativity,gray_golay_bits,31,1.81,1.6532009899721407
Electronegativity,gray_golay_bits,32,2.01,1.1546290032169204
Electronegativity,gray_golay_bits,33,2.18,1.4339348825160725
Electronegativity,gray_golay_bits,34,2.55,0.9740932895191364
Electronegativity,gray_golay_bits,35,2.96,1.5027454144389438
Electronegativity,gray_golay_bits,36,3.0,1.114852620005705
Electronegativity,gray_golay_bits,37,0.82,1.6381667246027583
Electronegativity,gray_golay_bits,38,0.95,2.0237628996508703
Electronegativity,gray_golay_bits,39,1.22,1.3091038373619173
Electronegativity,gray_golay_bits,40,1.33,2.193549056581964
Electronegativity,gray_golay_bits,41,1.6,1.9327810939316346
Electronegativity,gray_golay_bits,42,2.16,2.0155020136924184
Electronegativity,gray_golay_bits,43,1.9,1.827181058080263
Electronegativity,gray_golay_bits,44,2.2,1.970781531270442
Electronegativity,gray_golay_bits,45,2.28,2.290696919809617
Electronegativity,gray_golay_bits,46,2.2,2.173995286121457
Electronegativity,gray_golay_bits,47,1.93,2.0883062559851058
Electronegativity,gray_golay_bits,48,1.69,1.9699273137264408
Electronegativity,gray_golay_bits,49,1.78,2.4493057665757476
Electronegativity,gray_golay_bits,50,1.96,2.0199885391990042
Electronegativity,gray_golay_bits,51,2.05,2.115597462362267
Electronegativity,gray_golay_bits,52,2.1,2.184653365953293
Electronegativity,gray_golay_bits,53,2.66,1.8149612440150136
Electronegativity,gray_golay_bits,54,2.6,2.392615705680373
Electronegativity,gray_golay_bits,55,0.79,1.7849056313528013
Electronegativity,gray_golay_bits,56,0.89,2.020666916869714
Electronegativity,gray_golay_bits,57,1.1,2.377845241719551
Electronegativity,gray_golay_bits,58,1.12,1.8970353322459712
Electronegativity,gray_golay_bits,59,1.13,2.092225883935597
Electronegativity,gray_golay_bits,60,1.14,2.0477194533612257
Electronegativity,gray_golay_bits,62,1.17,2.374394556791931
Electronegativity,gray_golay_bits,64,1.2,1.5688641291439476
Electronegativity,gray_golay_bits,66,1.22,1.3768448188921707
Electronegativity,gray_golay_bits,67,1.23,1.7047475951691118
Electronegativity,gray_golay_bits,68,1.24,1.7305207455623823
Electronegativity,gray_golay_bits,69,1.25,1.3643637456522941
Electronegativity,gray_golay_bits,71,1.27,1.381106710497315
Electronegativity,gray_golay_bits,72,1.3,1.656903312978665
Electronegativity,gray_golay_bits,73,1.5,1.6570832260830095
Electronegativity,gray_golay_bits,74,2.36,1.4718484460369694
Electronegativity,gray_golay_bits,75,1.9,1.4328871506170089
Electronegativity,gray_golay_bits,76,2.2,1.7524178113152404
Electronegativity,gray_golay_bits,77,2.2,1.4881224475372414
Electronegativity,gray_golay_bits,78,2.28,1.708022265931879
Electronegativity,gray_golay_bits,79,2.54,1.5926721959764016
Electronegativity,gray_golay_bits,80,2.0,1.0590161849227848
Electronegativity,gray_golay_bits,81,1.62,1.8750884079173487
Electronegativity,gray_golay_bits,82,2.33,1.1983743290738529
Electronegativity,gray_golay_bits,83,2.02,1.3264793213585844
Electronegativity,gray_golay_bits,84,2.0,1.3762244603200837
Electronegativity,gray_golay_bits,85,2.2,1.1619212672657477
Electronegativity,gray_golay_bits,87,0.7,1.7373651281428408
Electronegativity,gray_golay_bits,88,0.9,1.318799307946625
Electronegativity,gray_golay_bits,89,1.1,1.9257353273777873
Electronegativity,gray_golay_bits,90,1.3,1.744084499606973
Electronegativity,gray_golay_bits,91,1.5,1.2904843067229437
Electronegativity,gray_golay_bits,92,1.38,1.6185204940349398
Electronegativity,gray_golay_bits,93,1.36,1.8008125998029307
Electronegativity,gray_golay_bits,94,1.28,1.8914276079229553
Electronegativity,gray_golay_bits,95,1.3,1.5486603060800137
Electronegativity,gray_golay_bits,96,1.3,1.999032977240402
Electronegativity,gray_golay_bits,97,1.3,1.8273017891099945
Electronegativity,gray_golay_bits,98,1.3,1.9983051166502235
Electronegativity,gray_golay_bits,99,1.3,1.6180638207056772
Electronegativity,gray_golay_bits,100,1.3,1.2633763100293138
Electronegativity,gray_golay_bits,101,1.3,2.1574393486480306
Electronegativity,gray_golay_bits,102,1.3,1.6209583239665264
Electronegativity,gray_golay_bits,103,1.3,1.8206121548759162
Electronegativity,gray_mog_planar,1,2.2,1.5528285987101453
Electronegativity,gray_mog_planar,3,0.98,1.2333812053718174
Electronegativity,gray_mog_planar,4,1.57,1.0667171562334552
Electronegativity,gray_mog_planar,5,2.04,1.7784235481583879
Electronegativity,gray_mog_planar,6,2.55,1.3773897099836931
Electronegativity,gray_mog_planar,7,3.04,1.5138422239747882
Electronegativity,gray_mog_planar,8,3.44,1.601314480157855
Electronegativity,gray_mog_planar,9,3.98,1.6905827507623379
Electronegativity,gray_mog_planar,11,0.93,2.156826384927683
Electronegativity,gray_mog_planar,12,1.31,1.8518926479870885
Electronegativity,gray_mog_planar,13,1.61,2.230283358027309
Electronegativity,gray_mog_planar,14,1.9,2.0001083369959236
Electronegativity,gray_mog_planar,15,2.19,1.7892787490992874
Electronegativity,gray_mog_planar,16,2.58,1.9380207691415203
Electronegativity,gray_mog_planar,17,3.16,1.8736245618144443
Electronegativity,gray_mog_planar,19,0.82,1.8792887506650873
Electronegativity,gray_mog_planar,20,1.0,1.7565786521438471
Electronegativity,gray_mog_planar,21,1.36,1.9814660137053322
Electronegativity,gray_mog_planar,22,1.54,1.7706259783748564
Electronegativity,gray_mog_planar,23,1.63,1.82556454523784
Electronegativity,gray_mog_planar,24,1.66,1.5591674067439234
Electronegativity,gray_mog_planar,25,1.55,1.9959349858500792
Electronegativity,gray_mog_planar,26,1.83,1.9898680800300033
Electronegativity,gray_mog_planar,27,1.88,1.3701321579365109
Electronegativity,gray_mog_planar,28,1.91,1.589401212776753
Electronegativity,gray_mog_planar,29,1.9,1.8718488850201513
Electronegativity,gray_mog_planar,30,1.65,1.7636792488403705
Electronegativity,gray_mog_planar,31,1.81,1.2945680185948658
Electronegativity,gray_mog_planar,32,2.01,1.4475458100897776
Electronegativity,gray_mog_planar,33,2.18,1.5000695429317659
Electronegativity,gray_mog_planar,34,2.55,1.9287560632902214
Electronegativity,gray_mog_planar,35,2.96,1.2118229547597918
Electronegativity,gray_mog_planar,36,3.0,1.8234197201574374
Electronegativity,gray_mog_planar,37,0.82,1.5914106618588315
Electronegativity,gray_mog_planar,38,0.95,1.5682451223626586
Electronegativity,gray_mog_planar,39,1.22,1.5212004889811335
Electronegativity,gray_mog_planar,40,1.33,1.5939102976340054
Electronegativity,gray_mog_planar,41,1.6,2.1038486876412588
Electronegativity,gray_mog_planar,42,2.16,1.7113757380703252
Electronegativity,gray_mog_planar,43,1.9,1.7895813693419549
Electronegativity,gray_mog_planar,44,2.2,1.74037407068785
Electronegativity,gray_mog_planar,45,2.28,1.9402662218350701
Electronegativity,gray_mog_planar,46,2.2,1.8861133686398555
Electronegativity,gray_mog_planar,47,1.93,1.6580642854289829
Electronegativity,gray_mog_planar,48,1.69,1.5236107498455909
Electronegativity,gray_mog_planar,49,1.78,1.6446303526418589
Electronegativity,gray_mog_planar,50,1.96,1.6631436263805555
Electronegativity,gray_mog_planar,51,2.05,1.5659285719203546
Electronegativity,gray_mog_planar,52,2.1,1.8570302740836462
Electronegativity,gray_mog_planar,53,2.66,1.9991485188206042
Electronegativity,gray_mog_planar,54,2.6,1.8004720048707534
Electronegativity,gray_mog_planar,55,0.79,1.9462883185194293
Electronegativity,gray_mog_planar,56,0.89,1.903851984177693
Electronegativity,gray_mog_planar,57,1.1,2.014466799712834
Electronegativity,gray_mog_planar,58,1.12,1.8235990721632107
Electronegativity,gray_mog_planar,59,1.13,2.2890047458618508
Electronegativity,gray_mog_planar,60,1.14,2.357715699280588
Electronegativity,gray_mog_planar,62,1.17,2.180083385505256
Electronegativity,gray_mog_planar,64,1.2,1.5299001540591006
Electronegativity,gray_mog_planar,66,1.22,1.7340358958180495
Electronegativity,gray_mog_planar,67,1.23,2.020047754391393
Electronegativity,gray_mog_planar,68,1.24,1.852804765692189
Electronegativity,gray_mog_planar,69,1.25,1.5072656620365086
Electronegativity,gray_mog_planar,71,1.27,1.1194518716346062
Electronegativity,gray_mog_planar,72,1.3,1.9585724813946188
Electronegativity,gray_mog_planar,73,1.5,1.7636538061308986
Electronegativity,gray_mog_planar,74,2.36,1.8133163083497967
Electronegativity,gray_mog_planar,75,1.9,1.8646564708685858
Electronegativity,gray_mog_planar,76,2.2,1.8175501174677993
Electronegativity,gray_mog_planar,77,2.2,2.2234539864177414
Electronegativity,gray_mog_planar,78,2.28,1.9568428296263514
Electronegativity,gray_mog_planar,79,2.54,1.8289407847691908
Electronegativity,gray_mog_planar,80,2.0,1.1665192844811003
Electronegativity,gray_mog_planar,81,1.62,1.5483563257178354
Electronegativity,gray_mog_planar,82,2.33,1.294267283310603
Electronegativity,gray_mog_planar,83,2.02,1.7172728832153523
Electronegativity,gray_mog_planar,84,2.0,2.027460858370085
Electronegativity,gray_mog_planar,85,2.2,1.476011659088098
Electronegativity,gray_mog_planar,87,0.7,1.94417839358257
Electronegativity,gray_mog_planar,88,0.9,1.8416463582493336
Electronegativity,gray_mog_planar,89,1.1,2.10802920584749
Electronegativity,gray_mog_planar,90,1.3,2.1079292162534964
Electronegativity,gray_mog_planar,91,1.5,1.7311961045782938
Electronegativity,gray_mog_planar,92,1.38,1.8982971868925145
Electronegativity,gray_mog_planar,93,1.36,2.1263684466061257
Electronegativity,gray_mog_planar,94,1.28,2.248701820396951
Electronegativity,gray_mog_planar,95,1.3,1.5399338127757427
Electronegativity,gray_mog_planar,96,1.3,1.8123715064784094
Electronegativity,gray_mog_planar,97,1.3,1.6628179904358014
Electronegativity,gray_mog_planar,98,1.3,1.9022312766374159
Electronegativity,gray_mog_planar,99,1.3,1.7266275911531803
Electronegativity,gray_mog_planar,100,1.3,2.0349005885588394
Electronegativity,gray_mog_planar,101,1.3,2.0058300626159546
Electronegativity,gray_mog_planar,102,1.3,2.052586514576829
Electronegativity,gray_mog_planar,103,1.3,2.0294819841096916
Electronegativity,gray_mog_stacked,1,2.2,1.5677179152038547
Electronegativity,gray_mog_stacked,3,0.98,1.1924967346438526
Electronegativity,gray_mog_stacked,4,1.57,0.9363556748773982
Electronegativity,gray_mog_stacked,5,2.04,1.7080400467813315
Electronegativity,gray_mog_stacked,6,2.55,1.3075383367532118
Electronegativity,gray_mog_stacked,7,3.04,1.4618853798388245
Electronegativity,gray_mog_stacked,8,3.44,1.4869588597698382
Electronegativity,gray_mog_stacked,9,3.98,1.6334534093296635
Electronegativity,gray_mog_stacked,11,0.93,2.2159911735443334
Electronegativity,gray_mog_stacked,12,1.31,1.6270775614379707
Electronegativity,gray_mog_stacked,13,1.61,2.360116873693939
Electronegativity,gray_mog_stacked,14,1.9,1.959358163290906
Electronegativity,gray_mog_stacked,15,2.19,1.8596592295657974
Electronegativity,gray_mog_stacked,16,2.58,1.8722540881530123
Electronegativity,gray_mog_stacked,17,3.16,1.764474994395544
Electronegativity,gray_mog_stacked,19,0.82,1.917065423938429
Electronegativity,gray_mog_stacked,20,1.0,1.9638558208787493
Electronegativity,gray_mog_stacked,21,1.36,2.154841945534883
Electronegativity,gray_mog_stacked,22,1.54,1.916608469530356
Electronegativity,gray_mog_stacked,23,1.63,1.7946697511335998
Electronegativity,gray_mog_stacked,24,1.66,1.6180709112501879
Electronegativity,gray_mog_stacked,25,1.55,1.9270158620160043
Electronegativity,gray_mog_stacked,26,1.83,1.9735239654568355
Electronegativity,gray_mog_stacked,27,1.88,1.3872330813116909
Electronegativity,gray_mog_stacked,28,1.91,1.5762262957793949
Electronegativity,gray_mog_stacked,29,1.9,1.8920505183720582
Electronegativity,gray_mog_stacked,30,1.65,1.6162434976879427
Electronegativity,gray_mog_stacked,31,1.81,1.4830281835951922
Electronegativity,gray_mog_stacked,32,2.01,1.4495274960645417
Electronegativity,gray_mog_stacked,33,2.18,1.5712480012435541
Electronegativity,gray_mog_stacked,34,2.55,1.8642503176790406
Electronegativity,gray_mog_stacked,35,2.96,1.2445357801204961
Electronegativity,gray_mog_stacked,36,3.0,1.9187458819367078
Electronegativity,gray_mog_stacked,37,0.82,1.7459778657818041
Electronegativity,gray_mog_stacked,38,0.95,1.6730153684152234
Electronegativity,gray_mog_stacked,39,1.22,1.510885070554147
Electronegativity,gray_mog_stacked,40,1.33,1.6649235882529643
Electronegativity,gray_mog_stacked,41,1.6,1.9511625839749245
Electronegativity,gray_mog_stacked,42,2.16,1.7371975331129554
Electronegativity,gray_mog_stacked,43,1.9,1.666950636402756
Electronegativity,gray_mog_stacked,44,2.2,1.4921654298274305
Electronegativity,gray_mog_stacked,45,2.28,1.8836433070364924
Electronegativity,gray_mog_stacked,46,2.2,1.73575504819542
Electronegativity,gray_mog_stacked,47,1.93,1.569753724696117
Electronegativity,gray_mog_stacked,48,1.69,1.5506090655375897
Electronegativity,gray_mog_stacked,49,1.78,1.99700864440253
Electronegativity,gray_mog_stacked,50,1.96,1.6544951610955139
Electronegativity,gray_mog_stacked,51,2.05,1.7132453853246694
Electronegativity,gray_mog_stacked,52,2.1,1.8252112477516016
Electronegativity,gray_mog_stacked,53,2.66,2.031303507131892
Electronegativity,gray_mog_stacked,54,2.6,1.8018138261826513
Electronegativity,gray_mog_stacked,55,0.79,1.877080763543004
Electronegativity,gray_mog_stacked,56,0.89,1.8635467278921911
Electronegativity,gray_mog_stacked,57,1.1,1.907337241934802
Electronegativity,gray_mog_stacked,58,1.12,1.6427658296753676
Electronegativity,gray_mog_stacked,59,1.13,2.094567789894323
Electronegativity,gray_mog_stacked,60,1.14,2.2949930661162647
Electronegativity,gray_mog_stacked,62,1.17,1.817754705790051
Electronegativity,gray_mog_stacked,64,1.2,1.8547377071356577
Electronegativity,gray_mog_stacked,66,1.22,1.5273653241666907
Electronegativity,gray_mog_stacked,67,1.23,2.0684717244846906
Electronegativity,gray_mog_stacked,68,1.24,1.972479111993822
Electronegativity,gray_mog_stacked,69,1.25,1.620512934987696
Electronegativity,gray_mog_stacked,71,1.27,1.1390063190950404
Electronegativity,gray_mog_stacked,72,1.3,1.954159410800685
Electronegativity,gray_mog_stacked,73,1.5,1.7242651261381206
Electronegativity,gray_mog_stacked,74,2.36,1.7500813873974823
Electronegativity,gray_mog_stacked,75,1.9,1.9681124001808077
Electronegativity,gray_mog_stacked,76,2.2,1.9349934578055226
Electronegativity,gray_mog_stacked,77,2.2,2.177624404412172
Electronegativity,gray_mog_stacked,78,2.28,2.012038625682838
Electronegativity,gray_mog_stacked,79,2.54,1.8351899732274932
Electronegativity,gray_mog_stacked,80,2.0,1.279792795379053
Electronegativity,gray_mog_stacked,81,1.62,1.6700023733850269
Electronegativity,gray_mog_stacked,82,2.33,1.3018933200730651
Electronegativity,gray_mog_stacked,83,2.02,2.1693469013397553
Electronegativity,gray_mog_stacked,84,2.0,2.0238321291717756
Electronegativity,gray_mog_stacked,85,2.2,1.3954182595655193
Electronegativity,gray_mog_stacked,87,0.7,1.9819669912103715
Electronegativity,gray_mog_stacked,88,0.9,1.8697879298225957
Electronegativity,gray_mog_stacked,89,1.1,2.0275748137677905
Electronegativity,gray_mog_stacked,90,1.3,1.9339197812997775
Electronegativity,gray_mog_stacked,91,1.5,1.742269864333383
Electronegativity,gray_mog_stacked,92,1.38,1.873926604794095
Electronegativity,gray_mog_stacked,93,1.36,1.976986579607135
Electronegativity,gray_mog_stacked,94,1.28,2.062683118388218
Electronegativity,gray_mog_stacked,95,1.3,1.68935369682539
Electronegativity,gray_mog_stacked,96,1.3,1.5674676672670702
Electronegativity,gray_mog_stacked,97,1.3,1.7046862493208126
Electronegativity,gray_mog_stacked,98,1.3,1.9961777419663105
Electronegativity,gray_mog_stacked,99,1.3,1.858720811648754
Electronegativity,gray_mog_stacked,100,1.3,1.98090027662333
Electronegativity,gray_mog_stacked,101,1.3,1.928434757386567
Electronegativity,gray_mog_stacked,102,1.3,1.8606192853344354
Electronegativity,gray_mog_stacked,103,1.3,1.9837748596720988
Electronegativity,gray_mog_cylinder,1,2.2,1.5411432754319783
Electronegativity,gray_mog_cylinder,3,0.98,1.2902053875368995
Electronegativity,gray_mog_cylinder,4,1.57,0.9145452752791974
Electronegativity,gray_mog_cylinder,5,2.04,1.8093912895045952
Electronegativity,gray_mog_cylinder,6,2.55,1.317953318598906
Electronegativity,gray_mog_cylinder,7,3.04,1.5582366413993913
Electronegativity,gray_mog_cylinder,8,3.44,1.4313132644340216
Electronegativity,gray_mog_cylinder,9,3.98,1.605502053283609
Electronegativity,gray_mog_cylinder,11,0.93,2.125146754714442
Electronegativity,gray_mog_cylinder,12,1.31,1.7222614287110682
Electronegativity,gray_mog_cylinder,13,1.61,2.1941726726371567
Electronegativity,gray_mog_cylinder,14,1.9,1.886614027776568
Electronegativity,gray_mog_cylinder,15,2.19,1.7822681656034995
Electronegativity,gray_mog_cylinder,16,2.58,1.9445270322164472
Electronegativity,gray_mog_cylinder,17,3.16,1.7212924622851196
Electronegativity,gray_mog_cylinder,19,0.82,1.8293198538498474
Electronegativity,gray_mog_cylinder,20,1.0,1.9240838666262876
Electronegativity,gray_mog_cylinder,21,1.36,2.4731659405134083
Electronegativity,gray_mog_cylinder,22,1.54,1.8481151751824627
Electronegativity,gray_mog_cylinder,23,1.63,1.7908257882769252
Electronegativity,gray_mog_cylinder,24,1.66,1.6566045533964084
Electronegativity,gray_mog_cylinder,25,1.55,1.9924582118057463
Electronegativity,gray_mog_cylinder,26,1.83,1.9936390021045385
Electronegativity,gray_mog_cylinder,27,1.88,1.4651478066319001
Electronegativity,gray_mog_cylinder,28,1.91,1.5198553917765687
Electronegativity,gray_mog_cylinder,29,1.9,1.9903939276983784
Electronegativity,gray_mog_cylinder,30,1.65,1.6572580321603998
Electronegativity,gray_mog_cylinder,31,1.81,1.4768017693659479
Electronegativity,gray_mog_cylinder,32,2.01,1.4741089652159678
Electronegativity,gray_mog_cylinder,33,2.18,1.5217338971150605
Electronegativity,gray_mog_cylinder,34,2.55,1.8279341324885432
Electronegativity,gray_mog_cylinder,35,2.96,1.2347431576387125
Electronegativity,gray_mog_cylinder,36,3.0,1.7919571942431045
Electronegativity,gray_mog_cylinder,37,0.82,1.607090547526578
Electronegativity,gray_mog_cylinder,38,0.95,1.6791724121526888
Electronegativity,gray_mog_cylinder,39,1.22,1.5986737450831225
Electronegativity,gray_mog_cylinder,40,1.33,1.602133731607585
Electronegativity,gray_mog_cylinder,41,1.6,2.056753332764995
Electronegativity,gray_mog_cylinder,42,2.16,1.717721774229376
Electronegativity,gray_mog_cylinder,43,1.9,1.870958574492545
Electronegativity,gray_mog_cylinder,44,2.2,1.609056249161475
Electronegativity,gray_mog_cylinder,45,2.28,1.864271750633025
Electronegativity,gray_mog_cylinder,46,2.2,1.871362550831276
Electronegativity,gray_mog_cylinder,47,1.93,1.5812820838679458
Electronegativity,gray_mog_cylinder,48,1.69,1.626296675250923
Electronegativity,gray_mog_cylinder,49,1.78,1.847728249307407
Electronegativity,gray_mog_cylinder,50,1.96,1.6503651088373767
Electronegativity,gray_mog_cylinder,51,2.05,1.6439733664897553
Electronegativity,gray_mog_cylinder,52,2.1,1.8712829841540954
Electronegativity,gray_mog_cylinder,53,2.66,1.975211169779036
Electronegativity,gray_mog_cylinder,54,2.6,1.7968989212885955
Electronegativity,gray_mog_cylinder,55,0.79,1.8865132722778821
Electronegativity,gray_mog_cylinder,56,0.89,1.9274558391906016
Electronegativity,gray_mog_cylinder,57,1.1,2.035844035738078
Electronegativity,gray_mog_cylinder,58,1.12,1.6392242269826427
Electronegativity,gray_mog_cylinder,59,1.13,2.0965196937915658
Electronegativity,gray_mog_cylinder,60,1.14,2.363819073841271
Electronegativity,gray_mog_cylinder,62,1.17,1.9681930375636703
Electronegativity,gray_mog_cylinder,64,1.2,1.8433354444325072
Electronegativity,gray_mog_cylinder,66,1.22,1.5500787793926842
Electronegativity,gray_mog_cylinder,67,1.23,1.8657263440232592
Electronegativity,gray_mog_cylinder,68,1.24,1.9220636371505524
Electronegativity,gray_mog_cylinder,69,1.25,1.6061177098494086
Electronegativity,gray_mog_cylinder,71,1.27,1.2099676539742585
Electronegativity,gray_mog_cylinder,72,1.3,1.9959492264173533
Electronegativity,gray_mog_cylinder,73,1.5,1.7751552997685143
Electronegativity,gray_mog_cylinder,74,2.36,1.754722030023503
Electronegativity,gray_mog_cylinder,75,1.9,1.946443870631307
Electronegativity,gray_mog_cylinder,76,2.2,1.8784165767963477
Electronegativity,gray_mog_cylinder,77,2.2,2.0307647546033
Electronegativity,gray_mog_cylinder,78,2.28,2.001139000603403
Electronegativity,gray_mog_cylinder,79,2.54,1.7446284865415536
Electronegativity,gray_mog_cylinder,80,2.0,1.4770289060736155
Electronegativity,gray_mog_cylinder,81,1.62,1.7227975411052487
Electronegativity,gray_mog_cylinder,82,2.33,1.3483374856554937
Electronegativity,gray_mog_cylinder,83,2.02,2.0443492590911996
Electronegativity,gray_mog_cylinder,84,2.0,1.9682130353582745
Electronegativity,gray_mog_cylinder,85,2.2,1.4692139647680986
Electronegativity,gray_mog_cylinder,87,0.7,1.9610093661987447
Electronegativity,gray_mog_cylinder,88,0.9,1.9436165567803514
Electronegativity,gray_mog_cylinder,89,1.1,2.0572700084029387
Electronegativity,gray_mog_cylinder,90,1.3,1.9961608574410017
Electronegativity,gray_mog_cylinder,91,1.5,1.6769591891867255
Electronegativity,gray_mog_cylinder,92,1.38,1.9100495361509615
Electronegativity,gray_mog_cylinder,93,1.36,1.936880138830592
Electronegativity,gray_mog_cylinder,94,1.28,2.0564891238150484
Electronegativity,gray_mog_cylinder,95,1.3,1.642192512318112
Electronegativity,gray_mog_cylinder,96,1.3,1.3884019247052288
Electronegativity,gray_mog_cylinder,97,1.3,1.6531531867908011
Electronegativity,gray_mog_cylinder,98,1.3,1.9180366833396265
Electronegativity,gray_mog_cylinder,99,1.3,1.8265267087448178
Electronegativity,gray_mog_cylinder,100,1.3,2.0644975403523045
Electronegativity,gray_mog_cylinder,101,1.3,2.008618077450119
Electronegativity,gray_mog_cylinder,102,1.3,1.877028100499755
Electronegativity,gray_mog_cylinder,103,1.3,1.9851871363617781
Electronegativity,gray_mog_sphere,1,2.2,1.5088432289820461
Electronegativity,gray_mog_sphere,3,0.98,1.2700457222938768
Electronegativity,gray_mog_sphere,4,1.57,1.038099225548728
Electronegativity,gray_mog_sphere,5,2.04,1.571396950805799
Electronegativity,gray_mog_sphere,6,2.55,1.288947689427022
Electronegativity,gray_mog_sphere,7,3.04,1.1330588890120503
Electronegativity,gray_mog_sphere,8,3.44,1.2785559339170671
Electronegativity,gray_mog_sphere,9,3.98,1.4501111702934169
Electronegativity,gray_mog_sphere,11,0.93,2.2466982679955154
Electronegativity,gray_mog_sphere,12,1.31,1.8944755288060713
Electronegativity,gray_mog_sphere,13,1.61,2.140240714742064
Electronegativity,gray_mog_sphere,14,1.9,1.8752699139003677
Electronegativity,gray_mog_sphere,15,2.19,1.8400463234993365
Electronegativity,gray_mog_sphere,16,2.58,1.7793004060395188
Electronegativity,gray_mog_sphere,17,3.16,1.526657862832645
Electronegativity,gray_mog_sphere,19,0.82,1.8541209255597655
Electronegativity,gray_mog_sphere,20,1.0,1.8694139017168723
Electronegativity,gray_mog_sphere,21,1.36,2.317777801951783
Electronegativity,gray_mog_sphere,22,1.54,1.8900030056832913
Electronegativity,gray_mog_sphere,23,1.63,1.8752397147070896
Electronegativity,gray_mog_sphere,24,1.66,1.3919165740103423
Electronegativity,gray_mog_sphere,25,1.55,1.9851600728687693
Electronegativity,gray_mog_sphere,26,1.83,2.0657879403773958
Electronegativity,gray_mog_sphere,27,1.88,1.3913778198275903
Electronegativity,gray_mog_sphere,28,1.91,1.586972595907481
Electronegativity,gray_mog_sphere,29,1.9,1.7992580937181797
Electronegativity,gray_mog_sphere,30,1.65,1.5199941427738963
Electronegativity,gray_mog_sphere,31,1.81,1.397430738761181
Electronegativity,gray_mog_sphere,32,2.01,1.1700265159566743
Electronegativity,gray_mog_sphere,33,2.18,1.42585233594466
Electronegativity,gray_mog_sphere,34,2.55,1.666895517570337
Electronegativity,gray_mog_sphere,35,2.96,1.0947076720048794
Electronegativity,gray_mog_sphere,36,3.0,1.6796497062244737
Electronegativity,gray_mog_sphere,37,0.82,1.6381735434698452
Electronegativity,gray_mog_sphere,38,0.95,1.7844224582329693
Electronegativity,gray_mog_sphere,39,1.22,1.5659207817708785
Electronegativity,gray_mog_sphere,40,1.33,1.466279792987943
Electronegativity,gray_mog_sphere,41,1.6,2.089760224707085
Electronegativity,gray_mog_sphere,42,2.16,1.6470679588095514
Electronegativity,gray_mog_sphere,43,1.9,1.886001731341322
Electronegativity,gray_mog_sphere,44,2.2,1.7355869620969828
Electronegativity,gray_mog_sphere,45,2.28,1.9171838002853299
Electronegativity,gray_mog_sphere,46,2.2,1.8137126109179067
Electronegativity,gray_mog_sphere,47,1.93,1.656622744656557
Electronegativity,gray_mog_sphere,48,1.69,1.7155206162246794
Electronegativity,gray_mog_sphere,49,1.78,1.6483548484670354
Electronegativity,gray_mog_sphere,50,1.96,1.7923928705784196
Electronegativity,gray_mog_sphere,51,2.05,1.7546574597704772
Electronegativity,gray_mog_sphere,52,2.1,1.6898939295050446
Electronegativity,gray_mog_sphere,53,2.66,1.903714177631081
Electronegativity,gray_mog_sphere,54,2.6,1.8086474837909388
Electronegativity,gray_mog_sphere,55,0.79,2.140222166327221
Electronegativity,gray_mog_sphere,56,0.89,1.8103263408698334
Electronegativity,gray_mog_sphere,57,1.1,2.0979328724133146
Electronegativity,gray_mog_sphere,58,1.12,1.6335131412196153
Electronegativity,gray_mog_sphere,59,1.13,2.4581116037296775
Electronegativity,gray_mog_sphere,60,1.14,2.2084307109881305
Electronegativity,gray_mog_sphere,62,1.17,2.1492840355621987
Electronegativity,gray_mog_sphere,64,1.2,1.663397741628002
Electronegativity,gray_mog_sphere,66,1.22,1.403908319167789
Electronegativity,gray_mog_sphere,67,1.23,2.1871183760825397
Electronegativity,gray_mog_sphere,68,1.24,1.8709098354579092
Electronegativity,gray_mog_sphere,69,1.25,1.5020270369848796
Electronegativity,gray_mog_sphere,71,1.27,1.3148121852956876
Electronegativity,gray_mog_sphere,72,1.3,1.7003677100127816
Electronegativity,gray_mog_sphere,73,1.5,1.7744617759532106
Electronegativity,gray_mog_sphere,74,2.36,1.8115260828086144
Electronegativity,gray_mog_sphere,75,1.9,1.7815243921626949
Electronegativity,gray_mog_sphere,76,2.2,1.8395455892140014
Electronegativity,gray_mog_sphere,77,2.2,1.9807036721805533
Electronegativity,gray_mog_sphere,78,2.28,1.7814429264748683
Electronegativity,gray_mog_sphere,79,2.54,1.7080317141141579
Electronegativity,gray_mog_sphere,80,2.0,1.2378068459242084
Electronegativity,gray_mog_sphere,81,1.62,2.3538639904041254
Electronegativity,gray_mog_sphere,82,2.33,1.3609290513370018
Electronegativity,gray_mog_sphere,83,2.02,2.018225716169123
Electronegativity,gray_mog_sphere,84,2.0,1.9275550704943458
Electronegativity,gray_mog_sphere,85,2.2,1.3561396458663126
Electronegativity,gray_mog_sphere,87,0.7,2.0121577400058723
Electronegativity,gray_mog_sphere,88,0.9,1.7700469650626804
Electronegativity,gray_mog_sphere,89,1.1,2.0007005358158456
Electronegativity,gray_mog_sphere,90,1.3,2.090503001049627
Electronegativity,gray_mog_sphere,91,1.5,1.5883070796378198
Electronegativity,gray_mog_sphere,92,1.38,1.9125106291180234
Electronegativity,gray_mog_sphere,93,1.36,1.963332410916493
Electronegativity,gray_mog_sphere,94,1.28,2.1320861788150536
Electronegativity,gray_mog_sphere,95,1.3,1.5820946530465445
Electronegativity,gray_mog_sphere,96,1.3,2.093486977575594
Electronegativity,gray_mog_sphere,97,1.3,1.9196953117159796
Electronegativity,gray_mog_sphere,98,1.3,2.0864210758231727
Electronegativity,gray_mog_sphere,99,1.3,1.912387222300225
Electronegativity,gray_mog_sphere,100,1.3,1.902051103412911
Electronegativity,gray_mog_sphere,101,1.3,2.125359502700981
Electronegativity,gray_mog_sphere,102,1.3,2.0105147545252073
Electronegativity,gray_mog_sphere,103,1.3,1.8814766098915905
Electronegativity,random_00,1,2.2,1.6457713602251456
Electronegativity,random_00,3,0.98,1.718226780363409
Electronegativity,random_00,4,1.57,1.5735799473694538
Electronegativity,random_00,5,2.04,1.7811862278865733
Electronegativity,random_00,6,2.55,1.5475016500585443
Electronegativity,random_00,7,3.04,1.543097995903624
Electronegativity,random_00,8,3.44,1.61407273956696
Electronegativity,random_00,9,3.98,1.9605758688788095
Electronegativity,random_00,11,0.93,1.9301587100964603
Electronegativity,random_00,12,1.31,1.8736851353698805
Electronegativity,random_00,13,1.61,1.7021224088397342
Electronegativity,random_00,14,1.9,1.930025153473626
Electronegativity,random_00,15,2.19,1.6417350373238226
Electronegativity,random_00,16,2.58,1.9613209231849509
Electronegativity,random_00,17,3.16,1.8153050426872888
Electronegativity,random_00,19,0.82,1.7929042065722849
Electronegativity,random_00,20,1.0,1.6962251301238862
Electronegativity,random_00,21,1.36,2.033781159043913
Electronegativity,random_00,22,1.54,2.0205727068951678
Electronegativity,random_00,23,1.63,1.6693958989893316
Electronegativity,random_00,24,1.66,1.7290463049336025
Electronegativity,random_00,25,1.55,2.215809568109303
Electronegativity,random_00,26,1.83,1.8330683634351201
Electronegativity,random_00,27,1.88,1.9885068160645487
Electronegativity,random_00,28,1.91,1.9610469153058079
Electronegativity,random_00,29,1.9,1.9536579289840148
Electronegativity,random_00,30,1.65,1.7404216540685382
Electronegativity,random_00,31,1.81,1.7676551596811692
Electronegativity,random_00,32,2.01,1.9330909117857609
Electronegativity,random_00,33,2.18,1.6762145633625707
Electronegativity,random_00,34,2.55,1.3206886027184221
Electronegativity,random_00,35,2.96,1.8970918960435577
Electronegativity,random_00,36,3.0,1.6592272952613396
Electronegativity,random_00,37,0.82,1.8112681301577491
Electronegativity,random_00,38,0.95,1.7337730280222459
Electronegativity,random_00,39,1.22,1.66548045351805
Electronegativity,random_00,40,1.33,1.9213730380755738
Electronegativity,random_00,41,1.6,1.729115136805842
Electronegativity,random_00,42,2.16,1.9951999755012548
Electronegativity,random_00,43,1.9,1.6055384773040577
Electronegativity,random_00,44,2.2,1.8808000294689042
Electronegativity,random_00,45,2.28,1.633617932643419
Electronegativity,random_00,46,2.2,1.6974420228963865
Electronegativity,random_00,47,1.93,1.5788718341052956
Electronegativity,random_00,48,1.69,1.5019312790429589
Electronegativity,random_00,49,1.78,1.9415310738158433
Electronegativity,random_00,50,1.96,1.33720278622494
Electronegativity,random_00,51,2.05,2.0544197804832356
Electronegativity,random_00,52,2.1,1.6126611373016007
Electronegativity,random_00,53,2.66,1.8021794772463495
Electronegativity,random_00,54,2.6,1.4893862350647127
Electronegativity,random_00,55,0.79,1.5059607201511864
Electronegativity,random_00,56,0.89,2.3180133653305792
Electronegativity,random_00,57,1.1,1.7097767075129373
Electronegativity,random_00,58,1.12,1.8868448339975774
Electronegativity,random_00,59,1.13,1.632778733869266
Electronegativity,random_00,60,1.14,1.7568608727278026
Electronegativity,random_00,62,1.17,1.4780686767173377
Electronegativity,random_00,64,1.2,1.6440524553841211
Electronegativity,random_00,66,1.22,1.6179616457262354
Electronegativity,random_00,67,1.23,1.7453363780900453
Electronegativity,random_00,68,1.24,1.4657579987074085
Electronegativity,random_00,69,1.25,1.6895375650430988
Electronegativity,random_00,71,1.27,1.378757004815824
Electronegativity,random_00,72,1.3,1.8419272358046939
Electronegativity,random_00,73,1.5,1.5530854558022211
Electronegativity,random_00,74,2.36,1.946533120510407
Electronegativity,random_00,75,1.9,1.3598636592452904
Electronegativity,random_00,76,2.2,1.6385106908545402
Electronegativity,random_00,77,2.2,1.56713636960794
Electronegativity,random_00,78,2.28,1.1596896503592165
Electronegativity,random_00,79,2.54,1.6045412248406066
Electronegativity,random_00,80,2.0,1.6336267916828506
Electronegativity,random_00,81,1.62,1.8910642021631436
Electronegativity,random_00,82,2.33,1.3987590430014905
Electronegativity,random_00,83,2.02,2.0819307541135323
Electronegativity,random_00,84,2.0,1.7280870320997022
Electronegativity,random_00,85,2.2,1.5668879221089071
Electronegativity,random_00,87,0.7,1.603251876472466
Electronegativity,random_00,88,0.9,1.9458624300163387
Electronegativity,random_00,89,1.1,1.9214659574236006
Electronegativity,random_00,90,1.3,1.9660952860108256
Electronegativity,random_00,91,1.5,1.5996302685979646
Electronegativity,random_00,92,1.38,1.269992965110668
Electronegativity,random_00,93,1.36,2.1081322122476713
Electronegativity,random_00,94,1.28,1.7267726756351425
Electronegativity,random_00,95,1.3,1.7861351487151083
Electronegativity,random_00,96,1.3,2.036903877954332
Electronegativity,random_00,97,1.3,1.7194263222136343
Electronegativity,random_00,98,1.3,2.019202920191737
Electronegativity,random_00,99,1.3,1.9753160708469033
Electronegativity,random_00,100,1.3,1.74686160423182
Electronegativity,random_00,101,1.3,2.135903479527699
Electronegativity,random_00,102,1.3,1.495473580239588
Electronegativity,random_00,103,1.3,1.834346413844521
Electronegativity,random_01,1,2.2,1.529314617281853
Electronegativity,random_01,3,0.98,1.9835679539017663
Electronegativity,random_01,4,1.57,1.8778860103741726
Electronegativity,random_01,5,2.04,2.196012160751426
Electronegativity,random_01,6,2.55,1.8562241449390822
Electronegativity,random_01,7,3.04,1.7246533137818643
Electronegativity,random_01,8,3.44,1.9750780563472483
Electronegativity,random_01,9,3.98,1.9546506013880687
Electronegativity,random_01,11,0.93,1.7453285510498417
Electronegativity,random_01,12,1.31,2.0147349396232643
Electronegativity,random_01,13,1.61,1.6817532013962806
Electronegativity,random_01,14,1.9,2.043630462685708
Electronegativity,random_01,15,2.19,1.866108340298335
Electronegativity,random_01,16,2.58,1.9196054152892335
Electronegativity,random_01,17,3.16,1.8467485848740186
Electronegativity,random_01,19,0.82,1.6510071601795113
Electronegativity,random_01,20,1.0,2.0507977614390613
Electronegativity,random_01,21,1.36,1.8327558963531847
Electronegativity,random_01,22,1.54,1.9603616562201427
Electronegativity,random_01,23,1.63,1.9010095685066728
Electronegativity,random_01,24,1.66,1.6821494739896574
Electronegativity,random_01,25,1.55,1.7724220883119548
Electronegativity,random_01,26,1.83,1.7187906951820144
Electronegativity,random_01,27,1.88,1.6328195850358231
Electronegativity,random_01,28,1.91,2.166052811945832
Electronegativity,random_01,29,1.9,1.5830711170832217
Electronegativity,random_01,30,1.65,1.5809420274268287
Electronegativity,random_01,31,1.81,1.3199292255014856
Electronegativity,random_01,32,2.01,2.3891936148474544
Electronegativity,random_01,33,2.18,1.5174525190863728
Electronegativity,random_01,34,2.55,1.8361484703752355
Electronegativity,random_01,35,2.96,1.6896800195227994
Electronegativity,random_01,36,3.0,2.2572769171500515
Electronegativity,random_01,37,0.82,1.8625888360951597
Electronegativity,random_01,38,0.95,1.779562371133234
Electronegativity,random_01,39,1.22,1.925900823428436
Electronegativity,random_01,40,1.33,1.7482996395635435
Electronegativity,random_01,41,1.6,1.8893846623602157
Electronegativity,random_01,42,2.16,2.226470214852254
Electronegativity,random_01,43,1.9,1.6140077283890772
Electronegativity,random_01,44,2.2,2.2901285497534025
Electronegativity,random_01,45,2.28,1.846884969338914
Electronegativity,random_01,46,2.2,1.546006166913637
Electronegativity,random_01,47,1.93,1.946709837478799
Electronegativity,random_01,48,1.69,1.9915389523003282
Electronegativity,random_01,49,1.78,1.6857119696247531
Electronegativity,random_01,50,1.96,1.709796178410853
Electronegativity,random_01,51,2.05,1.9136369103029134
Electronegativity,random_01,52,2.1,1.9172247641436735
Electronegativity,random_01,53,2.66,2.078949508409326
Electronegativity,random_01,54,2.6,1.9137408751394207
Electronegativity,random_01,55,0.79,1.40264282459626
Electronegativity,random_01,56,0.89,2.46867699255818
Electronegativity,random_01,57,1.1,1.4860674120745057
Electronegativity,random_01,58,1.12,2.05683263554128
Electronegativity,random_01,59,1.13,1.5513818142145288
Electronegativity,random_01,60,1.14,2.117798387170609
Electronegativity,random_01,62,1.17,1.486083110859774
Electronegativity,random_01,64,1.2,1.6381737326531087
Electronegativity,random_01,66,1.22,1.383200710970618
Electronegativity,random_01,67,1.23,1.2682803358092367
Electronegativity,random_01,68,1.24,1.6973411619975876
Electronegativity,random_01,69,1.25,1.6674710665743646
Electronegativity,random_01,71,1.27,1.3775431079839306
Electronegativity,random_01,72,1.3,1.8724654094573523
Electronegativity,random_01,73,1.5,1.0247265792995155
Electronegativity,random_01,74,2.36,1.767388854812976
Electronegativity,random_01,75,1.9,1.6943128610568774
Electronegativity,random_01,76,2.2,1.8156479868084212
Electronegativity,random_01,77,2.2,1.5207298062363548
Electronegativity,random_01,78,2.28,1.4241564108265314
Electronegativity,random_01,79,2.54,1.4260615324969066
Electronegativity,random_01,80,2.0,1.6399176612683983
Electronegativity,random_01,81,1.62,1.335300541188214
Electronegativity,random_01,82,2.33,1.0986842598005555
Electronegativity,random_01,83,2.02,1.7365492222187757
Electronegativity,random_01,84,2.0,1.7598466755100632
Electronegativity,random_01,85,2.2,1.805187365530345
Electronegativity,random_01,87,0.7,1.4717599153221848
Electronegativity,random_01,88,0.9,1.5536525620461465
Electronegativity,random_01,89,1.1,1.78143991349991
Electronegativity,random_01,90,1.3,1.5930832127064833
Electronegativity,random_01,91,1.5,1.3092499660971053
Electronegativity,random_01,92,1.38,1.2563720437619068
Electronegativity,random_01,93,1.36,1.6315686046798996
Electronegativity,random_01,94,1.28,1.7860673640018534
Electronegativity,random_01,95,1.3,1.2845057372695643
Electronegativity,random_01,96,1.3,1.781992222191194
Electronegativity,random_01,97,1.3,1.415837011790781
Electronegativity,random_01,98,1.3,1.7274631045629087
Electronegativity,random_01,99,1.3,1.8315170382731474
Electronegativity,random_01,100,1.3,1.8328644488220251
Electronegativity,random_01,101,1.3,1.888582305614438
Electronegativity,random_01,102,1.3,1.945376760159412
Electronegativity,random_01,103,1.3,1.5447997434226806
Electronegativity,random_02,1,2.2,1.5399127891709685
Electronegativity,random_02,3,0.98,2.097981949741924
Electronegativity,random_02,4,1.57,1.7797927885221632
Electronegativity,random_02,5,2.04,2.3456372670512
Electronegativity,random_02,6,2.55,1.9500396527547634
Electronegativity,random_02,7,3.04,1.9561983218471302
Electronegativity,random_02,8,3.44,1.8776046836753415
Electronegativity,random_02,9,3.98,1.6438808823288293
Electronegativity,random_02,11,0.93,1.867313760347338
Electronegativity,random_02,12,1.31,1.7738484617835115
Electronegativity,random_02,13,1.61,1.9392575554472398
Electronegativity,random_02,14,1.9,2.341874714108609
Electronegativity,random_02,15,2.19,1.6205151547895706
Electronegativity,random_02,16,2.58,1.5460085424415972
Electronegativity,random_02,17,3.16,2.013943656094179
Electronegativity,random_02,19,0.82,1.8981033028168026
Electronegativity,random_02,20,1.0,1.562405312000944
Electronegativity,random_02,21,1.36,1.9905161057983958
Electronegativity,random_02,22,1.54,2.051587967878496
Electronegativity,random_02,23,1.63,1.9640467184752834
Electronegativity,random_02,24,1.66,1.6465413524165804
Electronegativity,random_02,25,1.55,1.8667739028286852
Electronegativity,random_02,26,1.83,1.983372231782731
Electronegativity,random_02,27,1.88,1.9524539108233747
Electronegativity,random_02,28,1.91,2.0961143394446276
Electronegativity,random_02,29,1.9,1.6356250274845088
Electronegativity,random_02,30,1.65,1.7789104296413338
Electronegativity,random_02,31,1.81,1.7793919468141215
Electronegativity,random_02,32,2.01,2.0109962357897886
Electronegativity,random_02,33,2.18,1.7952721321002088
Electronegativity,random_02,34,2.55,1.762121890961445
Electronegativity,random_02,35,2.96,1.86954142536467
Electronegativity,random_02,36,3.0,2.055939690179799
Electronegativity,random_02,37,0.82,1.1263770835332452
Electronegativity,random_02,38,0.95,1.9689089897592753
Electronegativity,random_02,39,1.22,1.7716588204716555
Electronegativity,random_02,40,1.33,1.7669592908961655
Electronegativity,random_02,41,1.6,1.7373500897279008
Electronegativity,random_02,42,2.16,1.9285110296884183
Electronegativity,random_02,43,1.9,1.8919635735391986
Electronegativity,random_02,44,2.2,1.9170156128353373
Electronegativity,random_02,45,2.28,1.5639655259550562
Electronegativity,random_02,46,2.2,1.740071793689428
Electronegativity,random_02,47,1.93,1.7609734996255102
Electronegativity,random_02,48,1.69,1.5198562549990031
Electronegativity,random_02,49,1.78,1.5986525377365584
Electronegativity,random_02,50,1.96,1.651611868912898
Electronegativity,random_02,51,2.05,1.981037220412544
Electronegativity,random_02,52,2.1,1.7305721220811867
Electronegativity,random_02,53,2.66,1.489737003823561
Electronegativity,random_02,54,2.6,1.6591783282314645
Electronegativity,random_02,55,0.79,1.5170953755385972
Electronegativity,random_02,56,0.89,2.034562396261856
Electronegativity,random_02,57,1.1,1.506566408419271
Electronegativity,random_02,58,1.12,1.558158955001439
Electronegativity,random_02,59,1.13,1.7804191149569135
Electronegativity,random_02,60,1.14,1.3447793700765347
Electronegativity,random_02,62,1.17,1.3146456879472277
Electronegativity,random_02,64,1.2,1.6389911176004244
Electronegativity,random_02,66,1.22,1.8552436379809913
Electronegativity,random_02,67,1.23,1.428089419682769
Electronegativity,random_02,68,1.24,1.2620570791921357
Electronegativity,random_02,69,1.25,1.8573236457265987
Electronegativity,random_02,71,1.27,1.8282765268161547
Electronegativity,random_02,72,1.3,1.4560867921315057
Electronegativity,random_02,73,1.5,1.6222232815445985
Electronegativity,random_02,74,2.36,1.6488466435764206
Electronegativity,random_02,75,1.9,1.6621927826606577
Electronegativity,random_02,76,2.2,1.545393742676763
Electronegativity,random_02,77,2.2,1.7713534661108674
Electronegativity,random_02,78,2.28,1.1719546943453816
Electronegativity,random_02,79,2.54,1.910398449064556
Electronegativity,random_02,80,2.0,1.6871500553825496
Electronegativity,random_02,81,1.62,1.4465710181169067
Electronegativity,random_02,82,2.33,1.5836097931453095
Electronegativity,random_02,83,2.02,1.8848172259966007
Electronegativity,random_02,84,2.0,2.007178099692023
Electronegativity,random_02,85,2.2,1.2918683616565274
Electronegativity,random_02,87,0.7,1.1876938761121252
Electronegativity,random_02,88,0.9,2.015537731969341
Electronegativity,random_02,89,1.1,1.7245927337015223
Electronegativity,random_02,90,1.3,1.9482635732512603
Electronegativity,random_02,91,1.5,1.447423862295393
Electronegativity,random_02,92,1.38,1.2483332476401792
Electronegativity,random_02,93,1.36,1.8310723121780272
Electronegativity,random_02,94,1.28,2.062744107497586
Electronegativity,random_02,95,1.3,1.5743563937591698
Electronegativity,random_02,96,1.3,1.7334294721009456
Electronegativity,random_02,97,1.3,1.5530771895152768
Electronegativity,random_02,98,1.3,1.8690925438590567
Electronegativity,random_02,99,1.3,2.018491157061868
Electronegativity,random_02,100,1.3,1.6749182209912483
Electronegativity,random_02,101,1.3,2.014534821354548
Electronegativity,random_02,102,1.3,1.4649204682438088
Electronegativity,random_02,103,1.3,1.769466169857068
Electronegativity,random_03,1,2.2,1.7100517717055603
Electronegativity,random_03,3,0.98,1.7948428314337874
Electronegativity,random_03,4,1.57,1.5138867959000124
Electronegativity,random_03,5,2.04,2.2936302061101976
Electronegativity,random_03,6,2.55,1.7557898753984833
Electronegativity,random_03,7,3.04,1.739954290270125
Electronegativity,random_03,8,3.44,1.9214271537984704
Electronegativity,random_03,9,3.98,1.863139718118474
Electronegativity,random_03,11,0.93,1.216712418052361
Electronegativity,random_03,12,1.31,2.1239271250118588
Electronegativity,random_03,13,1.61,1.7893370039324143
Electronegativity,random_03,14,1.9,1.8942436924779495
Electronegativity,random_03,15,2.19,1.5572703073474667
Electronegativity,random_03,16,2.58,1.7690207292922768
Electronegativity,random_03,17,3.16,2.078373250421543
Electronegativity,random_03,19,0.82,1.7337872982215572
Electronegativity,random_03,20,1.0,1.660226236293045
Electronegativity,random_03,21,1.36,2.124129522920997
Electronegativity,random_03,22,1.54,2.086729974591653
Electronegativity,random_03,23,1.63,1.67976755790815
Electronegativity,random_03,24,1.66,1.923284541114354
Electronegativity,random_03,25,1.55,1.5378275704857278
Electronegativity,random_03,26,1.83,2.187214699163848
Electronegativity,random_03,27,1.88,1.7124438629377188
Electronegativity,random_03,28,1.91,2.3635348810656365
Electronegativity,random_03,29,1.9,1.7959784581917133
Electronegativity,random_03,30,1.65,1.900557092498097
Electronegativity,random_03,31,1.81,1.7326182984410954
Electronegativity,random_03,32,2.01,1.7088834250523817
Electronegativity,random_03,33,2.18,1.3688607036067837
Electronegativity,random_03,34,2.55,1.2853981618473507
Electronegativity,random_03,35,2.96,1.7002593836936015
Electronegativity,random_03,36,3.0,1.8743900945582306
Electronegativity,random_03,37,0.82,1.6590499380093935
Electronegativity,random_03,38,0.95,1.8917618251756578
Electronegativity,random_03,39,1.22,1.5722954002970395
Electronegativity,random_03,40,1.33,1.6872864722318763
Electronegativity,random_03,41,1.6,1.7535566826295077
Electronegativity,random_03,42,2.16,1.6123339983874174
Electronegativity,random_03,43,1.9,1.8980741321484071
Electronegativity,random_03,44,2.2,2.3751269463742473
Electronegativity,random_03,45,2.28,1.3693068104710855
Electronegativity,random_03,46,2.2,1.748369754746714
Electronegativity,random_03,47,1.93,1.7044870890176533
Electronegativity,random_03,48,1.69,1.8607351990717176
Electronegativity,random_03,49,1.78,1.3132132243938448
Electronegativity,random_03,50,1.96,1.4636831791435123
Electronegativity,random_03,51,2.05,1.904052734964891
Electronegativity,random_03,52,2.1,1.7530360541811498
Electronegativity,random_03,53,2.66,1.907451628776185
Electronegativity,random_03,54,2.6,1.7014086407796174
Electronegativity,random_03,55,0.79,1.5582540966631933
Electronegativity,random_03,56,0.89,1.8723870151540565
Electronegativity,random_03,57,1.1,1.6459736667376184
Electronegativity,random_03,58,1.12,1.9969546314871054
Electronegativity,random_03,59,1.13,1.3658418781948138
Electronegativity,random_03,60,1.14,1.7462537260807274
Electronegativity,random_03,62,1.17,1.4646293970290645
Electronegativity,random_03,64,1.2,2.0498268586804826
Electronegativity,random_03,66,1.22,1.7090868406701158
Electronegativity,random_03,67,1.23,1.5975274199573362
Electronegativity,random_03,68,1.24,1.6809869443815995
Electronegativity,random_03,69,1.25,1.8873002417691402
Electronegativity,random_03,71,1.27,1.5561834318238492
Electronegativity,random_03,72,1.3,1.7255080852889948
Electronegativity,random_03,73,1.5,1.8708523146436977
Electronegativity,random_03,74,2.36,2.0129089557098245
Electronegativity,random_03,75,1.9,1.5111491973339906
Electronegativity,random_03,76,2.2,1.8444283868927027
Electronegativity,random_03,77,2.2,1.7927468817888081
Electronegativity,random_03,78,2.28,1.7470598033190754
Electronegativity,random_03,79,2.54,1.840643113635633
Electronegativity,random_03,80,2.0,1.6881324550118515
Electronegativity,random_03,81,1.62,1.491807424261538
Electronegativity,random_03,82,2.33,1.594340213546539
Electronegativity,random_03,83,2.02,1.834716715822464
Electronegativity,random_03,84,2.0,1.8445538237848031
Electronegativity,random_03,85,2.2,1.7620942353047635
Electronegativity,random_03,87,0.7,1.4714908784206933
Electronegativity,random_03,88,0.9,1.660960324191236
Electronegativity,random_03,89,1.1,2.0588329377739183
Electronegativity,random_03,90,1.3,1.884321882688894
Electronegativity,random_03,91,1.5,1.3389687238591266
Electronegativity,random_03,92,1.38,1.9826926992910658
Electronegativity,random_03,93,1.36,1.6842374112876
Electronegativity,random_03,94,1.28,1.8362947323889702
Electronegativity,random_03,95,1.3,1.7007756496050217
Electronegativity,random_03,96,1.3,1.407255005145187
Electronegativity,random_03,97,1.3,1.995542617178342
Electronegativity,random_03,98,1.3,1.9243585220640729
Electronegativity,random_03,99,1.3,2.1818192539029426
Electronegativity,random_03,100,1.3,1.801090270608599
Electronegativity,random_03,101,1.3,1.825292694227563
Electronegativity,random_03,102,1.3,1.9354225846974753
Electronegativity,random_03,103,1.3,1.8184922740080764
Electronegativity,random_04,1,2.2,1.4339666180839337
Electronegativity,random_04,3,0.98,1.8188115461836813
Electronegativity,random_04,4,1.57,1.6278088519481446
Electronegativity,random_04,5,2.04,1.8009781166838563
Electronegativity,random_04,6,2.55,1.934153072468537
Electronegativity,random_04,7,3.04,1.3907226669974098
Electronegativity,random_04,8,3.44,1.8785389152504965
Electronegativity,random_04,9,3.98,1.594267828023494
Electronegativity,random_04,11,0.93,1.9073753712442156
Electronegativity,random_04,12,1.31,1.6916254438606968
Electronegativity,random_04,13,1.61,2.0940675630452343
Electronegativity,random_04,14,1.9,2.0230336743936777
Electronegativity,random_04,15,2.19,1.7655670877050678
Electronegativity,random_04,16,2.58,1.561888138438722
Electronegativity,random_04,17,3.16,1.8122493717932062
Electronegativity,random_04,19,0.82,1.9462550463412416
Electronegativity,random_04,20,1.0,1.8232557012057895
Electronegativity,random_04,21,1.36,1.7690351855709046
Electronegativity,random_04,22,1.54,1.918506685147453
Electronegativity,random_04,23,1.63,1.8462020505566843
Electronegativity,random_04,24,1.66,1.5960923064785346
Electronegativity,random_04,25,1.55,1.9206310265888562
Electronegativity,random_04,26,1.83,1.8828462547466962
Electronegativity,random_04,27,1.88,1.847395762002673
Electronegativity,random_04,28,1.91,1.8755031771457242
Electronegativity,random_04,29,1.9,1.850196946428763
Electronegativity,random_04,30,1.65,1.5898343706840448
Electronegativity,random_04,31,1.81,2.0996410444742497
Electronegativity,random_04,32,2.01,1.8324950779079388
Electronegativity,random_04,33,2.18,1.7184137642226134
Electronegativity,random_04,34,2.55,1.6373928212746285
Electronegativity,random_04,35,2.96,1.7440648775622345
Electronegativity,random_04,36,3.0,1.676844593464404
Electronegativity,random_04,37,0.82,1.781422385152094
Electronegativity,random_04,38,0.95,1.871775351648209
Electronegativity,random_04,39,1.22,1.7644426169488892
Electronegativity,random_04,40,1.33,1.604615627478447
Electronegativity,random_04,41,1.6,1.951838670384129
Electronegativity,random_04,42,2.16,1.92601584737356
Electronegativity,random_04,43,1.9,1.747778952247417
Electronegativity,random_04,44,2.2,2.027246687713432
Electronegativity,random_04,45,2.28,1.4974799793339775
Electronegativity,random_04,46,2.2,1.8931156973426502
Electronegativity,random_04,47,1.93,1.7074598065660769
Electronegativity,random_04,48,1.69,1.8357380755673667
Electronegativity,random_04,49,1.78,1.5822113379414624
Electronegativity,random_04,50,1.96,1.4849077338902883
Electronegativity,random_04,51,2.05,1.9249217622164632
Electronegativity,random_04,52,2.1,1.3265744113759537
Electronegativity,random_04,53,2.66,2.0533004900908582
Electronegativity,random_04,54,2.6,1.7552105538096678
Electronegativity,random_04,55,0.79,1.634181966723461
Electronegativity,random_04,56,0.89,2.299688865245455
Electronegativity,random_04,57,1.1,1.695541397906946
Electronegativity,random_04,58,1.12,1.967262952578751
Electronegativity,random_04,59,1.13,1.9232709444498335
Electronegativity,random_04,60,1.14,1.8223288155716504
Electronegativity,random_04,62,1.17,1.7685866465210127
Electronegativity,random_04,64,1.2,1.5414364907336249
Electronegativity,random_04,66,1.22,1.71659328313086
Electronegativity,random_04,67,1.23,1.4153368415952363
Electronegativity,random_04,68,1.24,1.2315495305665798
Electronegativity,random_04,69,1.25,1.7573332143220317
Electronegativity,random_04,71,1.27,1.627481957565284
Electronegativity,random_04,72,1.3,1.9297382553600573
Electronegativity,random_04,73,1.5,1.5843615183186701
Electronegativity,random_04,74,2.36,1.923184865218849
Electronegativity,random_04,75,1.9,1.604280009607597
Electronegativity,random_04,76,2.2,1.9056510997439848
Electronegativity,random_04,77,2.2,1.428287419498761
Electronegativity,random_04,78,2.28,1.282276665123061
Electronegativity,random_04,79,2.54,1.9099771588279386
Electronegativity,random_04,80,2.0,1.5858094657504338
Electronegativity,random_04,81,1.62,1.3764308221234054
Electronegativity,random_04,82,2.33,1.2117228255701933
Electronegativity,random_04,83,2.02,1.8357171189784118
Electronegativity,random_04,84,2.0,1.5573823692211612
Electronegativity,random_04,85,2.2,1.416982430809265
Electronegativity,random_04,87,0.7,1.7604488872441002
Electronegativity,random_04,88,0.9,1.7407534881909834
Electronegativity,random_04,89,1.1,1.8713337616442896
Electronegativity,random_04,90,1.3,1.807465696729864
Electronegativity,random_04,91,1.5,1.7340446349247145
Electronegativity,random_04,92,1.38,1.6934724576127735
Electronegativity,random_04,93,1.36,1.7686427608853952
Electronegativity,random_04,94,1.28,1.928995997679775
Electronegativity,random_04,95,1.3,1.686151180324944
Electronegativity,random_04,96,1.3,1.7331918488992732
Electronegativity,random_04,97,1.3,1.6616587198504957
Electronegativity,random_04,98,1.3,1.7733101313971327
Electronegativity,random_04,99,1.3,1.8693086238787824
Electronegativity,random_04,100,1.3,1.7584191549824681
Electronegativity,random_04,101,1.3,1.8162756268071871
Electronegativity,random_04,102,1.3,1.825754156634661
Electronegativity,random_04,103,1.3,1.6575835014106899
Electronegativity,random_05,1,2.2,1.7486917351284434
Electronegativity,random_05,3,0.98,1.9868802624317077
Electronegativity,random_05,4,1.57,1.69592069949509
Electronegativity,random_05,5,2.04,2.4234261279385167
Electronegativity,random_05,6,2.55,1.7789226518235794
Electronegativity,random_05,7,3.04,1.7280827113039177
Electronegativity,random_05,8,3.44,2.1346038873500497
Electronegativity,random_05,9,3.98,1.5083750686341237
Electronegativity,random_05,11,0.93,1.906592411761604
Electronegativity,random_05,12,1.31,1.9121285525963423
Electronegativity,random_05,13,1.61,2.151307595280721
Electronegativity,random_05,14,1.9,1.9085487488821085
Electronegativity,random_05,15,2.19,1.8252984901120672
Electronegativity,random_05,16,2.58,1.8154012057454403
Electronegativity,random_05,17,3.16,1.91983377044276
Electronegativity,random_05,19,0.82,1.6222708238890042
Electronegativity,random_05,20,1.0,1.6624806686448985
Electronegativity,random_05,21,1.36,1.8788457943705676
Electronegativity,random_05,22,1.54,1.7115524694396307
Electronegativity,random_05,23,1.63,1.7649158845101962
Electronegativity,random_05,24,1.66,1.6375655066412618
Electronegativity,random_05,25,1.55,1.7351946681010662
Electronegativity,random_05,26,1.83,1.467580343719205
Electronegativity,random_05,27,1.88,1.9129822247538548
Electronegativity,random_05,28,1.91,2.0628459242321195
Electronegativity,random_05,29,1.9,1.689404098784846
Electronegativity,random_05,30,1.65,1.5647011583813872
Electronegativity,random_05,31,1.81,1.457848108510115
Electronegativity,random_05,32,2.01,1.9290855412873809
Electronegativity,random_05,33,2.18,1.961219661900179
Electronegativity,random_05,34,2.55,1.3578012178701557
Electronegativity,random_05,35,2.96,1.8173977782563546
Electronegativity,random_05,36,3.0,1.9144958354857133
Electronegativity,random_05,37,0.82,1.6383395695545275
Electronegativity,random_05,38,0.95,1.7213934250568645
Electronegativity,random_05,39,1.22,1.7667678838620209
Electronegativity,random_05,40,1.33,1.601336993722035
Electronegativity,random_05,41,1.6,1.814692755421189
Electronegativity,random_05,42,2.16,1.7852097213531524
Electronegativity,random_05,43,1.9,1.5093726590936087
Electronegativity,random_05,44,2.2,1.7528271183020916
Electronegativity,random_05,45,2.28,1.9883446904833801
Electronegativity,random_05,46,2.2,1.6604323537080814
Electronegativity,random_05,47,1.93,1.4743266988769874
Electronegativity,random_05,48,1.69,1.3861782047184223
Electronegativity,random_05,49,1.78,1.6459766637838165
Electronegativity,random_05,50,1.96,1.5380207278632656
Electronegativity,random_05,51,2.05,1.2849964466681234
Electronegativity,random_05,52,2.1,1.3031423901629946
Electronegativity,random_05,53,2.66,2.0888365827514486
Electronegativity,random_05,54,2.6,1.3379536606982203
Electronegativity,random_05,55,0.79,1.3921534111451837
Electronegativity,random_05,56,0.89,1.9392735823314833
Electronegativity,random_05,57,1.1,1.4567007537978347
Electronegativity,random_05,58,1.12,1.235261804823093
Electronegativity,random_05,59,1.13,1.564021437384212
Electronegativity,random_05,60,1.14,1.4778583451658767
Electronegativity,random_05,62,1.17,1.4510315879657414
Electronegativity,random_05,64,1.2,1.6551312170529162
Electronegativity,random_05,66,1.22,1.8032718181486855
Electronegativity,random_05,67,1.23,1.611501171466018
Electronegativity,random_05,68,1.24,1.8275079728861388
Electronegativity,random_05,69,1.25,1.8633037399386623
Electronegativity,random_05,71,1.27,1.8641552552522977
Electronegativity,random_05,72,1.3,1.9547541355141993
Electronegativity,random_05,73,1.5,1.5982912530914817
Electronegativity,random_05,74,2.36,1.7068709098737576
Electronegativity,random_05,75,1.9,1.6688708160963304
Electronegativity,random_05,76,2.2,1.9873285565043182
Electronegativity,random_05,77,2.2,1.7673622628321153
Electronegativity,random_05,78,2.28,1.2266534287689876
Electronegativity,random_05,79,2.54,2.1461780221116413
Electronegativity,random_05,80,2.0,1.6591407639788756
Electronegativity,random_05,81,1.62,1.5848171029595453
Electronegativity,random_05,82,2.33,1.3125762350549375
Electronegativity,random_05,83,2.02,1.824724622806049
Electronegativity,random_05,84,2.0,2.0270477695841795
Electronegativity,random_05,85,2.2,1.475796660242792
Electronegativity,random_05,87,0.7,1.7299479107184725
Electronegativity,random_05,88,0.9,1.7549442717892683
Electronegativity,random_05,89,1.1,2.10878551174671
Electronegativity,random_05,90,1.3,1.6799568638035813
Electronegativity,random_05,91,1.5,1.6470502127917395
Electronegativity,random_05,92,1.38,1.620052004693402
Electronegativity,random_05,93,1.36,2.0101795285732247
Electronegativity,random_05,94,1.28,1.9679090383863438
Electronegativity,random_05,95,1.3,1.619476687657391
Electronegativity,random_05,96,1.3,1.659975110251671
Electronegativity,random_05,97,1.3,1.9166907080353408
Electronegativity,random_05,98,1.3,1.6893526976040896
Electronegativity,random_05,99,1.3,1.948944151764575
Electronegativity,random_05,100,1.3,1.8691011095791283
Electronegativity,random_05,101,1.3,2.0820255923601994
Electronegativity,random_05,102,1.3,1.6278395522568863
Electronegativity,random_05,103,1.3,1.7358179603881054
Electronegativity,random_06,1,2.2,1.5522941198822577
Electronegativity,random_06,3,0.98,1.727376652795024
Electronegativity,random_06,4,1.57,1.8289272164073338
Electronegativity,random_06,5,2.04,1.7627891912329594
Electronegativity,random_06,6,2.55,1.8199858768869297
Electronegativity,random_06,7,3.04,1.7488684118010736
Electronegativity,random_06,8,3.44,1.8796238258630753
Electronegativity,random_06,9,3.98,1.7935816823470803
Electronegativity,random_06,11,0.93,1.8747946077942335
Electronegativity,random_06,12,1.31,2.199750036930671
Electronegativity,random_06,13,1.61,1.7212379850990278
Electronegativity,random_06,14,1.9,2.134970708240971
Electronegativity,random_06,15,2.19,1.8000170609721842
Electronegativity,random_06,16,2.58,1.7202378754585819
Electronegativity,random_06,17,3.16,2.10048676957095
Electronegativity,random_06,19,0.82,2.0946662171357002
Electronegativity,random_06,20,1.0,2.224431742450842
Electronegativity,random_06,21,1.36,1.7638437607770867
Electronegativity,random_06,22,1.54,2.141662809166994
Electronegativity,random_06,23,1.63,2.145417395707332
Electronegativity,random_06,24,1.66,1.6942814691775117
Electronegativity,random_06,25,1.55,2.4142229434977107
Electronegativity,random_06,26,1.83,2.129113357017936
Electronegativity,random_06,27,1.88,2.25437204137394
Electronegativity,random_06,28,1.91,2.4453753093159887
Electronegativity,random_06,29,1.9,1.9023317036764666
Electronegativity,random_06,30,1.65,2.0154215330364837
Electronegativity,random_06,31,1.81,2.0246730605625713
Electronegativity,random_06,32,2.01,1.5727507658925373
Electronegativity,random_06,33,2.18,1.8997663783196936
Electronegativity,random_06,34,2.55,1.66210253842548
Electronegativity,random_06,35,2.96,1.5541180502286622
Electronegativity,random_06,36,3.0,1.916536951583319
Electronegativity,random_06,37,0.82,1.5154370391822998
Electronegativity,random_06,38,0.95,1.925359172754466
Electronegativity,random_06,39,1.22,1.5550483946755853
Electronegativity,random_06,40,1.33,1.620630476801374
Electronegativity,random_06,41,1.6,1.7002461555308739
Electronegativity,random_06,42,2.16,1.6758802965819317
Electronegativity,random_06,43,1.9,1.7003721094890263
Electronegativity,random_06,44,2.2,2.054093124045282
Electronegativity,random_06,45,2.28,1.418050448728156
Electronegativity,random_06,46,2.2,1.705049994441419
Electronegativity,random_06,47,1.93,1.4780647998413003
Electronegativity,random_06,48,1.69,1.6942566913924797
Electronegativity,random_06,49,1.78,1.51443199512322
Electronegativity,random_06,50,1.96,1.7493607279961865
Electronegativity,random_06,51,2.05,1.641940438631825
Electronegativity,random_06,52,2.1,1.7754401609126282
Electronegativity,random_06,53,2.66,1.6075537881968414
Electronegativity,random_06,54,2.6,1.5484164151718094
Electronegativity,random_06,55,0.79,1.6681954984116298
Electronegativity,random_06,56,0.89,1.910411903352173
Electronegativity,random_06,57,1.1,1.6211278397824627
Electronegativity,random_06,58,1.12,1.9661712303141667
Electronegativity,random_06,59,1.13,1.5597418959742526
Electronegativity,random_06,60,1.14,1.490345947574672
Electronegativity,random_06,62,1.17,1.5217130337406783
Electronegativity,random_06,64,1.2,1.773881713815241
Electronegativity,random_06,66,1.22,1.6900856317719375
Electronegativity,random_06,67,1.23,1.686688720836758
Electronegativity,random_06,68,1.24,1.5780755516268505
Electronegativity,random_06,69,1.25,1.7690046033648565
Electronegativity,random_06,71,1.27,1.704365006849397
Electronegativity,random_06,72,1.3,1.8511922781786623
Electronegativity,random_06,73,1.5,1.5541705886291828
Electronegativity,random_06,74,2.36,1.7705192161855694
Electronegativity,random_06,75,1.9,1.7351222749400153
Electronegativity,random_06,76,2.2,1.5766146887244716
Electronegativity,random_06,77,2.2,1.7719820185391146
Electronegativity,random_06,78,2.28,1.4417466287210194
Electronegativity,random_06,79,2.54,1.8736920724805182
Electronegativity,random_06,80,2.0,1.5362911067872433
Electronegativity,random_06,81,1.62,1.4950417370830398
Electronegativity,random_06,82,2.33,1.5180938380750577
Electronegativity,random_06,83,2.02,1.6840247187820314
Electronegativity,random_06,84,2.0,1.895022834559023
Electronegativity,random_06,85,2.2,1.2140821073886197
Electronegativity,random_06,87,0.7,1.4460234522465714
Electronegativity,random_06,88,0.9,2.2126074259029904
Electronegativity,random_06,89,1.1,1.5986077216715668
Electronegativity,random_06,90,1.3,2.0436884228655674
Electronegativity,random_06,91,1.5,1.6583609612272494
Electronegativity,random_06,92,1.38,1.7193594140668071
Electronegativity,random_06,93,1.36,1.896825828867743
Electronegativity,random_06,94,1.28,2.12819544321671
Electronegativity,random_06,95,1.3,1.6699612804968194
Electronegativity,random_06,96,1.3,1.7815061617475307
Electronegativity,random_06,97,1.3,1.0621992678541765
Electronegativity,random_06,98,1.3,1.5428799191290958
Electronegativity,random_06,99,1.3,1.7272647420341591
Electronegativity,random_06,100,1.3,1.4924045940951014
Electronegativity,random_06,101,1.3,1.862492219578299
Electronegativity,random_06,102,1.3,1.5275915267527473
Electronegativity,random_06,103,1.3,1.5635449482978658
Electronegativity,random_07,1,2.2,1.9982067741423697
Electronegativity,random_07,3,0.98,1.661039770349775
Electronegativity,random_07,4,1.57,1.6502746467844762
Electronegativity,random_07,5,2.04,1.9306054507607597
Electronegativity,random_07,6,2.55,1.89573305018532
Electronegativity,random_07,7,3.04,1.6384029845436536
Electronegativity,random_07,8,3.44,1.6943780693788189
Electronegativity,random_07,9,3.98,1.6732470704925817
Electronegativity,random_07,11,0.93,1.8785345869998766
Electronegativity,random_07,12,1.31,1.9765944210316202
Electronegativity,random_07,13,1.61,1.8513916520789542
Electronegativity,random_07,14,1.9,1.913536271303712
Electronegativity,random_07,15,2.19,1.7216694917470774
Electronegativity,random_07,16,2.58,1.871285967736297
Electronegativity,random_07,17,3.16,1.8114368965174321
Electronegativity,random_07,19,0.82,2.1393361804598827
Electronegativity,random_07,20,1.0,1.7599620819743793
Electronegativity,random_07,21,1.36,2.171136452753491
Electronegativity,random_07,22,1.54,1.8404919198653733
Electronegativity,random_07,23,1.63,1.988299775286937
Electronegativity,random_07,24,1.66,1.6064001508401424
Electronegativity,random_07,25,1.55,2.219282430978078
Electronegativity,random_07,26,1.83,1.713938442305553
Electronegativity,random_07,27,1.88,1.853475383675145
Electronegativity,random_07,28,1.91,1.7917803318442058
Electronegativity,random_07,29,1.9,1.6578456020483576
Electronegativity,random_07,30,1.65,1.948129244115231
Electronegativity,random_07,31,1.81,1.657576822137527
Electronegativity,random_07,32,2.01,1.6546600623052048
Electronegativity,random_07,33,2.18,1.7060290395574496
Electronegativity,random_07,34,2.55,1.741054087641765
Electronegativity,random_07,35,2.96,1.979738103691743
Electronegativity,random_07,36,3.0,2.021748561609138
Electronegativity,random_07,37,0.82,1.5587717452597456
Electronegativity,random_07,38,0.95,1.9859314070797418
Electronegativity,random_07,39,1.22,1.476483486235493
Electronegativity,random_07,40,1.33,1.9281193650624957
Electronegativity,random_07,41,1.6,1.5372525715446703
Electronegativity,random_07,42,2.16,1.7116985357441747
Electronegativity,random_07,43,1.9,1.4967765507764335
Electronegativity,random_07,44,2.2,1.8760214500020362
Electronegativity,random_07,45,2.28,1.4160842955012187
Electronegativity,random_07,46,2.2,1.2007912876385307
Electronegativity,random_07,47,1.93,1.8092061340499048
Electronegativity,random_07,48,1.69,1.6448851677810348
Electronegativity,random_07,49,1.78,1.6523871531652947
Electronegativity,random_07,50,1.96,1.311194837134214
Electronegativity,random_07,51,2.05,1.8134123969141427
Electronegativity,random_07,52,2.1,1.8524464771738725
Electronegativity,random_07,53,2.66,1.9959202980283066
Electronegativity,random_07,54,2.6,1.2746616312794217
Electronegativity,random_07,55,0.79,1.6648752759867682
Electronegativity,random_07,56,0.89,1.7167845517775289
Electronegativity,random_07,57,1.1,1.4744849601479908
Electronegativity,random_07,58,1.12,1.6030846429886616
Electronegativity,random_07,59,1.13,1.5956636256491996
Electronegativity,random_07,60,1.14,1.700661006543005
Electronegativity,random_07,62,1.17,1.217207641414809
Electronegativity,random_07,64,1.2,1.7440640757051116
Electronegativity,random_07,66,1.22,1.7095863568061238
Electronegativity,random_07,67,1.23,1.897974756549047
Electronegativity,random_07,68,1.24,1.7758204273180007
Electronegativity,random_07,69,1.25,2.052702270048874
Electronegativity,random_07,71,1.27,1.8589481582708798
Electronegativity,random_07,72,1.3,1.9185624645832415
Electronegativity,random_07,73,1.5,1.8541908668933764
Electronegativity,random_07,74,2.36,1.7359146561650867
Electronegativity,random_07,75,1.9,1.3781550807628395
Electronegativity,random_07,76,2.2,1.4967214676876075
Electronegativity,random_07,77,2.2,1.7193738158575882
Electronegativity,random_07,78,2.28,1.6952070339840022
Electronegativity,random_07,79,2.54,1.847824049534681
Electronegativity,random_07,80,2.0,1.854941434519474
Electronegativity,random_07,81,1.62,1.8970253745509722
Electronegativity,random_07,82,2.33,1.4962170258231757
Electronegativity,random_07,83,2.02,1.7945871012020727
Electronegativity,random_07,84,2.0,1.900899308529844
Electronegativity,random_07,85,2.2,1.7266676888098003
Electronegativity,random_07,87,0.7,1.6494870599783762
Electronegativity,random_07,88,0.9,2.110792255159302
Electronegativity,random_07,89,1.1,1.7554262853983202
Electronegativity,random_07,90,1.3,1.8577252058547313
Electronegativity,random_07,91,1.5,1.6158264079804214
Electronegativity,random_07,92,1.38,1.6765088124097014
Electronegativity,random_07,93,1.36,2.1174973284800247
Electronegativity,random_07,94,1.28,1.9174508933802072
Electronegativity,random_07,95,1.3,1.4942952154869553
Electronegativity,random_07,96,1.3,2.126363006486399
Electronegativity,random_07,97,1.3,1.7337973713283634
Electronegativity,random_07,98,1.3,1.7326267637069726
Electronegativity,random_07,99,1.3,1.8682171982333273
Electronegativity,random_07,100,1.3,1.7542511123154816
Electronegativity,random_07,101,1.3,1.960831135314365
Electronegativity,random_07,102,1.3,1.7223781746116047
Electronegativity,random_07,103,1.3,1.6761118972793212
AtomicRadius,z_poly,1,120.0,180.82428764369413
AtomicRadius,z_poly,2,140.0,181.33463753085022
AtomicRadius,z_poly,3,182.0,184.356475039722
AtomicRadius,z_poly,4,153.0,184.84610084304998
AtomicRadius,z_poly,5,192.0,185.33832203991517
AtomicRadius,z_poly,6,170.0,185.8331445503636
AtomicRadius,z_poly,7,155.0,186.33057429444133
AtomicRadius,z_poly,8,152.0,186.8306171921944
AtomicRadius,z_poly,9,135.0,187.33327916366886
AtomicRadius,z_poly,10,154.0,187.83856612891074
AtomicRadius,z_poly,11,227.0,180.8685500471371
AtomicRadius,z_poly,12,173.0,181.55452857093022
AtomicRadius,z_poly,13,184.0,182.24259153524028
AtomicRadius,z_poly,14,210.0,182.93269573652097
AtomicRadius,z_poly,15,180.0,183.62479797122603
AtomicRadius,z_poly,16,180.0,184.3188550358092
AtomicRadius,z_poly,17,175.0,185.01482372672416
AtomicRadius,z_poly,18,188.0,185.71266084042466
AtomicRadius,z_poly,19,275.0,187.844177804956
AtomicRadius,z_poly,20,231.0,188.5335523665591
AtomicRadius,z_poly,21,211.0,189.2245371774914
AtomicRadius,z_poly,22,187.0,189.91708298226027
AtomicRadius,z_poly,23,179.0,190.61114052537303
AtomicRadius,z_poly,24,189.0,191.30666055133707
AtomicRadius,z_poly,25,197.0,192.00359380465977
AtomicRadius,z_poly,26,194.0,192.70189102984847
AtomicRadius,z_poly,27,192.0,193.4015029714105
AtomicRadius,z_poly,28,163.0,194.10238037385332
AtomicRadius,z_poly,29,140.0,194.80447398168423
AtomicRadius,z_poly,30,139.0,195.50773453941062
AtomicRadius,z_poly,31,187.0,196.21211279153985
AtomicRadius,z_poly,32,211.0,196.91755948257926
AtomicRadius,z_poly,33,185.0,197.62402535703626
AtomicRadius,z_poly,34,190.0,198.33146115941818
AtomicRadius,z_poly,35,183.0,199.0398176342324
AtomicRadius,z_poly,36,202.0,199.7490455259863
AtomicRadius,z_poly,37,303.0,198.5049416400953
AtomicRadius,z_poly,38,249.0,199.19118834398813
AtomicRadius,z_poly,39,219.0,199.88029938036823
AtomicRadius,z_poly,40,186.0,200.57225970917318
AtomicRadius,z_poly,41,207.0,201.26705429034058
AtomicRadius,z_poly,42,209.0,201.964668083808
AtomicRadius,z_poly,43,209.0,202.665086049513
AtomicRadius,z_poly,44,207.0,203.3682931473932
AtomicRadius,z_poly,45,195.0,204.0742743373861
AtomicRadius,z_poly,46,202.0,204.78301457942936
AtomicRadius,z_poly,47,172.0,205.4944988334605
AtomicRadius,z_poly,48,158.0,206.20871205941714
AtomicRadius,z_poly,49,193.0,206.92563921723684
AtomicRadius,z_poly,50,217.0,207.64526526685714
AtomicRadius,z_poly,51,206.0,208.36757516821567
AtomicRadius,z_poly,52,206.0,209.09255388124996
AtomicRadius,z_poly,53,198.0,209.82018636589765
AtomicRadius,z_poly,54,216.0,210.55045758209624
AtomicRadius,z_poly,55,343.0,211.16527260006345
AtomicRadius,z_poly,56,268.0,212.0216004866914
AtomicRadius,z_poly,57,240.0,212.88587364613173
AtomicRadius,z_poly,58,235.0,213.75815602078717
AtomicRadius,z_poly,59,239.0,214.63851155306023
AtomicRadius,z_poly,60,229.0,215.52700418535358
AtomicRadius,z_poly,61,236.0,216.42369786006978
AtomicRadius,z_poly,62,229.0,217.32865651961149
AtomicRadius,z_poly,63,233.0,218.24194410638128
AtomicRadius,z_poly,64,237.0,219.1636245627818
AtomicRadius,z_poly,65,221.0,220.0937618312156
AtomicRadius,z_poly,66,229.0,221.03241985408533
AtomicRadius,z_poly,67,216.0,221.9796625737936
AtomicRadius,z_poly,68,235.0,222.935553932743
AtomicRadius,z_poly,69,227.0,223.90015787333618
AtomicRadius,z_poly,70,242.0,224.8735383379757
AtomicRadius,z_poly,71,221.0,225.85575926906418
AtomicRadius,z_poly,72,212.0,226.84688460900423
AtomicRadius,z_poly,73,217.0,227.8469783001985
AtomicRadius,z_poly,74,210.0,228.85610428504953
AtomicRadius,z_poly,75,217.0,229.87432650595997
AtomicRadius,z_poly,76,216.0,230.90170890533244
AtomicRadius,z_poly,77,202.0,231.93831542556953
AtomicRadius,z_poly,78,209.0,232.98421000907385
AtomicRadius,z_poly,79,166.0,234.039456598248
AtomicRadius,z_poly,80,209.0,235.10411913549459
AtomicRadius,z_poly,81,196.0,236.17826156321624
AtomicRadius,z_poly,82,202.0,237.26194782381558
AtomicRadius,z_poly,83,207.0,238.35524185969518
AtomicRadius,z_poly,84,197.0,239.45820761325766
AtomicRadius,z_poly,85,202.0,240.57090902690564
AtomicRadius,z_poly,86,220.0,241.69341004304172
AtomicRadius,z_poly,87,348.0,217.37204596901216
AtomicRadius,z_poly,88,283.0,217.1567605265226
AtomicRadius,z_poly,89,260.0,216.91555440904025
AtomicRadius,z_poly,90,237.0,216.64810649760696
AtomicRadius,z_poly,91,243.0,216.3540956732646
AtomicRadius,z_poly,92,240.0,216.03320081705496
AtomicRadius,z_poly,93,221.0,215.68510081001995
AtomicRadius,z_poly,94,243.0,215.30947453320138
AtomicRadius,z_poly,95,244.0,214.90600086764113
AtomicRadius,z_poly,96,245.0,214.47435869438098
AtomicRadius,z_poly,97,244.0,214.01422689446284
AtomicRadius,z_poly,98,245.0,213.52528434892855
AtomicRadius,z_poly,99,245.0,213.00720993881993
AtomicRadius,message_bits,1,120.0,177.57532576693336
AtomicRadius,message_bits,2,140.0,179.2734560008346
AtomicRadius,message_bits,3,182.0,185.00607498133402
AtomicRadius,message_bits,4,153.0,178.6178968612755
AtomicRadius,message_bits,5,192.0,183.20614951001366
AtomicRadius,message_bits,6,170.0,185.87284774786784
AtomicRadius,message_bits,7,155.0,190.46110039660599
AtomicRadius,message_bits,8,152.0,172.00188526373697
AtomicRadius,message_bits,9,135.0,176.59013791247514
AtomicRadius,message_bits,10,154.0,179.2568361503293
AtomicRadius,message_bits,11,227.0,172.087534969426
AtomicRadius,message_bits,12,173.0,167.55222749486606
AtomicRadius,message_bits,13,184.0,172.1976067555329
AtomicRadius,message_bits,14,210.0,173.21722667000654
AtomicRadius,message_bits,15,180.0,177.8626059306734
AtomicRadius,message_bits,16,180.0,185.46898732497831
AtomicRadius,message_bits,17,175.0,190.11436658564514
AtomicRadius,message_bits,18,188.0,191.1339865001188
AtomicRadius,message_bits,19,275.0,194.7712472315154
AtomicRadius,message_bits,20,231.0,191.38253686713279
AtomicRadius,message_bits,21,211.0,196.13238516749945
AtomicRadius,message_bits,22,187.0,199.8771267374724
AtomicRadius,message_bits,23,179.0,204.62697503783903
AtomicRadius,message_bits,24,189.0,184.19540391622502
AtomicRadius,message_bits,25,197.0,188.94525221659165
AtomicRadius,message_bits,26,194.0,192.6899937865646
AtomicRadius,message_bits,27,192.0,197.43984208693126
AtomicRadius,message_bits,28,163.0,194.05113172254866
AtomicRadius,message_bits,29,140.0,198.8009800229153
AtomicRadius,message_bits,30,139.0,202.54572159288827
AtomicRadius,message_bits,31,187.0,207.2955698932549
AtomicRadius,message_bits,32,211.0,195.8219816368835
AtomicRadius,message_bits,33,185.0,200.57182993725013
AtomicRadius,message_bits,34,190.0,204.31657150722307
AtomicRadius,message_bits,35,183.0,209.06641980758974
AtomicRadius,message_bits,36,202.0,205.67770944320714
AtomicRadius,message_bits,37,303.0,211.29313021713503
AtomicRadius,message_bits,38,249.0,214.31540362182275
AtomicRadius,message_bits,39,219.0,218.5142080003954
AtomicRadius,message_bits,40,186.0,202.29142729329345
AtomicRadius,message_bits,41,207.0,206.49023167186613
AtomicRadius,message_bits,42,209.0,209.51250507655382
AtomicRadius,message_bits,43,209.0,213.7113094551265
AtomicRadius,message_bits,44,207.0,205.86455293443177
AtomicRadius,message_bits,45,195.0,210.06335731300442
AtomicRadius,message_bits,46,202.0,213.08563071769214
AtomicRadius,message_bits,47,172.0,217.28443509626482
AtomicRadius,message_bits,48,158.0,226.32859262727345
AtomicRadius,message_bits,49,193.0,230.52739700584613
AtomicRadius,message_bits,50,217.0,233.54967041053382
AtomicRadius,message_bits,51,206.0,237.7484747891065
AtomicRadius,message_bits,52,206.0,229.90171826841177
AtomicRadius,message_bits,53,198.0,234.10052264698444
AtomicRadius,message_bits,54,216.0,237.12279605167214
AtomicRadius,message_bits,55,343.0,222.69685394092826
AtomicRadius,message_bits,56,268.0,195.66331717850818
AtomicRadius,message_bits,57,240.0,201.53807458880357
AtomicRadius,message_bits,58,235.0,203.0765800667376
AtomicRadius,message_bits,59,239.0,208.95133747703298
AtomicRadius,message_bits,60,229.0,202.91096269107229
AtomicRadius,message_bits,61,236.0,208.78572010136767
AtomicRadius,message_bits,62,229.0,210.3242255793017
AtomicRadius,message_bits,63,233.0,216.19898298959708
AtomicRadius,message_bits,64,237.0,227.24615147795254
AtomicRadius,message_bits,65,221.0,233.12090888824793
AtomicRadius,message_bits,66,229.0,234.65941436618198
AtomicRadius,message_bits,67,216.0,240.53417177647734
AtomicRadius,message_bits,68,235.0,234.49379699051664
AtomicRadius,message_bits,69,227.0,240.36855440081206
AtomicRadius,message_bits,70,242.0,241.90705987874608
AtomicRadius,message_bits,71,221.0,247.78181728904147
AtomicRadius,message_bits,72,212.0,220.7482805266214
AtomicRadius,message_bits,73,217.0,226.62303793691677
AtomicRadius,message_bits,74,210.0,228.1615434148508
AtomicRadius,message_bits,75,217.0,234.03630082514618
AtomicRadius,message_bits,76,216.0,227.9959260391855
AtomicRadius,message_bits,77,202.0,233.87068344948088
AtomicRadius,message_bits,78,209.0,235.4091889274149
AtomicRadius,message_bits,79,166.0,241.2839463377103
AtomicRadius,message_bits,80,209.0,238.56890765894283
AtomicRadius,message_bits,81,196.0,244.44366506923822
AtomicRadius,message_bits,82,202.0,245.98217054717225
AtomicRadius,message_bits,83,207.0,251.85692795746763
AtomicRadius,message_bits,84,197.0,245.81655317150694
AtomicRadius,message_bits,85,202.0,251.69131058180233
AtomicRadius,message_bits,86,220.0,253.22981605973638
AtomicRadius,message_bits,87,348.0,227.80105314516294
AtomicRadius,message_bits,88,283.0,208.43243517525568
AtomicRadius,message_bits,89,260.0,212.21109739156756
AtomicRadius,message_bits,90,237.0,214.86415861605735
AtomicRadius,message_bits,91,243.0,218.64282083236927
AtomicRadius,message_bits,92,240.0,214.08864841197573
AtomicRadius,message_bits,93,221.0,217.86731062828764
AtomicRadius,message_bits,94,243.0,220.52037185277743
AtomicRadius,message_bits,95,244.0,224.29903406908932
AtomicRadius,message_bits,96,245.0,233.83856334107838
AtomicRadius,message_bits,97,244.0,237.6172255573903
AtomicRadius,message_bits,98,245.0,240.2702867818801
AtomicRadius,message_bits,99,245.0,244.04894899819197
AtomicRadius,golay_bits,1,120.0,184.1634584658093
AtomicRadius,golay_bits,2,140.0,179.11488849745623
AtomicRadius,golay_bits,3,182.0,187.6625440849794
AtomicRadius,golay_bits,4,153.0,189.8746059184744
AtomicRadius,golay_bits,5,192.0,167.20285025099255
AtomicRadius,golay_bits,6,170.0,190.98051960659788
AtomicRadius,golay_bits,7,155.0,191.59276412329064
AtomicRadius,golay_bits,8,152.0,169.8933101926761
AtomicRadius,golay_bits,9,135.0,173.30050521226798
AtomicRadius,golay_bits,10,154.0,177.5138544771249
AtomicRadius,golay_bits,11,227.0,180.86254547950023
AtomicRadius,golay_bits,12,173.0,172.07345668750892
AtomicRadius,golay_bits,13,184.0,172.63587297268583
AtomicRadius,golay_bits,14,210.0,152.473184807683
AtomicRadius,golay_bits,15,180.0,195.672166909428
AtomicRadius,golay_bits,16,180.0,193.9212732378375
AtomicRadius,golay_bits,17,175.0,175.83487662054083
AtomicRadius,golay_bits,18,188.0,174.3950255031121
AtomicRadius,golay_bits,19,275.0,203.9171127402176
AtomicRadius,golay_bits,20,231.0,203.97923761988068
AtomicRadius,golay_bits,21,211.0,185.2353608118661
AtomicRadius,golay_bits,22,187.0,208.46991542737732
AtomicRadius,golay_bits,23,179.0,195.12798929573353
AtomicRadius,golay_bits,24,189.0,198.2552272711985
AtomicRadius,golay_bits,25,197.0,178.59133023063183
AtomicRadius,golay_bits,26,194.0,189.10601245522693
AtomicRadius,golay_bits,27,192.0,202.12385133796747
AtomicRadius,golay_bits,28,163.0,176.2969907903782
AtomicRadius,golay_bits,29,140.0,214.8377590197919
AtomicRadius,golay_bits,30,139.0,199.4750094039895
AtomicRadius,golay_bits,31,187.0,214.23108733602422
AtomicRadius,golay_bits,32,211.0,193.66900731937446
AtomicRadius,golay_bits,33,185.0,198.32551332147483
AtomicRadius,golay_bits,34,190.0,206.90410338404752
AtomicRadius,golay_bits,35,183.0,207.66176418664543
AtomicRadius,golay_bits,36,202.0,183.11008671099802
AtomicRadius,golay_bits,37,303.0,230.15263853574447
AtomicRadius,golay_bits,38,249.0,205.89769137247248
AtomicRadius,golay_bits,39,219.0,222.26833637237212
AtomicRadius,golay_bits,40,186.0,201.65847644017725
AtomicRadius,golay_bits,41,207.0,215.23419984086655
AtomicRadius,golay_bits,42,209.0,204.7163813073955
AtomicRadius,golay_bits,43,209.0,212.79200755170157
AtomicRadius,golay_bits,44,207.0,204.63926265302794
AtomicRadius,golay_bits,45,195.0,206.7399194777839
AtomicRadius,golay_bits,46,202.0,231.75311989749864
AtomicRadius,golay_bits,47,172.0,206.19893536619006
AtomicRadius,golay_bits,48,158.0,228.23730883321264
AtomicRadius,golay_bits,49,193.0,236.64984355410647
AtomicRadius,golay_bits,50,217.0,230.04657299843402
AtomicRadius,golay_bits,51,206.0,235.45629196693835
AtomicRadius,golay_bits,52,206.0,215.52379351153823
AtomicRadius,golay_bits,53,198.0,243.8498647255489
AtomicRadius,golay_bits,54,216.0,243.88629145800576
AtomicRadius,golay_bits,55,343.0,202.04452715771347
AtomicRadius,golay_bits,56,268.0,196.4643991946609
AtomicRadius,golay_bits,57,240.0,195.90614525080287
AtomicRadius,golay_bits,58,235.0,208.92328505017946
AtomicRadius,golay_bits,59,239.0,203.38007125404943
AtomicRadius,golay_bits,60,229.0,190.11956108639106
AtomicRadius,golay_bits,61,236.0,221.2898870183182
AtomicRadius,golay_bits,62,229.0,220.27499918253224
AtomicRadius,golay_bits,63,233.0,195.8078910438379
AtomicRadius,golay_bits,64,237.0,233.95332353057546
AtomicRadius,golay_bits,65,221.0,227.0469070051588
AtomicRadius,golay_bits,66,229.0,241.42724953382202
AtomicRadius,golay_bits,67,216.0,239.50579286067733
AtomicRadius,golay_bits,68,235.0,241.32901452345084
AtomicRadius,golay_bits,69,227.0,238.71011967152893
AtomicRadius,golay_bits,70,242.0,215.84701854897054
AtomicRadius,golay_bits,71,221.0,268.8655577676701
AtomicRadius,golay_bits,72,212.0,216.38840302666767
AtomicRadius,golay_bits,73,217.0,239.04109253124807
AtomicRadius,golay_bits,74,210.0,224.03329212536917
AtomicRadius,golay_bits,75,217.0,236.06964555420745
AtomicRadius,golay_bits,76,216.0,256.94059169634767
AtomicRadius,golay_bits,77,202.0,202.26843778370935
AtomicRadius,golay_bits,78,209.0,229.27849015317886
AtomicRadius,golay_bits,79,166.0,249.86335118564327
AtomicRadius,golay_bits,80,209.0,243.94651411170568
AtomicRadius,golay_bits,81,196.0,243.85639669962222
AtomicRadius,golay_bits,82,202.0,233.12774322248305
AtomicRadius,golay_bits,83,207.0,259.34860971050574
AtomicRadius,golay_bits,84,197.0,252.04213022336862
AtomicRadius,golay_bits,85,202.0,239.5403145101006
AtomicRadius,golay_bits,86,220.0,242.84368866812395
AtomicRadius,golay_bits,87,348.0,232.94292913013365
AtomicRadius,golay_bits,88,283.0,210.03108205025976
AtomicRadius,golay_bits,89,260.0,205.82879459939474
AtomicRadius,golay_bits,90,237.0,219.61454247177704
AtomicRadius,golay_bits,91,243.0,218.52692692548538
AtomicRadius,golay_bits,92,240.0,229.66221672381747
AtomicRadius,golay_bits,93,221.0,206.9282322652817
AtomicRadius,golay_bits,94,243.0,210.26387800586147
AtomicRadius,golay_bits,95,244.0,229.135891907808
AtomicRadius,golay_bits,96,245.0,234.80704851997476
AtomicRadius,golay_bits,97,244.0,241.96666771713973
AtomicRadius,golay_bits,98,245.0,243.91106529801974
AtomicRadius,golay_bits,99,245.0,235.67197186366505
AtomicRadius,mog_planar,1,120.0,217.80994617513912
AtomicRadius,mog_planar,2,140.0,192.6634023996329
AtomicRadius,mog_planar,3,182.0,211.63197344719313
AtomicRadius,mog_planar,4,153.0,205.88328409365502
AtomicRadius,mog_planar,5,192.0,200.2085080073003
AtomicRadius,mog_planar,6,170.0,195.8075333521155
AtomicRadius,mog_planar,7,155.0,226.62460030344403
AtomicRadius,mog_planar,8,152.0,184.12893512290754
AtomicRadius,mog_planar,9,135.0,221.09543043487648
AtomicRadius,mog_planar,10,154.0,207.49473347666992
AtomicRadius,mog_planar,11,227.0,206.31180849473859
AtomicRadius,mog_planar,12,173.0,176.89180959029676
AtomicRadius,mog_planar,13,184.0,211.92044118756107
AtomicRadius,mog_planar,14,210.0,176.58400327386062
AtomicRadius,mog_planar,15,180.0,218.36685890023315
AtomicRadius,mog_planar,16,180.0,214.27809389527386
AtomicRadius,mog_planar,17,175.0,215.10260497994844
AtomicRadius,mog_planar,18,188.0,219.6149376175116
AtomicRadius,mog_planar,19,275.0,215.7129947953506
AtomicRadius,mog_planar,20,231.0,219.14710361315596
AtomicRadius,mog_planar,21,211.0,209.84248963845192
AtomicRadius,mog_planar,22,187.0,226.19879264955068
AtomicRadius,mog_planar,23,179.0,220.9608145775601
AtomicRadius,mog_planar,24,189.0,211.44567132544614
AtomicRadius,mog_planar,25,197.0,208.9274511360357
AtomicRadius,mog_planar,26,194.0,210.50003387736555
AtomicRadius,mog_planar,27,192.0,229.76058693645297
AtomicRadius,mog_planar,28,163.0,207.36113241546312
AtomicRadius,mog_planar,29,140.0,211.84608115875417
AtomicRadius,mog_planar,30,139.0,223.49731697105682
AtomicRadius,mog_planar,31,187.0,180.93602415562106
AtomicRadius,mog_planar,32,211.0,172.4173916039837
AtomicRadius,mog_planar,33,185.0,211.05498730237898
AtomicRadius,mog_planar,34,190.0,189.7491660292248
AtomicRadius,mog_planar,35,183.0,218.8190029279683
AtomicRadius,mog_planar,36,202.0,191.3143868561576
AtomicRadius,mog_planar,37,303.0,207.4189685601765
AtomicRadius,mog_planar,38,249.0,180.54786828342208
AtomicRadius,mog_planar,39,219.0,215.89590317605982
AtomicRadius,mog_planar,40,186.0,172.52326151753826
AtomicRadius,mog_planar,41,207.0,212.52241267194822
AtomicRadius,mog_planar,42,209.0,187.93354785968717
AtomicRadius,mog_planar,43,209.0,199.0163759861204
AtomicRadius,mog_planar,44,207.0,171.43840567855779
AtomicRadius,mog_planar,45,195.0,217.07190040134074
AtomicRadius,mog_planar,46,202.0,185.98623009873717
AtomicRadius,mog_planar,47,172.0,207.533088702581
AtomicRadius,mog_planar,48,158.0,206.0468548466302
AtomicRadius,mog_planar,49,193.0,221.301596090615
AtomicRadius,mog_planar,50,217.0,238.1445710606682
AtomicRadius,mog_planar,51,206.0,203.878012289247
AtomicRadius,mog_planar,52,206.0,207.1049389520819
AtomicRadius,mog_planar,53,198.0,212.10725959561356
AtomicRadius,mog_planar,54,216.0,208.6683139686843
AtomicRadius,mog_planar,55,343.0,194.8721364193056
AtomicRadius,mog_planar,56,268.0,202.63511941774618
AtomicRadius,mog_planar,57,240.0,204.0627995746049
AtomicRadius,mog_planar,58,235.0,215.77512257904385
AtomicRadius,mog_planar,59,239.0,201.96461315127394
AtomicRadius,mog_planar,60,229.0,205.91905579009725
AtomicRadius,mog_planar,61,236.0,207.90543761588458
AtomicRadius,mog_planar,62,229.0,205.5390592808484
AtomicRadius,mog_planar,63,233.0,200.9662042945457
AtomicRadius,mog_planar,64,237.0,209.4236488845151
AtomicRadius,mog_planar,65,221.0,202.63869521851444
AtomicRadius,mog_planar,66,229.0,206.88301532183752
AtomicRadius,mog_planar,67,216.0,216.5948364948718
AtomicRadius,mog_planar,68,235.0,209.14221594902105
AtomicRadius,mog_planar,69,227.0,206.83221501958823
AtomicRadius,mog_planar,70,242.0,211.7988157862864
AtomicRadius,mog_planar,71,221.0,207.68276341599628
AtomicRadius,mog_planar,72,212.0,216.23707872442668
AtomicRadius,mog_planar,73,217.0,200.85711226412556
AtomicRadius,mog_planar,74,210.0,208.44396891778885
AtomicRadius,mog_planar,75,217.0,209.02738717392697
AtomicRadius,mog_planar,76,216.0,209.79777498777474
AtomicRadius,mog_planar,77,202.0,194.70233738520167
AtomicRadius,mog_planar,78,209.0,193.82516035769203
AtomicRadius,mog_planar,79,166.0,215.23890784181953
AtomicRadius,mog_planar,80,209.0,221.31024267789638
AtomicRadius,mog_planar,81,196.0,216.36481256393958
AtomicRadius,mog_planar,82,202.0,197.0200949944427
AtomicRadius,mog_planar,83,207.0,244.11337658736005
AtomicRadius,mog_planar,84,197.0,207.00136609711515
AtomicRadius,mog_planar,85,202.0,225.41426630149803
AtomicRadius,mog_planar,86,220.0,209.75573940985106
AtomicRadius,mog_planar,87,348.0,214.13580833213214
AtomicRadius,mog_planar,88,283.0,203.45479731528235
AtomicRadius,mog_planar,89,260.0,211.59366624148194
AtomicRadius,mog_planar,90,237.0,207.9534941007374
AtomicRadius,mog_planar,91,243.0,209.73928011968687
AtomicRadius,mog_planar,92,240.0,207.8898117167383
AtomicRadius,mog_planar,93,221.0,204.52275245116275
AtomicRadius,mog_planar,94,243.0,203.03553990281713
AtomicRadius,mog_planar,95,244.0,217.16706090798067
AtomicRadius,mog_planar,96,245.0,205.84662596093253
AtomicRadius,mog_planar,97,244.0,198.599398821769
AtomicRadius,mog_planar,98,245.0,205.5737038039776
AtomicRadius,mog_planar,99,245.0,204.76748212993024
AtomicRadius,mog_stacked,1,120.0,218.98483934907588
AtomicRadius,mog_stacked,2,140.0,197.47410606219125
AtomicRadius,mog_stacked,3,182.0,221.2785506324327
AtomicRadius,mog_stacked,4,153.0,206.40401634067044
AtomicRadius,mog_stacked,5,192.0,202.00360799944977
AtomicRadius,mog_stacked,6,170.0,191.64043635129164
AtomicRadius,mog_stacked,7,155.0,223.4342188991976
AtomicRadius,mog_stacked,8,152.0,187.9233142614535
AtomicRadius,mog_stacked,9,135.0,213.3985393990263
AtomicRadius,mog_stacked,10,154.0,204.81850861349392
AtomicRadius,mog_stacked,11,227.0,198.52869622202758
AtomicRadius,mog_stacked,12,173.0,173.84140177396225
AtomicRadius,mog_stacked,13,184.0,210.13961666902722
AtomicRadius,mog_stacked,14,210.0,172.04226254938476
AtomicRadius,mog_stacked,15,180.0,216.72398771841864
AtomicRadius,mog_stacked,16,180.0,215.2335138054319
AtomicRadius,mog_stacked,17,175.0,219.09828810060847
AtomicRadius,mog_stacked,18,188.0,219.72380815686196
AtomicRadius,mog_stacked,19,275.0,207.0659068806919
AtomicRadius,mog_stacked,20,231.0,215.42278725472238
AtomicRadius,mog_stacked,21,211.0,204.771821562163
AtomicRadius,mog_stacked,22,187.0,218.27352918903344
AtomicRadius,mog_stacked,23,179.0,224.31495287751846
AtomicRadius,mog_stacked,24,189.0,216.61619633405454
AtomicRadius,mog_stacked,25,197.0,204.3486165894177
AtomicRadius,mog_stacked,26,194.0,211.32995336188498
AtomicRadius,mog_stacked,27,192.0,223.39140971987442
AtomicRadius,mog_stacked,28,163.0,219.3099190129264
AtomicRadius,mog_stacked,29,140.0,211.48401365907952
AtomicRadius,mog_stacked,30,139.0,214.47356998106716
AtomicRadius,mog_stacked,31,187.0,197.5944453946324
AtomicRadius,mog_stacked,32,211.0,178.50564742358242
AtomicRadius,mog_stacked,33,185.0,222.83151754400558
AtomicRadius,mog_stacked,34,190.0,194.32446607708397
AtomicRadius,mog_stacked,35,183.0,222.16335818596826
AtomicRadius,mog_stacked,36,202.0,194.68854047951424
AtomicRadius,mog_stacked,37,303.0,198.10711240015203
AtomicRadius,mog_stacked,38,249.0,179.12488661467518
AtomicRadius,mog_stacked,39,219.0,216.20650869098478
AtomicRadius,mog_stacked,40,186.0,172.26687366042844
AtomicRadius,mog_stacked,41,207.0,216.32212843937725
AtomicRadius,mog_stacked,42,209.0,190.14668025560076
AtomicRadius,mog_stacked,43,209.0,198.1673098487115
AtomicRadius,mog_stacked,44,207.0,159.42102622350308
AtomicRadius,mog_stacked,45,195.0,216.8114478650725
AtomicRadius,mog_stacked,46,202.0,182.63004426868915
AtomicRadius,mog_stacked,47,172.0,215.76477668984532
AtomicRadius,mog_stacked,48,158.0,211.99173379385584
AtomicRadius,mog_stacked,49,193.0,224.48762346909336
AtomicRadius,mog_stacked,50,217.0,238.18697566065336
AtomicRadius,mog_stacked,51,206.0,203.47175223400538
AtomicRadius,mog_stacked,52,206.0,205.90831931617657
AtomicRadius,mog_stacked,53,198.0,214.26443042406876
AtomicRadius,mog_stacked,54,216.0,216.67880229331442
AtomicRadius,mog_stacked,55,343.0,193.4445909149438
AtomicRadius,mog_stacked,56,268.0,203.50706763490362
AtomicRadius,mog_stacked,57,240.0,207.95578660512143
AtomicRadius,mog_stacked,58,235.0,213.09217684939284
AtomicRadius,mog_stacked,59,239.0,207.00514751255272
AtomicRadius,mog_stacked,60,229.0,204.54880333109548
AtomicRadius,mog_stacked,61,236.0,206.5254345938084
AtomicRadius,mog_stacked,62,229.0,200.7397772150228
AtomicRadius,mog_stacked,63,233.0,201.11819676157447
AtomicRadius,mog_stacked,64,237.0,205.80478580816603
AtomicRadius,mog_stacked,65,221.0,209.6684133645804
AtomicRadius,mog_stacked,66,229.0,209.25118050047456
AtomicRadius,mog_stacked,67,216.0,217.9985691377876
AtomicRadius,mog_stacked,68,235.0,210.6700517144172
AtomicRadius,mog_stacked,69,227.0,205.64706428385205
AtomicRadius,mog_stacked,70,242.0,207.20274837181634
AtomicRadius,mog_stacked,71,221.0,201.28422307806778
AtomicRadius,mog_stacked,72,212.0,213.83785779661858
AtomicRadius,mog_stacked,73,217.0,200.0882243775358
AtomicRadius,mog_stacked,74,210.0,213.0394065621342
AtomicRadius,mog_stacked,75,217.0,207.2077281885627
AtomicRadius,mog_stacked,76,216.0,211.3988984335745
AtomicRadius,mog_stacked,77,202.0,192.4097792855062
AtomicRadius,mog_stacked,78,209.0,191.55003118119882
AtomicRadius,mog_stacked,79,166.0,234.60600074338126
AtomicRadius,mog_stacked,80,209.0,216.8349898952366
AtomicRadius,mog_stacked,81,196.0,225.3105475533349
AtomicRadius,mog_stacked,82,202.0,188.51805470450824
AtomicRadius,mog_stacked,83,207.0,246.88121230923332
AtomicRadius,mog_stacked,84,197.0,209.3694175033723
AtomicRadius,mog_stacked,85,202.0,231.40932789051251
AtomicRadius,mog_stacked,86,220.0,206.38505451713434
AtomicRadius,mog_stacked,87,348.0,214.9715645404815
AtomicRadius,mog_stacked,88,283.0,199.51784937818022
AtomicRadius,mog_stacked,89,260.0,214.11465061749035
AtomicRadius,mog_stacked,90,237.0,207.12246377527015
AtomicRadius,mog_stacked,91,243.0,214.69569752686238
AtomicRadius,mog_stacked,92,240.0,203.42497988844937
AtomicRadius,mog_stacked,93,221.0,209.12779160668293
AtomicRadius,mog_stacked,94,243.0,202.97272471827134
AtomicRadius,mog_stacked,95,244.0,217.62148929562957
AtomicRadius,mog_stacked,96,245.0,205.43711085070987
AtomicRadius,mog_stacked,97,244.0,204.57402928718827
AtomicRadius,mog_stacked,98,245.0,200.30520835911855
AtomicRadius,mog_stacked,99,245.0,205.8022427093894
AtomicRadius,mog_cylinder,1,120.0,221.93395333289976
AtomicRadius,mog_cylinder,2,140.0,192.47948620858517
AtomicRadius,mog_cylinder,3,182.0,210.11893254696636
AtomicRadius,mog_cylinder,4,153.0,202.95667511788702
AtomicRadius,mog_cylinder,5,192.0,195.3104431549205
AtomicRadius,mog_cylinder,6,170.0,198.29115912617354
AtomicRadius,mog_cylinder,7,155.0,215.86835448392935
AtomicRadius,mog_cylinder,8,152.0,179.98708372373983
AtomicRadius,mog_cylinder,9,135.0,211.40722964624663
AtomicRadius,mog_cylinder,10,154.0,212.72499281785656
AtomicRadius,mog_cylinder,11,227.0,202.82377022861823
AtomicRadius,mog_cylinder,12,173.0,183.40457587803326
AtomicRadius,mog_cylinder,13,184.0,211.89907536546474
AtomicRadius,mog_cylinder,14,210.0,165.30740920265131
AtomicRadius,mog_cylinder,15,180.0,215.57087855437123
AtomicRadius,mog_cylinder,16,180.0,220.0571399310828
AtomicRadius,mog_cylinder,17,175.0,225.43532037648092
AtomicRadius,mog_cylinder,18,188.0,222.70631369051333
AtomicRadius,mog_cylinder,19,275.0,210.20085723939323
AtomicRadius,mog_cylinder,20,231.0,216.35190564335466
AtomicRadius,mog_cylinder,21,211.0,210.6719365062697
AtomicRadius,mog_cylinder,22,187.0,214.17302688641632
AtomicRadius,mog_cylinder,23,179.0,221.76495148368582
AtomicRadius,mog_cylinder,24,189.0,208.6167867939433
AtomicRadius,mog_cylinder,25,197.0,210.31561815401292
AtomicRadius,mog_cylinder,26,194.0,212.5737432555199
AtomicRadius,mog_cylinder,27,192.0,215.06129988543344
AtomicRadius,mog_cylinder,28,163.0,208.5444841595641
AtomicRadius,mog_cylinder,29,140.0,213.28333639947408
AtomicRadius,mog_cylinder,30,139.0,214.5233777903641
AtomicRadius,mog_cylinder,31,187.0,235.92210475701086
AtomicRadius,mog_cylinder,32,211.0,183.99698367371806
AtomicRadius,mog_cylinder,33,185.0,217.2884459625388
AtomicRadius,mog_cylinder,34,190.0,184.21619674664356
AtomicRadius,mog_cylinder,35,183.0,216.13942105176324
AtomicRadius,mog_cylinder,36,202.0,190.48063707201285
AtomicRadius,mog_cylinder,37,303.0,194.1953695684493
AtomicRadius,mog_cylinder,38,249.0,184.86689257673584
AtomicRadius,mog_cylinder,39,219.0,220.4071190072699
AtomicRadius,mog_cylinder,40,186.0,171.7091311885122
AtomicRadius,mog_cylinder,41,207.0,206.35637964347572
AtomicRadius,mog_cylinder,42,209.0,191.6114831885231
AtomicRadius,mog_cylinder,43,209.0,198.02762945633324
AtomicRadius,mog_cylinder,44,207.0,165.76027387283457
AtomicRadius,mog_cylinder,45,195.0,221.23408051723294
AtomicRadius,mog_cylinder,46,202.0,173.59150343319885
AtomicRadius,mog_cylinder,47,172.0,210.16181486751825
AtomicRadius,mog_cylinder,48,158.0,215.679299185168
AtomicRadius,mog_cylinder,49,193.0,220.58541008524165
AtomicRadius,mog_cylinder,50,217.0,238.1952884232023
AtomicRadius,mog_cylinder,51,206.0,194.30703055790525
AtomicRadius,mog_cylinder,52,206.0,211.1190292878407
AtomicRadius,mog_cylinder,53,198.0,207.2542154834211
AtomicRadius,mog_cylinder,54,216.0,203.12540935754066
AtomicRadius,mog_cylinder,55,343.0,188.16914232734035
AtomicRadius,mog_cylinder,56,268.0,214.4535869631232
AtomicRadius,mog_cylinder,57,240.0,194.46353641112037
AtomicRadius,mog_cylinder,58,235.0,225.02277962613636
AtomicRadius,mog_cylinder,59,239.0,206.0564001576453
AtomicRadius,mog_cylinder,60,229.0,197.33969167138562
AtomicRadius,mog_cylinder,61,236.0,211.13649739417815
AtomicRadius,mog_cylinder,62,229.0,203.68379806286165
AtomicRadius,mog_cylinder,63,233.0,199.3446681828382
AtomicRadius,mog_cylinder,64,237.0,209.15677293905088
AtomicRadius,mog_cylinder,65,221.0,216.62343396113624
AtomicRadius,mog_cylinder,66,229.0,216.37472229021847
AtomicRadius,mog_cylinder,67,216.0,228.40583332825585
AtomicRadius,mog_cylinder,68,235.0,211.27078389885895
AtomicRadius,mog_cylinder,69,227.0,203.5098577623757
AtomicRadius,mog_cylinder,70,242.0,205.18907055017212
AtomicRadius,mog_cylinder,71,221.0,210.04741767436548
AtomicRadius,mog_cylinder,72,212.0,219.81109870052313
AtomicRadius,mog_cylinder,73,217.0,194.34005560179412
AtomicRadius,mog_cylinder,74,210.0,204.25860629584835
AtomicRadius,mog_cylinder,75,217.0,205.85013125094775
AtomicRadius,mog_cylinder,76,216.0,205.65920821076747
AtomicRadius,mog_cylinder,77,202.0,194.5518909536015
AtomicRadius,mog_cylinder,78,209.0,184.27708620168505
AtomicRadius,mog_cylinder,79,166.0,220.3230064356606
AtomicRadius,mog_cylinder,80,209.0,203.06184039525718
AtomicRadius,mog_cylinder,81,196.0,221.8996246016164
AtomicRadius,mog_cylinder,82,202.0,194.78834111122515
AtomicRadius,mog_cylinder,83,207.0,245.28250560849165
AtomicRadius,mog_cylinder,84,197.0,222.3397552034936
AtomicRadius,mog_cylinder,85,202.0,229.03251987173627
AtomicRadius,mog_cylinder,86,220.0,199.58303289437526
AtomicRadius,mog_cylinder,87,348.0,216.37109312460763
AtomicRadius,mog_cylinder,88,283.0,203.8951646233331
AtomicRadius,mog_cylinder,89,260.0,214.31527126182922
AtomicRadius,mog_cylinder,90,237.0,198.40794766447405
AtomicRadius,mog_cylinder,91,243.0,210.3561769606382
AtomicRadius,mog_cylinder,92,240.0,201.92596365577305
AtomicRadius,mog_cylinder,93,221.0,211.9312326841415
AtomicRadius,mog_cylinder,94,243.0,203.7767736929311
AtomicRadius,mog_cylinder,95,244.0,218.39763739634765
AtomicRadius,mog_cylinder,96,245.0,203.89658562545873
AtomicRadius,mog_cylinder,97,244.0,196.20946589925376
AtomicRadius,mog_cylinder,98,245.0,217.0339364120918
AtomicRadius,mog_cylinder,99,245.0,203.59205340544253
AtomicRadius,mog_sphere,1,120.0,216.0408397172409
AtomicRadius,mog_sphere,2,140.0,197.41887691982382
AtomicRadius,mog_sphere,3,182.0,232.10291240904678
AtomicRadius,mog_sphere,4,153.0,199.4138026566262
AtomicRadius,mog_sphere,5,192.0,201.51216536506277
AtomicRadius,mog_sphere,6,170.0,202.57778349640404
AtomicRadius,mog_sphere,7,155.0,222.1389882612974
AtomicRadius,mog_sphere,8,152.0,197.29292068073528
AtomicRadius,mog_sphere,9,135.0,203.34940301017457
AtomicRadius,mog_sphere,10,154.0,199.8145855697249
AtomicRadius,mog_sphere,11,227.0,204.53078727592774
AtomicRadius,mog_sphere,12,173.0,178.02913699884775
AtomicRadius,mog_sphere,13,184.0,199.66588210022243
AtomicRadius,mog_sphere,14,210.0,169.23016582774034
AtomicRadius,mog_sphere,15,180.0,215.91889352403558
AtomicRadius,mog_sphere,16,180.0,207.46407466698327
AtomicRadius,mog_sphere,17,175.0,208.9215446622657
AtomicRadius,mog_sphere,18,188.0,216.07611722092292
AtomicRadius,mog_sphere,19,275.0,204.16593282607323
AtomicRadius,mog_sphere,20,231.0,217.4480558832576
AtomicRadius,mog_sphere,21,211.0,198.44890726137098
AtomicRadius,mog_sphere,22,187.0,204.4839074102391
AtomicRadius,mog_sphere,23,179.0,222.31349683403673
AtomicRadius,mog_sphere,24,189.0,193.2397782995309
AtomicRadius,mog_sphere,25,197.0,226.0608697004286
AtomicRadius,mog_sphere,26,194.0,212.45649017759496
AtomicRadius,mog_sphere,27,192.0,232.7553789848797
AtomicRadius,mog_sphere,28,163.0,208.4274768384045
AtomicRadius,mog_sphere,29,140.0,217.30055357115054
AtomicRadius,mog_sphere,30,139.0,220.20901214009996
AtomicRadius,mog_sphere,31,187.0,214.6491546207568
AtomicRadius,mog_sphere,32,211.0,188.798400282882
AtomicRadius,mog_sphere,33,185.0,229.56882324125507
AtomicRadius,mog_sphere,34,190.0,197.98782235981685
AtomicRadius,mog_sphere,35,183.0,225.2623657631368
AtomicRadius,mog_sphere,36,202.0,189.92098654742693
AtomicRadius,mog_sphere,37,303.0,193.18282005607725
AtomicRadius,mog_sphere,38,249.0,185.79859577331064
AtomicRadius,mog_sphere,39,219.0,215.17972579871235
AtomicRadius,mog_sphere,40,186.0,178.48276646676885
AtomicRadius,mog_sphere,41,207.0,227.7010796352745
AtomicRadius,mog_sphere,42,209.0,195.48546367843838
AtomicRadius,mog_sphere,43,209.0,212.19053647576897
AtomicRadius,mog_sphere,44,207.0,194.15970520939135
AtomicRadius,mog_sphere,45,195.0,206.15674095172199
AtomicRadius,mog_sphere,46,202.0,189.7018780721986
AtomicRadius,mog_sphere,47,172.0,208.56508830282658
AtomicRadius,mog_sphere,48,158.0,229.65469547470641
AtomicRadius,mog_sphere,49,193.0,228.30905952257683
AtomicRadius,mog_sphere,50,217.0,243.7802660987466
AtomicRadius,mog_sphere,51,206.0,207.6114742998412
AtomicRadius,mog_sphere,52,206.0,204.53928621283288
AtomicRadius,mog_sphere,53,198.0,215.6548811818975
AtomicRadius,mog_sphere,54,216.0,213.9149442100496
AtomicRadius,mog_sphere,55,343.0,196.4351530983188
AtomicRadius,mog_sphere,56,268.0,212.56629398135453
AtomicRadius,mog_sphere,57,240.0,203.31174943512593
AtomicRadius,mog_sphere,58,235.0,231.00669691421956
AtomicRadius,mog_sphere,59,239.0,209.6056846848864
AtomicRadius,mog_sphere,60,229.0,206.0183866041315
AtomicRadius,mog_sphere,61,236.0,226.67137906788855
AtomicRadius,mog_sphere,62,229.0,205.64936284754486
AtomicRadius,mog_sphere,63,233.0,203.89961623907288
AtomicRadius,mog_sphere,64,237.0,190.35018250747711
AtomicRadius,mog_sphere,65,221.0,204.1493629340994
AtomicRadius,mog_sphere,66,229.0,196.314018259614
AtomicRadius,mog_sphere,67,216.0,207.4938387171048
AtomicRadius,mog_sphere,68,235.0,195.92515309579744
AtomicRadius,mog_sphere,69,227.0,195.12351306231207
AtomicRadius,mog_sphere,70,242.0,199.66897876466825
AtomicRadius,mog_sphere,71,221.0,192.37863383004242
AtomicRadius,mog_sphere,72,212.0,221.04492579832362
AtomicRadius,mog_sphere,73,217.0,192.72082049211227
AtomicRadius,mog_sphere,74,210.0,192.4068285611515
AtomicRadius,mog_sphere,75,217.0,194.62242749273796
AtomicRadius,mog_sphere,76,216.0,216.16107141791974
AtomicRadius,mog_sphere,77,202.0,187.40303195477557
AtomicRadius,mog_sphere,78,209.0,180.7635094111375
AtomicRadius,mog_sphere,79,166.0,215.85308270979834
AtomicRadius,mog_sphere,80,209.0,208.72098441243244
AtomicRadius,mog_sphere,81,196.0,224.20172977071508
AtomicRadius,mog_sphere,82,202.0,187.022597413492
AtomicRadius,mog_sphere,83,207.0,253.29094045215797
AtomicRadius,mog_sphere,84,197.0,192.15585340649997
AtomicRadius,mog_sphere,85,202.0,226.18087433757424
AtomicRadius,mog_sphere,86,220.0,197.0895949273202
AtomicRadius,mog_sphere,87,348.0,213.16219197074838
AtomicRadius,mog_sphere,88,283.0,205.13885373382885
AtomicRadius,mog_sphere,89,260.0,215.62198591754685
AtomicRadius,mog_sphere,90,237.0,198.6774893726955
AtomicRadius,mog_sphere,91,243.0,222.16660525698512
AtomicRadius,mog_sphere,92,240.0,199.47118525447496
AtomicRadius,mog_sphere,93,221.0,211.63702594726035
AtomicRadius,mog_sphere,94,243.0,209.66435395198752
AtomicRadius,mog_sphere,95,244.0,210.49850648747437
AtomicRadius,mog_sphere,96,245.0,208.6149300514435
AtomicRadius,mog_sphere,97,244.0,207.41709286027847
AtomicRadius,mog_sphere,98,245.0,202.7218216834559
AtomicRadius,mog_sphere,99,245.0,215.28941278694757
AtomicRadius,gray_message_bits,1,120.0,183.64217236009182
AtomicRadius,gray_message_bits,2,140.0,182.94163788543892
AtomicRadius,gray_message_bits,3,182.0,193.3964458289017
AtomicRadius,gray_message_bits,4,153.0,213.25571064899287
AtomicRadius,gray_message_bits,5,192.0,205.45760338797433
AtomicRadius,gray_message_bits,6,170.0,207.47995748715846
AtomicRadius,gray_message_bits,7,155.0,215.278064748177
AtomicRadius,gray_message_bits,8,152.0,205.13883797754355
AtomicRadius,gray_message_bits,9,135.0,197.340730716525
AtomicRadius,gray_message_bits,10,154.0,195.31837661734087
AtomicRadius,gray_message_bits,11,227.0,180.07085932762453
AtomicRadius,gray_message_bits,12,173.0,164.63367493947015
AtomicRadius,gray_message_bits,13,184.0,157.1220694555616
AtomicRadius,gray_message_bits,14,210.0,157.70207112614105
AtomicRadius,gray_message_bits,15,180.0,165.21367661004962
AtomicRadius,gray_message_bits,16,180.0,175.89705638112713
AtomicRadius,gray_message_bits,17,175.0,168.38545089721856
AtomicRadius,gray_message_bits,18,188.0,167.80544922663907
AtomicRadius,gray_message_bits,19,275.0,181.47401531605243
AtomicRadius,gray_message_bits,20,231.0,192.6779994123104
AtomicRadius,gray_message_bits,21,211.0,187.38998475012838
AtomicRadius,gray_message_bits,22,187.0,189.5716809380361
AtomicRadius,gray_message_bits,23,179.0,194.85969560021815
AtomicRadius,gray_message_bits,24,189.0,214.98667712460806
AtomicRadius,gray_message_bits,25,197.0,209.69866246242606
AtomicRadius,gray_message_bits,26,194.0,207.51696627451832
AtomicRadius,gray_message_bits,27,192.0,212.80498093670033
AtomicRadius,gray_message_bits,28,163.0,201.60099684044238
AtomicRadius,gray_message_bits,29,140.0,196.31298217826037
AtomicRadius,gray_message_bits,30,139.0,198.4946783661681
AtomicRadius,gray_message_bits,31,187.0,203.7826930283501
AtomicRadius,gray_message_bits,32,211.0,233.48487775240585
AtomicRadius,gray_message_bits,33,185.0,228.19686309022381
AtomicRadius,gray_message_bits,34,190.0,226.01516690231608
AtomicRadius,gray_message_bits,35,183.0,231.3031815644981
AtomicRadius,gray_message_bits,36,202.0,242.50716566075607
AtomicRadius,gray_message_bits,37,303.0,219.0839768370207
AtomicRadius,gray_message_bits,38,249.0,222.92919581892406
AtomicRadius,gray_message_bits,39,219.0,235.41586573338094
AtomicRadius,gray_message_bits,40,186.0,231.09756469742942
AtomicRadius,gray_message_bits,41,207.0,218.61089478297254
AtomicRadius,gray_message_bits,42,209.0,214.7656758010692
AtomicRadius,gray_message_bits,43,209.0,227.25234571552608
AtomicRadius,gray_message_bits,44,207.0,215.60413147240942
AtomicRadius,gray_message_bits,45,195.0,203.11746155795257
AtomicRadius,gray_message_bits,46,202.0,206.9626805398559
AtomicRadius,gray_message_bits,47,172.0,219.44935045431276
AtomicRadius,gray_message_bits,48,158.0,211.08193067749932
AtomicRadius,gray_message_bits,49,193.0,198.59526076304243
AtomicRadius,gray_message_bits,50,217.0,194.7500417811391
AtomicRadius,gray_message_bits,51,206.0,207.23671169559594
AtomicRadius,gray_message_bits,52,206.0,218.88492593871257
AtomicRadius,gray_message_bits,53,198.0,206.39825602425572
AtomicRadius,gray_message_bits,54,216.0,210.24347500615906
AtomicRadius,gray_message_bits,55,343.0,201.1256423458578
AtomicRadius,gray_message_bits,56,268.0,190.03838643915358
AtomicRadius,gray_message_bits,57,240.0,185.81555361544372
AtomicRadius,gray_message_bits,58,235.0,192.10584155761643
AtomicRadius,gray_message_bits,59,239.0,196.3286743813263
AtomicRadius,gray_message_bits,60,229.0,182.79172132473116
AtomicRadius,gray_message_bits,61,236.0,178.5688885010213
AtomicRadius,gray_message_bits,62,229.0,172.27860055884858
AtomicRadius,gray_message_bits,63,233.0,176.50143338255845
AtomicRadius,gray_message_bits,64,237.0,227.2568657046451
AtomicRadius,gray_message_bits,65,221.0,223.03403288093523
AtomicRadius,gray_message_bits,66,229.0,229.32432082310794
AtomicRadius,gray_message_bits,67,216.0,233.5471536468178
AtomicRadius,gray_message_bits,68,235.0,247.08410670341294
AtomicRadius,gray_message_bits,69,227.0,242.86127387970308
AtomicRadius,gray_message_bits,70,242.0,236.57098593753034
AtomicRadius,gray_message_bits,71,221.0,240.79381876124023
AtomicRadius,gray_message_bits,72,212.0,251.88107466794446
AtomicRadius,gray_message_bits,73,217.0,247.6582418442346
AtomicRadius,gray_message_bits,74,210.0,253.9485297864073
AtomicRadius,gray_message_bits,75,217.0,258.17136261011717
AtomicRadius,gray_message_bits,76,216.0,244.63440955352203
AtomicRadius,gray_message_bits,77,202.0,240.41157672981217
AtomicRadius,gray_message_bits,78,209.0,234.12128878763946
AtomicRadius,gray_message_bits,79,166.0,238.34412161134932
AtomicRadius,gray_message_bits,80,209.0,257.01190959598216
AtomicRadius,gray_message_bits,81,196.0,252.78907677227227
AtomicRadius,gray_message_bits,82,202.0,259.079364714445
AtomicRadius,gray_message_bits,83,207.0,263.30219753815487
AtomicRadius,gray_message_bits,84,197.0,276.83915059475
AtomicRadius,gray_message_bits,85,202.0,272.61631777104014
AtomicRadius,gray_message_bits,86,220.0,266.32602982886743
AtomicRadius,gray_message_bits,87,348.0,218.10805097482097
AtomicRadius,gray_message_bits,88,283.0,222.4069063244183
AtomicRadius,gray_message_bits,89,260.0,218.3146364067177
AtomicRadius,gray_message_bits,90,237.0,222.63099380148128
AtomicRadius,gray_message_bits,91,243.0,226.72326371918183
AtomicRadius,gray_message_bits,92,240.0,212.52518326707988
AtomicRadius,gray_message_bits,93,221.0,208.43291334937933
AtomicRadius,gray_message_bits,94,243.0,204.11655595461576
AtomicRadius,gray_message_bits,95,244.0,208.20882587231634
AtomicRadius,gray_message_bits,96,245.0,174.30819210986826
AtomicRadius,gray_message_bits,97,244.0,170.21592219216768
AtomicRadius,gray_message_bits,98,245.0,174.53227958693125
AtomicRadius,gray_message_bits,99,245.0,178.6245495046318
AtomicRadius,gray_golay_bits,1,120.0,175.47086530561162
AtomicRadius,gray_golay_bits,2,140.0,179.0711002817617
AtomicRadius,gray_golay_bits,3,182.0,210.63078066527586
AtomicRadius,gray_golay_bits,4,153.0,231.12599812133357
AtomicRadius,gray_golay_bits,5,192.0,182.69092973115724
AtomicRadius,gray_golay_bits,6,170.0,225.73436801332878
AtomicRadius,gray_golay_bits,7,155.0,206.04196481348202
AtomicRadius,gray_golay_bits,8,152.0,209.7206505538217
AtomicRadius,gray_golay_bits,9,135.0,187.1090050599793
AtomicRadius,gray_golay_bits,10,154.0,197.54961598160725
AtomicRadius,gray_golay_bits,11,227.0,181.21543741244818
AtomicRadius,gray_golay_bits,12,173.0,166.99563535029506
AtomicRadius,gray_golay_bits,13,184.0,147.35976565695407
AtomicRadius,gray_golay_bits,14,210.0,155.57404850434432
AtomicRadius,gray_golay_bits,15,180.0,172.41417355159317
AtomicRadius,gray_golay_bits,16,180.0,147.3353327726633
AtomicRadius,gray_golay_bits,17,175.0,189.938244924303
AtomicRadius,gray_golay_bits,18,188.0,158.05813983935673
AtomicRadius,gray_golay_bits,19,275.0,186.0550695810626
AtomicRadius,gray_golay_bits,20,231.0,176.19680019290377
AtomicRadius,gray_golay_bits,21,211.0,196.46446926662946
AtomicRadius,gray_golay_bits,22,187.0,197.5591717757797
AtomicRadius,gray_golay_bits,23,179.0,194.90278752710435
AtomicRadius,gray_golay_bits,24,189.0,207.96595291231517
AtomicRadius,gray_golay_bits,25,197.0,210.98337247073152
AtomicRadius,gray_golay_bits,26,194.0,211.44183475244293
AtomicRadius,gray_golay_bits,27,192.0,215.42208912513598
AtomicRadius,gray_golay_bits,28,163.0,189.16576428222746
AtomicRadius,gray_golay_bits,29,140.0,202.58304989556345
AtomicRadius,gray_golay_bits,30,139.0,216.12456404271163
AtomicRadius,gray_golay_bits,31,187.0,195.4249399784301
AtomicRadius,gray_golay_bits,32,211.0,234.22557811564369
AtomicRadius,gray_golay_bits,33,185.0,221.17934585631497
AtomicRadius,gray_golay_bits,34,190.0,256.70350197887814
AtomicRadius,gray_golay_bits,35,183.0,206.6160204876127
AtomicRadius,gray_golay_bits,36,202.0,232.2460116845413
AtomicRadius,gray_golay_bits,37,303.0,211.483215001973
AtomicRadius,gray_golay_bits,38,249.0,218.22538459124405
AtomicRadius,gray_golay_bits,39,219.0,245.74596093653471
AtomicRadius,gray_golay_bits,40,186.0,214.263413909675
AtomicRadius,gray_golay_bits,41,207.0,224.52896228482592
AtomicRadius,gray_golay_bits,42,209.0,224.1754231871809
AtomicRadius,gray_golay_bits,43,209.0,220.97011922239656
AtomicRadius,gray_golay_bits,44,207.0,217.67079900983845
AtomicRadius,gray_golay_bits,45,195.0,190.69604059990664
AtomicRadius,gray_golay_bits,46,202.0,205.64218133005772
AtomicRadius,gray_golay_bits,47,172.0,225.68849014601076
AtomicRadius,gray_golay_bits,48,158.0,212.9663489204725
AtomicRadius,gray_golay_bits,49,193.0,186.76929648388636
AtomicRadius,gray_golay_bits,50,217.0,194.06232137196457
AtomicRadius,gray_golay_bits,51,206.0,212.0264902474709
AtomicRadius,gray_golay_bits,52,206.0,197.68265203171086
AtomicRadius,gray_golay_bits,53,198.0,215.86786430615703
AtomicRadius,gray_golay_bits,54,216.0,191.36495111129676
AtomicRadius,gray_golay_bits,55,343.0,213.6677994646604
AtomicRadius,gray_golay_bits,56,268.0,191.47150333357254
AtomicRadius,gray_golay_bits,57,240.0,179.76861714570114
AtomicRadius,gray_golay_bits,58,235.0,192.68437950346961
AtomicRadius,gray_golay_bits,59,239.0,203.80528383669136
AtomicRadius,gray_golay_bits,60,229.0,185.61720364287117
AtomicRadius,gray_golay_bits,61,236.0,170.78281020334373
AtomicRadius,gray_golay_bits,62,229.0,174.30086740903099
AtomicRadius,gray_golay_bits,63,233.0,183.2551157946368
AtomicRadius,gray_golay_bits,64,237.0,231.95670769731154
AtomicRadius,gray_golay_bits,65,221.0,211.43074829325712
AtomicRadius,gray_golay_bits,66,229.0,239.4487147344154
AtomicRadius,gray_golay_bits,67,216.0,229.18828411704052
AtomicRadius,gray_golay_bits,68,235.0,233.4163261820837
AtomicRadius,gray_golay_bits,69,227.0,248.90480994497815
AtomicRadius,gray_golay_bits,70,242.0,243.5183576626271
AtomicRadius,gray_golay_bits,71,221.0,239.9587478218876
AtomicRadius,gray_golay_bits,72,212.0,249.9409653152526
AtomicRadius,gray_golay_bits,73,217.0,241.54972716989352
AtomicRadius,gray_golay_bits,74,210.0,252.47998184492354
AtomicRadius,gray_golay_bits,75,217.0,264.26025350110984
AtomicRadius,gray_golay_bits,76,216.0,236.22334240757561
AtomicRadius,gray_golay_bits,77,202.0,240.42724344451173
AtomicRadius,gray_golay_bits,78,209.0,239.46868142436608
AtomicRadius,gray_golay_bits,79,166.0,238.3378737851741
AtomicRadius,gray_golay_bits,80,209.0,259.25172476128915
AtomicRadius,gray_golay_bits,81,196.0,241.59865597823568
AtomicRadius,gray_golay_bits,82,202.0,260.93402625732614
AtomicRadius,gray_golay_bits,83,207.0,265.16589734308593
AtomicRadius,gray_golay_bits,84,197.0,268.75038699578965
AtomicRadius,gray_golay_bits,85,202.0,271.0336738802284
AtomicRadius,gray_golay_bits,86,220.0,256.9646254358095
AtomicRadius,gray_golay_bits,87,348.0,222.98869105565134
AtomicRadius,gray_golay_bits,88,283.0,222.5614702154287
AtomicRadius,gray_golay_bits,89,260.0,212.74717315110902
AtomicRadius,gray_golay_bits,90,237.0,217.56957295027485
AtomicRadius,gray_golay_bits,91,243.0,238.08066609494446
AtomicRadius,gray_golay_bits,92,240.0,208.84355447061867
AtomicRadius,gray_golay_bits,93,221.0,206.30319772890044
AtomicRadius,gray_golay_bits,94,243.0,198.51867495452265
AtomicRadius,gray_golay_bits,95,244.0,220.62670310589263
AtomicRadius,gray_golay_bits,96,245.0,165.61825899526104
AtomicRadius,gray_golay_bits,97,244.0,173.8873560940539
AtomicRadius,gray_golay_bits,98,245.0,179.88354485079867
AtomicRadius,gray_golay_bits,99,245.0,179.96366591719786
AtomicRadius,gray_mog_planar,1,120.0,212.22068615352381
AtomicRadius,gray_mog_planar,2,140.0,210.73621793385848
AtomicRadius,gray_mog_planar,3,182.0,219.12650098531034
AtomicRadius,gray_mog_planar,4,153.0,244.35380765221828
AtomicRadius,gray_mog_planar,5,192.0,202.8236991311566
AtomicRadius,gray_mog_planar,6,170.0,229.93859786785072
AtomicRadius,gray_mog_planar,7,155.0,205.1629173645963
AtomicRadius,gray_mog_planar,8,152.0,215.86665395674058
AtomicRadius,gray_mog_planar,9,135.0,196.41517210783618
AtomicRadius,gray_mog_planar,10,154.0,232.80618629675854
AtomicRadius,gray_mog_planar,11,227.0,189.56829489100562
AtomicRadius,gray_mog_planar,12,173.0,201.5622263411223
AtomicRadius,gray_mog_planar,13,184.0,182.38401373469847
AtomicRadius,gray_mog_planar,14,210.0,195.67213393050866
AtomicRadius,gray_mog_planar,15,180.0,202.21556489464825
AtomicRadius,gray_mog_planar,16,180.0,185.8994712819835
AtomicRadius,gray_mog_planar,17,175.0,190.43834474538963
AtomicRadius,gray_mog_planar,18,188.0,202.49017702480975
AtomicRadius,gray_mog_planar,19,275.0,213.55015157709522
AtomicRadius,gray_mog_planar,20,231.0,209.89494629937812
AtomicRadius,gray_mog_planar,21,211.0,180.16905036597262
AtomicRadius,gray_mog_planar,22,187.0,208.06124798002273
AtomicRadius,gray_mog_planar,23,179.0,208.3580512605996
AtomicRadius,gray_mog_planar,24,189.0,211.8165485749478
AtomicRadius,gray_mog_planar,25,197.0,197.24317234896046
AtomicRadius,gray_mog_planar,26,194.0,200.62613217758553
AtomicRadius,gray_mog_planar,27,192.0,230.55676036013975
AtomicRadius,gray_mog_planar,28,163.0,209.11607504491727
AtomicRadius,gray_mog_planar,29,140.0,203.40513720882305
AtomicRadius,gray_mog_planar,30,139.0,201.6599038767298
AtomicRadius,gray_mog_planar,31,187.0,227.6899560726933
AtomicRadius,gray_mog_planar,32,211.0,220.08676064006514
AtomicRadius,gray_mog_planar,33,185.0,213.56259460928075
AtomicRadius,gray_mog_planar,34,190.0,205.3382365825513
AtomicRadius,gray_mog_planar,35,183.0,240.43309433858175
AtomicRadius,gray_mog_planar,36,202.0,208.4668683444248
AtomicRadius,gray_mog_planar,37,303.0,197.491795934612
AtomicRadius,gray_mog_planar,38,249.0,215.72998842892414
AtomicRadius,gray_mog_planar,39,219.0,226.24982119220334
AtomicRadius,gray_mog_planar,40,186.0,220.2819403117246
AtomicRadius,gray_mog_planar,41,207.0,184.92544954538366
AtomicRadius,gray_mog_planar,42,209.0,213.54749574500772
AtomicRadius,gray_mog_planar,43,209.0,217.65399023437251
AtomicRadius,gray_mog_planar,44,207.0,217.49156605235495
AtomicRadius,gray_mog_planar,45,195.0,192.3900804693955
AtomicRadius,gray_mog_planar,46,202.0,213.6508789111012
AtomicRadius,gray_mog_planar,47,172.0,214.84020270354736
AtomicRadius,gray_mog_planar,48,158.0,208.82229335606405
AtomicRadius,gray_mog_planar,49,193.0,222.13988723473187
AtomicRadius,gray_mog_planar,50,217.0,219.44452116434724
AtomicRadius,gray_mog_planar,51,206.0,227.84105254499204
AtomicRadius,gray_mog_planar,52,206.0,189.02195407356595
AtomicRadius,gray_mog_planar,53,198.0,207.1297705785845
AtomicRadius,gray_mog_planar,54,216.0,221.04738664192186
AtomicRadius,gray_mog_planar,55,343.0,182.58522109701173
AtomicRadius,gray_mog_planar,56,268.0,185.55158012529333
AtomicRadius,gray_mog_planar,57,240.0,190.02122398672026
AtomicRadius,gray_mog_planar,58,235.0,209.8413805048539
AtomicRadius,gray_mog_planar,59,239.0,180.60497004416197
AtomicRadius,gray_mog_planar,60,229.0,168.74125235395815
AtomicRadius,gray_mog_planar,61,236.0,196.2484130896053
AtomicRadius,gray_mog_planar,62,229.0,196.4206327233791
AtomicRadius,gray_mog_planar,63,233.0,200.8673337265635
AtomicRadius,gray_mog_planar,64,237.0,213.04051397162854
AtomicRadius,gray_mog_planar,65,221.0,203.94756088368823
AtomicRadius,gray_mog_planar,66,229.0,219.73594909299968
AtomicRadius,gray_mog_planar,67,216.0,203.24699401037157
AtomicRadius,gray_mog_planar,68,235.0,208.98547675376693
AtomicRadius,gray_mog_planar,69,227.0,217.16322949404756
AtomicRadius,gray_mog_planar,70,242.0,202.95345506586517
AtomicRadius,gray_mog_planar,71,221.0,238.25277871232743
AtomicRadius,gray_mog_planar,72,212.0,198.8590731940201
AtomicRadius,gray_mog_planar,73,217.0,211.19602832614848
AtomicRadius,gray_mog_planar,74,210.0,212.09993127092466
AtomicRadius,gray_mog_planar,75,217.0,223.07392316427013
AtomicRadius,gray_mog_planar,76,216.0,223.9159215260388
AtomicRadius,gray_mog_planar,77,202.0,183.70494087186063
AtomicRadius,gray_mog_planar,78,209.0,198.50341656209434
AtomicRadius,gray_mog_planar,79,166.0,221.77761316138307
AtomicRadius,gray_mog_planar,80,209.0,228.43615720010112
AtomicRadius,gray_mog_planar,81,196.0,239.18315900004598
AtomicRadius,gray_mog_planar,82,202.0,255.84533069433817
AtomicRadius,gray_mog_planar,83,207.0,214.35566576877113
AtomicRadius,gray_mog_planar,84,197.0,207.17833525293568
AtomicRadius,gray_mog_planar,85,202.0,230.7629570718186
AtomicRadius,gray_mog_planar,86,220.0,232.2104559760759
AtomicRadius,gray_mog_planar,87,348.0,202.34804707490187
AtomicRadius,gray_mog_planar,88,283.0,178.20369416791777
AtomicRadius,gray_mog_planar,89,260.0,199.4521409670135
AtomicRadius,gray_mog_planar,90,237.0,207.4059066746004
AtomicRadius,gray_mog_planar,91,243.0,212.71674974768197
AtomicRadius,gray_mog_planar,92,240.0,187.8867834676085
AtomicRadius,gray_mog_planar,93,221.0,197.3131669291361
AtomicRadius,gray_mog_planar,94,243.0,184.6244681709975
AtomicRadius,gray_mog_planar,95,244.0,208.2112449563706
AtomicRadius,gray_mog_planar,96,245.0,171.77589203592504
AtomicRadius,gray_mog_planar,97,244.0,182.27332972931623
AtomicRadius,gray_mog_planar,98,245.0,197.50741557625662
AtomicRadius,gray_mog_planar,99,245.0,188.7164894738276
AtomicRadius,gray_mog_stacked,1,120.0,217.3638346230193
AtomicRadius,gray_mog_stacked,2,140.0,210.52109366099523
AtomicRadius,gray_mog_stacked,3,182.0,218.27752838102415
AtomicRadius,gray_mog_stacked,4,153.0,250.05183724984346
AtomicRadius,gray_mog_stacked,5,192.0,203.5393040058294
AtomicRadius,gray_mog_stacked,6,170.0,234.03683498011944
AtomicRadius,gray_mog_stacked,7,155.0,208.77745037744359
AtomicRadius,gray_mog_stacked,8,152.0,221.54379309172393
AtomicRadius,gray_mog_stacked,9,135.0,197.659536831738
AtomicRadius,gray_mog_stacked,10,154.0,229.57165427594316
AtomicRadius,gray_mog_stacked,11,227.0,191.1522504832448
AtomicRadius,gray_mog_stacked,12,173.0,205.92244246719915
AtomicRadius,gray_mog_stacked,13,184.0,180.19790557573853
AtomicRadius,gray_mog_stacked,14,210.0,200.62684002446323
AtomicRadius,gray_mog_stacked,15,180.0,203.34568084629652
AtomicRadius,gray_mog_stacked,16,180.0,188.38797015938468
AtomicRadius,gray_mog_stacked,17,175.0,193.89084435829494
AtomicRadius,gray_mog_stacked,18,188.0,199.55635253154415
AtomicRadius,gray_mog_stacked,19,275.0,215.4853050209867
AtomicRadius,gray_mog_stacked,20,231.0,200.613002756847
AtomicRadius,gray_mog_stacked,21,211.0,176.2482859378486
AtomicRadius,gray_mog_stacked,22,187.0,203.1458992710825
AtomicRadius,gray_mog_stacked,23,179.0,211.02542190721314
AtomicRadius,gray_mog_stacked,24,189.0,210.05020576203432
AtomicRadius,gray_mog_stacked,25,197.0,197.80579163566247
AtomicRadius,gray_mog_stacked,26,194.0,199.6294059578322
AtomicRadius,gray_mog_stacked,27,192.0,225.61988396102282
AtomicRadius,gray_mog_stacked,28,163.0,214.48531329640838
AtomicRadius,gray_mog_stacked,29,140.0,198.06807023320331
AtomicRadius,gray_mog_stacked,30,139.0,210.10133669197893
AtomicRadius,gray_mog_stacked,31,187.0,224.66701629294013
AtomicRadius,gray_mog_stacked,32,211.0,224.888313893804
AtomicRadius,gray_mog_stacked,33,185.0,214.62460570093825
AtomicRadius,gray_mog_stacked,34,190.0,209.44829054449025
AtomicRadius,gray_mog_stacked,35,183.0,238.21035509414378
AtomicRadius,gray_mog_stacked,36,202.0,209.78986117101067
AtomicRadius,gray_mog_stacked,37,303.0,188.7810774905199
AtomicRadius,gray_mog_stacked,38,249.0,210.82807743946418
AtomicRadius,gray_mog_stacked,39,219.0,223.1981521298906
AtomicRadius,gray_mog_stacked,40,186.0,218.7589096871492
AtomicRadius,gray_mog_stacked,41,207.0,187.5082813329379
AtomicRadius,gray_mog_stacked,42,209.0,214.89876861261035
AtomicRadius,gray_mog_stacked,43,209.0,218.55009238690798
AtomicRadius,gray_mog_stacked,44,207.0,222.51650987944743
AtomicRadius,gray_mog_stacked,45,195.0,197.56674610888436
AtomicRadius,gray_mog_stacked,46,202.0,216.77080737645292
AtomicRadius,gray_mog_stacked,47,172.0,219.42404251396147
AtomicRadius,gray_mog_stacked,48,158.0,204.64613357092972
AtomicRadius,gray_mog_stacked,49,193.0,209.89878988230026
AtomicRadius,gray_mog_stacked,50,217.0,218.34352710221634
AtomicRadius,gray_mog_stacked,51,206.0,220.7190279390763
AtomicRadius,gray_mog_stacked,52,206.0,189.37352754574678
AtomicRadius,gray_mog_stacked,53,198.0,209.89332940085356
AtomicRadius,gray_mog_stacked,54,216.0,221.93960327172212
AtomicRadius,gray_mog_stacked,55,343.0,182.21772951994325
AtomicRadius,gray_mog_stacked,56,268.0,185.27196147625534
AtomicRadius,gray_mog_stacked,57,240.0,190.07074159672214
AtomicRadius,gray_mog_stacked,58,235.0,219.91411468187675
AtomicRadius,gray_mog_stacked,59,239.0,183.3910984897738
AtomicRadius,gray_mog_stacked,60,229.0,172.61681259758777
AtomicRadius,gray_mog_stacked,61,236.0,202.90516666888573
AtomicRadius,gray_mog_stacked,62,229.0,208.65260292767695
AtomicRadius,gray_mog_stacked,63,233.0,194.15233599801977
AtomicRadius,gray_mog_stacked,64,237.0,201.97526450094028
AtomicRadius,gray_mog_stacked,65,221.0,204.64244487258165
AtomicRadius,gray_mog_stacked,66,229.0,229.7189544265152
AtomicRadius,gray_mog_stacked,67,216.0,208.58510898871893
AtomicRadius,gray_mog_stacked,68,235.0,207.00759566221387
AtomicRadius,gray_mog_stacked,69,227.0,212.41255948084907
AtomicRadius,gray_mog_stacked,70,242.0,200.3127505072751
AtomicRadius,gray_mog_stacked,71,221.0,235.5693984557586
AtomicRadius,gray_mog_stacked,72,212.0,196.25845083126615
AtomicRadius,gray_mog_stacked,73,217.0,212.72166724398
AtomicRadius,gray_mog_stacked,74,210.0,216.7870269270206
AtomicRadius,gray_mog_stacked,75,217.0,219.99752927069738
AtomicRadius,gray_mog_stacked,76,216.0,221.9069815308011
AtomicRadius,gray_mog_stacked,77,202.0,192.5974713214952
AtomicRadius,gray_mog_stacked,78,209.0,196.24353972550753
AtomicRadius,gray_mog_stacked,79,166.0,222.93840455788714
AtomicRadius,gray_mog_stacked,80,209.0,217.5137825810757
AtomicRadius,gray_mog_stacked,81,196.0,225.4926423672194
AtomicRadius,gray_mog_stacked,82,202.0,253.1442537492958
AtomicRadius,gray_mog_stacked,83,207.0,200.31506259521814
AtomicRadius,gray_mog_stacked,84,197.0,211.02835599261442
AtomicRadius,gray_mog_stacked,85,202.0,231.06505749813041
AtomicRadius,gray_mog_stacked,86,220.0,232.51570451635837
AtomicRadius,gray_mog_stacked,87,348.0,202.35527725365455
AtomicRadius,gray_mog_stacked,88,283.0,176.84088646219521
AtomicRadius,gray_mog_stacked,89,260.0,201.24965041246284
AtomicRadius,gray_mog_stacked,90,237.0,211.2219666051371
AtomicRadius,gray_mog_stacked,91,243.0,214.8951571590489
AtomicRadius,gray_mog_stacked,92,240.0,186.57484830017665
AtomicRadius,gray_mog_stacked,93,221.0,203.98119305247909
AtomicRadius,gray_mog_stacked,94,243.0,189.76073361917133
AtomicRadius,gray_mog_stacked,95,244.0,204.24651857519245
AtomicRadius,gray_mog_stacked,96,245.0,150.1913045814448
AtomicRadius,gray_mog_stacked,97,244.0,176.8433767333705
AtomicRadius,gray_mog_stacked,98,245.0,193.68357834977397
AtomicRadius,gray_mog_stacked,99,245.0,185.54743787027613
AtomicRadius,gray_mog_cylinder,1,120.0,213.84726064058214
AtomicRadius,gray_mog_cylinder,2,140.0,215.8216094594294
AtomicRadius,gray_mog_cylinder,3,182.0,221.02208418857506
AtomicRadius,gray_mog_cylinder,4,153.0,245.4090488906192
AtomicRadius,gray_mog_cylinder,5,192.0,204.60062148329672
AtomicRadius,gray_mog_cylinder,6,170.0,236.93268452019717
AtomicRadius,gray_mog_cylinder,7,155.0,206.52174073034243
AtomicRadius,gray_mog_cylinder,8,152.0,217.66745297991858
AtomicRadius,gray_mog_cylinder,9,135.0,196.56854303940537
AtomicRadius,gray_mog_cylinder,10,154.0,229.84256942356086
AtomicRadius,gray_mog_cylinder,11,227.0,195.94696857517718
AtomicRadius,gray_mog_cylinder,12,173.0,196.66138913870947
AtomicRadius,gray_mog_cylinder,13,184.0,181.7818045464964
AtomicRadius,gray_mog_cylinder,14,210.0,201.32611621282533
AtomicRadius,gray_mog_cylinder,15,180.0,208.66826879231292
AtomicRadius,gray_mog_cylinder,16,180.0,184.9563281893206
AtomicRadius,gray_mog_cylinder,17,175.0,190.62633099518723
AtomicRadius,gray_mog_cylinder,18,188.0,200.3046437935523
AtomicRadius,gray_mog_cylinder,19,275.0,217.328452002249
AtomicRadius,gray_mog_cylinder,20,231.0,202.35194637921725
AtomicRadius,gray_mog_cylinder,21,211.0,166.9932548982837
AtomicRadius,gray_mog_cylinder,22,187.0,206.17942750094986
AtomicRadius,gray_mog_cylinder,23,179.0,215.65802647775786
AtomicRadius,gray_mog_cylinder,24,189.0,202.5782577510375
AtomicRadius,gray_mog_cylinder,25,197.0,190.74856899763296
AtomicRadius,gray_mog_cylinder,26,194.0,201.66020586969168
AtomicRadius,gray_mog_cylinder,27,192.0,220.36305611060772
AtomicRadius,gray_mog_cylinder,28,163.0,211.77915883545077
AtomicRadius,gray_mog_cylinder,29,140.0,191.1815375764625
AtomicRadius,gray_mog_cylinder,30,139.0,202.44119533277308
AtomicRadius,gray_mog_cylinder,31,187.0,218.67903615279434
AtomicRadius,gray_mog_cylinder,32,211.0,219.2438322395936
AtomicRadius,gray_mog_cylinder,33,185.0,211.38515600230025
AtomicRadius,gray_mog_cylinder,34,190.0,207.68018868993508
AtomicRadius,gray_mog_cylinder,35,183.0,235.61685818560585
AtomicRadius,gray_mog_cylinder,36,202.0,215.42072230460286
AtomicRadius,gray_mog_cylinder,37,303.0,197.33865214499926
AtomicRadius,gray_mog_cylinder,38,249.0,213.9301377139012
AtomicRadius,gray_mog_cylinder,39,219.0,224.81663108940526
AtomicRadius,gray_mog_cylinder,40,186.0,223.41951119776922
AtomicRadius,gray_mog_cylinder,41,207.0,184.70679246178688
AtomicRadius,gray_mog_cylinder,42,209.0,215.62789486343283
AtomicRadius,gray_mog_cylinder,43,209.0,213.9130152562431
AtomicRadius,gray_mog_cylinder,44,207.0,218.3962475439076
AtomicRadius,gray_mog_cylinder,45,195.0,198.55692731558813
AtomicRadius,gray_mog_cylinder,46,202.0,218.6831707658387
AtomicRadius,gray_mog_cylinder,47,172.0,213.01836032244807
AtomicRadius,gray_mog_cylinder,48,158.0,205.7276325965013
AtomicRadius,gray_mog_cylinder,49,193.0,214.55231107136373
AtomicRadius,gray_mog_cylinder,50,217.0,223.31569072238844
AtomicRadius,gray_mog_cylinder,51,206.0,223.44824618663318
AtomicRadius,gray_mog_cylinder,52,206.0,191.82996516184113
AtomicRadius,gray_mog_cylinder,53,198.0,211.897294552293
AtomicRadius,gray_mog_cylinder,54,216.0,219.47552763974716
AtomicRadius,gray_mog_cylinder,55,343.0,182.22010074701845
AtomicRadius,gray_mog_cylinder,56,268.0,184.06696841615835
AtomicRadius,gray_mog_cylinder,57,240.0,191.07688647842815
AtomicRadius,gray_mog_cylinder,58,235.0,216.73869881022296
AtomicRadius,gray_mog_cylinder,59,239.0,182.18245885415251
AtomicRadius,gray_mog_cylinder,60,229.0,174.23034212545502
AtomicRadius,gray_mog_cylinder,61,236.0,203.9690970429576
AtomicRadius,gray_mog_cylinder,62,229.0,210.70399172527868
AtomicRadius,gray_mog_cylinder,63,233.0,192.50479383895183
AtomicRadius,gray_mog_cylinder,64,237.0,201.3615795703615
AtomicRadius,gray_mog_cylinder,65,221.0,205.09989562710922
AtomicRadius,gray_mog_cylinder,66,229.0,228.05065843390935
AtomicRadius,gray_mog_cylinder,67,216.0,206.36018890679648
AtomicRadius,gray_mog_cylinder,68,235.0,212.4257953670722
AtomicRadius,gray_mog_cylinder,69,227.0,212.82883851860316
AtomicRadius,gray_mog_cylinder,70,242.0,204.06129630053027
AtomicRadius,gray_mog_cylinder,71,221.0,234.12184761768262
AtomicRadius,gray_mog_cylinder,72,212.0,199.5020030886663
AtomicRadius,gray_mog_cylinder,73,217.0,210.71025096419095
AtomicRadius,gray_mog_cylinder,74,210.0,216.08730448645264
AtomicRadius,gray_mog_cylinder,75,217.0,218.11021227126957
AtomicRadius,gray_mog_cylinder,76,216.0,220.5480934556831
AtomicRadius,gray_mog_cylinder,77,202.0,194.81520253517584
AtomicRadius,gray_mog_cylinder,78,209.0,198.37143715579913
AtomicRadius,gray_mog_cylinder,79,166.0,224.88732278788663
AtomicRadius,gray_mog_cylinder,80,209.0,214.45737708189145
AtomicRadius,gray_mog_cylinder,81,196.0,226.30285674640095
AtomicRadius,gray_mog_cylinder,82,202.0,251.36388111836592
AtomicRadius,gray_mog_cylinder,83,207.0,202.17541901823373
AtomicRadius,gray_mog_cylinder,84,197.0,210.0395516247239
AtomicRadius,gray_mog_cylinder,85,202.0,228.94773522506551
AtomicRadius,gray_mog_cylinder,86,220.0,229.0863680187981
AtomicRadius,gray_mog_cylinder,87,348.0,203.39227712884988
AtomicRadius,gray_mog_cylinder,88,283.0,171.70076682114285
AtomicRadius,gray_mog_cylinder,89,260.0,200.8877924135334
AtomicRadius,gray_mog_cylinder,90,237.0,208.1404887216504
AtomicRadius,gray_mog_cylinder,91,243.0,214.21348571541526
AtomicRadius,gray_mog_cylinder,92,240.0,187.98348573316528
AtomicRadius,gray_mog_cylinder,93,221.0,205.20238615841242
AtomicRadius,gray_mog_cylinder,94,243.0,186.45329838223049
AtomicRadius,gray_mog_cylinder,95,244.0,208.0280411156157
AtomicRadius,gray_mog_cylinder,96,245.0,183.21643070820306
AtomicRadius,gray_mog_cylinder,97,244.0,187.70199845933539
AtomicRadius,gray_mog_cylinder,98,245.0,198.8463460219151
AtomicRadius,gray_mog_cylinder,99,245.0,186.03300620642017
AtomicRadius,gray_mog_sphere,1,120.0,206.5353715930662
AtomicRadius,gray_mog_sphere,2,140.0,210.68128317614733
AtomicRadius,gray_mog_sphere,3,182.0,220.3468577862146
AtomicRadius,gray_mog_sphere,4,153.0,239.49615541679404
AtomicRadius,gray_mog_sphere,5,192.0,192.9526772307022
AtomicRadius,gray_mog_sphere,6,170.0,233.48612681929455
AtomicRadius,gray_mog_sphere,7,155.0,210.90835249914576
AtomicRadius,gray_mog_sphere,8,152.0,232.80603235675053
AtomicRadius,gray_mog_sphere,9,135.0,203.47897633494142
AtomicRadius,gray_mog_sphere,10,154.0,230.94026789292164
AtomicRadius,gray_mog_sphere,11,227.0,177.78215148600734
AtomicRadius,gray_mog_sphere,12,173.0,188.31291095968967
AtomicRadius,gray_mog_sphere,13,184.0,188.43039823254156
AtomicRadius,gray_mog_sphere,14,210.0,188.9111735358256
AtomicRadius,gray_mog_sphere,15,180.0,206.62149046614377
AtomicRadius,gray_mog_sphere,16,180.0,176.09769884540705
AtomicRadius,gray_mog_sphere,17,175.0,225.70571274122784
AtomicRadius,gray_mog_sphere,18,188.0,189.86448172242802
AtomicRadius,gray_mog_sphere,19,275.0,211.81685969508212
AtomicRadius,gray_mog_sphere,20,231.0,196.0107849803701
AtomicRadius,gray_mog_sphere,21,211.0,187.0059119914743
AtomicRadius,gray_mog_sphere,22,187.0,203.76709145969352
AtomicRadius,gray_mog_sphere,23,179.0,207.31969519479776
AtomicRadius,gray_mog_sphere,24,189.0,220.57324314716476
AtomicRadius,gray_mog_sphere,25,197.0,175.1726402306849
AtomicRadius,gray_mog_sphere,26,194.0,199.46726081853245
AtomicRadius,gray_mog_sphere,27,192.0,203.36197121720895
AtomicRadius,gray_mog_sphere,28,163.0,205.07136090664608
AtomicRadius,gray_mog_sphere,29,140.0,199.22158345286869
AtomicRadius,gray_mog_sphere,30,139.0,205.45263855925552
AtomicRadius,gray_mog_sphere,31,187.0,211.90961573775343
AtomicRadius,gray_mog_sphere,32,211.0,232.09681823982774
AtomicRadius,gray_mog_sphere,33,185.0,222.19108351409304
AtomicRadius,gray_mog_sphere,34,190.0,214.3357824482764
AtomicRadius,gray_mog_sphere,35,183.0,238.06024539253107
AtomicRadius,gray_mog_sphere,36,202.0,209.40229758803574
AtomicRadius,gray_mog_sphere,37,303.0,197.83114135828313
AtomicRadius,gray_mog_sphere,38,249.0,213.80475875815188
AtomicRadius,gray_mog_sphere,39,219.0,223.11980929951872
AtomicRadius,gray_mog_sphere,40,186.0,231.67471371775363
AtomicRadius,gray_mog_sphere,41,207.0,201.67758817345992
AtomicRadius,gray_mog_sphere,42,209.0,219.82014160269358
AtomicRadius,gray_mog_sphere,43,209.0,214.9634889759479
AtomicRadius,gray_mog_sphere,44,207.0,223.92594286486795
AtomicRadius,gray_mog_sphere,45,195.0,194.91132893245106
AtomicRadius,gray_mog_sphere,46,202.0,218.60274117118706
AtomicRadius,gray_mog_sphere,47,172.0,232.77868378447414
AtomicRadius,gray_mog_sphere,48,158.0,213.0881982651876
AtomicRadius,gray_mog_sphere,49,193.0,223.94467053537286
AtomicRadius,gray_mog_sphere,50,217.0,206.97435178894102
AtomicRadius,gray_mog_sphere,51,206.0,234.38603932214903
AtomicRadius,gray_mog_sphere,52,206.0,197.20266276502315
AtomicRadius,gray_mog_sphere,53,198.0,215.03808059958016
AtomicRadius,gray_mog_sphere,54,216.0,214.93569588074524
AtomicRadius,gray_mog_sphere,55,343.0,188.75540129650295
AtomicRadius,gray_mog_sphere,56,268.0,202.78275863595326
AtomicRadius,gray_mog_sphere,57,240.0,185.52484645698001
AtomicRadius,gray_mog_sphere,58,235.0,219.6798593689339
AtomicRadius,gray_mog_sphere,59,239.0,174.39373261442927
AtomicRadius,gray_mog_sphere,60,229.0,170.00529902020608
AtomicRadius,gray_mog_sphere,61,236.0,197.68210907267218
AtomicRadius,gray_mog_sphere,62,229.0,211.5991036917436
AtomicRadius,gray_mog_sphere,63,233.0,173.3583489168915
AtomicRadius,gray_mog_sphere,64,237.0,224.14040831525188
AtomicRadius,gray_mog_sphere,65,221.0,194.01872694565978
AtomicRadius,gray_mog_sphere,66,229.0,234.98562493023184
AtomicRadius,gray_mog_sphere,67,216.0,192.84043658462946
AtomicRadius,gray_mog_sphere,68,235.0,208.95698620666758
AtomicRadius,gray_mog_sphere,69,227.0,216.6755465749519
AtomicRadius,gray_mog_sphere,70,242.0,208.44771866150302
AtomicRadius,gray_mog_sphere,71,221.0,233.91558054512808
AtomicRadius,gray_mog_sphere,72,212.0,208.6132052952579
AtomicRadius,gray_mog_sphere,73,217.0,226.68493982779717
AtomicRadius,gray_mog_sphere,74,210.0,212.1073595199257
AtomicRadius,gray_mog_sphere,75,217.0,227.2572839797785
AtomicRadius,gray_mog_sphere,76,216.0,218.71278397451223
AtomicRadius,gray_mog_sphere,77,202.0,204.43245727615863
AtomicRadius,gray_mog_sphere,78,209.0,218.6193552756406
AtomicRadius,gray_mog_sphere,79,166.0,226.19481980341124
AtomicRadius,gray_mog_sphere,80,209.0,221.22540643280573
AtomicRadius,gray_mog_sphere,81,196.0,220.41649399333104
AtomicRadius,gray_mog_sphere,82,202.0,256.94243391799336
AtomicRadius,gray_mog_sphere,83,207.0,196.01150886371676
AtomicRadius,gray_mog_sphere,84,197.0,212.6203181544362
AtomicRadius,gray_mog_sphere,85,202.0,241.05735585694592
AtomicRadius,gray_mog_sphere,86,220.0,235.6567855988394
AtomicRadius,gray_mog_sphere,87,348.0,207.5207542572728
AtomicRadius,gray_mog_sphere,88,283.0,182.33755769994985
AtomicRadius,gray_mog_sphere,89,260.0,203.86339805956436
AtomicRadius,gray_mog_sphere,90,237.0,203.36818483014858
AtomicRadius,gray_mog_sphere,91,243.0,219.73113654537735
AtomicRadius,gray_mog_sphere,92,240.0,201.1880068661895
AtomicRadius,gray_mog_sphere,93,221.0,197.01893330839974
AtomicRadius,gray_mog_sphere,94,243.0,184.9603342527041
AtomicRadius,gray_mog_sphere,95,244.0,205.82131605065948
AtomicRadius,gray_mog_sphere,96,245.0,158.3825049099716
AtomicRadius,gray_mog_sphere,97,244.0,169.97581556392254
AtomicRadius,gray_mog_sphere,98,245.0,192.25739695613788
AtomicRadius,gray_mog_sphere,99,245.0,172.828437240916
AtomicRadius,random_00,1,120.0,225.73158339366728
AtomicRadius,random_00,2,140.0,200.85949395277484
AtomicRadius,random_00,3,182.0,228.08928385019118
AtomicRadius,random_00,4,153.0,228.9367683595898
AtomicRadius,random_00,5,192.0,188.01903515223876
AtomicRadius,random_00,6,170.0,215.7976396846728
AtomicRadius,random_00,7,155.0,226.92456573030185
AtomicRadius,random_00,8,152.0,216.6174584115029
AtomicRadius,random_00,9,135.0,185.58465717415018
AtomicRadius,random_00,10,154.0,214.50252507080856
AtomicRadius,random_00,11,227.0,198.03909137593334
AtomicRadius,random_00,12,173.0,187.35391993726688
AtomicRadius,random_00,13,184.0,215.61726184064185
AtomicRadius,random_00,14,210.0,191.53265108658215
AtomicRadius,random_00,15,180.0,212.3970870108548
AtomicRadius,random_00,16,180.0,193.7117725654257
AtomicRadius,random_00,17,175.0,200.2980248775412
AtomicRadius,random_00,18,188.0,207.85025876268432
AtomicRadius,random_00,19,275.0,203.4421161121848
AtomicRadius,random_00,20,231.0,214.65760374509705
AtomicRadius,random_00,21,211.0,197.64006431777653
AtomicRadius,random_00,22,187.0,206.94185268218789
AtomicRadius,random_00,23,179.0,219.69238031209412
AtomicRadius,random_00,24,189.0,223.787525735523
AtomicRadius,random_00,25,197.0,177.65193664086263
AtomicRadius,random_00,26,194.0,211.3544284383433
AtomicRadius,random_00,27,192.0,206.69905010898702
AtomicRadius,random_00,28,163.0,202.55141246518983
AtomicRadius,random_00,29,140.0,206.84106030856094
AtomicRadius,random_00,30,139.0,223.45748967755964
AtomicRadius,random_00,31,187.0,213.82461619429418
AtomicRadius,random_00,32,211.0,202.83554889285543
AtomicRadius,random_00,33,185.0,201.39364034782122
AtomicRadius,random_00,34,190.0,225.74847831089355
AtomicRadius,random_00,35,183.0,196.67552055457244
AtomicRadius,random_00,36,202.0,206.03699129813486
AtomicRadius,random_00,37,303.0,191.3927826921212
AtomicRadius,random_00,38,249.0,206.31552407091465
AtomicRadius,random_00,39,219.0,223.47472774128693
AtomicRadius,random_00,40,186.0,195.36343029059046
AtomicRadius,random_00,41,207.0,210.89660317278418
AtomicRadius,random_00,42,209.0,199.6131171957352
AtomicRadius,random_00,43,209.0,225.53839186804382
AtomicRadius,random_00,44,207.0,189.49207811782864
AtomicRadius,random_00,45,195.0,218.21595805689944
AtomicRadius,random_00,46,202.0,207.74164221388804
AtomicRadius,random_00,47,172.0,216.92693269245774
AtomicRadius,random_00,48,158.0,219.0091635545056
AtomicRadius,random_00,49,193.0,201.17627806664728
AtomicRadius,random_00,50,217.0,244.7420195217548
AtomicRadius,random_00,51,206.0,193.7660590752811
AtomicRadius,random_00,52,206.0,209.48635530227668
AtomicRadius,random_00,53,198.0,207.57419825682587
AtomicRadius,random_00,54,216.0,213.46258483677195
AtomicRadius,random_00,55,343.0,207.3705222930746
AtomicRadius,random_00,56,268.0,187.1346040257967
AtomicRadius,random_00,57,240.0,197.61007811524354
AtomicRadius,random_00,58,235.0,190.48345544996516
AtomicRadius,random_00,59,239.0,216.23899405851432
AtomicRadius,random_00,60,229.0,189.22533983395064
AtomicRadius,random_00,61,236.0,206.86215676165105
AtomicRadius,random_00,62,229.0,218.51047609626212
AtomicRadius,random_00,63,233.0,185.33037833465875
AtomicRadius,random_00,64,237.0,214.09047421889292
AtomicRadius,random_00,65,221.0,202.77678519883605
AtomicRadius,random_00,66,229.0,230.97538743248117
AtomicRadius,random_00,67,216.0,205.41176312900464
AtomicRadius,random_00,68,235.0,228.64714985543398
AtomicRadius,random_00,69,227.0,202.40987199732282
AtomicRadius,random_00,70,242.0,207.108418542951
AtomicRadius,random_00,71,221.0,232.62696583994907
AtomicRadius,random_00,72,212.0,209.47471060332498
AtomicRadius,random_00,73,217.0,211.1122530894697
AtomicRadius,random_00,74,210.0,195.03840092543817
AtomicRadius,random_00,75,217.0,236.0128898545307
AtomicRadius,random_00,76,216.0,215.4606091672724
AtomicRadius,random_00,77,202.0,206.01294533501607
AtomicRadius,random_00,78,209.0,227.0912686134886
AtomicRadius,random_00,79,166.0,216.3727365218285
AtomicRadius,random_00,80,209.0,220.48098117473629
AtomicRadius,random_00,81,196.0,198.964190178868
AtomicRadius,random_00,82,202.0,224.24023430526344
AtomicRadius,random_00,83,207.0,203.1627618456328
AtomicRadius,random_00,84,197.0,212.3017880005557
AtomicRadius,random_00,85,202.0,207.1417548647658
AtomicRadius,random_00,86,220.0,204.89044083311734
AtomicRadius,random_00,87,348.0,222.4475578084942
AtomicRadius,random_00,88,283.0,192.01037736771383
AtomicRadius,random_00,89,260.0,204.53314960660555
AtomicRadius,random_00,90,237.0,182.77120774442415
AtomicRadius,random_00,91,243.0,220.68259818344305
AtomicRadius,random_00,92,240.0,213.42873675632742
AtomicRadius,random_00,93,221.0,194.27261512457136
AtomicRadius,random_00,94,243.0,207.67930470763602
AtomicRadius,random_00,95,244.0,197.15389103908447
AtomicRadius,random_00,96,245.0,198.89910751854592
AtomicRadius,random_00,97,244.0,229.75382688043945
AtomicRadius,random_00,98,245.0,218.25281149960938
AtomicRadius,random_00,99,245.0,216.4567831068778
AtomicRadius,random_01,1,120.0,224.82453368991338
AtomicRadius,random_01,2,140.0,197.7801723270384
AtomicRadius,random_01,3,182.0,204.64273612068078
AtomicRadius,random_01,4,153.0,206.28623989978604
AtomicRadius,random_01,5,192.0,176.5868546559438
AtomicRadius,random_01,6,170.0,197.9124050897113
AtomicRadius,random_01,7,155.0,209.01042835217947
AtomicRadius,random_01,8,152.0,200.7819738134923
AtomicRadius,random_01,9,135.0,192.42596370799552
AtomicRadius,random_01,10,154.0,205.45474868536547
AtomicRadius,random_01,11,227.0,209.39122406757582
AtomicRadius,random_01,12,173.0,185.70096265151074
AtomicRadius,random_01,13,184.0,208.46232314672739
AtomicRadius,random_01,14,210.0,191.4740645378463
AtomicRadius,random_01,15,180.0,203.23727098905573
AtomicRadius,random_01,16,180.0,200.25422876408632
AtomicRadius,random_01,17,175.0,201.65366594859532
AtomicRadius,random_01,18,188.0,203.08960773349773
AtomicRadius,random_01,19,275.0,209.8024582069958
AtomicRadius,random_01,20,231.0,194.81903347341722
AtomicRadius,random_01,21,211.0,202.90794163335835
AtomicRadius,random_01,22,187.0,197.55645135678586
AtomicRadius,random_01,23,179.0,217.138310137479
AtomicRadius,random_01,24,189.0,216.02767390653494
AtomicRadius,random_01,25,197.0,197.481293081562
AtomicRadius,random_01,26,194.0,205.0042348755748
AtomicRadius,random_01,27,192.0,241.0850503716704
AtomicRadius,random_01,28,163.0,185.12909380131603
AtomicRadius,random_01,29,140.0,231.4824086457432
AtomicRadius,random_01,30,139.0,230.69844483360896
AtomicRadius,random_01,31,187.0,217.41163495657435
AtomicRadius,random_01,32,211.0,174.7655801081005
AtomicRadius,random_01,33,185.0,210.95413009118303
AtomicRadius,random_01,34,190.0,199.39468271613785
AtomicRadius,random_01,35,183.0,201.27550136530814
AtomicRadius,random_01,36,202.0,181.01799129601238
AtomicRadius,random_01,37,303.0,192.84584121445616
AtomicRadius,random_01,38,249.0,194.04709713982444
AtomicRadius,random_01,39,219.0,202.71838185522256
AtomicRadius,random_01,40,186.0,211.33220458094803
AtomicRadius,random_01,41,207.0,192.46977783742656
AtomicRadius,random_01,42,209.0,178.61662855960205
AtomicRadius,random_01,43,209.0,225.6182339058011
AtomicRadius,random_01,44,207.0,166.75533467210664
AtomicRadius,random_01,45,195.0,210.90838355732143
AtomicRadius,random_01,46,202.0,221.79241999341923
AtomicRadius,random_01,47,172.0,185.52765494407913
AtomicRadius,random_01,48,158.0,195.39955138723158
AtomicRadius,random_01,49,193.0,223.4118183399945
AtomicRadius,random_01,50,217.0,226.28869462683718
AtomicRadius,random_01,51,206.0,201.3242396278097
AtomicRadius,random_01,52,206.0,206.36228929272428
AtomicRadius,random_01,53,198.0,192.2756650918831
AtomicRadius,random_01,54,216.0,193.5988695172913
AtomicRadius,random_01,55,343.0,218.36802903144752
AtomicRadius,random_01,56,268.0,189.4522300454615
AtomicRadius,random_01,57,240.0,215.07242598370576
AtomicRadius,random_01,58,235.0,190.8571668268815
AtomicRadius,random_01,59,239.0,229.90839640559832
AtomicRadius,random_01,60,229.0,182.8318367432556
AtomicRadius,random_01,61,236.0,227.4925047539112
AtomicRadius,random_01,62,229.0,217.87728190951307
AtomicRadius,random_01,63,233.0,191.7168880169902
AtomicRadius,random_01,64,237.0,202.36447168647544
AtomicRadius,random_01,65,221.0,209.91332412127875
AtomicRadius,random_01,66,229.0,228.92917296363987
AtomicRadius,random_01,67,216.0,220.57094425831565
AtomicRadius,random_01,68,235.0,208.07537430388422
AtomicRadius,random_01,69,227.0,203.55942910009747
AtomicRadius,random_01,70,242.0,185.42614213559688
AtomicRadius,random_01,71,221.0,229.64757314845275
AtomicRadius,random_01,72,212.0,205.00758513873296
AtomicRadius,random_01,73,217.0,230.71419170650663
AtomicRadius,random_01,74,210.0,195.4486160099721
AtomicRadius,random_01,75,217.0,223.93529895354078
AtomicRadius,random_01,76,216.0,199.62488684613638
AtomicRadius,random_01,77,202.0,206.1088656419505
AtomicRadius,random_01,78,209.0,210.06208508723
AtomicRadius,random_01,79,166.0,218.533650008909
AtomicRadius,random_01,80,209.0,216.25279766125354
AtomicRadius,random_01,81,196.0,235.68512137498726
AtomicRadius,random_01,82,202.0,244.85503718771258
AtomicRadius,random_01,83,207.0,209.03733995592856
AtomicRadius,random_01,84,197.0,226.6605096232752
AtomicRadius,random_01,85,202.0,191.89081916699655
AtomicRadius,random_01,86,220.0,207.48853473122315
AtomicRadius,random_01,87,348.0,220.74727522151449
AtomicRadius,random_01,88,283.0,212.8661483119598
AtomicRadius,random_01,89,260.0,208.70413246125713
AtomicRadius,random_01,90,237.0,217.76671499710116
AtomicRadius,random_01,91,243.0,218.0394620992013
AtomicRadius,random_01,92,240.0,220.67047943083688
AtomicRadius,random_01,93,221.0,207.27035099627403
AtomicRadius,random_01,94,243.0,208.9594434082615
AtomicRadius,random_01,95,244.0,221.1806271037984
AtomicRadius,random_01,96,245.0,201.38407452818447
AtomicRadius,random_01,97,244.0,224.50466366198395
AtomicRadius,random_01,98,245.0,220.80154223191482
AtomicRadius,random_01,99,245.0,202.5918669606108
AtomicRadius,random_02,1,120.0,225.13391258227725
AtomicRadius,random_02,2,140.0,201.7524660495289
AtomicRadius,random_02,3,182.0,209.99650293833113
AtomicRadius,random_02,4,153.0,211.22643477703483
AtomicRadius,random_02,5,192.0,179.2041812461012
AtomicRadius,random_02,6,170.0,207.79867323050797
AtomicRadius,random_02,7,155.0,184.90932121978284
AtomicRadius,random_02,8,152.0,213.99191613451276
AtomicRadius,random_02,9,135.0,205.13777010916445
AtomicRadius,random_02,10,154.0,180.50116185272452
AtomicRadius,random_02,11,227.0,205.77236419295372
AtomicRadius,random_02,12,173.0,208.02570393956856
AtomicRadius,random_02,13,184.0,188.16237442189455
AtomicRadius,random_02,14,210.0,207.2885029399132
AtomicRadius,random_02,15,180.0,219.12196476774596
AtomicRadius,random_02,16,180.0,218.97593671512072
AtomicRadius,random_02,17,175.0,193.11937628064948
AtomicRadius,random_02,18,188.0,184.40764143470182
AtomicRadius,random_02,19,275.0,224.44334863624886
AtomicRadius,random_02,20,231.0,219.66951048782394
AtomicRadius,random_02,21,211.0,210.46958475469597
AtomicRadius,random_02,22,187.0,201.3459522861257
AtomicRadius,random_02,23,179.0,203.9845009043883
AtomicRadius,random_02,24,189.0,220.11814754361572
AtomicRadius,random_02,25,197.0,203.41310114239457
AtomicRadius,random_02,26,194.0,201.59668023641157
AtomicRadius,random_02,27,192.0,208.92137496636633
AtomicRadius,random_02,28,163.0,197.1290599270378
AtomicRadius,random_02,29,140.0,232.1511160381803
AtomicRadius,random_02,30,139.0,220.55020417053865
AtomicRadius,random_02,31,187.0,213.63770564072263
AtomicRadius,random_02,32,211.0,198.0721004541927
AtomicRadius,random_02,33,185.0,186.84033527233944
AtomicRadius,random_02,34,190.0,195.74579205028226
AtomicRadius,random_02,35,183.0,201.11365560968252
AtomicRadius,random_02,36,202.0,193.41655655802816
AtomicRadius,random_02,37,303.0,240.20062558419892
AtomicRadius,random_02,38,249.0,206.64883583157916
AtomicRadius,random_02,39,219.0,205.13959653954092
AtomicRadius,random_02,40,186.0,209.15631373842257
AtomicRadius,random_02,41,207.0,201.50542802527428
AtomicRadius,random_02,42,209.0,211.0303303312735
AtomicRadius,random_02,43,209.0,203.25398982537016
AtomicRadius,random_02,44,207.0,202.2537347243637
AtomicRadius,random_02,45,195.0,222.14495314460135
AtomicRadius,random_02,46,202.0,207.75513221903122
AtomicRadius,random_02,47,172.0,210.45399971541724
AtomicRadius,random_02,48,158.0,215.79416979912517
AtomicRadius,random_02,49,193.0,222.95758535690774
AtomicRadius,random_02,50,217.0,218.2137073920534
AtomicRadius,random_02,51,206.0,197.7745969045979
AtomicRadius,random_02,52,206.0,207.06887908284094
AtomicRadius,random_02,53,198.0,232.85725078077706
AtomicRadius,random_02,54,216.0,203.9766445331498
AtomicRadius,random_02,55,343.0,230.51339291621773
AtomicRadius,random_02,56,268.0,198.0326985585685
AtomicRadius,random_02,57,240.0,230.328068554255
AtomicRadius,random_02,58,235.0,216.4174274005595
AtomicRadius,random_02,59,239.0,206.07060468364418
AtomicRadius,random_02,60,229.0,229.80150008142763
AtomicRadius,random_02,61,236.0,203.84410305650655
AtomicRadius,random_02,62,229.0,231.8091809071777
AtomicRadius,random_02,63,233.0,180.16823737712892
AtomicRadius,random_02,64,237.0,204.5077320943392
AtomicRadius,random_02,65,221.0,181.34675367009962
AtomicRadius,random_02,66,229.0,194.83943593395117
AtomicRadius,random_02,67,216.0,224.37435367176124
AtomicRadius,random_02,68,235.0,240.09275189429644
AtomicRadius,random_02,69,227.0,202.38344334345288
AtomicRadius,random_02,70,242.0,202.17557093631248
AtomicRadius,random_02,71,221.0,203.11873545073863
AtomicRadius,random_02,72,212.0,211.8217517796456
AtomicRadius,random_02,73,217.0,215.2187286801558
AtomicRadius,random_02,74,210.0,210.48482947685503
AtomicRadius,random_02,75,217.0,212.31573900353646
AtomicRadius,random_02,76,216.0,243.64085281286202
AtomicRadius,random_02,77,202.0,188.35986966484944
AtomicRadius,random_02,78,209.0,225.1545177859224
AtomicRadius,random_02,79,166.0,197.9318216624608
AtomicRadius,random_02,80,209.0,212.5185690937614
AtomicRadius,random_02,81,196.0,213.73424414506394
AtomicRadius,random_02,82,202.0,202.99126576745357
AtomicRadius,random_02,83,207.0,206.7907999054903
AtomicRadius,random_02,84,197.0,188.27377122446168
AtomicRadius,random_02,85,202.0,233.67693688883287
AtomicRadius,random_02,86,220.0,154.1824386910958
AtomicRadius,random_02,87,348.0,227.765347349096
AtomicRadius,random_02,88,283.0,185.42837031778475
AtomicRadius,random_02,89,260.0,207.96916724329844
AtomicRadius,random_02,90,237.0,184.68047409631674
AtomicRadius,random_02,91,243.0,208.72626482257883
AtomicRadius,random_02,92,240.0,209.62033467993493
AtomicRadius,random_02,93,221.0,204.43249987476858
AtomicRadius,random_02,94,243.0,185.24978395440868
AtomicRadius,random_02,95,244.0,218.19112554585274
AtomicRadius,random_02,96,245.0,213.87966985387772
AtomicRadius,random_02,97,244.0,217.25979784940014
AtomicRadius,random_02,98,245.0,199.6832217135812
AtomicRadius,random_02,99,245.0,205.23140844101636
AtomicRadius,random_03,1,120.0,216.68675921130094
AtomicRadius,random_03,2,140.0,209.66761655620843
AtomicRadius,random_03,3,182.0,206.21253133852505
AtomicRadius,random_03,4,153.0,224.69814292568535
AtomicRadius,random_03,5,192.0,176.60029544683889
AtomicRadius,random_03,6,170.0,190.3370305903076
AtomicRadius,random_03,7,155.0,227.88582673685212
AtomicRadius,random_03,8,152.0,197.63436713052653
AtomicRadius,random_03,9,135.0,195.72325296745487
AtomicRadius,random_03,10,154.0,182.61908453642675
AtomicRadius,random_03,11,227.0,221.74018705356275
AtomicRadius,random_03,12,173.0,174.50582944148672
AtomicRadius,random_03,13,184.0,210.7047823902663
AtomicRadius,random_03,14,210.0,185.5761985485302
AtomicRadius,random_03,15,180.0,220.49575326765023
AtomicRadius,random_03,16,180.0,194.42333994217694
AtomicRadius,random_03,17,175.0,186.69061800637255
AtomicRadius,random_03,18,188.0,217.00453186044655
AtomicRadius,random_03,19,275.0,199.6889180131034
AtomicRadius,random_03,20,231.0,213.50370631678618
AtomicRadius,random_03,21,211.0,196.40026011474188
AtomicRadius,random_03,22,187.0,184.97975315925936
AtomicRadius,random_03,23,179.0,221.97001235929395
AtomicRadius,random_03,24,189.0,201.10524292749633
AtomicRadius,random_03,25,197.0,205.1822949428482
AtomicRadius,random_03,26,194.0,178.3143239333009
AtomicRadius,random_03,27,192.0,233.05657757110745
AtomicRadius,random_03,28,163.0,194.45075618623832
AtomicRadius,random_03,29,140.0,219.40764685778237
AtomicRadius,random_03,30,139.0,208.13204796197314
AtomicRadius,random_03,31,187.0,211.14281887798094
AtomicRadius,random_03,32,211.0,190.19040662488524
AtomicRadius,random_03,33,185.0,234.17495341502476
AtomicRadius,random_03,34,190.0,213.93736198707725
AtomicRadius,random_03,35,183.0,213.72674330013888
AtomicRadius,random_03,36,202.0,199.99254002424072
AtomicRadius,random_03,37,303.0,209.98598548274285
AtomicRadius,random_03,38,249.0,193.4504562089327
AtomicRadius,random_03,39,219.0,231.20899887951686
AtomicRadius,random_03,40,186.0,204.66274800383619
AtomicRadius,random_03,41,207.0,218.2451440379835
AtomicRadius,random_03,42,209.0,209.76365029161119
AtomicRadius,random_03,43,209.0,212.94148953392244
AtomicRadius,random_03,44,207.0,174.53899943426632
AtomicRadius,random_03,45,195.0,236.94072938896187
AtomicRadius,random_03,46,202.0,210.66392909830927
AtomicRadius,random_03,47,172.0,215.4964174403321
AtomicRadius,random_03,48,158.0,197.4650173897289
AtomicRadius,random_03,49,193.0,236.08079786768027
AtomicRadius,random_03,50,217.0,233.62298029912884
AtomicRadius,random_03,51,206.0,194.8498927682855
AtomicRadius,random_03,52,206.0,209.7425599011955
AtomicRadius,random_03,53,198.0,208.79815397166425
AtomicRadius,random_03,54,216.0,205.3077811707966
AtomicRadius,random_03,55,343.0,218.17353714509792
AtomicRadius,random_03,56,268.0,192.59109674620115
AtomicRadius,random_03,57,240.0,206.0900348638242
AtomicRadius,random_03,58,235.0,188.0478989898198
AtomicRadius,random_03,59,239.0,222.81799475320545
AtomicRadius,random_03,60,229.0,190.7885057728664
AtomicRadius,random_03,61,236.0,212.35045941014562
AtomicRadius,random_03,62,229.0,212.09932488083223
AtomicRadius,random_03,63,233.0,193.47861984381333
AtomicRadius,random_03,64,237.0,192.8875344839202
AtomicRadius,random_03,65,221.0,233.89718055119835
AtomicRadius,random_03,66,229.0,212.92184194861224
AtomicRadius,random_03,67,216.0,224.9478513909457
AtomicRadius,random_03,68,235.0,218.00343969894465
AtomicRadius,random_03,69,227.0,208.49513826116726
AtomicRadius,random_03,70,242.0,202.65487110807035
AtomicRadius,random_03,71,221.0,235.3166362489142
AtomicRadius,random_03,72,212.0,220.35433631576134
AtomicRadius,random_03,73,217.0,204.8455397880188
AtomicRadius,random_03,74,210.0,192.92693407757875
AtomicRadius,random_03,75,217.0,229.71744255991544
AtomicRadius,random_03,76,216.0,209.97876817999943
AtomicRadius,random_03,77,202.0,212.29600565746665
AtomicRadius,random_03,78,209.0,198.9976078482522
AtomicRadius,random_03,79,166.0,220.17708197397758
AtomicRadius,random_03,80,209.0,213.3741021918733
AtomicRadius,random_03,81,196.0,221.0839137943372
AtomicRadius,random_03,82,202.0,209.46593286691413
AtomicRadius,random_03,83,207.0,215.51140008194866
AtomicRadius,random_03,84,197.0,219.53085167095898
AtomicRadius,random_03,85,202.0,201.34455408801023
AtomicRadius,random_03,86,220.0,184.70660944714362
AtomicRadius,random_03,87,348.0,225.02423519937693
AtomicRadius,random_03,88,283.0,202.92864228696828
AtomicRadius,random_03,89,260.0,186.71404606627033
AtomicRadius,random_03,90,237.0,183.10639963467642
AtomicRadius,random_03,91,243.0,222.51980492478208
AtomicRadius,random_03,92,240.0,192.0720971534673
AtomicRadius,random_03,93,221.0,216.65292360341806
AtomicRadius,random_03,94,243.0,204.87155600212407
AtomicRadius,random_03,95,244.0,204.851219718489
AtomicRadius,random_03,96,245.0,227.20049689810327
AtomicRadius,random_03,97,244.0,222.4980396550913
AtomicRadius,random_03,98,245.0,218.10324525737886
AtomicRadius,random_03,99,245.0,210.66721619202062
AtomicRadius,random_04,1,120.0,226.88401079415556
AtomicRadius,random_04,2,140.0,201.62960389266175
AtomicRadius,random_04,3,182.0,213.93208387697922
AtomicRadius,random_04,4,153.0,222.1628758490528
AtomicRadius,random_04,5,192.0,206.6609203581375
AtomicRadius,random_04,6,170.0,189.07641857614456
AtomicRadius,random_04,7,155.0,236.2227214077837
AtomicRadius,random_04,8,152.0,197.59757427508487
AtomicRadius,random_04,9,135.0,223.52725629511306
AtomicRadius,random_04,10,154.0,203.48884002750583
AtomicRadius,random_04,11,227.0,198.43698646540759
AtomicRadius,random_04,12,173.0,211.2760802076431
AtomicRadius,random_04,13,184.0,189.01577187113708
AtomicRadius,random_04,14,210.0,191.17324807902256
AtomicRadius,random_04,15,180.0,214.77401701573012
AtomicRadius,random_04,16,180.0,222.2752967186766
AtomicRadius,random_04,17,175.0,202.63575170744298
AtomicRadius,random_04,18,188.0,205.64110493025385
AtomicRadius,random_04,19,275.0,202.87556575046156
AtomicRadius,random_04,20,231.0,213.25029388576115
AtomicRadius,random_04,21,211.0,205.48503756841546
AtomicRadius,random_04,22,187.0,213.14350104613587
AtomicRadius,random_04,23,179.0,222.9077036361033
AtomicRadius,random_04,24,189.0,215.83682407711137
AtomicRadius,random_04,25,197.0,194.19738718413186
AtomicRadius,random_04,26,194.0,220.03869912431858
AtomicRadius,random_04,27,192.0,211.8636037383579
AtomicRadius,random_04,28,163.0,213.64442196710604
AtomicRadius,random_04,29,140.0,221.19452543583532
AtomicRadius,random_04,30,139.0,226.45324886024721
AtomicRadius,random_04,31,187.0,182.72075846633192
AtomicRadius,random_04,32,211.0,202.23916883486876
AtomicRadius,random_04,33,185.0,213.2773326436546
AtomicRadius,random_04,34,190.0,201.02914160851714
AtomicRadius,random_04,35,183.0,204.32732470098455
AtomicRadius,random_04,36,202.0,201.63699549605596
AtomicRadius,random_04,37,303.0,197.1872969873368
AtomicRadius,random_04,38,249.0,198.2074342087135
AtomicRadius,random_04,39,219.0,203.60544744332424
AtomicRadius,random_04,40,186.0,220.76063913804612
AtomicRadius,random_04,41,207.0,195.04555334899806
AtomicRadius,random_04,42,209.0,193.5552220188012
AtomicRadius,random_04,43,209.0,216.56639923160589
AtomicRadius,random_04,44,207.0,184.17532672571014
AtomicRadius,random_04,45,195.0,222.937013371251
AtomicRadius,random_04,46,202.0,199.0702631814037
AtomicRadius,random_04,47,172.0,205.6298724716775
AtomicRadius,random_04,48,158.0,205.42029556821612
AtomicRadius,random_04,49,193.0,221.60851850867644
AtomicRadius,random_04,50,217.0,237.13492186655444
AtomicRadius,random_04,51,206.0,192.12898961523717
AtomicRadius,random_04,52,206.0,235.3134713961062
AtomicRadius,random_04,53,198.0,182.50567748452116
AtomicRadius,random_04,54,216.0,199.78038739372465
AtomicRadius,random_04,55,343.0,194.31848432334098
AtomicRadius,random_04,56,268.0,191.14167863871523
AtomicRadius,random_04,57,240.0,212.55060832271397
AtomicRadius,random_04,58,235.0,204.31232469799588
AtomicRadius,random_04,59,239.0,186.44926998686142
AtomicRadius,random_04,60,229.0,199.16158397999297
AtomicRadius,random_04,61,236.0,201.18308056400787
AtomicRadius,random_04,62,229.0,203.11107323842336
AtomicRadius,random_04,63,233.0,200.48238411383642
AtomicRadius,random_04,64,237.0,228.756766239434
AtomicRadius,random_04,65,221.0,203.52838522515395
AtomicRadius,random_04,66,229.0,196.90129647192066
AtomicRadius,random_04,67,216.0,215.53457660634388
AtomicRadius,random_04,68,235.0,226.74724791215291
AtomicRadius,random_04,69,227.0,204.374760939995
AtomicRadius,random_04,70,242.0,219.17317895395624
AtomicRadius,random_04,71,221.0,202.80242197478054
AtomicRadius,random_04,72,212.0,204.82897532911196
AtomicRadius,random_04,73,217.0,194.58329781876847
AtomicRadius,random_04,74,210.0,178.1738740744451
AtomicRadius,random_04,75,217.0,218.91102149941233
AtomicRadius,random_04,76,216.0,211.78939977830467
AtomicRadius,random_04,77,202.0,208.89405946212733
AtomicRadius,random_04,78,209.0,205.00274629344537
AtomicRadius,random_04,79,166.0,197.58329465482404
AtomicRadius,random_04,80,209.0,216.09789022593068
AtomicRadius,random_04,81,196.0,206.30776280915066
AtomicRadius,random_04,82,202.0,215.22269586662776
AtomicRadius,random_04,83,207.0,213.6883315583444
AtomicRadius,random_04,84,197.0,232.0979283656065
AtomicRadius,random_04,85,202.0,217.89814072046934
AtomicRadius,random_04,86,220.0,203.57722727691632
AtomicRadius,random_04,87,348.0,203.44436621892422
AtomicRadius,random_04,88,283.0,206.4585672872725
AtomicRadius,random_04,89,260.0,205.2072920152156
AtomicRadius,random_04,90,237.0,196.64613883700363
AtomicRadius,random_04,91,243.0,208.15769863594943
AtomicRadius,random_04,92,240.0,205.00721298025246
AtomicRadius,random_04,93,221.0,204.38705841376193
AtomicRadius,random_04,94,243.0,197.30639142020235
AtomicRadius,random_04,95,244.0,212.77309754080926
AtomicRadius,random_04,96,245.0,204.78335293850805
AtomicRadius,random_04,97,244.0,208.60984810018113
AtomicRadius,random_04,98,245.0,210.98632701524517
AtomicRadius,random_04,99,245.0,205.3323723740939
AtomicRadius,random_05,1,120.0,209.57439900976655
AtomicRadius,random_05,2,140.0,200.6607968673707
AtomicRadius,random_05,3,182.0,207.52618690041896
AtomicRadius,random_05,4,153.0,204.83365866689087
AtomicRadius,random_05,5,192.0,188.5917585643295
AtomicRadius,random_05,6,170.0,213.53329884523305
AtomicRadius,random_05,7,155.0,196.67475756590608
AtomicRadius,random_05,8,152.0,184.70045177257558
AtomicRadius,random_05,9,135.0,214.68106026848986
AtomicRadius,random_05,10,154.0,209.02377720391178
AtomicRadius,random_05,11,227.0,198.6937254335668
AtomicRadius,random_05,12,173.0,199.4555133111727
AtomicRadius,random_05,13,184.0,170.72538441199242
AtomicRadius,random_05,14,210.0,200.8073216547212
AtomicRadius,random_05,15,180.0,199.94410907048515
AtomicRadius,random_05,16,180.0,207.58847015789772
AtomicRadius,random_05,17,175.0,195.29255335291535
AtomicRadius,random_05,18,188.0,215.1554430426307
AtomicRadius,random_05,19,275.0,224.55656130207242
AtomicRadius,random_05,20,231.0,213.34606855929633
AtomicRadius,random_05,21,211.0,200.62985363933592
AtomicRadius,random_05,22,187.0,209.8921135749562
AtomicRadius,random_05,23,179.0,216.43145961109656
AtomicRadius,random_05,24,189.0,215.35961428730818
AtomicRadius,random_05,25,197.0,197.84358529413123
AtomicRadius,random_05,26,194.0,242.58169950861526
AtomicRadius,random_05,27,192.0,186.07342758195688
AtomicRadius,random_05,28,163.0,183.52789947577327
AtomicRadius,random_05,29,140.0,223.19452276155488
AtomicRadius,random_05,30,139.0,217.920182109195
AtomicRadius,random_05,31,187.0,229.5669096800064
AtomicRadius,random_05,32,211.0,220.6124665864605
AtomicRadius,random_05,33,185.0,185.1805759079972
AtomicRadius,random_05,34,190.0,236.10408641983136
AtomicRadius,random_05,35,183.0,200.97968211197116
AtomicRadius,random_05,36,202.0,189.48450271414106
AtomicRadius,random_05,37,303.0,205.72835785684504
AtomicRadius,random_05,38,249.0,206.80257702403298
AtomicRadius,random_05,39,219.0,208.4403548610881
AtomicRadius,random_05,40,186.0,204.51370291030412
AtomicRadius,random_05,41,207.0,204.92774726921513
AtomicRadius,random_05,42,209.0,205.5632028459661
AtomicRadius,random_05,43,209.0,217.85049444096728
AtomicRadius,random_05,44,207.0,205.53991504724746
AtomicRadius,random_05,45,195.0,188.03498775676903
AtomicRadius,random_05,46,202.0,205.1352169922992
AtomicRadius,random_05,47,172.0,222.88958845565185
AtomicRadius,random_05,48,158.0,237.43462998364203
AtomicRadius,random_05,49,193.0,210.28555830246353
AtomicRadius,random_05,50,217.0,220.90623278420424
AtomicRadius,random_05,51,206.0,245.73372830173253
AtomicRadius,random_05,52,206.0,235.55804910442754
AtomicRadius,random_05,53,198.0,197.34175828484595
AtomicRadius,random_05,54,216.0,237.98439904430757
AtomicRadius,random_05,55,343.0,212.2159226126462
AtomicRadius,random_05,56,268.0,199.549201458612
AtomicRadius,random_05,57,240.0,224.85587376554017
AtomicRadius,random_05,58,235.0,237.2728547221833
AtomicRadius,random_05,59,239.0,216.95519886472928
AtomicRadius,random_05,60,229.0,220.91126212997654
AtomicRadius,random_05,61,236.0,192.30580939355616
AtomicRadius,random_05,62,229.0,217.5281762922662
AtomicRadius,random_05,63,233.0,217.33457548228526
AtomicRadius,random_05,64,237.0,202.90963344489884
AtomicRadius,random_05,65,221.0,177.8161390875881
AtomicRadius,random_05,66,229.0,206.9300523985037
AtomicRadius,random_05,67,216.0,207.05757986077148
AtomicRadius,random_05,68,235.0,185.94928332017574
AtomicRadius,random_05,69,227.0,197.73686092696718
AtomicRadius,random_05,70,242.0,209.66206594549615
AtomicRadius,random_05,71,221.0,189.2380313884379
AtomicRadius,random_05,72,212.0,171.0497538355438
AtomicRadius,random_05,73,217.0,213.70089034881556
AtomicRadius,random_05,74,210.0,192.876167598679
AtomicRadius,random_05,75,217.0,210.85038880037703
AtomicRadius,random_05,76,216.0,198.39399368841146
AtomicRadius,random_05,77,202.0,175.79918605952076
AtomicRadius,random_05,78,209.0,220.58664141917396
AtomicRadius,random_05,79,166.0,175.915672896389
AtomicRadius,random_05,80,209.0,221.82585525308536
AtomicRadius,random_05,81,196.0,201.15746575688902
AtomicRadius,random_05,82,202.0,222.3087038043245
AtomicRadius,random_05,83,207.0,210.55649007952923
AtomicRadius,random_05,84,197.0,191.20805320766195
AtomicRadius,random_05,85,202.0,219.57263991670584
AtomicRadius,random_05,86,220.0,224.20715272758983
AtomicRadius,random_05,87,348.0,211.2470971093015
AtomicRadius,random_05,88,283.0,201.04653938500837
AtomicRadius,random_05,89,260.0,187.60909848253817
AtomicRadius,random_05,90,237.0,213.2718031180891
AtomicRadius,random_05,91,243.0,200.6477841641327
AtomicRadius,random_05,92,240.0,196.6782195487703
AtomicRadius,random_05,93,221.0,197.4800290224591
AtomicRadius,random_05,94,243.0,201.30982724667228
AtomicRadius,random_05,95,244.0,215.6336467954016
AtomicRadius,random_05,96,245.0,216.79619269851392
AtomicRadius,random_05,97,244.0,197.87609777254693
AtomicRadius,random_05,98,245.0,213.954431913561
AtomicRadius,random_05,99,245.0,210.95908385064322
AtomicRadius,random_06,1,120.0,216.65135842948155
AtomicRadius,random_06,2,140.0,163.68827876712015
AtomicRadius,random_06,3,182.0,208.0268425437016
AtomicRadius,random_06,4,153.0,199.44372250704455
AtomicRadius,random_06,5,192.0,167.73599692738486
AtomicRadius,random_06,6,170.0,215.4967842380327
AtomicRadius,random_06,7,155.0,184.8307073508227
AtomicRadius,random_06,8,152.0,169.40147949611617
AtomicRadius,random_06,9,135.0,202.17287871534572
AtomicRadius,random_06,10,154.0,194.9910712826872
AtomicRadius,random_06,11,227.0,199.5566259554334
AtomicRadius,random_06,12,173.0,172.39605750352104
AtomicRadius,random_06,13,184.0,197.8359438821707
AtomicRadius,random_06,14,210.0,188.5168259178763
AtomicRadius,random_06,15,180.0,186.33198878381612
AtomicRadius,random_06,16,180.0,200.15408630149923
AtomicRadius,random_06,17,175.0,175.02564595428288
AtomicRadius,random_06,18,188.0,202.23326277091059
AtomicRadius,random_06,19,275.0,191.30924369629932
AtomicRadius,random_06,20,231.0,180.00027018527464
AtomicRadius,random_06,21,211.0,212.29969161659994
AtomicRadius,random_06,22,187.0,203.2409738083572
AtomicRadius,random_06,23,179.0,195.6813327519268
AtomicRadius,random_06,24,189.0,201.46107115696879
AtomicRadius,random_06,25,197.0,179.35797033755728
AtomicRadius,random_06,26,194.0,200.47279061939344
AtomicRadius,random_06,27,192.0,180.05272777937122
AtomicRadius,random_06,28,163.0,165.22339312333258
AtomicRadius,random_06,29,140.0,208.4853394857348
AtomicRadius,random_06,30,139.0,204.0511597005927
AtomicRadius,random_06,31,187.0,198.05323876576134
AtomicRadius,random_06,32,211.0,222.66440314507412
AtomicRadius,random_06,33,185.0,191.90093596091882
AtomicRadius,random_06,34,190.0,207.48986357683128
AtomicRadius,random_06,35,183.0,229.57762766126478
AtomicRadius,random_06,36,202.0,203.24086099861242
AtomicRadius,random_06,37,303.0,217.48268507447767
AtomicRadius,random_06,38,249.0,201.5559955697697
AtomicRadius,random_06,39,219.0,232.28387499827795
AtomicRadius,random_06,40,186.0,218.7555148194274
AtomicRadius,random_06,41,207.0,202.97709261966162
AtomicRadius,random_06,42,209.0,210.6210183952418
AtomicRadius,random_06,43,209.0,214.24315385583026
AtomicRadius,random_06,44,207.0,186.94398096861877
AtomicRadius,random_06,45,195.0,229.30186456267893
AtomicRadius,random_06,46,202.0,214.25929590515787
AtomicRadius,random_06,47,172.0,233.52156081229506
AtomicRadius,random_06,48,158.0,215.8826416876338
AtomicRadius,random_06,49,193.0,228.7099553881792
AtomicRadius,random_06,50,217.0,214.06436201209152
AtomicRadius,random_06,51,206.0,229.40651617459338
AtomicRadius,random_06,52,206.0,217.51028453663693
AtomicRadius,random_06,53,198.0,218.81149918379845
AtomicRadius,random_06,54,216.0,240.33325754434085
AtomicRadius,random_06,55,343.0,210.4490861744369
AtomicRadius,random_06,56,268.0,207.55959781522336
AtomicRadius,random_06,57,240.0,202.55647562702273
AtomicRadius,random_06,58,235.0,205.19153815721455
AtomicRadius,random_06,59,239.0,224.2994361768495
AtomicRadius,random_06,60,229.0,226.01066466807066
AtomicRadius,random_06,61,236.0,208.524234206456
AtomicRadius,random_06,62,229.0,213.66630980863266
AtomicRadius,random_06,63,233.0,204.2064724001719
AtomicRadius,random_06,64,237.0,199.22098027739673
AtomicRadius,random_06,65,221.0,218.56053439190143
AtomicRadius,random_06,66,229.0,219.91676673851734
AtomicRadius,random_06,67,216.0,213.46926482659373
AtomicRadius,random_06,68,235.0,209.04553328918735
AtomicRadius,random_06,69,227.0,213.47282338722252
AtomicRadius,random_06,70,242.0,215.73009852591278
AtomicRadius,random_06,71,221.0,210.84397494590462
AtomicRadius,random_06,72,212.0,190.496310000169
AtomicRadius,random_06,73,217.0,218.56850713106323
AtomicRadius,random_06,74,210.0,206.43001049843866
AtomicRadius,random_06,75,217.0,204.28333742454757
AtomicRadius,random_06,76,216.0,222.12583224867743
AtomicRadius,random_06,77,202.0,191.37168159170088
AtomicRadius,random_06,78,209.0,218.92419438373042
AtomicRadius,random_06,79,166.0,213.4562585121511
AtomicRadius,random_06,80,209.0,227.74170735587904
AtomicRadius,random_06,81,196.0,230.032505373922
AtomicRadius,random_06,82,202.0,215.25520489631663
AtomicRadius,random_06,83,207.0,228.15602741264007
AtomicRadius,random_06,84,197.0,212.89413421651253
AtomicRadius,random_06,85,202.0,230.71860366621934
AtomicRadius,random_06,86,220.0,215.57191211324513
AtomicRadius,random_06,87,348.0,232.1219881955794
AtomicRadius,random_06,88,283.0,189.4094280635737
AtomicRadius,random_06,89,260.0,207.7771439670109
AtomicRadius,random_06,90,237.0,221.33526825913123
AtomicRadius,random_06,91,243.0,200.5758911920701
AtomicRadius,random_06,92,240.0,199.3558323051869
AtomicRadius,random_06,93,221.0,215.84423544288506
AtomicRadius,random_06,94,243.0,193.04625814320943
AtomicRadius,random_06,95,244.0,223.46063913766304
AtomicRadius,random_06,96,245.0,236.6851293023948
AtomicRadius,random_06,97,244.0,230.7937651306077
AtomicRadius,random_06,98,245.0,246.50270696962298
AtomicRadius,random_06,99,245.0,221.80763013550254
AtomicRadius,random_07,1,120.0,189.6452016314751
AtomicRadius,random_07,2,140.0,183.67038076937197
AtomicRadius,random_07,3,182.0,209.67364704240828
AtomicRadius,random_07,4,153.0,217.1132992917223
AtomicRadius,random_07,5,192.0,174.95120578207934
AtomicRadius,random_07,6,170.0,178.68068124748524
AtomicRadius,random_07,7,155.0,203.46370749397744
AtomicRadius,random_07,8,152.0,208.31287367557817
AtomicRadius,random_07,9,135.0,196.49619895605474
AtomicRadius,random_07,10,154.0,196.51157899483366
AtomicRadius,random_07,11,227.0,185.56195757259542
AtomicRadius,random_07,12,173.0,175.7052187646426
AtomicRadius,random_07,13,184.0,201.30441941577564
AtomicRadius,random_07,14,210.0,198.17617913447606
AtomicRadius,random_07,15,180.0,209.90832191385988
AtomicRadius,random_07,16,180.0,195.5130655202738
AtomicRadius,random_07,17,175.0,212.8220290184016
AtomicRadius,random_07,18,188.0,205.8049764709142
AtomicRadius,random_07,19,275.0,191.90928667822797
AtomicRadius,random_07,20,231.0,210.56817162549763
AtomicRadius,random_07,21,211.0,177.94583330171807
AtomicRadius,random_07,22,187.0,206.85225076000845
AtomicRadius,random_07,23,179.0,212.75217233453685
AtomicRadius,random_07,24,189.0,218.30603821538674
AtomicRadius,random_07,25,197.0,169.5849906978209
AtomicRadius,random_07,26,194.0,208.70249990263605
AtomicRadius,random_07,27,192.0,220.15564856232504
AtomicRadius,random_07,28,163.0,222.9037814195443
AtomicRadius,random_07,29,140.0,216.51042398788252
AtomicRadius,random_07,30,139.0,195.60545753251935
AtomicRadius,random_07,31,187.0,229.13265708141546
AtomicRadius,random_07,32,211.0,197.0921188453181
AtomicRadius,random_07,33,185.0,219.4646697441619
AtomicRadius,random_07,34,190.0,206.83446687247036
AtomicRadius,random_07,35,183.0,184.15347161096722
AtomicRadius,random_07,36,202.0,189.23464362497057
AtomicRadius,random_07,37,303.0,211.31574096847612
AtomicRadius,random_07,38,249.0,209.5761867327756
AtomicRadius,random_07,39,219.0,231.70619254704394
AtomicRadius,random_07,40,186.0,189.08149518049126
AtomicRadius,random_07,41,207.0,224.35892202849382
AtomicRadius,random_07,42,209.0,213.95275288003975
AtomicRadius,random_07,43,209.0,218.81347895855558
AtomicRadius,random_07,44,207.0,212.9738839925691
AtomicRadius,random_07,45,195.0,228.24460650510397
AtomicRadius,random_07,46,202.0,233.2471587848276
AtomicRadius,random_07,47,172.0,203.85195115067538
AtomicRadius,random_07,48,158.0,224.5391492266222
AtomicRadius,random_07,49,193.0,217.27855238829855
AtomicRadius,random_07,50,217.0,251.0249455369201
AtomicRadius,random_07,51,206.0,204.36518827249378
AtomicRadius,random_07,52,206.0,212.7164062127385
AtomicRadius,random_07,53,198.0,243.33955420577317
AtomicRadius,random_07,54,216.0,230.96428943887935
AtomicRadius,random_07,55,343.0,216.45875889931057
AtomicRadius,random_07,56,268.0,219.09494043519587
AtomicRadius,random_07,57,240.0,226.399563173307
AtomicRadius,random_07,58,235.0,217.37719190567356
AtomicRadius,random_07,59,239.0,213.97979148266674
AtomicRadius,random_07,60,229.0,208.2057798725766
AtomicRadius,random_07,61,236.0,226.84926206568218
AtomicRadius,random_07,62,229.0,244.24462737387506
AtomicRadius,random_07,63,233.0,213.42758684189496
AtomicRadius,random_07,64,237.0,206.8059847182532
AtomicRadius,random_07,65,221.0,176.97863354501257
AtomicRadius,random_07,66,229.0,208.625728706639
AtomicRadius,random_07,67,216.0,182.2464738981433
AtomicRadius,random_07,68,235.0,200.4874340893005
AtomicRadius,random_07,69,227.0,187.64716112967648
AtomicRadius,random_07,70,242.0,185.9618888245532
AtomicRadius,random_07,71,221.0,218.78610687083724
AtomicRadius,random_07,72,212.0,194.46480748549345
AtomicRadius,random_07,73,217.0,189.1209769574627
AtomicRadius,random_07,74,210.0,195.15063071339884
AtomicRadius,random_07,75,217.0,223.0672605473367
AtomicRadius,random_07,76,216.0,222.9927409718096
AtomicRadius,random_07,77,202.0,200.0114735192213
AtomicRadius,random_07,78,209.0,205.1327818149918
AtomicRadius,random_07,79,166.0,202.36131919294067
AtomicRadius,random_07,80,209.0,199.93202042673838
AtomicRadius,random_07,81,196.0,196.16355388694677
AtomicRadius,random_07,82,202.0,210.54001320099897
AtomicRadius,random_07,83,207.0,212.35576551731467
AtomicRadius,random_07,84,197.0,212.18015839557498
AtomicRadius,random_07,85,202.0,206.5689685257965
AtomicRadius,random_07,86,220.0,197.99405800584336
AtomicRadius,random_07,87,348.0,208.5808585427109
AtomicRadius,random_07,88,283.0,207.65779385097787
AtomicRadius,random_07,89,260.0,205.51787303281975
AtomicRadius,random_07,90,237.0,187.55994414752115
AtomicRadius,random_07,91,243.0,218.11978439182107
AtomicRadius,random_07,92,240.0,212.53174010193183
AtomicRadius,random_07,93,221.0,203.7947092316397
AtomicRadius,random_07,94,243.0,212.3589858098583
AtomicRadius,random_07,95,244.0,208.72727280986152
AtomicRadius,random_07,96,245.0,198.2946187353241
AtomicRadius,random_07,97,244.0,226.26592826512888
AtomicRadius,random_07,98,245.0,216.45073294934446
AtomicRadius,random_07,99,245.0,218.0945686347916
IonizationEnergy,z_poly,1,13.598,9.745390539966895
IonizationEnergy,z_poly,2,24.587,9.703627130106094
IonizationEnergy,z_poly,3,5.392,9.593406734640213
IonizationEnergy,z_poly,4,9.323,9.54800752799675
IonizationEnergy,z_poly,5,8.298,9.502654272705389
IonizationEnergy,z_poly,6,11.26,9.457354216007433
IonizationEnergy,z_poly,7,14.534,9.412114605144195
IonizationEnergy,z_poly,8,13.618,9.366942687356984
IonizationEnergy,z_poly,9,17.423,9.321845709887107
IonizationEnergy,z_poly,10,21.565,9.276830919975874
IonizationEnergy,z_poly,11,5.139,10.08831631492573
IonizationEnergy,z_poly,12,7.646,10.02368321459139
IonizationEnergy,z_poly,13,5.986,9.959214957730392
IonizationEnergy,z_poly,14,8.152,9.894924210691752
IonizationEnergy,z_poly,15,10.487,9.83082363982449
IonizationEnergy,z_poly,16,10.36,9.766925911477626
IonizationEnergy,z_poly,17,12.968,9.703243692000175
IonizationEnergy,z_poly,18,15.76,9.639789647741155
IonizationEnergy,z_poly,19,4.341,10.018462773773384
IonizationEnergy,z_poly,20,6.113,9.952231891884754
IonizationEnergy,z_poly,21,6.561,9.886148050115604
IonizationEnergy,z_poly,22,6.828,9.820224224531929
IonizationEnergy,z_poly,23,6.746,9.754473391199719
IonizationEnergy,z_poly,24,6.767,9.688908526184965
IonizationEnergy,z_poly,25,7.434,9.623542605553663
IonizationEnergy,z_poly,26,7.902,9.558388605371801
IonizationEnergy,z_poly,27,7.881,9.493459501705376
IonizationEnergy,z_poly,28,7.64,9.428768270620377
IonizationEnergy,z_poly,29,7.726,9.3643278881828
IonizationEnergy,z_poly,30,9.394,9.300151330458636
IonizationEnergy,z_poly,31,5.999,9.236251573513876
IonizationEnergy,z_poly,32,7.9,9.172641593414513
IonizationEnergy,z_poly,33,9.815,9.10933436622654
IonizationEnergy,z_poly,34,9.752,9.046342868015948
IonizationEnergy,z_poly,35,11.814,8.983680074848733
IonizationEnergy,z_poly,36,14.0,8.921358962790883
IonizationEnergy,z_poly,37,4.177,8.680813799010837
IonizationEnergy,z_poly,38,5.695,8.628838348995615
IonizationEnergy,z_poly,39,6.217,8.577100582669967
IonizationEnergy,z_poly,40,6.634,8.525609661900116
IonizationEnergy,z_poly,41,6.759,8.474374748552282
IonizationEnergy,z_poly,42,7.092,8.423405004492688
IonizationEnergy,z_poly,43,7.28,8.372709591587554
IonizationEnergy,z_poly,44,7.361,8.3222976717031
IonizationEnergy,z_poly,45,7.459,8.272178406705548
IonizationEnergy,z_poly,46,8.337,8.222360958461119
IonizationEnergy,z_poly,47,7.576,8.172854488836036
IonizationEnergy,z_poly,48,8.994,8.123668159696518
IonizationEnergy,z_poly,49,5.786,8.074811132908788
IonizationEnergy,z_poly,50,7.344,8.026292570339066
IonizationEnergy,z_poly,51,8.64,7.978121633853573
IonizationEnergy,z_poly,52,9.01,7.930307485318531
IonizationEnergy,z_poly,53,10.451,7.882859286600162
IonizationEnergy,z_poly,54,12.13,7.835786199564686
IonizationEnergy,z_poly,55,3.894,7.802434826054878
IonizationEnergy,z_poly,56,5.212,7.752766820303059
IonizationEnergy,z_poly,57,5.577,7.70324177207485
IonizationEnergy,z_poly,58,5.539,7.653864252432036
IonizationEnergy,z_poly,59,5.464,7.604638832436405
IonizationEnergy,z_poly,60,5.525,7.555570083149744
IonizationEnergy,z_poly,61,5.55,7.5066625756338405
IonizationEnergy,z_poly,62,5.644,7.457920880950479
IonizationEnergy,z_poly,63,5.67,7.409349570161449
IonizationEnergy,z_poly,64,6.15,7.360953214328537
IonizationEnergy,z_poly,65,5.864,7.312736384513531
IonizationEnergy,z_poly,66,5.939,7.264703651778215
IonizationEnergy,z_poly,67,6.022,7.216859587184377
IonizationEnergy,z_poly,68,6.108,7.169208761793806
IonizationEnergy,z_poly,69,6.184,7.1217557466682875
IonizationEnergy,z_poly,70,6.254,7.074505112869607
IonizationEnergy,z_poly,71,5.426,7.027461431459555
IonizationEnergy,z_poly,72,6.825,6.980629273499915
IonizationEnergy,z_poly,73,7.89,6.934013210052475
IonizationEnergy,z_poly,74,7.98,6.887617812179023
IonizationEnergy,z_poly,75,7.88,6.841447650941346
IonizationEnergy,z_poly,76,8.7,6.79550729740123
IonizationEnergy,z_poly,77,9.1,6.749801322620461
IonizationEnergy,z_poly,78,9.0,6.704334297660829
IonizationEnergy,z_poly,79,9.226,6.659110793584118
IonizationEnergy,z_poly,80,10.438,6.614135381452116
IonizationEnergy,z_poly,81,6.108,6.569412632326611
IonizationEnergy,z_poly,82,7.417,6.524947117269388
IonizationEnergy,z_poly,83,7.289,6.480743407342236
IonizationEnergy,z_poly,84,8.417,6.436806073606942
IonizationEnergy,z_poly,85,9.5,6.39313968712529
IonizationEnergy,z_poly,86,10.745,6.349748818959069
IonizationEnergy,z_poly,87,3.9,7.6934886514558585
IonizationEnergy,z_poly,88,5.279,7.744931568202113
IonizationEnergy,z_poly,89,5.17,7.7994490229752
IonizationEnergy,z_poly,90,6.08,7.857076398580421
IonizationEnergy,z_poly,91,5.89,7.917849077823089
IonizationEnergy,z_poly,92,6.194,7.9818024435085055
IonizationEnergy,z_poly,93,6.266,8.04897187844198
IonizationEnergy,z_poly,94,6.06,8.119392765428817
IonizationEnergy,z_poly,95,5.993,8.193100487274327
IonizationEnergy,z_poly,96,6.02,8.270130426783812
IonizationEnergy,z_poly,97,6.23,8.350517966762581
IonizationEnergy,z_poly,98,6.3,8.43429849001594
IonizationEnergy,z_poly,99,6.42,8.521507379349197
IonizationEnergy,z_poly,100,6.5,8.612180017567656
IonizationEnergy,z_poly,101,6.58,8.706351787476631
IonizationEnergy,z_poly,102,6.65,8.804058071881421
IonizationEnergy,message_bits,1,13.598,9.783982880085205
IonizationEnergy,message_bits,2,24.587,10.65514651644884
IonizationEnergy,message_bits,3,5.392,10.005695571372296
IonizationEnergy,message_bits,4,9.323,10.356131032567271
IonizationEnergy,message_bits,5,8.298,9.414767287736415
IonizationEnergy,message_bits,6,11.26,10.465408797170378
IonizationEnergy,message_bits,7,14.534,9.524045052339522
IonizationEnergy,message_bits,8,13.618,9.499381067950873
IonizationEnergy,message_bits,9,17.423,8.558017323120016
IonizationEnergy,message_bits,10,21.565,9.608658832553978
IonizationEnergy,message_bits,11,5.139,10.292023713105838
IonizationEnergy,message_bits,12,7.646,10.643788608457047
IonizationEnergy,message_bits,13,5.986,9.629449794165463
IonizationEnergy,message_bits,14,8.152,10.761072435674897
IonizationEnergy,message_bits,15,10.487,9.746733621383312
IonizationEnergy,message_bits,16,10.36,9.680287552099523
IonizationEnergy,message_bits,17,12.968,8.66594873780794
IonizationEnergy,message_bits,18,15.76,9.797571379317374
IonizationEnergy,message_bits,19,4.341,10.550464845093757
IonizationEnergy,message_bits,20,6.113,10.659820538249846
IonizationEnergy,message_bits,21,6.561,9.555540316326375
IonizationEnergy,message_bits,22,6.828,10.886397459183518
IonizationEnergy,message_bits,23,6.746,9.782117237260048
IonizationEnergy,message_bits,24,6.767,10.481490982459682
IonizationEnergy,message_bits,25,7.434,9.377210760536212
IonizationEnergy,message_bits,26,7.902,10.708067903393353
IonizationEnergy,message_bits,27,7.881,9.603787681469882
IonizationEnergy,message_bits,28,7.64,9.713143374625973
IonizationEnergy,message_bits,29,7.726,8.6088631527025
IonizationEnergy,message_bits,30,9.394,9.939720295559644
IonizationEnergy,message_bits,31,5.999,8.835440073636173
IonizationEnergy,message_bits,32,7.9,9.22917479404047
IonizationEnergy,message_bits,33,9.815,8.124894572116997
IonizationEnergy,message_bits,34,9.752,9.45575171497414
IonizationEnergy,message_bits,35,11.814,8.351471493050669
IonizationEnergy,message_bits,36,14.0,8.46082718620676
IonizationEnergy,message_bits,37,4.177,7.930138379075728
IonizationEnergy,message_bits,38,5.695,9.16332986843743
IonizationEnergy,message_bits,39,6.217,8.061063237917201
IonizationEnergy,message_bits,40,6.634,9.30969614487818
IonizationEnergy,message_bits,41,6.759,8.20742951435795
IonizationEnergy,message_bits,42,7.092,9.440621003719652
IonizationEnergy,message_bits,43,7.28,8.338354373199422
IonizationEnergy,message_bits,44,7.361,8.358694088905214
IonizationEnergy,message_bits,45,7.459,7.2564274583849855
IonizationEnergy,message_bits,46,8.337,8.489618947746687
IonizationEnergy,message_bits,47,7.576,7.387352317226458
IonizationEnergy,message_bits,48,8.994,7.94464883765246
IonizationEnergy,message_bits,49,5.786,6.842382207132232
IonizationEnergy,message_bits,50,7.344,8.075573696493933
IonizationEnergy,message_bits,51,8.64,6.973307065973705
IonizationEnergy,message_bits,52,9.01,6.993646781679495
IonizationEnergy,message_bits,53,10.451,5.891380151159266
IonizationEnergy,message_bits,54,12.13,7.124571640520969
IonizationEnergy,message_bits,55,3.894,6.278450380189475
IonizationEnergy,message_bits,56,5.212,7.495704589214726
IonizationEnergy,message_bits,57,5.577,6.18589347445694
IonizationEnergy,message_bits,58,5.539,7.756673962261817
IonizationEnergy,message_bits,59,5.464,6.446862847504031
IonizationEnergy,message_bits,60,5.525,6.201161767139866
IonizationEnergy,message_bits,61,5.55,4.89135065238208
IonizationEnergy,message_bits,62,5.644,6.4621311401869574
IonizationEnergy,message_bits,63,5.67,5.152320025429171
IonizationEnergy,message_bits,64,6.15,9.87250755250751
IonizationEnergy,message_bits,65,5.864,8.562696437749725
IonizationEnergy,message_bits,66,5.939,10.133476925554602
IonizationEnergy,message_bits,67,6.022,8.823665810796816
IonizationEnergy,message_bits,68,6.108,8.577964730432653
IonizationEnergy,message_bits,69,6.184,7.268153615674866
IonizationEnergy,message_bits,70,6.254,8.838934103479744
IonizationEnergy,message_bits,71,5.426,7.529122988721957
IonizationEnergy,message_bits,72,6.825,8.746377197747208
IonizationEnergy,message_bits,73,7.89,7.436566082989422
IonizationEnergy,message_bits,74,7.98,9.007346570794299
IonizationEnergy,message_bits,75,7.88,7.697535456036513
IonizationEnergy,message_bits,76,8.7,7.451834375672348
IonizationEnergy,message_bits,77,9.1,6.142023260914562
IonizationEnergy,message_bits,78,9.0,7.712803748719439
IonizationEnergy,message_bits,79,9.226,6.402992633961653
IonizationEnergy,message_bits,80,10.438,8.094145299114443
IonizationEnergy,message_bits,81,6.108,6.7843341843566565
IonizationEnergy,message_bits,82,7.417,8.355114672161534
IonizationEnergy,message_bits,83,7.289,7.045303557403748
IonizationEnergy,message_bits,84,8.417,6.799602477039584
IonizationEnergy,message_bits,85,9.5,5.489791362281798
IonizationEnergy,message_bits,86,10.745,7.060571850086675
IonizationEnergy,message_bits,87,3.9,6.085965630946152
IonizationEnergy,message_bits,88,5.279,7.144448211106288
IonizationEnergy,message_bits,89,5.17,5.9264651341278345
IonizationEnergy,message_bits,90,6.08,7.318383501474774
IonizationEnergy,message_bits,91,5.89,6.1004004244963195
IonizationEnergy,message_bits,92,6.194,6.208832481066611
IonizationEnergy,message_bits,93,6.266,4.9908494040881575
IonizationEnergy,message_bits,94,6.06,6.3827677714350965
IonizationEnergy,message_bits,95,5.993,5.1647846944566425
IonizationEnergy,message_bits,96,6.02,7.4031692981765485
IonizationEnergy,message_bits,97,6.23,6.185186221198095
IonizationEnergy,message_bits,98,6.3,7.577104588545034
IonizationEnergy,message_bits,99,6.42,6.35912151156658
IonizationEnergy,message_bits,100,6.5,6.467553568136871
IonizationEnergy,message_bits,101,6.58,5.249570491158417
IonizationEnergy,message_bits,102,6.65,6.641488858505357
IonizationEnergy,golay_bits,1,13.598,9.566782740185587
IonizationEnergy,golay_bits,2,24.587,10.778835402685178
IonizationEnergy,golay_bits,3,5.392,8.69363369962207
IonizationEnergy,golay_bits,4,9.323,9.877066051921275
IonizationEnergy,golay_bits,5,8.298,10.079796678391796
IonizationEnergy,golay_bits,6,11.26,9.987961019888415
IonizationEnergy,golay_bits,7,14.534,9.513357184811225
IonizationEnergy,golay_bits,8,13.618,9.498236708436583
IonizationEnergy,golay_bits,9,17.423,8.816081790379396
IonizationEnergy,golay_bits,10,21.565,10.147813733756177
IonizationEnergy,golay_bits,11,5.139,8.416841362614324
IonizationEnergy,golay_bits,12,7.646,10.887626043277441
IonizationEnergy,golay_bits,13,5.986,9.23792104023631
IonizationEnergy,golay_bits,14,8.152,11.572197388845805
IonizationEnergy,golay_bits,15,10.487,8.720767765124961
IonizationEnergy,golay_bits,16,10.36,7.9910925561193356
IonizationEnergy,golay_bits,17,12.968,10.354052421906488
IonizationEnergy,golay_bits,18,15.76,10.688517150044158
IonizationEnergy,golay_bits,19,4.341,9.918404109041138
IonizationEnergy,golay_bits,20,6.113,9.880641998562933
IonizationEnergy,golay_bits,21,6.561,10.261189139316398
IonizationEnergy,golay_bits,22,6.828,11.122904236351829
IonizationEnergy,golay_bits,23,6.746,9.642361710726844
IonizationEnergy,golay_bits,24,6.767,9.13172321362069
IonizationEnergy,golay_bits,25,7.434,10.523307762025658
IonizationEnergy,golay_bits,26,7.902,10.961011007570217
IonizationEnergy,golay_bits,27,7.881,9.317454777275465
IonizationEnergy,golay_bits,28,7.64,10.870950807882464
IonizationEnergy,golay_bits,29,7.726,7.619966251402886
IonizationEnergy,golay_bits,30,9.394,9.796774867548304
IonizationEnergy,golay_bits,31,5.999,8.7396339804954
IonizationEnergy,golay_bits,32,7.9,9.69624811770583
IonizationEnergy,golay_bits,33,9.815,7.978233338275178
IonizationEnergy,golay_bits,34,9.752,9.213775495952792
IonizationEnergy,golay_bits,35,11.814,8.506197748786573
IonizationEnergy,golay_bits,36,14.0,10.495525602226737
IonizationEnergy,golay_bits,37,4.177,4.657103718167843
IonizationEnergy,golay_bits,38,5.695,9.013343242637777
IonizationEnergy,golay_bits,39,6.217,7.768816967223681
IonizationEnergy,golay_bits,40,6.634,9.75803975475758
IonizationEnergy,golay_bits,41,6.759,7.196338687400706
IonizationEnergy,golay_bits,42,7.092,9.660244231891431
IonizationEnergy,golay_bits,43,7.28,8.100944657290647
IonizationEnergy,golay_bits,44,7.361,9.46818447330619
IonizationEnergy,golay_bits,45,7.459,5.861952456168462
IonizationEnergy,golay_bits,46,8.337,7.040600824497762
IonizationEnergy,golay_bits,47,7.576,8.13881971209766
IonizationEnergy,golay_bits,48,8.994,7.13075669687081
IonizationEnergy,golay_bits,49,5.786,6.900888540705322
IonizationEnergy,golay_bits,50,7.344,8.54437328690201
IonizationEnergy,golay_bits,51,8.64,6.2940823976979186
IonizationEnergy,golay_bits,52,9.01,8.392082643826038
IonizationEnergy,golay_bits,53,10.451,4.015321081066464
IonizationEnergy,golay_bits,54,12.13,4.453086882120264
IonizationEnergy,golay_bits,55,3.894,8.939374063054947
IonizationEnergy,golay_bits,56,5.212,8.114375631966086
IonizationEnergy,golay_bits,57,5.577,5.555900310723872
IonizationEnergy,golay_bits,58,5.539,8.887377362998867
IonizationEnergy,golay_bits,59,5.464,5.579401178706401
IonizationEnergy,golay_bits,60,5.525,7.257369176998817
IonizationEnergy,golay_bits,61,5.55,4.09838497446255
IonizationEnergy,golay_bits,62,5.644,2.9221671546988404
IonizationEnergy,golay_bits,63,5.67,9.247737586945103
IonizationEnergy,golay_bits,64,6.15,9.750030696300508
IonizationEnergy,golay_bits,65,5.864,8.491390142881748
IonizationEnergy,golay_bits,66,5.939,9.773531564283035
IonizationEnergy,golay_bits,67,6.022,9.264391873914528
IonizationEnergy,golay_bits,68,6.108,6.09491595024399
IonizationEnergy,golay_bits,69,6.184,9.831983097709672
IonizationEnergy,golay_bits,70,6.254,11.244268562726543
IonizationEnergy,golay_bits,71,5.426,5.496781075409697
IonizationEnergy,golay_bits,72,6.825,10.597798126269826
IonizationEnergy,golay_bits,73,7.89,5.2292701985802506
IonizationEnergy,golay_bits,74,7.98,9.000576766546422
IonizationEnergy,golay_bits,75,7.88,7.640642148486231
IonizationEnergy,golay_bits,76,8.7,3.814776189353566
IonizationEnergy,golay_bits,77,9.1,9.715418335435187
IonizationEnergy,golay_bits,78,9.0,8.0993709999803
IonizationEnergy,golay_bits,79,9.226,6.22732612382376
IonizationEnergy,golay_bits,80,10.438,7.004503771212363
IonizationEnergy,golay_bits,81,6.108,7.9910173647642075
IonizationEnergy,golay_bits,82,7.417,7.761356035726382
IonizationEnergy,golay_bits,83,7.289,8.048315690432766
IonizationEnergy,golay_bits,84,8.417,7.523079846263407
IonizationEnergy,golay_bits,85,9.5,5.17556748965184
IonizationEnergy,golay_bits,86,10.745,9.453601032652719
IonizationEnergy,golay_bits,87,3.9,3.7839072085265952
IonizationEnergy,golay_bits,88,5.279,7.074452908849675
IonizationEnergy,golay_bits,89,5.17,6.037219112038379
IonizationEnergy,golay_bits,90,6.08,7.333037923406082
IonizationEnergy,golay_bits,91,5.89,5.724894320610382
IonizationEnergy,golay_bits,92,6.194,4.688178134932427
IonizationEnergy,golay_bits,93,6.266,6.1506520682677115
IonizationEnergy,golay_bits,94,6.06,8.401911021988091
IonizationEnergy,golay_bits,95,5.993,3.0324748466330735
IonizationEnergy,golay_bits,96,6.02,7.833573623692052
IonizationEnergy,golay_bits,97,6.23,5.530234259690506
IonizationEnergy,golay_bits,98,6.3,6.001904754208437
IonizationEnergy,golay_bits,99,6.42,7.957458794595149
IonizationEnergy,golay_bits,100,6.5,5.997616191201736
IonizationEnergy,golay_bits,101,6.58,5.742645316785524
IonizationEnergy,golay_bits,102,6.65,6.520460511363516
IonizationEnergy,mog_planar,1,13.598,7.576470784613086
IonizationEnergy,mog_planar,2,24.587,9.312742246675521
IonizationEnergy,mog_planar,3,5.392,7.1604423276158204
IonizationEnergy,mog_planar,4,9.323,9.727140691106209
IonizationEnergy,mog_planar,5,8.298,7.577946075881832
IonizationEnergy,mog_planar,6,11.26,9.044279045240362
IonizationEnergy,mog_planar,7,14.534,6.612373693700537
IonizationEnergy,mog_planar,8,13.618,9.417092459643985
IonizationEnergy,mog_planar,9,17.423,6.898575295005364
IonizationEnergy,mog_planar,10,21.565,8.97995332342445
IonizationEnergy,mog_planar,11,5.139,7.113163640342663
IonizationEnergy,mog_planar,12,7.646,10.620339300747162
IonizationEnergy,mog_planar,13,5.986,7.652117261360989
IonizationEnergy,mog_planar,14,8.152,9.825692548262536
IonizationEnergy,mog_planar,15,10.487,7.415995407956471
IonizationEnergy,mog_planar,16,10.36,7.965472831301138
IonizationEnergy,mog_planar,17,12.968,7.705406637587518
IonizationEnergy,mog_planar,18,15.76,7.611069984357367
IonizationEnergy,mog_planar,19,4.341,8.71768704604256
IonizationEnergy,mog_planar,20,6.113,8.653118333285013
IonizationEnergy,mog_planar,21,6.561,8.96756932605496
IonizationEnergy,mog_planar,22,6.828,8.623515016524543
IonizationEnergy,mog_planar,23,6.746,7.19796194525708
IonizationEnergy,mog_planar,24,6.767,7.942308232390943
IonizationEnergy,mog_planar,25,7.434,9.01576382419846
IonizationEnergy,mog_planar,26,7.902,7.653377899018368
IonizationEnergy,mog_planar,27,7.881,7.076594097390688
IonizationEnergy,mog_planar,28,7.64,7.431930191162522
IonizationEnergy,mog_planar,29,7.726,8.473937865316064
IonizationEnergy,mog_planar,30,9.394,7.23889013037765
IonizationEnergy,mog_planar,31,5.999,10.534709303794283
IonizationEnergy,mog_planar,32,7.9,11.155130731386313
IonizationEnergy,mog_planar,33,9.815,7.347295345483124
IonizationEnergy,mog_planar,34,9.752,10.049589613992998
IonizationEnergy,mog_planar,35,11.814,7.97860852706243
IonizationEnergy,mog_planar,36,14.0,10.11192491512477
IonizationEnergy,mog_planar,37,4.177,8.023904510698536
IonizationEnergy,mog_planar,38,5.695,11.64709445397627
IonizationEnergy,mog_planar,39,6.217,7.273860122029911
IonizationEnergy,mog_planar,40,6.634,12.46863384979105
IonizationEnergy,mog_planar,41,6.759,6.438216890240284
IonizationEnergy,mog_planar,42,7.092,9.959858001633563
IonizationEnergy,mog_planar,43,7.28,8.011200115585009
IonizationEnergy,mog_planar,44,7.361,11.17070617599311
IonizationEnergy,mog_planar,45,7.459,6.44702331435028
IonizationEnergy,mog_planar,46,8.337,10.780283859182369
IonizationEnergy,mog_planar,47,7.576,7.491182791652384
IonizationEnergy,mog_planar,48,8.994,8.834192430909432
IonizationEnergy,mog_planar,49,5.786,8.572460923294429
IonizationEnergy,mog_planar,50,7.344,7.7254371992878
IonizationEnergy,mog_planar,51,8.64,8.33898751473253
IonizationEnergy,mog_planar,52,9.01,8.209967163918119
IonizationEnergy,mog_planar,53,10.451,7.24212887471352
IonizationEnergy,mog_planar,54,12.13,6.823558239264667
IonizationEnergy,mog_planar,55,3.894,10.56277257826109
IonizationEnergy,mog_planar,56,5.212,7.983741724191079
IonizationEnergy,mog_planar,57,5.577,7.711551966228872
IonizationEnergy,mog_planar,58,5.539,8.634530744838576
IonizationEnergy,mog_planar,59,5.464,7.969757522814613
IonizationEnergy,mog_planar,60,5.525,8.415038784412898
IonizationEnergy,mog_planar,61,5.55,6.884460300219968
IonizationEnergy,mog_planar,62,5.644,6.409924494965571
IonizationEnergy,mog_planar,63,5.67,8.33672688504886
IonizationEnergy,mog_planar,64,6.15,8.29488969596709
IonizationEnergy,mog_planar,65,5.864,9.264623617928637
IonizationEnergy,mog_planar,66,5.939,8.715666367193657
IonizationEnergy,mog_planar,67,6.022,9.548147682970308
IonizationEnergy,mog_planar,68,6.108,7.580938169312797
IonizationEnergy,mog_planar,69,6.184,9.973304186781252
IonizationEnergy,mog_planar,70,6.254,8.246196452866949
IonizationEnergy,mog_planar,71,5.426,7.686506649223714
IonizationEnergy,mog_planar,72,6.825,9.267253880572754
IonizationEnergy,mog_planar,73,7.89,7.475558199140069
IonizationEnergy,mog_planar,74,7.98,8.210318392779863
IonizationEnergy,mog_planar,75,7.88,7.0657387241639995
IonizationEnergy,mog_planar,76,8.7,5.598630899981172
IonizationEnergy,mog_planar,77,9.1,8.66311111697515
IonizationEnergy,mog_planar,78,9.0,8.224149972740326
IonizationEnergy,mog_planar,79,9.226,6.036494374819158
IonizationEnergy,mog_planar,80,10.438,6.801070694810463
IonizationEnergy,mog_planar,81,6.108,8.660759015309539
IonizationEnergy,mog_planar,82,7.417,8.903511502097736
IonizationEnergy,mog_planar,83,7.289,5.348559861661785
IonizationEnergy,mog_planar,84,8.417,8.71227902660432
IonizationEnergy,mog_planar,85,9.5,6.181209273015488
IonizationEnergy,mog_planar,86,10.745,8.650184799433148
IonizationEnergy,mog_planar,87,3.9,6.367310070727115
IonizationEnergy,mog_planar,88,5.279,7.281505541876998
IonizationEnergy,mog_planar,89,5.17,6.419767230515993
IonizationEnergy,mog_planar,90,6.08,8.45968268174032
IonizationEnergy,mog_planar,91,5.89,5.480512837564868
IonizationEnergy,mog_planar,92,6.194,8.463773755909289
IonizationEnergy,mog_planar,93,6.266,5.260981733863382
IonizationEnergy,mog_planar,94,6.06,8.282248327005409
IonizationEnergy,mog_planar,95,5.993,4.151579841973859
IonizationEnergy,mog_planar,96,6.02,8.776326278980934
IonizationEnergy,mog_planar,97,6.23,9.23600810255186
IonizationEnergy,mog_planar,98,6.3,8.345398693767258
IonizationEnergy,mog_planar,99,6.42,8.796321318821454
IonizationEnergy,mog_planar,100,6.5,9.460806390239357
IonizationEnergy,mog_planar,101,6.58,7.317993924974179
IonizationEnergy,mog_planar,102,6.65,8.680824677892346
IonizationEnergy,mog_stacked,1,13.598,7.551705980740276
IonizationEnergy,mog_stacked,2,24.587,9.362060358797775
IonizationEnergy,mog_stacked,3,5.392,6.531694861261447
IonizationEnergy,mog_stacked,4,9.323,9.612860341911443
IonizationEnergy,mog_stacked,5,8.298,7.485067155653521
IonizationEnergy,mog_stacked,6,11.26,9.156338275472669
IonizationEnergy,mog_stacked,7,14.534,6.6590174502296655
IonizationEnergy,mog_stacked,8,13.618,9.114502775481535
IonizationEnergy,mog_stacked,9,17.423,7.401401226861294
IonizationEnergy,mog_stacked,10,21.565,9.053564926968527
IonizationEnergy,mog_stacked,11,5.139,7.28088305121593
IonizationEnergy,mog_stacked,12,7.646,10.611459592620507
IonizationEnergy,mog_stacked,13,5.986,7.549890497096799
IonizationEnergy,mog_stacked,14,8.152,9.842677340136559
IonizationEnergy,mog_stacked,15,10.487,7.5053340511442554
IonizationEnergy,mog_stacked,16,10.36,8.072628083721023
IonizationEnergy,mog_stacked,17,12.968,7.357173339453826
IonizationEnergy,mog_stacked,18,15.76,7.4482034193089195
IonizationEnergy,mog_stacked,19,4.341,9.227352186222793
IonizationEnergy,mog_stacked,20,6.113,8.751655780828637
IonizationEnergy,mog_stacked,21,6.561,9.42824053545355
IonizationEnergy,mog_stacked,22,6.828,9.034390968156941
IonizationEnergy,mog_stacked,23,6.746,7.009693607585061
IonizationEnergy,mog_stacked,24,6.767,7.4973984286884106
IonizationEnergy,mog_stacked,25,7.434,9.433208206072397
IonizationEnergy,mog_stacked,26,7.902,7.572388995256303
IonizationEnergy,mog_stacked,27,7.881,7.257001461200779
IonizationEnergy,mog_stacked,28,7.64,6.7086313589714175
IonizationEnergy,mog_stacked,29,7.726,8.383411510259396
IonizationEnergy,mog_stacked,30,9.394,7.590774820829475
IonizationEnergy,mog_stacked,31,5.999,10.655470446380665
IonizationEnergy,mog_stacked,32,7.9,10.60588898939774
IonizationEnergy,mog_stacked,33,9.815,6.897289105145267
IonizationEnergy,mog_stacked,34,9.752,9.720150944321954
IonizationEnergy,mog_stacked,35,11.814,7.732317986294513
IonizationEnergy,mog_stacked,36,14.0,9.77680185798584
IonizationEnergy,mog_stacked,37,4.177,8.337450839474633
IonizationEnergy,mog_stacked,38,5.695,11.550951148520708
IonizationEnergy,mog_stacked,39,6.217,7.187035871970474
IonizationEnergy,mog_stacked,40,6.634,12.746723022238015
IonizationEnergy,mog_stacked,41,6.759,6.5889045207906465
IonizationEnergy,mog_stacked,42,7.092,9.977879875208352
IonizationEnergy,mog_stacked,43,7.28,8.338450489746199
IonizationEnergy,mog_stacked,44,7.361,11.634177416697376
IonizationEnergy,mog_stacked,45,7.459,6.505740957499804
IonizationEnergy,mog_stacked,46,8.337,10.815312336092363
IonizationEnergy,mog_stacked,47,7.576,7.023627135434808
IonizationEnergy,mog_stacked,48,8.994,8.56721284974603
IonizationEnergy,mog_stacked,49,5.786,8.470653050762253
IonizationEnergy,mog_stacked,50,7.344,7.861915291007675
IonizationEnergy,mog_stacked,51,8.64,8.251433858137467
IonizationEnergy,mog_stacked,52,9.01,8.570678090308064
IonizationEnergy,mog_stacked,53,10.451,7.200535959845808
IonizationEnergy,mog_stacked,54,12.13,6.580488109611273
IonizationEnergy,mog_stacked,55,3.894,10.980915026842611
IonizationEnergy,mog_stacked,56,5.212,7.818892978688972
IonizationEnergy,mog_stacked,57,5.577,7.139301484454305
IonizationEnergy,mog_stacked,58,5.539,8.476813530989912
IonizationEnergy,mog_stacked,59,5.464,7.375941944429891
IonizationEnergy,mog_stacked,60,5.525,8.484712458179857
IonizationEnergy,mog_stacked,61,5.55,6.80185561969639
IonizationEnergy,mog_stacked,62,5.644,6.586245001739124
IonizationEnergy,mog_stacked,63,5.67,8.245213105181717
IonizationEnergy,mog_stacked,64,6.15,9.04263496105922
IonizationEnergy,mog_stacked,65,5.864,8.601124186018232
IonizationEnergy,mog_stacked,66,5.939,8.596216647678586
IonizationEnergy,mog_stacked,67,6.022,9.258493311896807
IonizationEnergy,mog_stacked,68,6.108,7.633507850312569
IonizationEnergy,mog_stacked,69,6.184,9.973854231060063
IonizationEnergy,mog_stacked,70,6.254,8.490797393920271
IonizationEnergy,mog_stacked,71,5.426,8.153805367652483
IonizationEnergy,mog_stacked,72,6.825,9.719737822876084
IonizationEnergy,mog_stacked,73,7.89,7.329974974187983
IonizationEnergy,mog_stacked,74,7.98,8.101494922564648
IonizationEnergy,mog_stacked,75,7.88,7.378324720380489
IonizationEnergy,mog_stacked,76,8.7,5.733860770494006
IonizationEnergy,mog_stacked,77,9.1,9.039344103507254
IonizationEnergy,mog_stacked,78,9.0,8.849821966881109
IonizationEnergy,mog_stacked,79,9.226,5.661328289994989
IonizationEnergy,mog_stacked,80,10.438,7.371234621407674
IonizationEnergy,mog_stacked,81,6.108,8.383283974227558
IonizationEnergy,mog_stacked,82,7.417,9.666153103237818
IonizationEnergy,mog_stacked,83,7.289,5.47323989689494
IonizationEnergy,mog_stacked,84,8.417,8.597607364170033
IonizationEnergy,mog_stacked,85,9.5,5.508729994898929
IonizationEnergy,mog_stacked,86,10.745,8.962346287814098
IonizationEnergy,mog_stacked,87,3.9,6.083766635955669
IonizationEnergy,mog_stacked,88,5.279,7.72583018595272
IonizationEnergy,mog_stacked,89,5.17,5.727979096515554
IonizationEnergy,mog_stacked,90,6.08,8.270782578558329
IonizationEnergy,mog_stacked,91,5.89,4.677847883352836
IonizationEnergy,mog_stacked,92,6.194,8.752043441124641
IonizationEnergy,mog_stacked,93,6.266,4.571188885679444
IonizationEnergy,mog_stacked,94,6.06,8.200676198776357
IonizationEnergy,mog_stacked,95,5.993,3.998707390271157
IonizationEnergy,mog_stacked,96,6.02,9.127615393160735
IonizationEnergy,mog_stacked,97,6.23,8.518166510007376
IonizationEnergy,mog_stacked,98,6.3,9.136236875692429
IonizationEnergy,mog_stacked,99,6.42,8.530981121700686
IonizationEnergy,mog_stacked,100,6.5,9.457950722161893
IonizationEnergy,mog_stacked,101,6.58,7.478440705899394
IonizationEnergy,mog_stacked,102,6.65,8.673161494760704
IonizationEnergy,mog_cylinder,1,13.598,7.535249968138559
IonizationEnergy,mog_cylinder,2,24.587,9.750989547604918
IonizationEnergy,mog_cylinder,3,5.392,7.771109140205922
IonizationEnergy,mog_cylinder,4,9.323,10.228509698136527
IonizationEnergy,mog_cylinder,5,8.298,8.173744953178524
IonizationEnergy,mog_cylinder,6,11.26,8.29861241898063
IonizationEnergy,mog_cylinder,7,14.534,7.667888269387964
IonizationEnergy,mog_cylinder,8,13.618,10.19243540731743
IonizationEnergy,mog_cylinder,9,17.423,7.749353086544156
IonizationEnergy,mog_cylinder,10,21.565,7.80888710478106
IonizationEnergy,mog_cylinder,11,5.139,7.266706637268314
IonizationEnergy,mog_cylinder,12,7.646,9.93876438194887
IonizationEnergy,mog_cylinder,13,5.986,7.552874561171256
IonizationEnergy,mog_cylinder,14,8.152,10.641665712144473
IonizationEnergy,mog_cylinder,15,10.487,7.521652498252763
IonizationEnergy,mog_cylinder,16,10.36,7.525248960126002
IonizationEnergy,mog_cylinder,17,12.968,6.794570894355202
IonizationEnergy,mog_cylinder,18,15.76,7.235527827761685
IonizationEnergy,mog_cylinder,19,4.341,9.081082833484226
IonizationEnergy,mog_cylinder,20,6.113,8.49454639308123
IonizationEnergy,mog_cylinder,21,6.561,9.06550513137065
IonizationEnergy,mog_cylinder,22,6.828,9.254775087220136
IonizationEnergy,mog_cylinder,23,6.746,7.087429691184086
IonizationEnergy,mog_cylinder,24,6.767,8.0209900001014
IonizationEnergy,mog_cylinder,25,7.434,9.077287906668447
IonizationEnergy,mog_cylinder,26,7.902,7.460732379178603
IonizationEnergy,mog_cylinder,27,7.881,8.09958470689312
IonizationEnergy,mog_cylinder,28,7.64,7.532541264129351
IonizationEnergy,mog_cylinder,29,7.726,8.45956458600967
IonizationEnergy,mog_cylinder,30,9.394,7.649422249424282
IonizationEnergy,mog_cylinder,31,5.999,8.649449029582236
IonizationEnergy,mog_cylinder,32,7.9,10.073101273929726
IonizationEnergy,mog_cylinder,33,9.815,7.444007145285433
IonizationEnergy,mog_cylinder,34,9.752,10.542808027839627
IonizationEnergy,mog_cylinder,35,11.814,8.101974357175624
IonizationEnergy,mog_cylinder,36,14.0,10.08095075465053
IonizationEnergy,mog_cylinder,37,4.177,8.791456302575478
IonizationEnergy,mog_cylinder,38,5.695,11.449166915429455
IonizationEnergy,mog_cylinder,39,6.217,6.781884393544766
IonizationEnergy,mog_cylinder,40,6.634,12.820763485174123
IonizationEnergy,mog_cylinder,41,6.759,7.11369111304756
IonizationEnergy,mog_cylinder,42,7.092,10.076080742342171
IonizationEnergy,mog_cylinder,43,7.28,8.250285794480352
IonizationEnergy,mog_cylinder,44,7.361,11.681983473371353
IonizationEnergy,mog_cylinder,45,7.459,6.061519123527724
IonizationEnergy,mog_cylinder,46,8.337,11.612464666522522
IonizationEnergy,mog_cylinder,47,7.576,7.0931655472983435
IonizationEnergy,mog_cylinder,48,8.994,8.122890279182085
IonizationEnergy,mog_cylinder,49,5.786,8.505872009798589
IonizationEnergy,mog_cylinder,50,7.344,7.6910381511045
IonizationEnergy,mog_cylinder,51,8.64,8.786297563681082
IonizationEnergy,mog_cylinder,52,9.01,8.279177499554136
IonizationEnergy,mog_cylinder,53,10.451,7.714504225724312
IonizationEnergy,mog_cylinder,54,12.13,7.291836916390197
IonizationEnergy,mog_cylinder,55,3.894,11.046685991643725
IonizationEnergy,mog_cylinder,56,5.212,7.23706799233985
IonizationEnergy,mog_cylinder,57,5.577,8.138388612005595
IonizationEnergy,mog_cylinder,58,5.539,8.062092922310548
IonizationEnergy,mog_cylinder,59,5.464,7.430026387169422
IonizationEnergy,mog_cylinder,60,5.525,8.871946961367595
IonizationEnergy,mog_cylinder,61,5.55,6.899304431056214
IonizationEnergy,mog_cylinder,62,5.644,6.668270660730909
IonizationEnergy,mog_cylinder,63,5.67,8.323128228328265
IonizationEnergy,mog_cylinder,64,6.15,8.630145096202915
IonizationEnergy,mog_cylinder,65,5.864,8.116156011090329
IonizationEnergy,mog_cylinder,66,5.939,8.095798393096983
IonizationEnergy,mog_cylinder,67,6.022,8.574532751040078
IonizationEnergy,mog_cylinder,68,6.108,7.399917943738082
IonizationEnergy,mog_cylinder,69,6.184,9.987814757153595
IonizationEnergy,mog_cylinder,70,6.254,8.642482758740787
IonizationEnergy,mog_cylinder,71,5.426,7.886435120606864
IonizationEnergy,mog_cylinder,72,6.825,8.990591162095923
IonizationEnergy,mog_cylinder,73,7.89,7.468880204225419
IonizationEnergy,mog_cylinder,74,7.98,8.518309705110516
IonizationEnergy,mog_cylinder,75,7.88,7.413142806310677
IonizationEnergy,mog_cylinder,76,8.7,5.843501404827076
IonizationEnergy,mog_cylinder,77,9.1,8.924564381315413
IonizationEnergy,mog_cylinder,78,9.0,9.103151264713564
IonizationEnergy,mog_cylinder,79,9.226,6.58558928582259
IonizationEnergy,mog_cylinder,80,10.438,6.784606509018841
IonizationEnergy,mog_cylinder,81,6.108,8.134916358838213
IonizationEnergy,mog_cylinder,82,7.417,9.467449383674555
IonizationEnergy,mog_cylinder,83,7.289,5.32038091486285
IonizationEnergy,mog_cylinder,84,8.417,7.785887044040501
IonizationEnergy,mog_cylinder,85,9.5,5.7084534277848515
IonizationEnergy,mog_cylinder,86,10.745,9.188745743342997
IonizationEnergy,mog_cylinder,87,3.9,5.826853831179751
IonizationEnergy,mog_cylinder,88,5.279,6.940858073121177
IonizationEnergy,mog_cylinder,89,5.17,5.860819939548582
IonizationEnergy,mog_cylinder,90,6.08,9.231303438519777
IonizationEnergy,mog_cylinder,91,5.89,5.230395419893027
IonizationEnergy,mog_cylinder,92,6.194,8.750253531623605
IonizationEnergy,mog_cylinder,93,6.266,4.1603365387406415
IonizationEnergy,mog_cylinder,94,6.06,8.039726634099468
IonizationEnergy,mog_cylinder,95,5.993,3.8222139110715467
IonizationEnergy,mog_cylinder,96,6.02,9.183573031525553
IonizationEnergy,mog_cylinder,97,6.23,9.572840650633898
IonizationEnergy,mog_cylinder,98,6.3,7.166536079018983
IonizationEnergy,mog_cylinder,99,6.42,8.930341022285608
IonizationEnergy,mog_cylinder,100,6.5,9.183705756217753
IonizationEnergy,mog_cylinder,101,6.58,7.810414803571928
IonizationEnergy,mog_cylinder,102,6.65,9.41085711850703
IonizationEnergy,mog_sphere,1,13.598,8.046315283728804
IonizationEnergy,mog_sphere,2,24.587,10.259215408951542
IonizationEnergy,mog_sphere,3,5.392,5.623164025216477
IonizationEnergy,mog_sphere,4,9.323,9.846648343796009
IonizationEnergy,mog_sphere,5,8.298,7.500800991182248
IonizationEnergy,mog_sphere,6,11.26,8.086944523497042
IonizationEnergy,mog_sphere,7,14.534,7.137659010868616
IonizationEnergy,mog_sphere,8,13.618,8.305507369243607
IonizationEnergy,mog_sphere,9,17.423,8.393213869802908
IonizationEnergy,mog_sphere,10,21.565,9.684653243250274
IonizationEnergy,mog_sphere,11,5.139,7.001097954008404
IonizationEnergy,mog_sphere,12,7.646,10.856740716860793
IonizationEnergy,mog_sphere,13,5.986,7.873738521899077
IonizationEnergy,mog_sphere,14,8.152,10.233774290691665
IonizationEnergy,mog_sphere,15,10.487,7.667419982021462
IonizationEnergy,mog_sphere,16,10.36,7.6513777777612075
IonizationEnergy,mog_sphere,17,12.968,8.657077689209904
IonizationEnergy,mog_sphere,18,15.76,7.315924001707338
IonizationEnergy,mog_sphere,19,4.341,9.237862682531423
IonizationEnergy,mog_sphere,20,6.113,9.022439615417596
IonizationEnergy,mog_sphere,21,6.561,9.878807927400201
IonizationEnergy,mog_sphere,22,6.828,10.802775913552903
IonizationEnergy,mog_sphere,23,6.746,6.746945209288689
IonizationEnergy,mog_sphere,24,6.767,8.544290827105025
IonizationEnergy,mog_sphere,25,7.434,6.889896518995071
IonizationEnergy,mog_sphere,26,7.902,8.442937944004074
IonizationEnergy,mog_sphere,27,7.881,6.540220298184691
IonizationEnergy,mog_sphere,28,7.64,7.5048168458977935
IonizationEnergy,mog_sphere,29,7.726,7.700469429291939
IonizationEnergy,mog_sphere,30,9.394,7.532010817081345
IonizationEnergy,mog_sphere,31,5.999,8.575294185109795
IonizationEnergy,mog_sphere,32,7.9,10.491070636243062
IonizationEnergy,mog_sphere,33,9.815,5.505469750494434
IonizationEnergy,mog_sphere,34,9.752,10.587546404016333
IonizationEnergy,mog_sphere,35,11.814,7.835217296926297
IonizationEnergy,mog_sphere,36,14.0,8.95058333607766
IonizationEnergy,mog_sphere,37,4.177,8.099233992957231
IonizationEnergy,mog_sphere,38,5.695,10.055428304961826
IonizationEnergy,mog_sphere,39,6.217,7.411995164234114
IonizationEnergy,mog_sphere,40,6.634,11.420991942975034
IonizationEnergy,mog_sphere,41,6.759,7.260462752842648
IonizationEnergy,mog_sphere,42,7.092,9.769416863739918
IonizationEnergy,mog_sphere,43,7.28,7.767285744187039
IonizationEnergy,mog_sphere,44,7.361,9.521812527400716
IonizationEnergy,mog_sphere,45,7.459,6.894530753497
IonizationEnergy,mog_sphere,46,8.337,11.039644987453405
IonizationEnergy,mog_sphere,47,7.576,7.382938924240174
IonizationEnergy,mog_sphere,48,8.994,6.5558703706523085
IonizationEnergy,mog_sphere,49,5.786,8.176192361035003
IonizationEnergy,mog_sphere,50,7.344,7.642121196752784
IonizationEnergy,mog_sphere,51,8.64,7.561793566523608
IonizationEnergy,mog_sphere,52,9.01,9.068298044826186
IonizationEnergy,mog_sphere,53,10.451,6.5584605510857354
IonizationEnergy,mog_sphere,54,12.13,6.680443469731933
IonizationEnergy,mog_sphere,55,3.894,9.961761001737536
IonizationEnergy,mog_sphere,56,5.212,8.089337194281422
IonizationEnergy,mog_sphere,57,5.577,6.8718906553971
IonizationEnergy,mog_sphere,58,5.539,8.259640091630333
IonizationEnergy,mog_sphere,59,5.464,6.392444909512317
IonizationEnergy,mog_sphere,60,5.525,7.800328063318911
IonizationEnergy,mog_sphere,61,5.55,5.662567028614247
IonizationEnergy,mog_sphere,62,5.644,5.035531663666546
IonizationEnergy,mog_sphere,63,5.67,8.68900884632552
IonizationEnergy,mog_sphere,64,6.15,12.085644271100286
IonizationEnergy,mog_sphere,65,5.864,8.083584940643105
IonizationEnergy,mog_sphere,66,5.939,11.993968280665332
IonizationEnergy,mog_sphere,67,6.022,9.773405054505643
IonizationEnergy,mog_sphere,68,6.108,7.93149090339575
IonizationEnergy,mog_sphere,69,6.184,12.535072918469647
IonizationEnergy,mog_sphere,70,6.254,9.99769549520833
IonizationEnergy,mog_sphere,71,5.426,9.480512622346989
IonizationEnergy,mog_sphere,72,6.825,9.884947734626648
IonizationEnergy,mog_sphere,73,7.89,8.370654610624142
IonizationEnergy,mog_sphere,74,7.98,9.717382611081977
IonizationEnergy,mog_sphere,75,7.88,9.150105949907148
IonizationEnergy,mog_sphere,76,8.7,5.874439713393571
IonizationEnergy,mog_sphere,77,9.1,9.782349537694664
IonizationEnergy,mog_sphere,78,9.0,10.223011143281973
IonizationEnergy,mog_sphere,79,9.226,7.933224124076747
IonizationEnergy,mog_sphere,80,10.438,9.34110715178984
IonizationEnergy,mog_sphere,81,6.108,8.715122561059479
IonizationEnergy,mog_sphere,82,7.417,9.514629369816943
IonizationEnergy,mog_sphere,83,7.289,6.612328919975945
IonizationEnergy,mog_sphere,84,8.417,11.38632458137607
IonizationEnergy,mog_sphere,85,9.5,5.199369981424146
IonizationEnergy,mog_sphere,86,10.745,11.608786187794244
IonizationEnergy,mog_sphere,87,3.9,4.961136663447482
IonizationEnergy,mog_sphere,88,5.279,6.0424816015632405
IonizationEnergy,mog_sphere,89,5.17,6.082133386379043
IonizationEnergy,mog_sphere,90,6.08,10.011904254364767
IonizationEnergy,mog_sphere,91,5.89,3.8367861797532177
IonizationEnergy,mog_sphere,92,6.194,9.136572132772258
IonizationEnergy,mog_sphere,93,6.266,3.874358263643347
IonizationEnergy,mog_sphere,94,6.06,7.464635259344233
IonizationEnergy,mog_sphere,95,5.993,4.597516865563092
IonizationEnergy,mog_sphere,96,6.02,8.93803494775404
IonizationEnergy,mog_sphere,97,6.23,7.653746945484256
IonizationEnergy,mog_sphere,98,6.3,8.453810123884425
IonizationEnergy,mog_sphere,99,6.42,8.544864101500572
IonizationEnergy,mog_sphere,100,6.5,9.004957660114437
IonizationEnergy,mog_sphere,101,6.58,7.755930985574267
IonizationEnergy,mog_sphere,102,6.65,9.204597072757998
IonizationEnergy,gray_message_bits,1,13.598,8.736290218882568
IonizationEnergy,gray_message_bits,2,24.587,8.671540179002685
IonizationEnergy,gray_message_bits,3,5.392,8.474564609691456
IonizationEnergy,gray_message_bits,4,9.323,7.472880072478373
IonizationEnergy,gray_message_bits,5,8.298,8.263406473205562
IonizationEnergy,gray_message_bits,6,11.26,7.87158126335188
IonizationEnergy,gray_message_bits,7,14.534,7.08105486262469
IonizationEnergy,gray_message_bits,8,13.618,7.833869734365416
IonizationEnergy,gray_message_bits,9,17.423,8.624396135092605
IonizationEnergy,gray_message_bits,10,21.565,9.016221344946286
IonizationEnergy,gray_message_bits,11,5.139,10.759547366519765
IonizationEnergy,gray_message_bits,12,7.646,10.978862594742806
IonizationEnergy,gray_message_bits,13,5.986,11.832951152361755
IonizationEnergy,gray_message_bits,14,8.152,11.551753255858175
IonizationEnergy,gray_message_bits,15,10.487,10.697664698239226
IonizationEnergy,gray_message_bits,16,10.36,9.212303629839298
IonizationEnergy,gray_message_bits,17,12.968,10.066392187458247
IonizationEnergy,gray_message_bits,18,15.76,10.347590083961824
IonizationEnergy,gray_message_bits,19,4.341,10.200823284743405
IonizationEnergy,gray_message_bits,20,6.113,10.314375920584238
IonizationEnergy,gray_message_bits,21,6.561,11.399495814310226
IonizationEnergy,gray_message_bits,22,6.828,11.438442831779472
IonizationEnergy,gray_message_bits,23,6.746,10.353322938053484
IonizationEnergy,gray_message_bits,24,6.767,8.456223018654873
IonizationEnergy,gray_message_bits,25,7.434,9.541342912380863
IonizationEnergy,gray_message_bits,26,7.902,9.502395894911615
IonizationEnergy,gray_message_bits,27,7.881,8.417276001185627
IonizationEnergy,gray_message_bits,28,7.64,8.303723365344794
IonizationEnergy,gray_message_bits,29,7.726,9.388843259070782
IonizationEnergy,gray_message_bits,30,9.394,9.42779027654003
IonizationEnergy,gray_message_bits,31,5.999,8.34267038281404
IonizationEnergy,gray_message_bits,32,7.9,5.291083245922216
IonizationEnergy,gray_message_bits,33,9.815,6.376203139648204
IonizationEnergy,gray_message_bits,34,9.752,6.3372561221789585
IonizationEnergy,gray_message_bits,35,11.814,5.25213622845297
IonizationEnergy,gray_message_bits,36,14.0,5.365688864293803
IonizationEnergy,gray_message_bits,37,4.177,7.849771861815267
IonizationEnergy,gray_message_bits,38,5.695,7.6730360668978
IonizationEnergy,gray_message_bits,39,6.217,6.433492696837559
IonizationEnergy,gray_message_bits,40,6.634,7.6372438615729585
IonizationEnergy,gray_message_bits,41,6.759,8.876787231633198
IonizationEnergy,gray_message_bits,42,7.092,9.053523026550666
IonizationEnergy,gray_message_bits,43,7.28,7.813979656490425
IonizationEnergy,gray_message_bits,44,7.361,8.115588701362078
IonizationEnergy,gray_message_bits,45,7.459,9.355132071422318
IonizationEnergy,gray_message_bits,46,8.337,9.178396276504852
IonizationEnergy,gray_message_bits,47,7.576,7.938852906444612
IonizationEnergy,gray_message_bits,48,8.994,8.624195966404486
IonizationEnergy,gray_message_bits,49,5.786,9.863739336464725
IonizationEnergy,gray_message_bits,50,7.344,10.040475131382193
IonizationEnergy,gray_message_bits,51,8.64,8.800931761321953
IonizationEnergy,gray_message_bits,52,9.01,8.4993227164503
IonizationEnergy,gray_message_bits,53,10.451,9.73886608651054
IonizationEnergy,gray_message_bits,54,12.13,9.562130291593073
IonizationEnergy,gray_message_bits,55,3.894,9.199529470253182
IonizationEnergy,gray_message_bits,56,5.212,9.704828557610725
IonizationEnergy,gray_message_bits,57,5.577,10.79153584148797
IonizationEnergy,gray_message_bits,58,5.539,10.75105774105618
IonizationEnergy,gray_message_bits,59,5.464,9.664350457178932
IonizationEnergy,gray_message_bits,60,5.525,9.84962545717893
IonizationEnergy,gray_message_bits,61,5.55,10.936332741056178
IonizationEnergy,gray_message_bits,62,5.644,10.976810841487971
IonizationEnergy,gray_message_bits,63,5.67,9.890103557610724
IonizationEnergy,gray_message_bits,64,6.15,7.807526341158375
IonizationEnergy,gray_message_bits,65,5.864,8.894233625035621
IonizationEnergy,gray_message_bits,66,5.939,8.85375552460383
IonizationEnergy,gray_message_bits,67,6.022,7.767048240726582
IonizationEnergy,gray_message_bits,68,6.108,7.581773240726582
IonizationEnergy,gray_message_bits,69,6.184,8.66848052460383
IonizationEnergy,gray_message_bits,70,6.254,8.708958625035622
IonizationEnergy,gray_message_bits,71,5.426,7.622251341158375
IonizationEnergy,gray_message_bits,72,6.825,7.116952253800833
IonizationEnergy,gray_message_bits,73,7.89,8.20365953767808
IonizationEnergy,gray_message_bits,74,7.98,8.163181437246287
IonizationEnergy,gray_message_bits,75,7.88,7.07647415336904
IonizationEnergy,gray_message_bits,76,8.7,7.26174915336904
IonizationEnergy,gray_message_bits,77,9.1,8.348456437246288
IonizationEnergy,gray_message_bits,78,9.0,8.38893453767808
IonizationEnergy,gray_message_bits,79,9.226,7.302227253800833
IonizationEnergy,gray_message_bits,80,10.438,4.897609351565951
IonizationEnergy,gray_message_bits,81,6.108,5.984316635443198
IonizationEnergy,gray_message_bits,82,7.417,5.943838535011405
IonizationEnergy,gray_message_bits,83,7.289,4.857131251134159
IonizationEnergy,gray_message_bits,84,8.417,4.671856251134159
IonizationEnergy,gray_message_bits,85,9.5,5.758563535011406
IonizationEnergy,gray_message_bits,86,10.745,5.799041635443198
IonizationEnergy,gray_message_bits,87,3.9,6.774117416874722
IonizationEnergy,gray_message_bits,88,5.279,5.889396460042399
IonizationEnergy,gray_message_bits,89,5.17,6.969578365327466
IonizationEnergy,gray_message_bits,90,6.08,7.001702431414337
IonizationEnergy,gray_message_bits,91,5.89,5.921520526129269
IonizationEnergy,gray_message_bits,92,6.194,6.148495481164988
IonizationEnergy,gray_message_bits,93,6.266,7.228677386450055
IonizationEnergy,gray_message_bits,94,6.06,7.196553320363186
IonizationEnergy,gray_message_bits,95,5.993,6.1163714150781185
IonizationEnergy,gray_message_bits,96,6.02,8.26938048678781
IonizationEnergy,gray_message_bits,97,6.23,9.349562392072876
IonizationEnergy,gray_message_bits,98,6.3,9.381686458159747
IonizationEnergy,gray_message_bits,99,6.42,8.301504552874679
IonizationEnergy,gray_message_bits,100,6.5,8.07452959783896
IonizationEnergy,gray_message_bits,101,6.58,9.154711503124027
IonizationEnergy,gray_message_bits,102,6.65,9.122587437037158
IonizationEnergy,gray_golay_bits,1,13.598,8.897891990846784
IonizationEnergy,gray_golay_bits,2,24.587,8.963086004034789
IonizationEnergy,gray_golay_bits,3,5.392,6.7865755606059155
IonizationEnergy,gray_golay_bits,4,9.323,6.367698692371037
IonizationEnergy,gray_golay_bits,5,8.298,9.035858666235384
IonizationEnergy,gray_golay_bits,6,11.26,7.110543415167291
IonizationEnergy,gray_golay_bits,7,14.534,7.845769096572768
IonizationEnergy,gray_golay_bits,8,13.618,7.309178427186441
IonizationEnergy,gray_golay_bits,9,17.423,8.948224205959342
IonizationEnergy,gray_golay_bits,10,21.565,9.071929347544861
IonizationEnergy,gray_golay_bits,11,5.139,10.302740621454648
IonizationEnergy,gray_golay_bits,12,7.646,10.892682443789129
IonizationEnergy,gray_golay_bits,13,5.986,11.639217178074214
IonizationEnergy,gray_golay_bits,14,8.152,11.27046465941974
IonizationEnergy,gray_golay_bits,15,10.487,11.073914511016174
IonizationEnergy,gray_golay_bits,16,10.36,10.88272077748092
IonizationEnergy,gray_golay_bits,17,12.968,8.174410941257463
IonizationEnergy,gray_golay_bits,18,15.76,10.722396132353161
IonizationEnergy,gray_golay_bits,19,4.341,9.881323731875955
IonizationEnergy,gray_golay_bits,20,6.113,10.574541298033932
IonizationEnergy,gray_golay_bits,21,6.561,10.638522561993994
IonizationEnergy,gray_golay_bits,22,6.828,10.448436751917312
IonizationEnergy,gray_golay_bits,23,6.746,11.694107032109583
IonizationEnergy,gray_golay_bits,24,6.767,8.441921656486764
IonizationEnergy,gray_golay_bits,25,7.434,8.966081393595818
IonizationEnergy,gray_golay_bits,26,7.902,9.628079314216633
IonizationEnergy,gray_golay_bits,27,7.881,8.594476554868146
IonizationEnergy,gray_golay_bits,28,7.64,7.939410775344027
IonizationEnergy,gray_golay_bits,29,7.726,9.14273038916551
IonizationEnergy,gray_golay_bits,30,9.394,8.557020468699035
IonizationEnergy,gray_golay_bits,31,5.999,9.45460061980947
IonizationEnergy,gray_golay_bits,32,7.9,5.7605085375874
IonizationEnergy,gray_golay_bits,33,9.815,5.338822784906636
IonizationEnergy,gray_golay_bits,34,9.752,4.208041248173496
IonizationEnergy,gray_golay_bits,35,11.814,7.705842893322738
IonizationEnergy,gray_golay_bits,36,14.0,4.90420500420079
IonizationEnergy,gray_golay_bits,37,4.177,7.680844657592976
IonizationEnergy,gray_golay_bits,38,5.695,9.642271096961839
IonizationEnergy,gray_golay_bits,39,6.217,4.743843083797717
IonizationEnergy,gray_golay_bits,40,6.634,8.623073536417404
IonizationEnergy,gray_golay_bits,41,6.759,7.940514210339469
IonizationEnergy,gray_golay_bits,42,7.092,8.430479855076669
IonizationEnergy,gray_golay_bits,43,7.28,8.743827819784176
IonizationEnergy,gray_golay_bits,44,7.361,7.515931039650824
IonizationEnergy,gray_golay_bits,45,7.459,9.875397709013702
IonizationEnergy,gray_golay_bits,46,8.337,10.241524329675432
IonizationEnergy,gray_golay_bits,47,7.576,7.154596250400797
IonizationEnergy,gray_golay_bits,48,8.994,7.156505322174615
IonizationEnergy,gray_golay_bits,49,5.786,11.299411842765563
IonizationEnergy,gray_golay_bits,50,7.344,9.764283790559185
IonizationEnergy,gray_golay_bits,51,8.64,9.302353302484965
IonizationEnergy,gray_golay_bits,52,9.01,9.3758009927792
IonizationEnergy,gray_golay_bits,53,10.451,8.858303266945596
IonizationEnergy,gray_golay_bits,54,12.13,11.017017492964262
IonizationEnergy,gray_golay_bits,55,3.894,7.65536016398002
IonizationEnergy,gray_golay_bits,56,5.212,8.318715393495808
IonizationEnergy,gray_golay_bits,57,5.577,11.628397836230658
IonizationEnergy,gray_golay_bits,58,5.539,9.299304716022789
IonizationEnergy,gray_golay_bits,59,5.464,11.3514424918359
IonizationEnergy,gray_golay_bits,60,5.525,8.694064004579985
IonizationEnergy,gray_golay_bits,61,5.55,11.679170109517688
IonizationEnergy,gray_golay_bits,62,5.644,11.945200640047009
IonizationEnergy,gray_golay_bits,63,5.67,9.19713210187458
IonizationEnergy,gray_golay_bits,64,6.15,5.652059325028594
IonizationEnergy,gray_golay_bits,65,5.864,10.59215070550062
IonizationEnergy,gray_golay_bits,66,5.939,8.237794518278807
IonizationEnergy,gray_golay_bits,67,6.022,8.710049490382628
IonizationEnergy,gray_golay_bits,68,6.108,9.735633755049363
IonizationEnergy,gray_golay_bits,69,6.184,6.016990741416951
IonizationEnergy,gray_golay_bits,70,6.254,8.65048374827195
IonizationEnergy,gray_golay_bits,71,5.426,7.871239376018275
IonizationEnergy,gray_golay_bits,72,6.825,6.722874311499682
IonizationEnergy,gray_golay_bits,73,7.89,8.011821921477697
IonizationEnergy,gray_golay_bits,74,7.98,9.515181028636793
IonizationEnergy,gray_golay_bits,75,7.88,5.923149182472811
IonizationEnergy,gray_golay_bits,76,8.7,9.030382332939332
IonizationEnergy,gray_golay_bits,77,9.1,6.130434784409259
IonizationEnergy,gray_golay_bits,78,9.0,8.162870872884849
IonizationEnergy,gray_golay_bits,79,9.226,7.767044872287653
IonizationEnergy,gray_golay_bits,80,10.438,2.0561350807692618
IonizationEnergy,gray_golay_bits,81,6.108,8.415620678722844
IonizationEnergy,gray_golay_bits,82,7.417,5.269005879972422
IonizationEnergy,gray_golay_bits,83,7.289,5.906383857651906
IonizationEnergy,gray_golay_bits,84,8.417,5.401274730982379
IonizationEnergy,gray_golay_bits,85,9.5,4.578895494446828
IonizationEnergy,gray_golay_bits,86,10.745,6.42012988977322
IonizationEnergy,gray_golay_bits,87,3.9,6.150311140978131
IonizationEnergy,gray_golay_bits,88,5.279,4.37613857575538
IonizationEnergy,gray_golay_bits,89,5.17,8.146483915648277
IonizationEnergy,gray_golay_bits,90,6.08,7.554416008539622
IonizationEnergy,gray_golay_bits,91,5.89,5.599973642850928
IonizationEnergy,gray_golay_bits,92,6.194,5.926423450444627
IonizationEnergy,gray_golay_bits,93,6.266,7.16532372929679
IonizationEnergy,gray_golay_bits,94,6.06,7.871981925845972
IonizationEnergy,gray_golay_bits,95,5.993,5.589497708414827
IonizationEnergy,gray_golay_bits,96,6.02,9.40812367332886
IonizationEnergy,gray_golay_bits,97,6.23,7.80574094253031
IonizationEnergy,gray_golay_bits,98,6.3,9.678238239450199
IonizationEnergy,gray_golay_bits,99,6.42,8.167393536395862
IonizationEnergy,gray_golay_bits,100,6.5,5.541567906688465
IonizationEnergy,gray_golay_bits,101,6.58,11.365206726300453
IonizationEnergy,gray_golay_bits,102,6.65,9.135021891804277
IonizationEnergy,gray_mog_planar,1,13.598,6.965489806000022
IonizationEnergy,gray_mog_planar,2,24.587,7.80792701677102
IonizationEnergy,gray_mog_planar,3,5.392,6.187083563461512
IonizationEnergy,gray_mog_planar,4,9.323,5.834453763173677
IonizationEnergy,gray_mog_planar,5,8.298,8.265976326874279
IonizationEnergy,gray_mog_planar,6,11.26,6.759938922877253
IonizationEnergy,gray_mog_planar,7,14.534,7.551217087379431
IonizationEnergy,gray_mog_planar,8,13.618,7.462591079941868
IonizationEnergy,gray_mog_planar,9,17.423,8.422801282295472
IonizationEnergy,gray_mog_planar,10,21.565,7.0771931878156
IonizationEnergy,gray_mog_planar,11,5.139,10.07657192949295
IonizationEnergy,gray_mog_planar,12,7.646,8.412844007856902
IonizationEnergy,gray_mog_planar,13,5.986,9.664760643750887
IonizationEnergy,gray_mog_planar,14,8.152,8.535964235867958
IonizationEnergy,gray_mog_planar,15,10.487,8.671582972078438
IonizationEnergy,gray_mog_planar,16,10.36,8.326103860508512
IonizationEnergy,gray_mog_planar,17,12.968,8.631958368103568
IonizationEnergy,gray_mog_planar,18,15.76,8.2113949375291
IonizationEnergy,gray_mog_planar,19,4.341,8.358505353695756
IonizationEnergy,gray_mog_planar,20,6.113,8.584833629260537
IonizationEnergy,gray_mog_planar,21,6.561,11.344318237458292
IonizationEnergy,gray_mog_planar,22,6.828,9.086080044849513
IonizationEnergy,gray_mog_planar,23,6.746,8.82038870990436
IonizationEnergy,gray_mog_planar,24,6.767,8.275430292386964
IonizationEnergy,gray_mog_planar,25,7.434,9.381029450302632
IonizationEnergy,gray_mog_planar,26,7.902,9.363635375179102
IonizationEnergy,gray_mog_planar,27,7.881,7.735630496736369
IonizationEnergy,gray_mog_planar,28,7.64,7.256358717106248
IonizationEnergy,gray_mog_planar,29,7.726,9.133799498023848
IonizationEnergy,gray_mog_planar,30,9.394,8.681018293426755
IonizationEnergy,gray_mog_planar,31,5.999,6.217409861624117
IonizationEnergy,gray_mog_planar,32,7.9,6.507544006099094
IonizationEnergy,gray_mog_planar,33,9.815,7.101853106392465
IonizationEnergy,gray_mog_planar,34,9.752,8.490238089494738
IonizationEnergy,gray_mog_planar,35,11.814,5.719036903285635
IonizationEnergy,gray_mog_planar,36,14.0,8.821316497015113
IonizationEnergy,gray_mog_planar,37,4.177,8.127399699959216
IonizationEnergy,gray_mog_planar,38,5.695,9.067920002957953
IonizationEnergy,gray_mog_planar,39,6.217,6.389939465607042
IonizationEnergy,gray_mog_planar,40,6.634,7.830695378210959
IonizationEnergy,gray_mog_planar,41,6.759,9.735357983012802
IonizationEnergy,gray_mog_planar,42,7.092,9.03791888959503
IonizationEnergy,gray_mog_planar,43,7.28,8.681106654198718
IonizationEnergy,gray_mog_planar,44,7.361,7.259684918964324
IonizationEnergy,gray_mog_planar,45,7.459,9.408418745093476
IonizationEnergy,gray_mog_planar,46,8.337,8.04438919232524
IonizationEnergy,gray_mog_planar,47,7.576,7.843631886135666
IonizationEnergy,gray_mog_planar,48,8.994,6.553013239011282
IonizationEnergy,gray_mog_planar,49,5.786,8.594039704005239
IonizationEnergy,gray_mog_planar,50,7.344,7.689734340865732
IonizationEnergy,gray_mog_planar,51,8.64,8.457405635129946
IonizationEnergy,gray_mog_planar,52,9.01,10.013154391115727
IonizationEnergy,gray_mog_planar,53,10.451,9.216924750041915
IonizationEnergy,gray_mog_planar,54,12.13,8.724635127805442
IonizationEnergy,gray_mog_planar,55,3.894,9.062101401716808
IonizationEnergy,gray_mog_planar,56,5.212,9.989915067403418
IonizationEnergy,gray_mog_planar,57,5.577,8.583395256418088
IonizationEnergy,gray_mog_planar,58,5.539,9.087331756656173
IonizationEnergy,gray_mog_planar,59,5.464,11.032768647195642
IonizationEnergy,gray_mog_planar,60,5.525,9.601518689764584
IonizationEnergy,gray_mog_planar,61,5.55,10.219614363108056
IonizationEnergy,gray_mog_planar,62,5.644,9.382123111796556
IonizationEnergy,gray_mog_planar,63,5.67,7.769317218137683
IonizationEnergy,gray_mog_planar,64,6.15,6.896943774038823
IonizationEnergy,gray_mog_planar,65,5.864,8.842807746886589
IonizationEnergy,gray_mog_planar,66,5.939,9.180695223289998
IonizationEnergy,gray_mog_planar,67,6.022,8.839645205196517
IonizationEnergy,gray_mog_planar,68,6.108,9.84756790366591
IonizationEnergy,gray_mog_planar,69,6.184,7.953424386110158
IonizationEnergy,gray_mog_planar,70,6.254,9.696371238218415
IonizationEnergy,gray_mog_planar,71,5.426,6.849003752190177
IonizationEnergy,gray_mog_planar,72,6.825,9.419807006461653
IonizationEnergy,gray_mog_planar,73,7.89,8.68213830942424
IonizationEnergy,gray_mog_planar,74,7.98,9.594434609879528
IonizationEnergy,gray_mog_planar,75,7.88,9.31130102864401
IonizationEnergy,gray_mog_planar,76,8.7,8.543037652610389
IonizationEnergy,gray_mog_planar,77,9.1,10.35487680967681
IonizationEnergy,gray_mog_planar,78,9.0,9.429754535892133
IonizationEnergy,gray_mog_planar,79,9.226,8.04273023176555
IonizationEnergy,gray_mog_planar,80,10.438,5.685565354194226
IonizationEnergy,gray_mog_planar,81,6.108,7.283070346357149
IonizationEnergy,gray_mog_planar,82,7.417,6.144672995162862
IonizationEnergy,gray_mog_planar,83,7.289,8.795972245873328
IonizationEnergy,gray_mog_planar,84,8.417,9.232732365325955
IonizationEnergy,gray_mog_planar,85,9.5,7.909199570322823
IonizationEnergy,gray_mog_planar,86,10.745,7.32978232495466
IonizationEnergy,gray_mog_planar,87,3.9,8.747272027988041
IonizationEnergy,gray_mog_planar,88,5.279,8.848300204861992
IonizationEnergy,gray_mog_planar,89,5.17,8.79856379477434
IonizationEnergy,gray_mog_planar,90,6.08,9.087021170605897
IonizationEnergy,gray_mog_planar,91,5.89,8.106195019099136
IonizationEnergy,gray_mog_planar,92,6.194,8.361781539538137
IonizationEnergy,gray_mog_planar,93,6.266,8.541249425306543
IonizationEnergy,gray_mog_planar,94,6.06,8.938822828450421
IonizationEnergy,gray_mog_planar,95,5.993,6.778817246159927
IonizationEnergy,gray_mog_planar,96,6.02,8.971576023656503
IonizationEnergy,gray_mog_planar,97,6.23,6.534999263399714
IonizationEnergy,gray_mog_planar,98,6.3,8.87959688212096
IonizationEnergy,gray_mog_planar,99,6.42,7.78726512533504
IonizationEnergy,gray_mog_planar,100,6.5,9.416018858156637
IonizationEnergy,gray_mog_planar,101,6.58,9.461617266060854
IonizationEnergy,gray_mog_planar,102,6.65,8.851400339850079
IonizationEnergy,gray_mog_stacked,1,13.598,7.276676687558189
IonizationEnergy,gray_mog_stacked,2,24.587,7.8264575151003895
IonizationEnergy,gray_mog_stacked,3,5.392,6.038351422287873
IonizationEnergy,gray_mog_stacked,4,9.323,5.387753366196202
IonizationEnergy,gray_mog_stacked,5,8.298,8.340402075358188
IonizationEnergy,gray_mog_stacked,6,11.26,6.268538698788319
IonizationEnergy,gray_mog_stacked,7,14.534,7.54035797806835
IonizationEnergy,gray_mog_stacked,8,13.618,7.046847970254137
IonizationEnergy,gray_mog_stacked,9,17.423,8.455008821726366
IonizationEnergy,gray_mog_stacked,10,21.565,7.267835649360732
IonizationEnergy,gray_mog_stacked,11,5.139,10.213339226877773
IonizationEnergy,gray_mog_stacked,12,7.646,7.903393799515835
IonizationEnergy,gray_mog_stacked,13,5.986,10.017697854342012
IonizationEnergy,gray_mog_stacked,14,8.152,8.350495178453942
IonizationEnergy,gray_mog_stacked,15,10.487,8.832605025724478
IonizationEnergy,gray_mog_stacked,16,10.36,8.374869994500319
IonizationEnergy,gray_mog_stacked,17,12.968,8.202755433106548
IonizationEnergy,gray_mog_stacked,18,15.76,8.517366428099146
IonizationEnergy,gray_mog_stacked,19,4.341,8.135137867673944
IonizationEnergy,gray_mog_stacked,20,6.113,9.023344017575232
IonizationEnergy,gray_mog_stacked,21,6.561,10.957369587374682
IonizationEnergy,gray_mog_stacked,22,6.828,9.171458030781759
IonizationEnergy,gray_mog_stacked,23,6.746,8.846118658687626
IonizationEnergy,gray_mog_stacked,24,6.767,8.52369071587402
IonizationEnergy,gray_mog_stacked,25,7.434,9.118806485874693
IonizationEnergy,gray_mog_stacked,26,7.902,9.123484879552594
IonizationEnergy,gray_mog_stacked,27,7.881,8.049524320687667
IonizationEnergy,gray_mog_stacked,28,7.64,7.076427601970425
IonizationEnergy,gray_mog_stacked,29,7.726,9.181599236450202
IonizationEnergy,gray_mog_stacked,30,9.394,8.521455498115735
IonizationEnergy,gray_mog_stacked,31,5.999,6.576707443937134
IonizationEnergy,gray_mog_stacked,32,7.9,6.641291702150464
IonizationEnergy,gray_mog_stacked,33,9.815,7.070338355079419
IonizationEnergy,gray_mog_stacked,34,9.752,8.295819755598707
IonizationEnergy,gray_mog_stacked,35,11.814,5.721704678722688
IonizationEnergy,gray_mog_stacked,36,14.0,8.668237505405985
IonizationEnergy,gray_mog_stacked,37,4.177,8.459296359487858
IonizationEnergy,gray_mog_stacked,38,5.695,9.39070600657051
IonizationEnergy,gray_mog_stacked,39,6.217,6.0024544650091975
IonizationEnergy,gray_mog_stacked,40,6.634,7.89955691303711
IonizationEnergy,gray_mog_stacked,41,6.759,9.684041873266597
IonizationEnergy,gray_mog_stacked,42,7.092,9.095552189441294
IonizationEnergy,gray_mog_stacked,43,7.28,8.785940910444
IonizationEnergy,gray_mog_stacked,44,7.361,7.115949220659423
IonizationEnergy,gray_mog_stacked,45,7.459,9.02465126081486
IonizationEnergy,gray_mog_stacked,46,8.337,7.969253780310094
IonizationEnergy,gray_mog_stacked,47,7.576,7.252610882672369
IonizationEnergy,gray_mog_stacked,48,8.994,6.4449810294620224
IonizationEnergy,gray_mog_stacked,49,5.786,9.194414447034793
IonizationEnergy,gray_mog_stacked,50,7.344,7.225158946403838
IonizationEnergy,gray_mog_stacked,51,8.64,8.98200515764058
IonizationEnergy,gray_mog_stacked,52,9.01,10.122335818912198
IonizationEnergy,gray_mog_stacked,53,10.451,9.24646226003789
IonizationEnergy,gray_mog_stacked,54,12.13,8.650858412708775
IonizationEnergy,gray_mog_stacked,55,3.894,9.246695870286679
IonizationEnergy,gray_mog_stacked,56,5.212,10.018798890366286
IonizationEnergy,gray_mog_stacked,57,5.577,8.75136126353886
IonizationEnergy,gray_mog_stacked,58,5.539,8.319344140460284
IonizationEnergy,gray_mog_stacked,59,5.464,10.77573884294732
IonizationEnergy,gray_mog_stacked,60,5.525,9.45060723557959
IonizationEnergy,gray_mog_stacked,61,5.55,9.633585376065074
IonizationEnergy,gray_mog_stacked,62,5.644,8.196994965127702
IonizationEnergy,gray_mog_stacked,63,5.67,8.29903243645635
IonizationEnergy,gray_mog_stacked,64,6.15,7.795751648360454
IonizationEnergy,gray_mog_stacked,65,5.864,8.800003790531676
IonizationEnergy,gray_mog_stacked,66,5.939,8.452172793752888
IonizationEnergy,gray_mog_stacked,67,6.022,8.17862091384942
IonizationEnergy,gray_mog_stacked,68,6.108,9.940499420830749
IonizationEnergy,gray_mog_stacked,69,6.184,8.304074302832296
IonizationEnergy,gray_mog_stacked,70,6.254,9.889853384027768
IonizationEnergy,gray_mog_stacked,71,5.426,6.713831359121036
IonizationEnergy,gray_mog_stacked,72,6.825,9.58886506285447
IonizationEnergy,gray_mog_stacked,73,7.89,8.52351101142115
IonizationEnergy,gray_mog_stacked,74,7.98,9.24078386622699
IonizationEnergy,gray_mog_stacked,75,7.88,9.49988256521029
IonizationEnergy,gray_mog_stacked,76,8.7,8.773027625017743
IonizationEnergy,gray_mog_stacked,77,9.1,9.72762542791192
IonizationEnergy,gray_mog_stacked,78,9.0,9.584392982261123
IonizationEnergy,gray_mog_stacked,79,9.226,7.963072387413398
IonizationEnergy,gray_mog_stacked,80,10.438,6.666757701116202
IonizationEnergy,gray_mog_stacked,81,6.108,8.323256573196268
IonizationEnergy,gray_mog_stacked,82,7.417,6.261978882808708
IonizationEnergy,gray_mog_stacked,83,7.289,9.889472171768213
IonizationEnergy,gray_mog_stacked,84,8.417,8.860231073193368
IonizationEnergy,gray_mog_stacked,85,9.5,7.919771473783914
IonizationEnergy,gray_mog_stacked,86,10.745,7.332270234347099
IonizationEnergy,gray_mog_stacked,87,3.9,8.72272943023837
IonizationEnergy,gray_mog_stacked,88,5.279,9.147746691756888
IonizationEnergy,gray_mog_stacked,89,5.17,8.65714568459402
IonizationEnergy,gray_mog_stacked,90,6.08,8.831887781386664
IonizationEnergy,gray_mog_stacked,91,5.89,7.942671308563903
IonizationEnergy,gray_mog_stacked,92,6.194,8.604662401690378
IonizationEnergy,gray_mog_stacked,93,6.266,8.095453407490627
IonizationEnergy,gray_mog_stacked,94,6.06,8.51947727520282
IonizationEnergy,gray_mog_stacked,95,5.993,7.209290895634824
IonizationEnergy,gray_mog_stacked,96,6.02,8.032989381849884
IonizationEnergy,gray_mog_stacked,97,6.23,6.394278661129309
IonizationEnergy,gray_mog_stacked,98,6.3,9.105175808852882
IonizationEnergy,gray_mog_stacked,99,6.42,8.249745577366173
IonizationEnergy,gray_mog_stacked,100,6.5,9.178723807999136
IonizationEnergy,gray_mog_stacked,101,6.58,9.102276732997908
IonizationEnergy,gray_mog_stacked,102,6.65,8.440337154959334
IonizationEnergy,gray_mog_cylinder,1,13.598,7.022480455529405
IonizationEnergy,gray_mog_cylinder,2,24.587,8.041301705528754
IonizationEnergy,gray_mog_cylinder,3,5.392,6.517720063697338
IonizationEnergy,gray_mog_cylinder,4,9.323,4.977333874669656
IonizationEnergy,gray_mog_cylinder,5,8.298,8.645116747901545
IonizationEnergy,gray_mog_cylinder,6,11.26,6.787313472345498
IonizationEnergy,gray_mog_cylinder,7,14.534,7.982097414535916
IonizationEnergy,gray_mog_cylinder,8,13.618,6.5049856407284325
IonizationEnergy,gray_mog_cylinder,9,17.423,8.010624510531114
IonizationEnergy,gray_mog_cylinder,10,21.565,7.3946227970155665
IonizationEnergy,gray_mog_cylinder,11,5.139,10.265395242626571
IonizationEnergy,gray_mog_cylinder,12,7.646,7.48038461168098
IonizationEnergy,gray_mog_cylinder,13,5.986,9.584933326594246
IonizationEnergy,gray_mog_cylinder,14,8.152,8.445958035700231
IonizationEnergy,gray_mog_cylinder,15,10.487,8.96036325506642
IonizationEnergy,gray_mog_cylinder,16,10.36,8.590443951582893
IonizationEnergy,gray_mog_cylinder,17,12.968,8.065926454657117
IonizationEnergy,gray_mog_cylinder,18,15.76,8.69243824592558
IonizationEnergy,gray_mog_cylinder,19,4.341,8.28103437216128
IonizationEnergy,gray_mog_cylinder,20,6.113,8.77511421569352
IonizationEnergy,gray_mog_cylinder,21,6.561,11.378527396464534
IonizationEnergy,gray_mog_cylinder,22,6.828,9.028698958420714
IonizationEnergy,gray_mog_cylinder,23,6.746,8.840646213003074
IonizationEnergy,gray_mog_cylinder,24,6.767,8.42484148090973
IonizationEnergy,gray_mog_cylinder,25,7.434,9.53337555223542
IonizationEnergy,gray_mog_cylinder,26,7.902,9.324971929244818
IonizationEnergy,gray_mog_cylinder,27,7.881,8.032751022569437
IonizationEnergy,gray_mog_cylinder,28,7.64,7.329792899269243
IonizationEnergy,gray_mog_cylinder,29,7.726,9.53315154217191
IonizationEnergy,gray_mog_cylinder,30,9.394,8.424912394510674
IonizationEnergy,gray_mog_cylinder,31,5.999,6.722343165277418
IonizationEnergy,gray_mog_cylinder,32,7.9,6.722050950060287
IonizationEnergy,gray_mog_cylinder,33,9.815,7.329996749165038
IonizationEnergy,gray_mog_cylinder,34,9.752,8.620255170303434
IonizationEnergy,gray_mog_cylinder,35,11.814,5.899231804117551
IonizationEnergy,gray_mog_cylinder,36,14.0,8.840768989863795
IonizationEnergy,gray_mog_cylinder,37,4.177,8.199726417890817
IonizationEnergy,gray_mog_cylinder,38,5.695,9.488004118556097
IonizationEnergy,gray_mog_cylinder,39,6.217,6.57398478962557
IonizationEnergy,gray_mog_cylinder,40,6.634,8.186989165347084
IonizationEnergy,gray_mog_cylinder,41,6.759,9.371315870717707
IonizationEnergy,gray_mog_cylinder,42,7.092,9.313265036358144
IonizationEnergy,gray_mog_cylinder,43,7.28,8.92131090599772
IonizationEnergy,gray_mog_cylinder,44,7.361,6.208195409492136
IonizationEnergy,gray_mog_cylinder,45,7.459,9.422972633281434
IonizationEnergy,gray_mog_cylinder,46,8.337,8.44309381790819
IonizationEnergy,gray_mog_cylinder,47,7.576,6.796814229802712
IonizationEnergy,gray_mog_cylinder,48,8.994,6.5064709351285455
IonizationEnergy,gray_mog_cylinder,49,5.786,9.175583937729904
IonizationEnergy,gray_mog_cylinder,50,7.344,7.575232873219758
IonizationEnergy,gray_mog_cylinder,51,8.64,8.161319663743342
IonizationEnergy,gray_mog_cylinder,52,9.01,10.311088050437217
IonizationEnergy,gray_mog_cylinder,53,10.451,9.528310429531233
IonizationEnergy,gray_mog_cylinder,54,12.13,8.53649849624033
IonizationEnergy,gray_mog_cylinder,55,3.894,8.3849014901966
IonizationEnergy,gray_mog_cylinder,56,5.212,9.96040754634715
IonizationEnergy,gray_mog_cylinder,57,5.577,9.107900639473185
IonizationEnergy,gray_mog_cylinder,58,5.539,8.24919327428607
IonizationEnergy,gray_mog_cylinder,59,5.464,9.533245571143125
IonizationEnergy,gray_mog_cylinder,60,5.525,10.444210117480324
IonizationEnergy,gray_mog_cylinder,61,5.55,9.477649490280776
IonizationEnergy,gray_mog_cylinder,62,5.644,8.69045093459437
IonizationEnergy,gray_mog_cylinder,63,5.67,7.407574099900406
IonizationEnergy,gray_mog_cylinder,64,6.15,8.13057324917699
IonizationEnergy,gray_mog_cylinder,65,5.864,9.069696103009825
IonizationEnergy,gray_mog_cylinder,66,5.939,8.596778480346506
IonizationEnergy,gray_mog_cylinder,67,6.022,7.404549894214202
IonizationEnergy,gray_mog_cylinder,68,6.108,10.417547662347243
IonizationEnergy,gray_mog_cylinder,69,6.184,8.18968073683371
IonizationEnergy,gray_mog_cylinder,70,6.254,10.336917151616143
IonizationEnergy,gray_mog_cylinder,71,5.426,6.453604871270601
IonizationEnergy,gray_mog_cylinder,72,6.825,9.780108820034297
IonizationEnergy,gray_mog_cylinder,73,7.89,8.802178598853002
IonizationEnergy,gray_mog_cylinder,74,7.98,9.456448236332788
IonizationEnergy,gray_mog_cylinder,75,7.88,9.340912291364315
IonizationEnergy,gray_mog_cylinder,76,8.7,8.732220507219884
IonizationEnergy,gray_mog_cylinder,77,9.1,10.04702349330602
IonizationEnergy,gray_mog_cylinder,78,9.0,9.792374001257059
IonizationEnergy,gray_mog_cylinder,79,9.226,7.6227220044050235
IonizationEnergy,gray_mog_cylinder,80,10.438,6.7493232600441
IonizationEnergy,gray_mog_cylinder,81,6.108,6.885733014741886
IonizationEnergy,gray_mog_cylinder,82,7.417,5.940087165363442
IonizationEnergy,gray_mog_cylinder,83,7.289,9.932004830326315
IonizationEnergy,gray_mog_cylinder,84,8.417,9.134123549428871
IonizationEnergy,gray_mog_cylinder,85,9.5,7.585608770443567
IonizationEnergy,gray_mog_cylinder,86,10.745,7.133956993402643
IonizationEnergy,gray_mog_cylinder,87,3.9,8.958512102565992
IonizationEnergy,gray_mog_cylinder,88,5.279,8.859807872900705
IonizationEnergy,gray_mog_cylinder,89,5.17,8.736433908977597
IonizationEnergy,gray_mog_cylinder,90,6.08,8.555254332915487
IonizationEnergy,gray_mog_cylinder,91,5.89,7.892043509787603
IonizationEnergy,gray_mog_cylinder,92,6.194,8.32191085686286
IonizationEnergy,gray_mog_cylinder,93,6.266,8.259116099509987
IonizationEnergy,gray_mog_cylinder,94,6.06,8.037864065434924
IonizationEnergy,gray_mog_cylinder,95,5.993,7.385650176456827
IonizationEnergy,gray_mog_cylinder,96,6.02,7.559238464290894
IonizationEnergy,gray_mog_cylinder,97,6.23,6.960496108025023
IonizationEnergy,gray_mog_cylinder,98,6.3,9.052467032841106
IonizationEnergy,gray_mog_cylinder,99,6.42,8.045070582187563
IonizationEnergy,gray_mog_cylinder,100,6.5,9.612292158428518
IonizationEnergy,gray_mog_cylinder,101,6.58,9.290779896875
IonizationEnergy,gray_mog_cylinder,102,6.65,8.33541613412797
IonizationEnergy,gray_mog_sphere,1,13.598,7.272960398872872
IonizationEnergy,gray_mog_sphere,2,24.587,8.095062943348386
IonizationEnergy,gray_mog_sphere,3,5.392,5.477308852030369
IonizationEnergy,gray_mog_sphere,4,9.323,6.771732224184226
IonizationEnergy,gray_mog_sphere,5,8.298,8.407182488980839
IonizationEnergy,gray_mog_sphere,6,11.26,5.83195558093589
IonizationEnergy,gray_mog_sphere,7,14.534,7.555876638536691
IonizationEnergy,gray_mog_sphere,8,13.618,6.227988843310495
IonizationEnergy,gray_mog_sphere,9,17.423,7.714425951626409
IonizationEnergy,gray_mog_sphere,10,21.565,6.435187984810624
IonizationEnergy,gray_mog_sphere,11,5.139,10.287565316695648
IonizationEnergy,gray_mog_sphere,12,7.646,8.239640466362408
IonizationEnergy,gray_mog_sphere,13,5.986,8.086474294501302
IonizationEnergy,gray_mog_sphere,14,8.152,10.190338416548034
IonizationEnergy,gray_mog_sphere,15,10.487,7.739722943665973
IonizationEnergy,gray_mog_sphere,16,10.36,10.97955739642948
IonizationEnergy,gray_mog_sphere,17,12.968,6.048899025412043
IonizationEnergy,gray_mog_sphere,18,15.76,8.524323282078687
IonizationEnergy,gray_mog_sphere,19,4.341,7.693944384945824
IonizationEnergy,gray_mog_sphere,20,6.113,8.605537355002472
IonizationEnergy,gray_mog_sphere,21,6.561,11.0366463514859
IonizationEnergy,gray_mog_sphere,22,6.828,9.4601650618672
IonizationEnergy,gray_mog_sphere,23,6.746,8.254672741116888
IonizationEnergy,gray_mog_sphere,24,6.767,5.415975034246045
IonizationEnergy,gray_mog_sphere,25,7.434,12.068780747775612
IonizationEnergy,gray_mog_sphere,26,7.902,9.941263776813505
IonizationEnergy,gray_mog_sphere,27,7.881,9.795017311106433
IonizationEnergy,gray_mog_sphere,28,7.64,8.307312415583644
IonizationEnergy,gray_mog_sphere,29,7.726,11.22808091263644
IonizationEnergy,gray_mog_sphere,30,9.394,7.5175486295332075
IonizationEnergy,gray_mog_sphere,31,5.999,7.556370895639865
IonizationEnergy,gray_mog_sphere,32,7.9,6.239415802999137
IonizationEnergy,gray_mog_sphere,33,9.815,5.689099324199454
IonizationEnergy,gray_mog_sphere,34,9.752,7.602149537960987
IonizationEnergy,gray_mog_sphere,35,11.814,5.612905422177944
IonizationEnergy,gray_mog_sphere,36,14.0,7.120950025049688
IonizationEnergy,gray_mog_sphere,37,4.177,8.439396581499091
IonizationEnergy,gray_mog_sphere,38,5.695,10.112594387427816
IonizationEnergy,gray_mog_sphere,39,6.217,6.458247329928681
IonizationEnergy,gray_mog_sphere,40,6.634,6.87044168685909
IonizationEnergy,gray_mog_sphere,41,6.759,9.660358508614076
IonizationEnergy,gray_mog_sphere,42,7.092,8.67014121221733
IonizationEnergy,gray_mog_sphere,43,7.28,8.980919601717186
IonizationEnergy,gray_mog_sphere,44,7.361,7.139329387237004
IonizationEnergy,gray_mog_sphere,45,7.459,9.6025668780961
IonizationEnergy,gray_mog_sphere,46,8.337,7.765371215372826
IonizationEnergy,gray_mog_sphere,47,7.576,6.542257750664352
IonizationEnergy,gray_mog_sphere,48,8.994,6.182782270399692
IonizationEnergy,gray_mog_sphere,49,5.786,6.671029130450308
IonizationEnergy,gray_mog_sphere,50,7.344,8.556506250669873
IonizationEnergy,gray_mog_sphere,51,8.64,7.524492505546118
IonizationEnergy,gray_mog_sphere,52,9.01,9.03454104422428
IonizationEnergy,gray_mog_sphere,53,10.451,8.68811820680373
IonizationEnergy,gray_mog_sphere,54,12.13,8.840320634108966
IonizationEnergy,gray_mog_sphere,55,3.894,9.62132517382024
IonizationEnergy,gray_mog_sphere,56,5.212,9.643317830223525
IonizationEnergy,gray_mog_sphere,57,5.577,9.367867203612333
IonizationEnergy,gray_mog_sphere,58,5.539,8.19023728777021
IonizationEnergy,gray_mog_sphere,59,5.464,12.820399314602124
IonizationEnergy,gray_mog_sphere,60,5.525,7.855984170386279
IonizationEnergy,gray_mog_sphere,61,5.55,10.233107053734306
IonizationEnergy,gray_mog_sphere,62,5.644,9.110755785697288
IonizationEnergy,gray_mog_sphere,63,5.67,10.093563451713111
IonizationEnergy,gray_mog_sphere,64,6.15,5.999731582851114
IonizationEnergy,gray_mog_sphere,65,5.864,9.726304770291597
IonizationEnergy,gray_mog_sphere,66,5.939,7.519987783947787
IonizationEnergy,gray_mog_sphere,67,6.022,10.102614883579406
IonizationEnergy,gray_mog_sphere,68,6.108,9.252851157689202
IonizationEnergy,gray_mog_sphere,69,6.184,7.675357301720808
IonizationEnergy,gray_mog_sphere,70,6.254,9.424116956825722
IonizationEnergy,gray_mog_sphere,71,5.426,7.504103560883516
IonizationEnergy,gray_mog_sphere,72,6.825,8.614733172291144
IonizationEnergy,gray_mog_sphere,73,7.89,8.218808935243278
IonizationEnergy,gray_mog_sphere,74,7.98,10.314687981733528
IonizationEnergy,gray_mog_sphere,75,7.88,7.651804131947721
IonizationEnergy,gray_mog_sphere,76,8.7,8.46477448447464
IonizationEnergy,gray_mog_sphere,77,9.1,8.635316364646094
IonizationEnergy,gray_mog_sphere,78,9.0,9.122595942482691
IonizationEnergy,gray_mog_sphere,79,9.226,7.771772890571199
IonizationEnergy,gray_mog_sphere,80,10.438,4.550500580383462
IonizationEnergy,gray_mog_sphere,81,6.108,10.297699070219158
IonizationEnergy,gray_mog_sphere,82,7.417,6.4105605716494125
IonizationEnergy,gray_mog_sphere,83,7.289,8.150156032756373
IonizationEnergy,gray_mog_sphere,84,8.417,8.711294996308665
IonizationEnergy,gray_mog_sphere,85,9.5,5.946868088414341
IonizationEnergy,gray_mog_sphere,86,10.745,6.748632762152773
IonizationEnergy,gray_mog_sphere,87,3.9,8.849437036873622
IonizationEnergy,gray_mog_sphere,88,5.279,7.836371656081756
IonizationEnergy,gray_mog_sphere,89,5.17,7.903574736769793
IonizationEnergy,gray_mog_sphere,90,6.08,9.983807224025796
IonizationEnergy,gray_mog_sphere,91,5.89,7.069452973484404
IonizationEnergy,gray_mog_sphere,92,6.194,8.080956295190676
IonizationEnergy,gray_mog_sphere,93,6.266,8.309140040251364
IonizationEnergy,gray_mog_sphere,94,6.06,8.601118806384115
IonizationEnergy,gray_mog_sphere,95,5.993,6.786598587245509
IonizationEnergy,gray_mog_sphere,96,6.02,8.998120110989204
IonizationEnergy,gray_mog_sphere,97,6.23,7.982709241454653
IonizationEnergy,gray_mog_sphere,98,6.3,8.629115833851143
IonizationEnergy,gray_mog_sphere,99,6.42,9.35378606469154
IonizationEnergy,gray_mog_sphere,100,6.5,7.73189054258926
IonizationEnergy,gray_mog_sphere,101,6.58,10.72983140052462
IonizationEnergy,gray_mog_sphere,102,6.65,9.778156331291342
IonizationEnergy,random_00,1,13.598,6.974989756050147
IonizationEnergy,random_00,2,24.587,8.511180940917544
IonizationEnergy,random_00,3,5.392,6.345510761733852
IonizationEnergy,random_00,4,9.323,6.587021758680897
IonizationEnergy,random_00,5,8.298,8.543696126895165
IonizationEnergy,random_00,6,11.26,7.788555112627066
IonizationEnergy,random_00,7,14.534,6.704749956901814
IonizationEnergy,random_00,8,13.618,8.159689065607242
IonizationEnergy,random_00,9,17.423,7.922547615738985
IonizationEnergy,random_00,10,21.565,7.371979062335665
IonizationEnergy,random_00,11,5.139,8.559252560489737
IonizationEnergy,random_00,12,7.646,8.868894024493027
IonizationEnergy,random_00,13,5.986,7.033431181081654
IonizationEnergy,random_00,14,8.152,8.257840720033798
IonizationEnergy,random_00,15,10.487,8.304589363618076
IonizationEnergy,random_00,16,10.36,9.082652525454272
IonizationEnergy,random_00,17,12.968,9.098749363713441
IonizationEnergy,random_00,18,15.76,8.067090795623306
IonizationEnergy,random_00,19,4.341,10.619938371444173
IonizationEnergy,random_00,20,6.113,9.439691856472631
IonizationEnergy,random_00,21,6.561,8.279930947293076
IonizationEnergy,random_00,22,6.828,10.745869378722956
IonizationEnergy,random_00,23,6.746,7.445915835953218
IonizationEnergy,random_00,24,6.767,9.254561493512867
IonizationEnergy,random_00,25,7.434,12.633390346464466
IonizationEnergy,random_00,26,7.902,9.09044785090595
IonizationEnergy,random_00,27,7.881,9.279487622337799
IonizationEnergy,random_00,28,7.64,8.377462898268538
IonizationEnergy,random_00,29,7.726,8.841651275923999
IonizationEnergy,random_00,30,9.394,8.637997898020432
IonizationEnergy,random_00,31,5.999,8.898601233344264
IonizationEnergy,random_00,32,7.9,8.476397588703987
IonizationEnergy,random_00,33,9.815,9.431313043226899
IonizationEnergy,random_00,34,9.752,6.425916938978695
IonizationEnergy,random_00,35,11.814,10.5273915189224
IonizationEnergy,random_00,36,14.0,8.10481784975865
IonizationEnergy,random_00,37,4.177,7.501405874132664
IonizationEnergy,random_00,38,5.695,8.37433079918637
IonizationEnergy,random_00,39,6.217,6.677419823534249
IonizationEnergy,random_00,40,6.634,9.121491350150922
IonizationEnergy,random_00,41,6.759,7.669516746780609
IonizationEnergy,random_00,42,7.092,9.638071590808892
IonizationEnergy,random_00,43,7.28,6.63912050958252
IonizationEnergy,random_00,44,7.361,9.452792489856753
IonizationEnergy,random_00,45,7.459,5.199762874454958
IonizationEnergy,random_00,46,8.337,8.074977179467234
IonizationEnergy,random_00,47,7.576,6.737050847554866
IonizationEnergy,random_00,48,8.994,7.708800644972266
IonizationEnergy,random_00,49,5.786,8.8385005633836
IonizationEnergy,random_00,50,7.344,6.244282915811497
IonizationEnergy,random_00,51,8.64,9.638481960734111
IonizationEnergy,random_00,52,9.01,6.281302835356463
IonizationEnergy,random_00,53,10.451,8.323372136754706
IonizationEnergy,random_00,54,12.13,6.061649124213179
IonizationEnergy,random_00,55,3.894,8.400751241851038
IonizationEnergy,random_00,56,5.212,9.921008737158493
IonizationEnergy,random_00,57,5.577,7.008589619747217
IonizationEnergy,random_00,58,5.539,9.286295330648397
IonizationEnergy,random_00,59,5.464,6.563638009691517
IonizationEnergy,random_00,60,5.525,6.486353800824157
IonizationEnergy,random_00,61,5.55,6.760513239767508
IonizationEnergy,random_00,62,5.644,4.931301724259429
IonizationEnergy,random_00,63,5.67,8.72486393101266
IonizationEnergy,random_00,64,6.15,9.358503303084873
IonizationEnergy,random_00,65,5.864,10.592931239374764
IonizationEnergy,random_00,66,5.939,9.430961637493873
IonizationEnergy,random_00,67,6.022,10.143841985494024
IonizationEnergy,random_00,68,6.108,5.525145488527091
IonizationEnergy,random_00,69,6.184,10.435854826812651
IonizationEnergy,random_00,70,6.254,7.372870717182156
IonizationEnergy,random_00,71,5.426,8.48011340546914
IonizationEnergy,random_00,72,6.825,9.049668336671322
IonizationEnergy,random_00,73,7.89,8.234918698630716
IonizationEnergy,random_00,74,7.98,10.177483299320707
IonizationEnergy,random_00,75,7.88,6.914016049040777
IonizationEnergy,random_00,76,8.7,6.612931571527342
IonizationEnergy,random_00,77,9.1,7.993869506760818
IonizationEnergy,random_00,78,9.0,6.289897362552805
IonizationEnergy,random_00,79,9.226,7.901460711040371
IonizationEnergy,random_00,80,10.438,7.962010941760734
IonizationEnergy,random_00,81,6.108,10.701162048532376
IonizationEnergy,random_00,82,7.417,7.399843868984963
IonizationEnergy,random_00,83,7.289,11.57844557480155
IonizationEnergy,random_00,84,8.417,8.41187027808868
IonizationEnergy,random_00,85,9.5,7.215939699180952
IonizationEnergy,random_00,86,10.745,9.851685972897403
IonizationEnergy,random_00,87,3.9,6.137660398965699
IonizationEnergy,random_00,88,5.279,8.843055024239307
IonizationEnergy,random_00,89,5.17,7.745904872380555
IonizationEnergy,random_00,90,6.08,9.703881877849426
IonizationEnergy,random_00,91,5.89,7.662535165936247
IonizationEnergy,random_00,92,6.194,7.051252696258092
IonizationEnergy,random_00,93,6.266,7.935594468539624
IonizationEnergy,random_00,94,6.06,8.255060224763083
IonizationEnergy,random_00,95,5.993,7.045289765238774
IonizationEnergy,random_00,96,6.02,9.515307400139159
IonizationEnergy,random_00,97,6.23,6.988381507291447
IonizationEnergy,random_00,98,6.3,7.010219299507022
IonizationEnergy,random_00,99,6.42,10.003623619409625
IonizationEnergy,random_00,100,6.5,7.62380636056149
IonizationEnergy,random_00,101,6.58,6.884101629423791
IonizationEnergy,random_00,102,6.65,6.698687939117266
IonizationEnergy,random_01,1,13.598,6.374152607224996
IonizationEnergy,random_01,2,24.587,9.018053272499593
IonizationEnergy,random_01,3,5.392,8.409332439156314
IonizationEnergy,random_01,4,9.323,8.172417659690057
IonizationEnergy,random_01,5,8.298,10.104038289773822
IonizationEnergy,random_01,6,11.26,8.76331596584808
IonizationEnergy,random_01,7,14.534,8.09259318524524
IonizationEnergy,random_01,8,13.618,8.217762926432254
IonizationEnergy,random_01,9,17.423,9.259442402479264
IonizationEnergy,random_01,10,21.565,8.257958548238934
IonizationEnergy,random_01,11,5.139,7.984067987365904
IonizationEnergy,random_01,12,7.646,9.729895795092643
IonizationEnergy,random_01,13,5.986,8.426330242640104
IonizationEnergy,random_01,14,8.152,9.537786763499298
IonizationEnergy,random_01,15,10.487,8.174025363968788
IonizationEnergy,random_01,16,10.36,8.318886204161839
IonizationEnergy,random_01,17,12.968,8.421839303131867
IonizationEnergy,random_01,18,15.76,8.993731796347603
IonizationEnergy,random_01,19,4.341,8.023707780966483
IonizationEnergy,random_01,20,6.113,9.261744132472632
IonizationEnergy,random_01,21,6.561,8.834591963169988
IonizationEnergy,random_01,22,6.828,10.641073727287004
IonizationEnergy,random_01,23,6.746,7.536768558982704
IonizationEnergy,random_01,24,6.767,8.86903385561204
IonizationEnergy,random_01,25,7.434,9.036570328597493
IonizationEnergy,random_01,26,7.902,8.884354701652295
IonizationEnergy,random_01,27,7.881,4.3227252868088275
IonizationEnergy,random_01,28,7.64,11.511894962709233
IonizationEnergy,random_01,29,7.726,5.884182818120759
IonizationEnergy,random_01,30,9.394,7.4925485476291644
IonizationEnergy,random_01,31,5.999,7.742454583381181
IonizationEnergy,random_01,32,7.9,11.03492751639655
IonizationEnergy,random_01,33,9.815,7.292019526417824
IonizationEnergy,random_01,34,9.752,9.501113295748862
IonizationEnergy,random_01,35,11.814,9.0017942625061
IonizationEnergy,random_01,36,14.0,11.312545376970176
IonizationEnergy,random_01,37,4.177,8.518410495623067
IonizationEnergy,random_01,38,5.695,7.122620215507437
IonizationEnergy,random_01,39,6.217,9.145560529000914
IonizationEnergy,random_01,40,6.634,8.196097465599385
IonizationEnergy,random_01,41,6.759,10.251293270400907
IonizationEnergy,random_01,42,7.092,10.780721769751239
IonizationEnergy,random_01,43,7.28,7.751782017268891
IonizationEnergy,random_01,44,7.361,11.974920535045243
IonizationEnergy,random_01,45,7.459,7.283055434938744
IonizationEnergy,random_01,46,8.337,7.161044406005478
IonizationEnergy,random_01,47,7.576,9.499407795666222
IonizationEnergy,random_01,48,8.994,9.879320312563172
IonizationEnergy,random_01,49,5.786,8.28230722259632
IonizationEnergy,random_01,50,7.344,7.959435929641456
IonizationEnergy,random_01,51,8.64,9.026616593806217
IonizationEnergy,random_01,52,9.01,9.104961017541731
IonizationEnergy,random_01,53,10.451,7.955855187523053
IonizationEnergy,random_01,54,12.13,9.663864872585146
IonizationEnergy,random_01,55,3.894,6.8742617842563725
IonizationEnergy,random_01,56,5.212,12.046070787901092
IonizationEnergy,random_01,57,5.577,5.762549484305151
IonizationEnergy,random_01,58,5.539,10.581824960616878
IonizationEnergy,random_01,59,5.464,6.650692944193999
IonizationEnergy,random_01,60,5.525,10.161200965877914
IonizationEnergy,random_01,61,5.55,5.70488785242585
IonizationEnergy,random_01,62,5.644,5.952277600170732
IonizationEnergy,random_01,63,5.67,9.357386551450777
IonizationEnergy,random_01,64,6.15,8.66749194453946
IonizationEnergy,random_01,65,5.864,7.8042391382737595
IonizationEnergy,random_01,66,5.939,8.50591936720399
IonizationEnergy,random_01,67,6.022,5.8490765166521195
IonizationEnergy,random_01,68,6.108,6.984424391148153
IonizationEnergy,random_01,69,6.184,8.569534903991947
IonizationEnergy,random_01,70,6.254,9.633304356655945
IonizationEnergy,random_01,71,5.426,5.229218821172484
IonizationEnergy,random_01,72,6.825,9.90531299467598
IonizationEnergy,random_01,73,7.89,5.138771803932717
IonizationEnergy,random_01,74,7.98,9.70201548388593
IonizationEnergy,random_01,75,7.88,6.743416512713688
IonizationEnergy,random_01,76,8.7,8.598683202125956
IonizationEnergy,random_01,77,9.1,6.96912451585618
IonizationEnergy,random_01,78,9.0,7.794696518846706
IonizationEnergy,random_01,79,9.226,6.298390825625649
IonizationEnergy,random_01,80,10.438,7.065478754087241
IonizationEnergy,random_01,81,6.108,7.182192914338265
IonizationEnergy,random_01,82,7.417,5.059567703215885
IonizationEnergy,random_01,83,7.289,9.336891631836806
IonizationEnergy,random_01,84,8.417,7.480457181324077
IonizationEnergy,random_01,85,9.5,7.572366400265676
IonizationEnergy,random_01,86,10.745,7.850204033730635
IonizationEnergy,random_01,87,3.9,5.316012701788193
IonizationEnergy,random_01,88,5.279,7.230909055950306
IonizationEnergy,random_01,89,5.17,7.351523772668764
IonizationEnergy,random_01,90,6.08,8.074073631559312
IonizationEnergy,random_01,91,5.89,5.946542963358787
IonizationEnergy,random_01,92,6.194,4.65021798370099
IonizationEnergy,random_01,93,6.266,7.787387979555952
IonizationEnergy,random_01,94,6.06,7.981945533330203
IonizationEnergy,random_01,95,5.993,4.69983570137822
IonizationEnergy,random_01,96,6.02,9.356179800833042
IonizationEnergy,random_01,97,6.23,5.269637605146688
IonizationEnergy,random_01,98,6.3,7.239384839364679
IonizationEnergy,random_01,99,6.42,7.8309038612772115
IonizationEnergy,random_01,100,6.5,6.67266132470583
IonizationEnergy,random_01,101,6.58,8.665214176353514
IonizationEnergy,random_01,102,6.65,9.73121893324942
IonizationEnergy,random_02,1,13.598,6.659920312554517
IonizationEnergy,random_02,2,24.587,9.457791499601885
IonizationEnergy,random_02,3,5.392,7.5354219205652635
IonizationEnergy,random_02,4,9.323,8.508479955244493
IonizationEnergy,random_02,5,8.298,9.999327352399296
IonizationEnergy,random_02,6,11.26,9.612426905821048
IonizationEnergy,random_02,7,14.534,9.199949309294901
IonizationEnergy,random_02,8,13.618,8.947542908192933
IonizationEnergy,random_02,9,17.423,6.728141522934867
IonizationEnergy,random_02,10,21.565,10.033232577985993
IonizationEnergy,random_02,11,5.139,7.521144975476226
IonizationEnergy,random_02,12,7.646,8.213863821957498
IonizationEnergy,random_02,13,5.986,9.235716508520692
IonizationEnergy,random_02,14,8.152,11.048353969756999
IonizationEnergy,random_02,15,10.487,7.090771518047152
IonizationEnergy,random_02,16,10.36,5.910384115373029
IonizationEnergy,random_02,17,12.968,10.010485603388332
IonizationEnergy,random_02,18,15.76,9.877855693836764
IonizationEnergy,random_02,19,4.341,9.106369538189943
IonizationEnergy,random_02,20,6.113,8.168541846918677
IonizationEnergy,random_02,21,6.561,8.811265722882048
IonizationEnergy,random_02,22,6.828,10.43831272444429
IonizationEnergy,random_02,23,6.746,8.500759963383901
IonizationEnergy,random_02,24,6.767,7.24535744544517
IonizationEnergy,random_02,25,7.434,9.968032245811155
IonizationEnergy,random_02,26,7.902,8.72929230253338
IonizationEnergy,random_02,27,7.881,9.549337796364618
IonizationEnergy,random_02,28,7.64,10.071291976333965
IonizationEnergy,random_02,29,7.726,6.411508967410308
IonizationEnergy,random_02,30,9.394,8.707256464473154
IonizationEnergy,random_02,31,5.999,8.768718356970984
IonizationEnergy,random_02,32,7.9,8.125476402423944
IonizationEnergy,random_02,33,9.815,9.145160751204816
IonizationEnergy,random_02,34,9.752,9.182258338121898
IonizationEnergy,random_02,35,11.814,9.379085279604714
IonizationEnergy,random_02,36,14.0,10.627417556854
IonizationEnergy,random_02,37,4.177,4.046931092190887
IonizationEnergy,random_02,38,5.695,9.591998792861974
IonizationEnergy,random_02,39,6.217,7.6045587301656905
IonizationEnergy,random_02,40,6.634,9.814909219916455
IonizationEnergy,random_02,41,6.759,7.28876669544394
IonizationEnergy,random_02,42,7.092,9.653459389058986
IonizationEnergy,random_02,43,7.28,8.718712471816481
IonizationEnergy,random_02,44,7.361,10.32299144285054
IonizationEnergy,random_02,45,7.459,5.297697351412469
IonizationEnergy,random_02,46,8.337,8.73417657029165
IonizationEnergy,random_02,47,7.576,8.190024054949674
IonizationEnergy,random_02,48,8.994,7.582974841906939
IonizationEnergy,random_02,49,5.786,7.549581539147175
IonizationEnergy,random_02,50,7.344,7.285923007416141
IonizationEnergy,random_02,51,8.64,9.124183812105004
IonizationEnergy,random_02,52,9.01,7.487495017081635
IonizationEnergy,random_02,53,10.451,5.5861931781912375
IonizationEnergy,random_02,54,12.13,5.7563406230623
IonizationEnergy,random_02,55,3.894,8.881824829672542
IonizationEnergy,random_02,56,5.212,8.757184270808997
IonizationEnergy,random_02,57,5.577,5.802549797461413
IonizationEnergy,random_02,58,5.539,8.439662748580501
IonizationEnergy,random_02,59,5.464,7.6532327972067025
IonizationEnergy,random_02,60,5.525,5.3382908634487745
IonizationEnergy,random_02,61,5.55,8.181779425780446
IonizationEnergy,random_02,62,5.644,5.125283638597011
IonizationEnergy,random_02,63,5.67,10.089017162620767
IonizationEnergy,random_02,64,6.15,7.78439423803149
IonizationEnergy,random_02,65,5.864,10.76486418997195
IonizationEnergy,random_02,66,5.939,9.8332003263212
IonizationEnergy,random_02,67,6.022,8.701855989126017
IonizationEnergy,random_02,68,6.108,6.131642640461589
IonizationEnergy,random_02,69,6.184,9.157409983472032
IonizationEnergy,random_02,70,6.254,8.409338470018255
IonizationEnergy,random_02,71,5.426,8.951565586239541
IonizationEnergy,random_02,72,6.825,8.668318553522825
IonizationEnergy,random_02,73,7.89,7.173693524176571
IonizationEnergy,random_02,74,7.98,9.71244902549907
IonizationEnergy,random_02,75,7.88,7.520390394985158
IonizationEnergy,random_02,76,8.7,4.973507789882009
IonizationEnergy,random_02,77,9.1,10.34860448812897
IonizationEnergy,random_02,78,9.0,7.078448014678443
IonizationEnergy,random_02,79,9.226,9.356570289613307
IonizationEnergy,random_02,80,10.438,7.010101245101029
IonizationEnergy,random_02,81,6.108,7.909418015748119
IonizationEnergy,random_02,82,7.417,8.58574769949977
IonizationEnergy,random_02,83,7.289,7.685583830177142
IonizationEnergy,random_02,84,8.417,9.219407088843354
IonizationEnergy,random_02,85,9.5,4.961609671617007
IonizationEnergy,random_02,86,10.745,12.790036691656223
IonizationEnergy,random_02,87,3.9,3.468617369600734
IonizationEnergy,random_02,88,5.279,9.224793437475917
IonizationEnergy,random_02,89,5.17,5.8163302756619775
IonizationEnergy,random_02,90,6.08,8.616900527896826
IonizationEnergy,random_02,91,5.89,7.223889261730875
IonizationEnergy,random_02,92,6.194,6.968941275820453
IonizationEnergy,random_02,93,6.266,6.5230463437981046
IonizationEnergy,random_02,94,6.06,10.26420323847595
IonizationEnergy,random_02,95,5.993,4.593949171379254
IonizationEnergy,random_02,96,6.02,7.288899055873536
IonizationEnergy,random_02,97,6.23,6.8420717141666945
IonizationEnergy,random_02,98,6.3,7.157310623522939
IonizationEnergy,random_02,99,6.42,9.261706778783212
IonizationEnergy,random_02,100,6.5,7.15760953387966
IonizationEnergy,random_02,101,6.58,6.915085885109067
IonizationEnergy,random_02,102,6.65,7.9831158509638245
IonizationEnergy,random_03,1,13.598,7.360505926797273
IonizationEnergy,random_03,2,24.587,7.918254212162324
IonizationEnergy,random_03,3,5.392,7.921726318340339
IonizationEnergy,random_03,4,9.323,8.434293370267868
IonizationEnergy,random_03,5,8.298,9.58053157152424
IonizationEnergy,random_03,6,11.26,9.547991620761799
IonizationEnergy,random_03,7,14.534,8.815906542784035
IonizationEnergy,random_03,8,13.618,8.09176000043654
IonizationEnergy,random_03,9,17.423,7.529808610191856
IonizationEnergy,random_03,10,21.565,10.17632882541072
IonizationEnergy,random_03,11,5.139,6.342861616968998
IonizationEnergy,random_03,12,7.646,11.325844092718846
IonizationEnergy,random_03,13,5.986,6.997821664160814
IonizationEnergy,random_03,14,8.152,10.2545555310373
IonizationEnergy,random_03,15,10.487,6.756487222716169
IonizationEnergy,random_03,16,10.36,7.423476874410035
IonizationEnergy,random_03,17,12.968,10.754069017675011
IonizationEnergy,random_03,18,15.76,7.480325756919718
IonizationEnergy,random_03,19,4.341,10.559811734445741
IonizationEnergy,random_03,20,6.113,8.249123964233412
IonizationEnergy,random_03,21,6.561,10.228310764145109
IonizationEnergy,random_03,22,6.828,12.873886692117534
IonizationEnergy,random_03,23,6.746,7.2546638593462305
IonizationEnergy,random_03,24,6.767,9.882899900708749
IonizationEnergy,random_03,25,7.434,8.14250022213468
IonizationEnergy,random_03,26,7.902,11.493071370312213
IonizationEnergy,random_03,27,7.881,7.494090950698596
IonizationEnergy,random_03,28,7.64,9.628776268799061
IonizationEnergy,random_03,29,7.726,7.455711787455178
IonizationEnergy,random_03,30,9.394,8.888726591889363
IonizationEnergy,random_03,31,5.999,9.819166176514857
IonizationEnergy,random_03,32,7.9,11.318405540440649
IonizationEnergy,random_03,33,9.815,4.4948466858059986
IonizationEnergy,random_03,34,9.752,9.83775634450423
IonizationEnergy,random_03,35,11.814,7.568343305274023
IonizationEnergy,random_03,36,14.0,8.583025916122791
IonizationEnergy,random_03,37,4.177,6.952696018936565
IonizationEnergy,random_03,38,5.695,9.595726519401165
IonizationEnergy,random_03,39,6.217,7.270296059004533
IonizationEnergy,random_03,40,6.634,7.486074572365582
IonizationEnergy,random_03,41,6.759,8.190925752915822
IonizationEnergy,random_03,42,7.092,7.762163231268229
IonizationEnergy,random_03,43,7.28,7.841343059649863
IonizationEnergy,random_03,44,7.361,11.190299012165735
IonizationEnergy,random_03,45,7.459,4.575300107893101
IonizationEnergy,random_03,46,8.337,8.536967239231434
IonizationEnergy,random_03,47,7.576,7.650774925182699
IonizationEnergy,random_03,48,8.994,9.403121720855689
IonizationEnergy,random_03,49,5.786,6.997463549852122
IonizationEnergy,random_03,50,7.344,7.558756353421135
IonizationEnergy,random_03,51,8.64,8.513252165184182
IonizationEnergy,random_03,52,9.01,8.157049102742626
IonizationEnergy,random_03,53,10.451,6.9263917294794455
IonizationEnergy,random_03,54,12.13,9.616642333041826
IonizationEnergy,random_03,55,3.894,7.339589979079948
IonizationEnergy,random_03,56,5.212,7.788264996727054
IonizationEnergy,random_03,57,5.577,6.91987921250876
IonizationEnergy,random_03,58,5.539,8.596306648728921
IonizationEnergy,random_03,59,5.464,7.23016477814394
IonizationEnergy,random_03,60,5.525,7.68178021246313
IonizationEnergy,random_03,61,5.55,6.879945676169422
IonizationEnergy,random_03,62,5.644,5.726882666949171
IonizationEnergy,random_03,63,5.67,9.129548629143471
IonizationEnergy,random_03,64,6.15,10.456536937120596
IonizationEnergy,random_03,65,5.864,6.861338463566641
IonizationEnergy,random_03,66,5.939,10.045909744913322
IonizationEnergy,random_03,67,6.022,8.066424772412063
IonizationEnergy,random_03,68,6.108,7.704968713825671
IonizationEnergy,random_03,69,6.184,10.20744890597841
IonizationEnergy,random_03,70,6.254,9.586726204358452
IonizationEnergy,random_03,71,5.426,7.179231234040611
IonizationEnergy,random_03,72,6.825,7.484554139231085
IonizationEnergy,random_03,73,7.89,9.061034581766132
IonizationEnergy,random_03,74,7.98,8.310034542176046
IonizationEnergy,random_03,75,7.88,7.958233065737005
IonizationEnergy,random_03,76,8.7,7.011744155232831
IonizationEnergy,random_03,77,9.1,7.3866135983038745
IonizationEnergy,random_03,78,9.0,8.414204787522761
IonizationEnergy,random_03,79,9.226,8.379247141202324
IonizationEnergy,random_03,80,10.438,9.58260134293661
IonizationEnergy,random_03,81,6.108,6.606732414853649
IonizationEnergy,random_03,82,7.417,8.923123304994299
IonizationEnergy,random_03,83,7.289,7.919517733829302
IonizationEnergy,random_03,84,8.417,8.801367254141162
IonizationEnergy,random_03,85,9.5,6.901559348664388
IonizationEnergy,random_03,86,10.745,11.623354766556611
IonizationEnergy,random_03,87,3.9,5.565741662204777
IonizationEnergy,random_03,88,5.279,7.088286619061881
IonizationEnergy,random_03,89,5.17,7.923135425767956
IonizationEnergy,random_03,90,6.08,9.51575328009341
IonizationEnergy,random_03,91,5.89,6.34344726500419
IonizationEnergy,random_03,92,6.194,7.38796836072937
IonizationEnergy,random_03,93,6.266,6.664360633568036
IonizationEnergy,random_03,94,6.06,7.884893505266563
IonizationEnergy,random_03,95,5.993,6.464470393960344
IonizationEnergy,random_03,96,6.02,7.047718146429866
IonizationEnergy,random_03,97,6.23,7.150671568942109
IonizationEnergy,random_03,98,6.3,7.699828878227243
IonizationEnergy,random_03,99,6.42,8.445663217769262
IonizationEnergy,random_03,100,6.5,5.424940100959159
IonizationEnergy,random_03,101,6.58,7.034295279589017
IonizationEnergy,random_03,102,6.65,8.235539156872727
IonizationEnergy,random_04,1,13.598,6.9253641123289
IonizationEnergy,random_04,2,24.587,8.369065044298091
IonizationEnergy,random_04,3,5.392,7.32123161420781
IonizationEnergy,random_04,4,9.323,6.8346590313387345
IonizationEnergy,random_04,5,8.298,7.87345534002911
IonizationEnergy,random_04,6,11.26,9.959683059069276
IonizationEnergy,random_04,7,14.534,5.248907104096563
IonizationEnergy,random_04,8,13.618,9.128950098516398
IonizationEnergy,random_04,9,17.423,6.468973963593458
IonizationEnergy,random_04,10,21.565,8.383658219274793
IonizationEnergy,random_04,11,5.139,8.90206529161513
IonizationEnergy,random_04,12,7.646,7.3017048337273485
IonizationEnergy,random_04,13,5.986,9.665786290472564
IonizationEnergy,random_04,14,8.152,8.963030393149118
IonizationEnergy,random_04,15,10.487,6.958818798890505
IonizationEnergy,random_04,16,10.36,7.246098433442141
IonizationEnergy,random_04,17,12.968,8.20821708975302
IonizationEnergy,random_04,18,15.76,8.89787173041983
IonizationEnergy,random_04,19,4.341,8.94276725958207
IonizationEnergy,random_04,20,6.113,8.075243375387178
IonizationEnergy,random_04,21,6.561,8.113456656721336
IonizationEnergy,random_04,22,6.828,8.00162196294626
IonizationEnergy,random_04,23,6.746,7.670414109958066
IonizationEnergy,random_04,24,6.767,7.178768846340597
IonizationEnergy,random_04,25,7.434,10.367956255870546
IonizationEnergy,random_04,26,7.902,8.249814648903028
IonizationEnergy,random_04,27,7.881,8.489887555597356
IonizationEnergy,random_04,28,7.64,7.851823606679763
IonizationEnergy,random_04,29,7.726,7.360376251921853
IonizationEnergy,random_04,30,9.394,7.695150556302995
IonizationEnergy,random_04,31,5.999,9.694067325550007
IonizationEnergy,random_04,32,7.9,8.249403379065381
IonizationEnergy,random_04,33,9.815,8.315542987683264
IonizationEnergy,random_04,34,9.752,8.544176392532199
IonizationEnergy,random_04,35,11.814,8.906702242994818
IonizationEnergy,random_04,36,14.0,8.515797697499655
IonizationEnergy,random_04,37,4.177,7.2499427652496236
IonizationEnergy,random_04,38,5.695,8.507514192338704
IonizationEnergy,random_04,39,6.217,7.089505457522386
IonizationEnergy,random_04,40,6.634,11.110032258311318
IonizationEnergy,random_04,41,6.759,8.43970992938526
IonizationEnergy,random_04,42,7.092,9.788494461732387
IonizationEnergy,random_04,43,7.28,8.057434160328693
IonizationEnergy,random_04,44,7.361,10.212763387644099
IonizationEnergy,random_04,45,7.459,5.673516358797976
IonizationEnergy,random_04,46,8.337,8.980288286971662
IonizationEnergy,random_04,47,7.576,8.749780439371612
IonizationEnergy,random_04,48,8.994,10.043259824542698
IonizationEnergy,random_04,49,5.786,7.1509569650001374
IonizationEnergy,random_04,50,7.344,6.798135766559032
IonizationEnergy,random_04,51,8.64,9.463889397264907
IonizationEnergy,random_04,52,9.01,5.794721180146424
IonizationEnergy,random_04,53,10.451,7.895724120924338
IonizationEnergy,random_04,54,12.13,7.2377043722987136
IonizationEnergy,random_04,55,3.894,7.710036707530323
IonizationEnergy,random_04,56,5.212,11.422417181515087
IonizationEnergy,random_04,57,5.577,5.489065133718011
IonizationEnergy,random_04,58,5.539,10.910294314994701
IonizationEnergy,random_04,59,5.464,7.895937480025035
IonizationEnergy,random_04,60,5.525,6.551527617999099
IonizationEnergy,random_04,61,5.55,7.442185614570803
IonizationEnergy,random_04,62,5.644,7.566733654193944
IonizationEnergy,random_04,63,5.67,5.793906539254909
IonizationEnergy,random_04,64,6.15,8.955206209123576
IonizationEnergy,random_04,65,5.864,9.560042127325348
IonizationEnergy,random_04,66,5.939,11.562161264897888
IonizationEnergy,random_04,67,6.022,8.708871924433417
IonizationEnergy,random_04,68,6.108,8.12746312495843
IonizationEnergy,random_04,69,6.184,7.458823584058461
IonizationEnergy,random_04,70,6.254,6.861703338423409
IonizationEnergy,random_04,71,5.426,8.584389845134307
IonizationEnergy,random_04,72,6.825,13.091527395382911
IonizationEnergy,random_04,73,7.89,8.60721760479303
IonizationEnergy,random_04,74,7.98,14.848998033179198
IonizationEnergy,random_04,75,7.88,6.170726907317966
IonizationEnergy,random_04,76,8.7,7.556193904831637
IonizationEnergy,random_04,77,9.1,7.197876238305697
IonizationEnergy,random_04,78,9.0,8.262351685883496
IonizationEnergy,random_04,79,9.226,8.591700677055968
IonizationEnergy,random_04,80,10.438,7.267851560772055
IonizationEnergy,random_04,81,6.108,11.724023840384978
IonizationEnergy,random_04,82,7.417,8.21329131709146
IonizationEnergy,random_04,83,7.289,9.770286026557468
IonizationEnergy,random_04,84,8.417,6.677602033042364
IonizationEnergy,random_04,85,9.5,7.048426899715887
IonizationEnergy,random_04,86,10.745,8.932683331613275
IonizationEnergy,random_04,87,3.9,6.817850387401686
IonizationEnergy,random_04,88,5.279,8.543636377774016
IonizationEnergy,random_04,89,5.17,7.7313560675553274
IonizationEnergy,random_04,90,6.08,9.290715784036285
IonizationEnergy,random_04,91,5.89,8.509065634639379
IonizationEnergy,random_04,92,6.194,8.53105671753754
IonizationEnergy,random_04,93,6.266,7.023365691259643
IonizationEnergy,random_04,94,6.06,8.648295682488405
IonizationEnergy,random_04,95,5.993,6.0795446663185535
IonizationEnergy,random_04,96,6.02,9.213629983397684
IonizationEnergy,random_04,97,6.23,8.282773114862097
IonizationEnergy,random_04,98,6.3,7.933413950130677
IonizationEnergy,random_04,99,6.42,9.099989249900073
IonizationEnergy,random_04,100,6.5,7.91903650588121
IonizationEnergy,random_04,101,6.58,6.252418126742311
IonizationEnergy,random_04,102,6.65,8.502839822748669
IonizationEnergy,random_05,1,13.598,7.196892829163535
IonizationEnergy,random_05,2,24.587,8.48387983712516
IonizationEnergy,random_05,3,5.392,8.024084673520424
IonizationEnergy,random_05,4,9.323,7.874048410176594
IonizationEnergy,random_05,5,8.298,10.265320966635425
IonizationEnergy,random_05,6,11.26,8.172216734167337
IonizationEnergy,random_05,7,14.534,8.822476998508243
IonizationEnergy,random_05,8,13.618,8.487350122899196
IonizationEnergy,random_05,9,17.423,7.236539509404216
IonizationEnergy,random_05,10,21.565,7.567680797561769
IonizationEnergy,random_05,11,5.139,8.274392189359578
IonizationEnergy,random_05,12,7.646,8.780643585015538
IonizationEnergy,random_05,13,5.986,10.652607315033459
IonizationEnergy,random_05,14,8.152,9.186245787178486
IonizationEnergy,random_05,15,10.487,7.868350320705385
IonizationEnergy,random_05,16,10.36,7.592579910546011
IonizationEnergy,random_05,17,12.968,9.366706774424657
IonizationEnergy,random_05,18,15.76,7.996598370864041
IonizationEnergy,random_05,19,4.341,8.053272541943883
IonizationEnergy,random_05,20,6.113,8.606827491661516
IonizationEnergy,random_05,21,6.561,9.336556455972195
IonizationEnergy,random_05,22,6.828,9.942426324092436
IonizationEnergy,random_05,23,6.746,7.0915617720775845
IonizationEnergy,random_05,24,6.767,8.233169749654758
IonizationEnergy,random_05,25,7.434,8.245438171149974
IonizationEnergy,random_05,26,7.902,5.764921590993167
IonizationEnergy,random_05,27,7.881,9.709777126389472
IonizationEnergy,random_05,28,7.64,9.729708211132127
IonizationEnergy,random_05,29,7.726,7.433796958542912
IonizationEnergy,random_05,30,9.394,7.528640591980145
IonizationEnergy,random_05,31,5.999,7.8417275144614536
IonizationEnergy,random_05,32,7.9,7.643540123223466
IonizationEnergy,random_05,33,9.815,8.978359250472627
IonizationEnergy,random_05,34,9.752,6.627619423739551
IonizationEnergy,random_05,35,11.814,8.340404077434508
IonizationEnergy,random_05,36,14.0,8.856929273965712
IonizationEnergy,random_05,37,4.177,8.505362444874521
IonizationEnergy,random_05,38,5.695,8.42807305633188
IonizationEnergy,random_05,39,6.217,7.900002768296368
IonizationEnergy,random_05,40,6.634,8.715311702300651
IonizationEnergy,random_05,41,6.759,7.836655605834632
IonizationEnergy,random_05,42,7.092,7.818718787261374
IonizationEnergy,random_05,43,7.28,7.203067187709884
IonizationEnergy,random_05,44,7.361,8.701720767275885
IonizationEnergy,random_05,45,7.459,8.384460799098212
IonizationEnergy,random_05,46,8.337,9.004039505787151
IonizationEnergy,random_05,47,7.576,6.917362327508
IonizationEnergy,random_05,48,8.994,6.318745555824019
IonizationEnergy,random_05,49,5.786,8.306171156409134
IonizationEnergy,random_05,50,7.344,6.502833761127434
IonizationEnergy,random_05,51,8.64,6.290957879943834
IonizationEnergy,random_05,52,9.01,6.79534081339424
IonizationEnergy,random_05,53,10.451,8.474979515896742
IonizationEnergy,random_05,54,12.13,6.463887145149865
IonizationEnergy,random_05,55,3.894,8.094330826353998
IonizationEnergy,random_05,56,5.212,8.81326730611448
IonizationEnergy,random_05,57,5.577,5.3854694150873526
IonizationEnergy,random_05,58,5.539,6.602497371206113
IonizationEnergy,random_05,59,5.464,6.233517279661312
IonizationEnergy,random_05,60,5.525,6.3861426448827885
IonizationEnergy,random_05,61,5.55,9.384591885196851
IonizationEnergy,random_05,62,5.644,5.900439424250463
IonizationEnergy,random_05,63,5.67,7.710480966862945
IonizationEnergy,random_05,64,6.15,8.69856152170762
IonizationEnergy,random_05,65,5.864,10.201091767995303
IonizationEnergy,random_05,66,5.939,9.20483848520721
IonizationEnergy,random_05,67,6.022,8.376966232712926
IonizationEnergy,random_05,68,6.108,9.971819327121866
IonizationEnergy,random_05,69,6.184,10.237113319962571
IonizationEnergy,random_05,70,6.254,8.05714816292401
IonizationEnergy,random_05,71,5.426,9.718192080794609
IonizationEnergy,random_05,72,6.825,10.286094548848485
IonizationEnergy,random_05,73,7.89,7.818777904339193
IonizationEnergy,random_05,74,7.98,9.160752803311597
IonizationEnergy,random_05,75,7.88,6.756605761869534
IonizationEnergy,random_05,76,8.7,8.280660948707123
IonizationEnergy,random_05,77,9.1,9.979442286694102
IonizationEnergy,random_05,78,9.0,7.0495298425062085
IonizationEnergy,random_05,79,9.226,10.28664749429997
IonizationEnergy,random_05,80,10.438,7.132716373314975
IonizationEnergy,random_05,81,6.108,10.027223502725104
IonizationEnergy,random_05,82,7.417,6.81411437589697
IonizationEnergy,random_05,83,7.289,8.523081001448814
IonizationEnergy,random_05,84,8.417,10.294246737858892
IonizationEnergy,random_05,85,9.5,6.911581045516388
IonizationEnergy,random_05,86,10.745,8.59706822648232
IonizationEnergy,random_05,87,3.9,7.599077976573707
IonizationEnergy,random_05,88,5.279,8.028328519315405
IonizationEnergy,random_05,89,5.17,8.194680145480653
IonizationEnergy,random_05,90,6.08,8.132140662458685
IonizationEnergy,random_05,91,5.89,7.298043885018888
IonizationEnergy,random_05,92,6.194,8.607862695326741
IonizationEnergy,random_05,93,6.266,8.403842935088873
IonizationEnergy,random_05,94,6.06,8.190423336672785
IonizationEnergy,random_05,95,5.993,7.325641651812167
IonizationEnergy,random_05,96,6.02,7.474913932854841
IonizationEnergy,random_05,97,6.23,8.869391612582517
IonizationEnergy,random_05,98,6.3,8.123047513818127
IonizationEnergy,random_05,99,6.42,6.955868756910784
IonizationEnergy,random_05,100,6.5,8.046876859425286
IonizationEnergy,random_05,101,6.58,8.659332167870073
IonizationEnergy,random_05,102,6.65,8.025875852867985
IonizationEnergy,random_06,1,13.598,7.162640213162486
IonizationEnergy,random_06,2,24.587,11.054372430502625
IonizationEnergy,random_06,3,5.392,7.882794017763032
IonizationEnergy,random_06,4,9.323,9.568943187107074
IonizationEnergy,random_06,5,8.298,11.136831002162229
IonizationEnergy,random_06,6,11.26,8.647377477727922
IonizationEnergy,random_06,7,14.534,9.733593917139508
IonizationEnergy,random_06,8,13.618,9.152882886824997
IonizationEnergy,random_06,9,17.423,8.409511678543875
IonizationEnergy,random_06,10,21.565,9.26629993733933
IonizationEnergy,random_06,11,5.139,7.346942525562082
IonizationEnergy,random_06,12,7.646,10.965259988770683
IonizationEnergy,random_06,13,5.986,8.127866433643586
IonizationEnergy,random_06,14,8.152,10.056919745205018
IonizationEnergy,random_06,15,10.487,9.296698722446001
IonizationEnergy,random_06,16,10.36,7.9625126484256175
IonizationEnergy,random_06,17,12.968,10.69984466850974
IonizationEnergy,random_06,18,15.76,8.73631571734903
IonizationEnergy,random_06,19,4.341,10.191441068682078
IonizationEnergy,random_06,20,6.113,10.915933123466925
IonizationEnergy,random_06,21,6.561,8.303590638958466
IonizationEnergy,random_06,22,6.828,12.072849977977906
IonizationEnergy,random_06,23,6.746,9.463266996870987
IonizationEnergy,random_06,24,6.767,8.25868053279509
IonizationEnergy,random_06,25,7.434,10.100067384529794
IonizationEnergy,random_06,26,7.902,9.825952443039757
IonizationEnergy,random_06,27,7.881,11.119966772242815
IonizationEnergy,random_06,28,7.64,12.294986962806496
IonizationEnergy,random_06,29,7.726,8.35748927382408
IonizationEnergy,random_06,30,9.394,9.07561463771297
IonizationEnergy,random_06,31,5.999,9.411136801352775
IonizationEnergy,random_06,32,7.9,8.276439872032423
IonizationEnergy,random_06,33,9.815,8.693386324995261
IonizationEnergy,random_06,34,9.752,8.459716037836067
IonizationEnergy,random_06,35,11.814,7.123174842422735
IonizationEnergy,random_06,36,14.0,9.253134839494427
IonizationEnergy,random_06,37,4.177,7.011748092107503
IonizationEnergy,random_06,38,5.695,10.393348704416402
IonizationEnergy,random_06,39,6.217,6.942186294819299
IonizationEnergy,random_06,40,6.634,7.360226889504062
IonizationEnergy,random_06,41,6.759,7.688511823960517
IonizationEnergy,random_06,42,7.092,8.081975645551143
IonizationEnergy,random_06,43,7.28,7.661031587568924
IonizationEnergy,random_06,44,7.361,10.59059755962384
IonizationEnergy,random_06,45,7.459,5.82698289574008
IonizationEnergy,random_06,46,8.337,8.86601616924782
IonizationEnergy,random_06,47,7.576,5.914045007985946
IonizationEnergy,random_06,48,8.994,7.674380223338468
IonizationEnergy,random_06,49,5.786,6.615128308659646
IonizationEnergy,random_06,50,7.344,9.09243506596398
IonizationEnergy,random_06,51,8.64,6.878101031097537
IonizationEnergy,random_06,52,9.01,8.500843849935626
IonizationEnergy,random_06,53,10.451,7.2688146126934905
IonizationEnergy,random_06,54,12.13,6.6808355110723525
IonizationEnergy,random_06,55,3.894,8.497904757031069
IonizationEnergy,random_06,56,5.212,8.288109238381038
IonizationEnergy,random_06,57,5.577,6.933158403439156
IonizationEnergy,random_06,58,5.539,9.335300279705361
IonizationEnergy,random_06,59,5.464,5.458899399346686
IonizationEnergy,random_06,60,5.525,6.544396827531325
IonizationEnergy,random_06,61,5.55,7.404408285280363
IonizationEnergy,random_06,62,5.644,6.605057210741036
IonizationEnergy,random_06,63,5.67,9.304830814647715
IonizationEnergy,random_06,64,6.15,9.794863521397275
IonizationEnergy,random_06,65,5.864,6.391570780470515
IonizationEnergy,random_06,66,5.939,8.146624301976962
IonizationEnergy,random_06,67,6.022,7.483604062374349
IonizationEnergy,random_06,68,6.108,6.763902978502261
IonizationEnergy,random_06,69,6.184,8.924603109359
IonizationEnergy,random_06,70,6.254,8.680868685824459
IonizationEnergy,random_06,71,5.426,8.66339493192273
IonizationEnergy,random_06,72,6.825,8.198933693403575
IonizationEnergy,random_06,73,7.89,6.0938030368584055
IonizationEnergy,random_06,74,7.98,8.477690657331287
IonizationEnergy,random_06,75,7.88,7.76542416424518
IonizationEnergy,random_06,76,8.7,6.776272370989545
IonizationEnergy,random_06,77,9.1,8.329209185334147
IonizationEnergy,random_06,78,9.0,7.1947841574668905
IonizationEnergy,random_06,79,9.226,7.4050964214953785
IonizationEnergy,random_06,80,10.438,6.641347791872074
IonizationEnergy,random_06,81,6.108,6.75208448347351
IonizationEnergy,random_06,82,7.417,7.7772840306686435
IonizationEnergy,random_06,83,7.289,7.937380320979404
IonizationEnergy,random_06,84,8.417,9.267161159494027
IonizationEnergy,random_06,85,9.5,5.52156652508045
IonizationEnergy,random_06,86,10.745,9.979063290178521
IonizationEnergy,random_06,87,3.9,4.721712249451064
IonizationEnergy,random_06,88,5.279,8.521082101168624
IonizationEnergy,random_06,89,5.17,5.860784021793016
IonizationEnergy,random_06,90,6.08,7.483417752850268
IonizationEnergy,random_06,91,5.89,5.957470877111026
IonizationEnergy,random_06,92,6.194,7.928822334771472
IonizationEnergy,random_06,93,6.266,5.121219389969449
IonizationEnergy,random_06,94,6.06,8.901968860263938
IonizationEnergy,random_06,95,5.993,5.642644188447106
IonizationEnergy,random_06,96,6.02,6.046719659568167
IonizationEnergy,random_06,97,6.23,5.1791183679147474
IonizationEnergy,random_06,98,6.3,5.8244565950212905
IonizationEnergy,random_06,99,6.42,7.0309276453882426
IonizationEnergy,random_06,100,6.5,6.184129467119773
IonizationEnergy,random_06,101,6.58,6.816063851720847
IonizationEnergy,random_06,102,6.65,6.868510757159731
IonizationEnergy,random_07,1,13.598,8.79832576211071
IonizationEnergy,random_07,2,24.587,8.558090792806889
IonizationEnergy,random_07,3,5.392,7.648879734937331
IonizationEnergy,random_07,4,9.323,7.504608695109634
IonizationEnergy,random_07,5,8.298,10.034907663682358
IonizationEnergy,random_07,6,11.26,9.808209763563978
IonizationEnergy,random_07,7,14.534,7.883618482517634
IonizationEnergy,random_07,8,13.618,7.807013602670526
IonizationEnergy,random_07,9,17.423,8.682416545836295
IonizationEnergy,random_07,10,21.565,8.631791314270396
IonizationEnergy,random_07,11,5.139,8.756328918996637
IonizationEnergy,random_07,12,7.646,10.248619235325448
IonizationEnergy,random_07,13,5.986,8.24947157852725
IonizationEnergy,random_07,14,8.152,9.071898074185416
IonizationEnergy,random_07,15,10.487,7.573454547673145
IonizationEnergy,random_07,16,10.36,8.923143474917513
IonizationEnergy,random_07,17,12.968,8.262009640694458
IonizationEnergy,random_07,18,15.76,9.130154248499299
IonizationEnergy,random_07,19,4.341,10.210886038606079
IonizationEnergy,random_07,20,6.113,7.64402174268307
IonizationEnergy,random_07,21,6.561,11.239567034810774
IonizationEnergy,random_07,22,6.828,9.572085727730851
IonizationEnergy,random_07,23,6.746,8.827730219974239
IonizationEnergy,random_07,24,6.767,8.904125469951605
IonizationEnergy,random_07,25,7.434,10.890244160420806
IonizationEnergy,random_07,26,7.902,9.084027068908808
IonizationEnergy,random_07,27,7.881,7.54430028609712
IonizationEnergy,random_07,28,7.64,8.04774378646993
IonizationEnergy,random_07,29,7.726,7.288257125699832
IonizationEnergy,random_07,30,9.394,8.969441439176036
IonizationEnergy,random_07,31,5.999,8.503872834488314
IonizationEnergy,random_07,32,7.9,9.257463679836434
IonizationEnergy,random_07,33,9.815,6.636527324023909
IonizationEnergy,random_07,34,9.752,9.640932492713285
IonizationEnergy,random_07,35,11.814,9.445881439366852
IonizationEnergy,random_07,36,14.0,9.872548389024878
IonizationEnergy,random_07,37,4.177,7.129747163083953
IonizationEnergy,random_07,38,5.695,8.60765773921665
IonizationEnergy,random_07,39,6.217,6.666141173483924
IonizationEnergy,random_07,40,6.634,10.260986631689944
IonizationEnergy,random_07,41,6.759,7.07351687697319
IonizationEnergy,random_07,42,7.092,8.831807909958997
IonizationEnergy,random_07,43,7.28,6.545376956822602
IonizationEnergy,random_07,44,7.361,9.389061982773388
IonizationEnergy,random_07,45,7.459,5.643288175592983
IonizationEnergy,random_07,46,8.337,4.794005808163966
IonizationEnergy,random_07,47,7.576,8.951835643565573
IonizationEnergy,random_07,48,8.994,8.185600979438426
IonizationEnergy,random_07,49,5.786,7.5770221222361505
IonizationEnergy,random_07,50,7.344,5.492668821555544
IonizationEnergy,random_07,51,8.64,8.923752352434965
IonizationEnergy,random_07,52,9.01,8.606489803504935
IonizationEnergy,random_07,53,10.451,7.6042090473231205
IonizationEnergy,random_07,54,12.13,5.740481925230442
IonizationEnergy,random_07,55,3.894,6.586754320340562
IonizationEnergy,random_07,56,5.212,7.522752860622212
IonizationEnergy,random_07,57,5.577,6.257561641608568
IonizationEnergy,random_07,58,5.539,8.290507180506735
IonizationEnergy,random_07,59,5.464,6.921530680825067
IonizationEnergy,random_07,60,5.525,8.03423327231076
IonizationEnergy,random_07,61,5.55,6.436661214077079
IonizationEnergy,random_07,62,5.644,4.364837152117083
IonizationEnergy,random_07,63,5.67,6.791618912302335
IonizationEnergy,random_07,64,6.15,8.941211144190415
IonizationEnergy,random_07,65,5.864,11.297046001884453
IonizationEnergy,random_07,66,5.939,7.986902243878475
IonizationEnergy,random_07,67,6.022,10.453447548034877
IonizationEnergy,random_07,68,6.108,8.833620594485232
IonizationEnergy,random_07,69,6.184,9.383334528446344
IonizationEnergy,random_07,70,6.254,9.883832655392837
IonizationEnergy,random_07,71,5.426,7.058402479714499
IonizationEnergy,random_07,72,6.825,9.954524104328875
IonizationEnergy,random_07,73,7.89,9.957418055157852
IonizationEnergy,random_07,74,7.98,10.142413576115779
IonizationEnergy,random_07,75,7.88,6.049286413431525
IonizationEnergy,random_07,76,8.7,6.520624682440935
IonizationEnergy,random_07,77,9.1,8.302016040128967
IonizationEnergy,random_07,78,9.0,8.568160411725518
IonizationEnergy,random_07,79,9.226,8.57412238852687
IonizationEnergy,random_07,80,10.438,9.44506352564699
IonizationEnergy,random_07,81,6.108,9.146180442329873
IonizationEnergy,random_07,82,7.417,7.5611772898091765
IonizationEnergy,random_07,83,7.289,8.446361750909343
IonizationEnergy,random_07,84,8.417,8.412575341533676
IonizationEnergy,random_07,85,9.5,8.03363804373304
IonizationEnergy,random_07,86,10.745,10.03895450417846
IonizationEnergy,random_07,87,3.9,6.08799935152912
IonizationEnergy,random_07,88,5.279,8.602314611616187
IonizationEnergy,random_07,89,5.17,6.952590370875225
IonizationEnergy,random_07,90,6.08,9.748718409959965
IonizationEnergy,random_07,91,5.89,5.679892167036896
IonizationEnergy,random_07,92,6.194,7.003402073722424
IonizationEnergy,random_07,93,6.266,8.210039883132696
IonizationEnergy,random_07,94,6.06,7.116886893968469
IonizationEnergy,random_07,95,5.993,5.966621864560447
IonizationEnergy,random_07,96,6.02,10.279333393741057
IonizationEnergy,random_07,97,6.23,6.1837564678584425
IonizationEnergy,random_07,98,6.3,6.968464348851578
IonizationEnergy,random_07,99,6.42,7.5845436507222885
IonizationEnergy,random_07,100,6.5,6.16121927680042
IonizationEnergy,random_07,101,6.58,7.777300469082013
IonizationEnergy,random_07,102,6.65,6.638316157245169
ElectronAffinity,z_poly,1,0.754,1.096002983272487
ElectronAffinity,z_poly,3,0.618,0.9617368322903687
ElectronAffinity,z_poly,5,0.277,0.9623878013842331
ElectronAffinity,z_poly,6,1.263,0.9627568653803421
ElectronAffinity,z_poly,8,1.461,0.9635893685876562
ElectronAffinity,z_poly,9,3.339,0.9640556943255583
ElectronAffinity,z_poly,11,0.548,0.9439153728535447
ElectronAffinity,z_poly,13,0.441,0.9443457865680802
ElectronAffinity,z_poly,14,1.385,0.9446437712355058
ElectronAffinity,z_poly,15,0.746,0.9449992746858149
ElectronAffinity,z_poly,16,2.077,0.9454140471010917
ElectronAffinity,z_poly,17,3.617,0.9458898386634196
ElectronAffinity,z_poly,19,0.501,1.1326588636904038
ElectronAffinity,z_poly,21,0.188,1.1269380098529507
ElectronAffinity,z_poly,22,0.079,1.1241525404152108
ElectronAffinity,z_poly,23,0.525,1.1214202812813894
ElectronAffinity,z_poly,24,0.666,1.1187436614389317
ElectronAffinity,z_poly,26,0.163,1.1135670555778905
ElectronAffinity,z_poly,27,0.661,1.1110719275341976
ElectronAffinity,z_poly,28,1.156,1.1086421547316507
ElectronAffinity,z_poly,29,1.228,1.106280166157695
ElectronAffinity,z_poly,31,0.3,1.1017692576453402
ElectronAffinity,z_poly,32,1.35,1.0996251956818315
ElectronAffinity,z_poly,33,0.81,1.0975586338966963
ElectronAffinity,z_poly,34,2.021,1.09557200127738
ElectronAffinity,z_poly,35,3.365,1.0936677268113277
ElectronAffinity,z_poly,37,0.468,1.0681703658915622
ElectronAffinity,z_poly,39,0.307,1.067811191861879
ElectronAffinity,z_poly,40,0.426,1.0677240969913036
ElectronAffinity,z_poly,41,0.893,1.0677006775204432
ElectronAffinity,z_poly,42,0.746,1.0677424439269516
ElectronAffinity,z_poly,43,0.55,1.0678509066884816
ElectronAffinity,z_poly,44,1.05,1.0680275762826867
ElectronAffinity,z_poly,45,1.137,1.06827396318722
ElectronAffinity,z_poly,46,0.557,1.0685915778797352
ElectronAffinity,z_poly,47,1.302,1.0689819308378852
ElectronAffinity,z_poly,49,0.3,1.069986893461703
ElectronAffinity,z_poly,50,1.2,1.0706045240826774
ElectronAffinity,z_poly,51,1.07,1.0713009348798996
ElectronAffinity,z_poly,52,1.971,1.0720776363310234
ElectronAffinity,z_poly,53,3.059,1.0729361389137018
ElectronAffinity,z_poly,55,0.472,1.0460783505772462
ElectronAffinity,z_poly,57,0.5,1.0396287423017212
ElectronAffinity,z_poly,58,0.5,1.0361840364976698
ElectronAffinity,z_poly,73,0.322,0.9650233007667501
ElectronAffinity,z_poly,74,0.815,0.958860403802089
ElectronAffinity,z_poly,75,0.15,0.9525052127640292
ElectronAffinity,z_poly,76,1.1,0.9459550915201165
ElectronAffinity,z_poly,77,1.565,0.9392074039378966
ElectronAffinity,z_poly,78,2.128,0.9322595138849156
ElectronAffinity,z_poly,79,2.309,0.925108785228719
ElectronAffinity,z_poly,81,0.2,0.9101882675768626
ElectronAffinity,z_poly,82,0.36,0.9024132063162943
ElectronAffinity,z_poly,83,0.946,0.8944247619226937
ElectronAffinity,z_poly,84,1.9,0.8862202982636068
ElectronAffinity,z_poly,85,2.8,0.8777971792065793
ElectronAffinity,z_poly,87,0.47,1.305808039019381
ElectronAffinity,message_bits,1,0.754,1.3706549647100792
ElectronAffinity,message_bits,3,0.618,0.9633055731856465
ElectronAffinity,message_bits,5,0.277,1.371357013096944
ElectronAffinity,message_bits,6,1.263,1.2505466965415173
ElectronAffinity,message_bits,8,1.461,0.9490042123549919
ElectronAffinity,message_bits,9,3.339,0.8404214665419862
ElectronAffinity,message_bits,11,0.548,0.7464747951091175
ElectronAffinity,message_bits,13,0.441,1.1350740179326007
ElectronAffinity,message_bits,14,1.385,0.986064780801902
ElectronAffinity,message_bits,15,0.746,0.9350755476607187
ElectronAffinity,message_bits,16,2.077,0.8802477867158895
ElectronAffinity,message_bits,17,3.617,0.8292585535747062
ElectronAffinity,message_bits,19,0.501,1.190889465877231
ElectronAffinity,message_bits,21,0.188,1.850734332476065
ElectronAffinity,message_bits,22,0.079,1.613710061482184
ElectronAffinity,message_bits,23,0.525,1.5019222622841468
ElectronAffinity,message_bits,24,0.666,1.7559073225873119
ElectronAffinity,message_bits,26,0.163,1.4070952523953935
ElectronAffinity,message_bits,27,0.661,1.2953074531973563
ElectronAffinity,message_bits,28,1.156,2.0669401189942276
ElectronAffinity,message_bits,29,1.228,1.9551523197961902
ElectronAffinity,message_bits,31,0.3,1.606340249604272
ElectronAffinity,message_bits,32,1.35,0.8128727777902098
ElectronAffinity,message_bits,33,0.81,0.7010849785921727
ElectronAffinity,message_bits,34,2.021,0.46406070759829166
ElectronAffinity,message_bits,35,3.365,0.3522729084002545
ElectronAffinity,message_bits,37,0.468,1.570056897867488
ElectronAffinity,message_bits,39,0.307,1.265871109354034
ElectronAffinity,message_bits,40,0.426,1.4932186134869663
ElectronAffinity,message_bits,41,0.893,1.397870427172301
ElectronAffinity,message_bits,42,0.746,1.189032824973512
ElectronAffinity,message_bits,43,0.55,1.0936846386588468
ElectronAffinity,message_bits,44,1.05,1.4945147258203568
ElectronAffinity,message_bits,45,1.137,1.3991665395056918
ElectronAffinity,message_bits,46,0.557,1.1903289373069028
ElectronAffinity,message_bits,47,1.302,1.0949807509922376
ElectronAffinity,message_bits,49,0.3,1.2595178404090728
ElectronAffinity,message_bits,50,1.2,1.0506802382102838
ElectronAffinity,message_bits,51,1.07,0.9553320518956187
ElectronAffinity,message_bits,52,1.971,1.3561621390571288
ElectronAffinity,message_bits,53,3.059,1.2608139527424638
ElectronAffinity,message_bits,55,0.472,0.9488973160088732
ElectronAffinity,message_bits,57,0.5,1.2918446160985082
ElectronAffinity,message_bits,58,0.5,1.0166514302464402
ElectronAffinity,message_bits,73,0.322,0.8804053901107335
ElectronAffinity,message_bits,74,0.815,0.6052122042586654
ElectronAffinity,message_bits,75,0.15,0.577274016830469
ElectronAffinity,message_bits,76,1.1,0.6651183611242378
ElectronAffinity,message_bits,77,1.565,0.6371801736960413
ElectronAffinity,message_bits,78,2.128,0.3619869878439733
ElectronAffinity,message_bits,79,2.309,0.3340488004157768
ElectronAffinity,message_bits,81,0.2,1.0856696109907102
ElectronAffinity,message_bits,82,0.36,0.810476425138642
ElectronAffinity,message_bits,83,0.946,0.7825382377104456
ElectronAffinity,message_bits,84,1.9,0.8703825820042145
ElectronAffinity,message_bits,85,2.8,0.8424443945760179
ElectronAffinity,message_bits,87,0.47,1.1345810920933372
ElectronAffinity,golay_bits,1,0.754,1.3288161024863614
ElectronAffinity,golay_bits,3,0.618,1.0059235878303017
ElectronAffinity,golay_bits,5,0.277,1.8301034046994962
ElectronAffinity,golay_bits,6,1.263,1.3365495024898038
ElectronAffinity,golay_bits,8,1.461,1.3420062068359948
ElectronAffinity,golay_bits,9,3.339,0.6646242965601262
ElectronAffinity,golay_bits,11,0.548,0.3391638253292123
ElectronAffinity,golay_bits,13,0.441,1.1893481465337477
ElectronAffinity,golay_bits,14,1.385,0.7859691164924361
ElectronAffinity,golay_bits,15,0.746,1.1984353646208405
ElectronAffinity,golay_bits,16,2.077,1.1084701109915103
ElectronAffinity,golay_bits,17,3.617,0.8260079897033499
ElectronAffinity,golay_bits,19,0.501,0.5973773527071328
ElectronAffinity,golay_bits,21,0.188,2.0998787277981985
ElectronAffinity,golay_bits,22,0.079,1.8716309945016207
ElectronAffinity,golay_bits,23,0.525,1.536538081480512
ElectronAffinity,golay_bits,24,0.666,1.3288796374279557
ElectronAffinity,golay_bits,26,0.163,1.5057664720527373
ElectronAffinity,golay_bits,27,0.661,1.3686010048417316
ElectronAffinity,golay_bits,28,1.156,2.775463617899485
ElectronAffinity,golay_bits,29,1.228,1.416374515189328
ElectronAffinity,golay_bits,31,0.3,1.774488013494862
ElectronAffinity,golay_bits,32,1.35,1.0561886529173494
ElectronAffinity,golay_bits,33,0.81,0.8645591834068653
ElectronAffinity,golay_bits,34,2.021,0.2699206209568532
ElectronAffinity,golay_bits,35,3.365,0.44252886323561547
ElectronAffinity,golay_bits,37,0.468,0.6642684688690723
ElectronAffinity,golay_bits,39,0.307,1.6769570701636707
ElectronAffinity,golay_bits,40,0.426,1.6273990876126683
ElectronAffinity,golay_bits,41,0.893,1.4097864786293628
ElectronAffinity,golay_bits,42,0.746,2.1481295669220395
ElectronAffinity,golay_bits,43,0.55,0.2981452801172523
ElectronAffinity,golay_bits,44,1.05,1.7634305696468444
ElectronAffinity,golay_bits,45,1.137,1.0728467517073472
ElectronAffinity,golay_bits,46,0.557,1.1584524766836495
ElectronAffinity,golay_bits,47,1.302,0.9019079973097167
ElectronAffinity,golay_bits,49,0.3,1.9242344449961257
ElectronAffinity,golay_bits,50,1.2,1.2056235074606756
ElectronAffinity,golay_bits,51,1.07,0.9834739476559391
ElectronAffinity,golay_bits,52,1.971,1.2347323860116213
ElectronAffinity,golay_bits,53,3.059,1.3443675434198932
ElectronAffinity,golay_bits,55,0.472,0.9797572823410932
ElectronAffinity,golay_bits,57,0.5,1.2545715620339117
ElectronAffinity,golay_bits,58,0.5,0.7951375701048096
ElectronAffinity,golay_bits,73,0.322,1.0642831063450673
ElectronAffinity,golay_bits,74,0.815,1.2735555964309264
ElectronAffinity,golay_bits,75,0.15,0.9832523368737004
ElectronAffinity,golay_bits,76,1.1,0.8673348339592237
ElectronAffinity,golay_bits,77,1.565,1.368549172444255
ElectronAffinity,golay_bits,78,2.128,0.38167854761333386
ElectronAffinity,golay_bits,79,2.309,0.8056458567888916
ElectronAffinity,golay_bits,81,0.2,1.2448044962087317
ElectronAffinity,golay_bits,82,0.36,1.1405113693803768
ElectronAffinity,golay_bits,83,0.946,1.433688105033098
ElectronAffinity,golay_bits,84,1.9,1.2617272398104928
ElectronAffinity,golay_bits,85,2.8,1.291548307701834
ElectronAffinity,golay_bits,87,0.47,0.8031527904229692
ElectronAffinity,mog_planar,1,0.754,1.2200392255117476
ElectronAffinity,mog_planar,3,0.618,1.2784503220731618
ElectronAffinity,mog_planar,5,0.277,1.6055723952074477
ElectronAffinity,mog_planar,6,1.263,0.9921633689416778
ElectronAffinity,mog_planar,8,1.461,1.3857176588346154
ElectronAffinity,mog_planar,9,3.339,0.9466428504071159
ElectronAffinity,mog_planar,11,0.548,0.5654742876425428
ElectronAffinity,mog_planar,13,0.441,1.0114521236377276
ElectronAffinity,mog_planar,14,1.385,0.7352473834180482
ElectronAffinity,mog_planar,15,0.746,1.2842086335405096
ElectronAffinity,mog_planar,16,2.077,1.2837147696472502
ElectronAffinity,mog_planar,17,3.617,0.9826706862751801
ElectronAffinity,mog_planar,19,0.501,1.2947355202780604
ElectronAffinity,mog_planar,21,0.188,1.2720444787128522
ElectronAffinity,mog_planar,22,0.079,1.8365321741674616
ElectronAffinity,mog_planar,23,0.525,0.9601738103595713
ElectronAffinity,mog_planar,24,0.666,1.0557465390496024
ElectronAffinity,mog_planar,26,0.163,1.4073301705788959
ElectronAffinity,mog_planar,27,0.661,0.44871382521781733
ElectronAffinity,mog_planar,28,1.156,1.325280187353625
ElectronAffinity,mog_planar,29,1.228,1.356480904888054
ElectronAffinity,mog_planar,31,0.3,1.570510155488393
ElectronAffinity,mog_planar,32,1.35,1.3286750654737387
ElectronAffinity,mog_planar,33,0.81,0.5780805717117488
ElectronAffinity,mog_planar,34,2.021,0.8277117004537708
ElectronAffinity,mog_planar,35,3.365,0.9302152219411751
ElectronAffinity,mog_planar,37,0.468,1.1434948782604546
ElectronAffinity,mog_planar,39,0.307,1.4025035480748258
ElectronAffinity,mog_planar,40,0.426,1.1840872434049254
ElectronAffinity,mog_planar,41,0.893,1.0967457292747076
ElectronAffinity,mog_planar,42,0.746,1.2794139835634142
ElectronAffinity,mog_planar,43,0.55,0.9960648423588729
ElectronAffinity,mog_planar,44,1.05,1.1758989550810743
ElectronAffinity,mog_planar,45,1.137,1.0561331575420023
ElectronAffinity,mog_planar,46,0.557,1.4402544932535528
ElectronAffinity,mog_planar,47,1.302,0.7351133309219111
ElectronAffinity,mog_planar,49,0.3,1.146300086020194
ElectronAffinity,mog_planar,50,1.2,1.5190733468144983
ElectronAffinity,mog_planar,51,1.07,1.2099738120192913
ElectronAffinity,mog_planar,52,1.971,1.1549435257437979
ElectronAffinity,mog_planar,53,3.059,1.6432189662718877
ElectronAffinity,mog_planar,55,0.472,0.7823623059141367
ElectronAffinity,mog_planar,57,0.5,0.9314607779449295
ElectronAffinity,mog_planar,58,0.5,0.8338028803288299
ElectronAffinity,mog_planar,73,0.322,0.8538906333626339
ElectronAffinity,mog_planar,74,0.815,1.2373860191336152
ElectronAffinity,mog_planar,75,0.15,0.5968630951111726
ElectronAffinity,mog_planar,76,1.1,1.185964234766177
ElectronAffinity,mog_planar,77,1.565,0.6317055727260703
ElectronAffinity,mog_planar,78,2.128,0.4445209515103523
ElectronAffinity,mog_planar,79,2.309,0.48221694711615914
ElectronAffinity,mog_planar,81,0.2,0.984821802856769
ElectronAffinity,mog_planar,82,0.36,0.9668711680219514
ElectronAffinity,mog_planar,83,0.946,1.147346597318455
ElectronAffinity,mog_planar,84,1.9,1.517809952923666
ElectronAffinity,mog_planar,85,2.8,1.1028423950619357
ElectronAffinity,mog_planar,87,0.47,0.9716213055304289
ElectronAffinity,mog_stacked,1,0.754,1.0004046321450446
ElectronAffinity,mog_stacked,3,0.618,1.2997995709166945
ElectronAffinity,mog_stacked,5,0.277,1.7812538779438423
ElectronAffinity,mog_stacked,6,1.263,0.9657519181674862
ElectronAffinity,mog_stacked,8,1.461,1.2864375455651555
ElectronAffinity,mog_stacked,9,3.339,0.9349820071435978
ElectronAffinity,mog_stacked,11,0.548,0.5641171282997637
ElectronAffinity,mog_stacked,13,0.441,1.0397611533374556
ElectronAffinity,mog_stacked,14,1.385,0.7095490673572656
ElectronAffinity,mog_stacked,15,0.746,1.246197191207406
ElectronAffinity,mog_stacked,16,2.077,1.2959099884218168
ElectronAffinity,mog_stacked,17,3.617,1.0066438360899312
ElectronAffinity,mog_stacked,19,0.501,1.4113998466889592
ElectronAffinity,mog_stacked,21,0.188,1.4270975124438572
ElectronAffinity,mog_stacked,22,0.079,1.971731643511863
ElectronAffinity,mog_stacked,23,0.525,0.9840267452030427
ElectronAffinity,mog_stacked,24,0.666,1.0484245136936854
ElectronAffinity,mog_stacked,26,0.163,1.4016407045158148
ElectronAffinity,mog_stacked,27,0.661,0.31421221609067984
ElectronAffinity,mog_stacked,28,1.156,1.3114132518077513
ElectronAffinity,mog_stacked,29,1.228,1.3489473348675896
ElectronAffinity,mog_stacked,31,0.3,1.6031371761688207
ElectronAffinity,mog_stacked,32,1.35,1.178382182664943
ElectronAffinity,mog_stacked,33,0.81,0.5799580827375195
ElectronAffinity,mog_stacked,34,2.021,0.7690905333426385
ElectronAffinity,mog_stacked,35,3.365,0.9905793811045438
ElectronAffinity,mog_stacked,37,0.468,1.14264263628023
ElectronAffinity,mog_stacked,39,0.307,1.2432882090018444
ElectronAffinity,mog_stacked,40,0.426,1.2181112378875594
ElectronAffinity,mog_stacked,41,0.893,1.2654826307457538
ElectronAffinity,mog_stacked,42,0.746,1.2749456333728948
ElectronAffinity,mog_stacked,43,0.55,1.0109960933204412
ElectronAffinity,mog_stacked,44,1.05,1.0562256149140592
ElectronAffinity,mog_stacked,45,1.137,0.9986405168918779
ElectronAffinity,mog_stacked,46,0.557,1.4004505152295645
ElectronAffinity,mog_stacked,47,1.302,0.6612574347270819
ElectronAffinity,mog_stacked,49,0.3,1.2047460278405668
ElectronAffinity,mog_stacked,50,1.2,1.6048142708395017
ElectronAffinity,mog_stacked,51,1.07,1.252836935270594
ElectronAffinity,mog_stacked,52,1.971,1.2695248991690078
ElectronAffinity,mog_stacked,53,3.059,1.679016139782218
ElectronAffinity,mog_stacked,55,0.472,0.9509163461357635
ElectronAffinity,mog_stacked,57,0.5,0.8028687239473649
ElectronAffinity,mog_stacked,58,0.5,0.6407347224601387
ElectronAffinity,mog_stacked,73,0.322,0.8545283281861733
ElectronAffinity,mog_stacked,74,0.815,1.3855955988673807
ElectronAffinity,mog_stacked,75,0.15,0.709997750142221
ElectronAffinity,mog_stacked,76,1.1,1.284126879576523
ElectronAffinity,mog_stacked,77,1.565,0.6536179694783792
ElectronAffinity,mog_stacked,78,2.128,0.6453220853020987
ElectronAffinity,mog_stacked,79,2.309,0.5193676396335561
ElectronAffinity,mog_stacked,81,0.2,0.809601393241961
ElectronAffinity,mog_stacked,82,0.36,1.014360333971507
ElectronAffinity,mog_stacked,83,0.946,1.1619892090929989
ElectronAffinity,mog_stacked,84,1.9,1.4754798109784786
ElectronAffinity,mog_stacked,85,2.8,0.9427963190681071
ElectronAffinity,mog_stacked,87,0.47,0.9737689295188587
ElectronAffinity,mog_cylinder,1,0.754,1.1854750166645456
ElectronAffinity,mog_cylinder,3,0.618,1.3111577186359946
ElectronAffinity,mog_cylinder,5,0.277,1.5745341568220093
ElectronAffinity,mog_cylinder,6,1.263,0.8617908282911434
ElectronAffinity,mog_cylinder,8,1.461,1.3560277288499905
ElectronAffinity,mog_cylinder,9,3.339,0.9899007611825429
ElectronAffinity,mog_cylinder,11,0.548,0.5686140692116526
ElectronAffinity,mog_cylinder,13,0.441,1.014528177893238
ElectronAffinity,mog_cylinder,14,1.385,0.740072684945061
ElectronAffinity,mog_cylinder,15,0.746,1.3297086384703045
ElectronAffinity,mog_cylinder,16,2.077,1.3492725265708414
ElectronAffinity,mog_cylinder,17,3.617,1.0203392182193154
ElectronAffinity,mog_cylinder,19,0.501,1.483664626219258
ElectronAffinity,mog_cylinder,21,0.188,1.5136592931815684
ElectronAffinity,mog_cylinder,22,0.079,1.9260186653853597
ElectronAffinity,mog_cylinder,23,0.525,0.9567701251489831
ElectronAffinity,mog_cylinder,24,0.666,1.1063245001790174
ElectronAffinity,mog_cylinder,26,0.163,1.3725244838048913
ElectronAffinity,mog_cylinder,27,0.661,0.34986786902184863
ElectronAffinity,mog_cylinder,28,1.156,1.241011176555487
ElectronAffinity,mog_cylinder,29,1.228,1.3064914456965413
ElectronAffinity,mog_cylinder,31,0.3,1.4810667994764874
ElectronAffinity,mog_cylinder,32,1.35,1.316830172238119
ElectronAffinity,mog_cylinder,33,0.81,0.5052307686706283
ElectronAffinity,mog_cylinder,34,2.021,0.7775993610192138
ElectronAffinity,mog_cylinder,35,3.365,1.0252619900825968
ElectronAffinity,mog_cylinder,37,0.468,1.2167176018513088
ElectronAffinity,mog_cylinder,39,0.307,1.3655443225507895
ElectronAffinity,mog_cylinder,40,0.426,1.0839164737815785
ElectronAffinity,mog_cylinder,41,0.893,1.2632738189061707
ElectronAffinity,mog_cylinder,42,0.746,1.3701766754700682
ElectronAffinity,mog_cylinder,43,0.55,0.8913318541719029
ElectronAffinity,mog_cylinder,44,1.05,1.1780406000407297
ElectronAffinity,mog_cylinder,45,1.137,0.9733872770627
ElectronAffinity,mog_cylinder,46,0.557,1.4283172915453481
ElectronAffinity,mog_cylinder,47,1.302,0.6564883169353759
ElectronAffinity,mog_cylinder,49,0.3,1.2297038592955292
ElectronAffinity,mog_cylinder,50,1.2,1.3676585923694837
ElectronAffinity,mog_cylinder,51,1.07,1.2223665314924475
ElectronAffinity,mog_cylinder,52,1.971,1.138179738785431
ElectronAffinity,mog_cylinder,53,3.059,1.7336422931400532
ElectronAffinity,mog_cylinder,55,0.472,0.8857257702224162
ElectronAffinity,mog_cylinder,57,0.5,0.9473508774915089
ElectronAffinity,mog_cylinder,58,0.5,0.6269273988827082
ElectronAffinity,mog_cylinder,73,0.322,0.7934272615607594
ElectronAffinity,mog_cylinder,74,0.815,1.280557864642117
ElectronAffinity,mog_cylinder,75,0.15,0.6735089022755784
ElectronAffinity,mog_cylinder,76,1.1,1.2097442407128398
ElectronAffinity,mog_cylinder,77,1.565,0.6954203344694574
ElectronAffinity,mog_cylinder,78,2.128,0.6308007842410951
ElectronAffinity,mog_cylinder,79,2.309,0.6123249515815222
ElectronAffinity,mog_cylinder,81,0.2,0.6496945754257148
ElectronAffinity,mog_cylinder,82,0.36,1.085965719115209
ElectronAffinity,mog_cylinder,83,0.946,1.113532625417493
ElectronAffinity,mog_cylinder,84,1.9,1.5355488352218498
ElectronAffinity,mog_cylinder,85,2.8,0.9794966239604884
ElectronAffinity,mog_cylinder,87,0.47,0.9723602635667626
ElectronAffinity,mog_sphere,1,0.754,1.328012076456806
ElectronAffinity,mog_sphere,3,0.618,0.780797968259996
ElectronAffinity,mog_sphere,5,0.277,1.6169725698216602
ElectronAffinity,mog_sphere,6,1.263,1.022580407296311
ElectronAffinity,mog_sphere,8,1.461,1.2119381031897276
ElectronAffinity,mog_sphere,9,3.339,1.165438972129203
ElectronAffinity,mog_sphere,11,0.548,0.39473550179621975
ElectronAffinity,mog_sphere,13,0.441,1.0391035177221493
ElectronAffinity,mog_sphere,14,1.385,0.8096194044499033
ElectronAffinity,mog_sphere,15,0.746,1.3209374376041592
ElectronAffinity,mog_sphere,16,2.077,1.2670927071462015
ElectronAffinity,mog_sphere,17,3.617,0.9340434886836536
ElectronAffinity,mog_sphere,19,0.501,0.7725983891492914
ElectronAffinity,mog_sphere,21,0.188,1.1364139101305812
ElectronAffinity,mog_sphere,22,0.079,1.2084516248680732
ElectronAffinity,mog_sphere,23,0.525,1.094584606482041
ElectronAffinity,mog_sphere,24,0.666,0.9898328041700615
ElectronAffinity,mog_sphere,26,0.163,1.3745797432244975
ElectronAffinity,mog_sphere,27,0.661,-0.025245151550813638
ElectronAffinity,mog_sphere,28,1.156,1.6055597719909591
ElectronAffinity,mog_sphere,29,1.228,1.132389824281574
ElectronAffinity,mog_sphere,31,0.3,1.5018782283829415
ElectronAffinity,mog_sphere,32,1.35,0.7262410374716806
ElectronAffinity,mog_sphere,33,0.81,0.8483678444890086
ElectronAffinity,mog_sphere,34,2.021,0.39807973854499823
ElectronAffinity,mog_sphere,35,3.365,0.7370302270665644
ElectronAffinity,mog_sphere,37,0.468,0.9550085457394758
ElectronAffinity,mog_sphere,39,0.307,1.4234247244102023
ElectronAffinity,mog_sphere,40,0.426,1.4558868460394128
ElectronAffinity,mog_sphere,41,0.893,1.2631481885685267
ElectronAffinity,mog_sphere,42,0.746,1.978625774588414
ElectronAffinity,mog_sphere,43,0.55,0.3429336691336192
ElectronAffinity,mog_sphere,44,1.05,1.4474891691683376
ElectronAffinity,mog_sphere,45,1.137,0.8069426894056639
ElectronAffinity,mog_sphere,46,0.557,1.405658238940988
ElectronAffinity,mog_sphere,47,1.302,0.6517387519281925
ElectronAffinity,mog_sphere,49,0.3,1.5349047803770466
ElectronAffinity,mog_sphere,50,1.2,1.3293538236098785
ElectronAffinity,mog_sphere,51,1.07,1.205968294195289
ElectronAffinity,mog_sphere,52,1.971,1.328035012328996
ElectronAffinity,mog_sphere,53,3.059,1.7792911812314742
ElectronAffinity,mog_sphere,55,0.472,0.9628345541820365
ElectronAffinity,mog_sphere,57,0.5,0.8262798789793374
ElectronAffinity,mog_sphere,58,0.5,0.5007153202399046
ElectronAffinity,mog_sphere,73,0.322,1.1076579687016037
ElectronAffinity,mog_sphere,74,0.815,1.7059104412832964
ElectronAffinity,mog_sphere,75,0.15,0.8512755510788046
ElectronAffinity,mog_sphere,76,1.1,1.092300524928911
ElectronAffinity,mog_sphere,77,1.565,1.0181920134904061
ElectronAffinity,mog_sphere,78,2.128,0.7764047327633141
ElectronAffinity,mog_sphere,79,2.309,0.9691282749555763
ElectronAffinity,mog_sphere,81,0.2,1.153757042996291
ElectronAffinity,mog_sphere,82,0.36,1.1679276635920255
ElectronAffinity,mog_sphere,83,0.946,1.212676892536909
ElectronAffinity,mog_sphere,84,1.9,1.8810020549989037
ElectronAffinity,mog_sphere,85,2.8,1.008407277664308
ElectronAffinity,mog_sphere,87,0.47,0.5961861008563312
ElectronAffinity,gray_message_bits,1,0.754,1.153199379432854
ElectronAffinity,gray_message_bits,3,0.618,1.1293835842215352
ElectronAffinity,gray_message_bits,5,0.277,0.7107840000073293
ElectronAffinity,gray_message_bits,6,1.263,0.5362046866090059
ElectronAffinity,gray_message_bits,8,1.461,0.6211726548239923
ElectronAffinity,gray_message_bits,9,3.339,0.6029001277699817
ElectronAffinity,gray_message_bits,11,0.548,1.094687748624863
ElectronAffinity,gray_message_bits,13,0.441,1.2313676256638724
ElectronAffinity,gray_message_bits,14,1.385,1.0510033572218043
ElectronAffinity,gray_message_bits,15,0.746,1.0810258987532206
ElectronAffinity,gray_message_bits,16,2.077,0.8281844289155602
ElectronAffinity,gray_message_bits,17,3.617,0.7981618873841438
ElectronAffinity,gray_message_bits,19,0.501,1.3774766580883258
ElectronAffinity,gray_message_bits,21,0.188,1.6178042843154172
ElectronAffinity,gray_message_bits,22,0.079,1.6595613370775597
ElectronAffinity,gray_message_bits,23,0.525,1.4541720678931873
ElectronAffinity,gray_message_bits,24,0.666,0.8026704483965226
ElectronAffinity,gray_message_bits,26,0.163,0.9663026648187522
ElectronAffinity,gray_message_bits,27,0.661,0.7609133956343801
ElectronAffinity,gray_message_bits,28,1.156,0.7259750385916608
ElectronAffinity,gray_message_bits,29,1.228,0.9313643077760327
ElectronAffinity,gray_message_bits,31,0.3,0.767732091353803
ElectronAffinity,gray_message_bits,32,1.35,0.35739302104772264
ElectronAffinity,gray_message_bits,33,0.81,0.5627822902320948
ElectronAffinity,gray_message_bits,34,2.021,0.5210252374699523
ElectronAffinity,gray_message_bits,35,3.365,0.31563596828558027
ElectronAffinity,gray_message_bits,37,0.468,0.9413484148698652
ElectronAffinity,gray_message_bits,39,0.307,0.9895558801564848
ElectronAffinity,gray_message_bits,40,0.426,1.1959102350461823
ElectronAffinity,gray_message_bits,41,0.893,1.273744224471013
ElectronAffinity,gray_message_bits,42,0.746,1.1477027697595628
ElectronAffinity,gray_message_bits,43,0.55,1.069868780334732
ElectronAffinity,gray_message_bits,44,1.05,1.438709591110262
ElectronAffinity,gray_message_bits,45,1.137,1.5165435805350929
ElectronAffinity,gray_message_bits,46,0.557,1.6425850352465432
ElectronAffinity,gray_message_bits,47,1.302,1.5647510458217124
ElectronAffinity,gray_message_bits,49,0.3,1.5442324984801128
ElectronAffinity,gray_message_bits,50,1.2,1.4181910437686622
ElectronAffinity,gray_message_bits,51,1.07,1.3403570543438317
ElectronAffinity,gray_message_bits,52,1.971,0.9715162435683016
ElectronAffinity,gray_message_bits,53,3.059,1.0493502329931321
ElectronAffinity,gray_message_bits,55,0.472,1.179675849861771
ElectronAffinity,gray_message_bits,57,0.5,1.1311824006777562
ElectronAffinity,gray_message_bits,58,0.5,1.0947004253582249
ElectronAffinity,gray_message_bits,73,0.322,0.823829327591413
ElectronAffinity,gray_message_bits,74,0.815,0.7873473522718818
ElectronAffinity,gray_message_bits,75,0.15,0.7155844135291796
ElectronAffinity,gray_message_bits,76,1.1,0.9573877797806789
ElectronAffinity,gray_message_bits,77,1.565,1.0291507185233812
ElectronAffinity,gray_message_bits,78,2.128,1.0656326938429124
ElectronAffinity,gray_message_bits,79,2.309,0.99386975510021
ElectronAffinity,gray_message_bits,81,0.2,0.8829539915108429
ElectronAffinity,gray_message_bits,82,0.36,0.8464720161913117
ElectronAffinity,gray_message_bits,83,0.946,0.7747090774486094
ElectronAffinity,gray_message_bits,84,1.9,0.53290571119711
ElectronAffinity,gray_message_bits,85,2.8,0.6046686499398124
ElectronAffinity,gray_message_bits,87,0.47,1.0002497539098358
ElectronAffinity,gray_golay_bits,1,0.754,1.4380808056218986
ElectronAffinity,gray_golay_bits,3,0.618,1.3371810221778304
ElectronAffinity,gray_golay_bits,5,0.277,1.1499495100113297
ElectronAffinity,gray_golay_bits,6,1.263,0.8582300938906099
ElectronAffinity,gray_golay_bits,8,1.461,0.6177148701802768
ElectronAffinity,gray_golay_bits,9,3.339,1.2949936610479833
ElectronAffinity,gray_golay_bits,11,0.548,1.225801436687787
ElectronAffinity,gray_golay_bits,13,0.441,1.119599058826121
ElectronAffinity,gray_golay_bits,14,1.385,0.6774281077173837
ElectronAffinity,gray_golay_bits,15,0.746,1.3103592292232604
ElectronAffinity,gray_golay_bits,16,2.077,0.8714086040452685
ElectronAffinity,gray_golay_bits,17,3.617,1.1325270066367397
ElectronAffinity,gray_golay_bits,19,0.501,1.074691590733918
ElectronAffinity,gray_golay_bits,21,0.188,1.1725986759313125
ElectronAffinity,gray_golay_bits,22,0.079,0.9870330819775831
ElectronAffinity,gray_golay_bits,23,0.525,1.3885944729501996
ElectronAffinity,gray_golay_bits,24,0.666,0.7082757491789458
ElectronAffinity,gray_golay_bits,26,0.163,-0.00750979079195746
ElectronAffinity,gray_golay_bits,27,0.661,1.1123526598518694
ElectronAffinity,gray_golay_bits,28,1.156,1.2282257525011082
ElectronAffinity,gray_golay_bits,29,1.228,0.8620852640431527
ElectronAffinity,gray_golay_bits,31,0.3,0.45015562051540814
ElectronAffinity,gray_golay_bits,32,1.35,1.4420508972614243
ElectronAffinity,gray_golay_bits,33,0.81,0.04107501829042981
ElectronAffinity,gray_golay_bits,34,2.021,0.4114395000627402
ElectronAffinity,gray_golay_bits,35,3.365,0.0752638604666711
ElectronAffinity,gray_golay_bits,37,0.468,1.6350301494945967
ElectronAffinity,gray_golay_bits,39,0.307,0.5088242176616783
ElectronAffinity,gray_golay_bits,40,0.426,1.8280183298990185
ElectronAffinity,gray_golay_bits,41,0.893,1.4154237102084863
ElectronAffinity,gray_golay_bits,42,0.746,1.9069493471251742
ElectronAffinity,gray_golay_bits,43,0.55,0.34602311344983583
ElectronAffinity,gray_golay_bits,44,1.05,1.4995764633818893
ElectronAffinity,gray_golay_bits,45,1.137,2.1974965857290285
ElectronAffinity,gray_golay_bits,46,0.557,1.1229223142313596
ElectronAffinity,gray_golay_bits,47,1.302,2.0077442432110866
ElectronAffinity,gray_golay_bits,49,0.3,2.091606175923471
ElectronAffinity,gray_golay_bits,50,1.2,1.7183176904886897
ElectronAffinity,gray_golay_bits,51,1.07,1.0014654192339545
ElectronAffinity,gray_golay_bits,52,1.971,1.6261272104797406
ElectronAffinity,gray_golay_bits,53,3.059,1.2064313819079626
ElectronAffinity,gray_golay_bits,55,0.472,0.9680394921202427
ElectronAffinity,gray_golay_bits,57,0.5,0.7500402432008837
ElectronAffinity,gray_golay_bits,58,0.5,0.5046274683577521
ElectronAffinity,gray_golay_bits,73,0.322,0.4557449705620402
ElectronAffinity,gray_golay_bits,74,0.815,0.8316553431277734
ElectronAffinity,gray_golay_bits,75,0.15,0.22291310194822533
ElectronAffinity,gray_golay_bits,76,1.1,0.9446441489636594
ElectronAffinity,gray_golay_bits,77,1.565,1.3136249567009382
ElectronAffinity,gray_golay_bits,78,2.128,0.7488985543231647
ElectronAffinity,gray_golay_bits,79,2.309,0.8105572394766669
ElectronAffinity,gray_golay_bits,81,0.2,1.2044712190564149
ElectronAffinity,gray_golay_bits,82,0.36,0.6801709031822799
ElectronAffinity,gray_golay_bits,83,0.946,0.5927416978016611
ElectronAffinity,gray_golay_bits,84,1.9,0.5891012218889973
ElectronAffinity,gray_golay_bits,85,2.8,0.8281997031373727
ElectronAffinity,gray_golay_bits,87,0.47,1.1820880072856688
ElectronAffinity,gray_mog_planar,1,0.754,1.0946883320714214
ElectronAffinity,gray_mog_planar,3,0.618,1.0995272768498503
ElectronAffinity,gray_mog_planar,5,0.277,1.4443377065985223
ElectronAffinity,gray_mog_planar,6,1.263,1.3569505272935103
ElectronAffinity,gray_mog_planar,8,1.461,1.014836751407626
ElectronAffinity,gray_mog_planar,9,3.339,1.4069989690444322
ElectronAffinity,gray_mog_planar,11,0.548,1.0403402056364979
ElectronAffinity,gray_mog_planar,13,0.441,1.1933743157179089
ElectronAffinity,gray_mog_planar,14,1.385,1.294989285147881
ElectronAffinity,gray_mog_planar,15,0.746,1.0425359047093656
ElectronAffinity,gray_mog_planar,16,2.077,0.7542908682969913
ElectronAffinity,gray_mog_planar,17,3.617,1.395784206759862
ElectronAffinity,gray_mog_planar,19,0.501,0.9221164515724029
ElectronAffinity,gray_mog_planar,21,0.188,0.7537146728801816
ElectronAffinity,gray_mog_planar,22,0.079,0.8736671039340931
ElectronAffinity,gray_mog_planar,23,0.525,1.1937775973184834
ElectronAffinity,gray_mog_planar,24,0.666,1.378599093236539
ElectronAffinity,gray_mog_planar,26,0.163,1.1620692354498974
ElectronAffinity,gray_mog_planar,27,0.661,1.4185501287145807
ElectronAffinity,gray_mog_planar,28,1.156,1.1857650325476967
ElectronAffinity,gray_mog_planar,29,1.228,1.8511274160650368
ElectronAffinity,gray_mog_planar,31,0.3,0.9962039970833585
ElectronAffinity,gray_mog_planar,32,1.35,1.2496266495916946
ElectronAffinity,gray_mog_planar,33,0.81,1.0435547200344746
ElectronAffinity,gray_mog_planar,34,2.021,1.5696784383468887
ElectronAffinity,gray_mog_planar,35,3.365,0.6367426294772246
ElectronAffinity,gray_mog_planar,37,0.468,1.0728724612628953
ElectronAffinity,gray_mog_planar,39,0.307,0.4947415852377778
ElectronAffinity,gray_mog_planar,40,0.426,1.1783806230837652
ElectronAffinity,gray_mog_planar,41,0.893,1.0145175983977706
ElectronAffinity,gray_mog_planar,42,0.746,1.2431365158384902
ElectronAffinity,gray_mog_planar,43,0.55,0.5023982244071922
ElectronAffinity,gray_mog_planar,44,1.05,0.9103431939708958
ElectronAffinity,gray_mog_planar,45,1.137,1.332654942805775
ElectronAffinity,gray_mog_planar,46,0.557,1.0144511667516922
ElectronAffinity,gray_mog_planar,47,1.302,1.1655530032128956
ElectronAffinity,gray_mog_planar,49,0.3,0.7570275069619071
ElectronAffinity,gray_mog_planar,50,1.2,0.5816601528596486
ElectronAffinity,gray_mog_planar,51,1.07,0.5617373247541665
ElectronAffinity,gray_mog_planar,52,1.971,1.1536231586575327
ElectronAffinity,gray_mog_planar,53,3.059,1.0816656877706439
ElectronAffinity,gray_mog_planar,55,0.472,0.5576499017108646
ElectronAffinity,gray_mog_planar,57,0.5,1.2018830936656464
ElectronAffinity,gray_mog_planar,58,0.5,1.0281688356223655
ElectronAffinity,gray_mog_planar,73,0.322,1.0312193022070781
ElectronAffinity,gray_mog_planar,74,0.815,1.3558083704921353
ElectronAffinity,gray_mog_planar,75,0.15,1.0728448560662398
ElectronAffinity,gray_mog_planar,76,1.1,1.270313723498035
ElectronAffinity,gray_mog_planar,77,1.565,1.7185240345176087
ElectronAffinity,gray_mog_planar,78,2.128,1.5628135836923
ElectronAffinity,gray_mog_planar,79,2.309,0.943102341196809
ElectronAffinity,gray_mog_planar,81,0.2,0.5720532886131781
ElectronAffinity,gray_mog_planar,82,0.36,0.8356375000300109
ElectronAffinity,gray_mog_planar,83,0.946,0.7338562294668863
ElectronAffinity,gray_mog_planar,84,1.9,1.3523652170756175
ElectronAffinity,gray_mog_planar,85,2.8,1.1381587413186651
ElectronAffinity,gray_mog_planar,87,0.47,0.9963842054506935
ElectronAffinity,gray_mog_stacked,1,0.754,0.9838024935637493
ElectronAffinity,gray_mog_stacked,3,0.618,1.271906517629649
ElectronAffinity,gray_mog_stacked,5,0.277,1.3425952932170075
ElectronAffinity,gray_mog_stacked,6,1.263,1.2629143257552404
ElectronAffinity,gray_mog_stacked,8,1.461,0.77761641257057
ElectronAffinity,gray_mog_stacked,9,3.339,1.2239066189132695
ElectronAffinity,gray_mog_stacked,11,0.548,1.0432211760072911
ElectronAffinity,gray_mog_stacked,13,0.441,1.3919192684982211
ElectronAffinity,gray_mog_stacked,14,1.385,1.2108323213833847
ElectronAffinity,gray_mog_stacked,15,0.746,0.9404481275645542
ElectronAffinity,gray_mog_stacked,16,2.077,0.6120561931363775
ElectronAffinity,gray_mog_stacked,17,3.617,1.1646894493507172
ElectronAffinity,gray_mog_stacked,19,0.501,0.9766898158068434
ElectronAffinity,gray_mog_stacked,21,0.188,1.5477370257649525
ElectronAffinity,gray_mog_stacked,22,0.079,1.2190060470756103
ElectronAffinity,gray_mog_stacked,23,0.525,1.2665509331680134
ElectronAffinity,gray_mog_stacked,24,0.666,1.5569221773842699
ElectronAffinity,gray_mog_stacked,26,0.163,1.2186075998039099
ElectronAffinity,gray_mog_stacked,27,0.661,1.451621822573695
ElectronAffinity,gray_mog_stacked,28,1.156,1.031281856236276
ElectronAffinity,gray_mog_stacked,29,1.228,2.05225204045903
ElectronAffinity,gray_mog_stacked,31,0.3,1.3715725001123433
ElectronAffinity,gray_mog_stacked,32,1.35,1.3183872842431519
ElectronAffinity,gray_mog_stacked,33,0.81,1.0384527334828477
ElectronAffinity,gray_mog_stacked,34,2.021,1.3723851532386493
ElectronAffinity,gray_mog_stacked,35,3.365,0.5350851085900534
ElectronAffinity,gray_mog_stacked,37,0.468,1.4048480087784312
ElectronAffinity,gray_mog_stacked,39,0.307,0.6148242658218814
ElectronAffinity,gray_mog_stacked,40,0.426,1.2446967919518355
ElectronAffinity,gray_mog_stacked,41,0.893,0.8327130263250349
ElectronAffinity,gray_mog_stacked,42,0.746,1.2422274697555074
ElectronAffinity,gray_mog_stacked,43,0.55,0.31079117085877594
ElectronAffinity,gray_mog_stacked,44,1.05,0.5482665274033991
ElectronAffinity,gray_mog_stacked,45,1.137,1.12962295270685
ElectronAffinity,gray_mog_stacked,46,0.557,0.7697407171395043
ElectronAffinity,gray_mog_stacked,47,1.302,1.0773590790641836
ElectronAffinity,gray_mog_stacked,49,0.3,1.3875259861138736
ElectronAffinity,gray_mog_stacked,50,1.2,0.6962514644689095
ElectronAffinity,gray_mog_stacked,51,1.07,0.8375465411879398
ElectronAffinity,gray_mog_stacked,52,1.971,1.1054457069548749
ElectronAffinity,gray_mog_stacked,53,3.059,1.0266898312649257
ElectronAffinity,gray_mog_stacked,55,0.472,0.18007885265970114
ElectronAffinity,gray_mog_stacked,57,0.5,1.0113591383311618
ElectronAffinity,gray_mog_stacked,58,0.5,0.5838453020818972
ElectronAffinity,gray_mog_stacked,73,0.322,0.9989553405283836
ElectronAffinity,gray_mog_stacked,74,0.815,1.2658772801281482
ElectronAffinity,gray_mog_stacked,75,0.15,1.2750487889205862
ElectronAffinity,gray_mog_stacked,76,1.1,1.4895841990704823
ElectronAffinity,gray_mog_stacked,77,1.565,1.6053879716983648
ElectronAffinity,gray_mog_stacked,78,2.128,1.8477395517548554
ElectronAffinity,gray_mog_stacked,79,2.309,0.9155532144118426
ElectronAffinity,gray_mog_stacked,81,0.2,0.7475381649349093
ElectronAffinity,gray_mog_stacked,82,0.36,0.8938518782100311
ElectronAffinity,gray_mog_stacked,83,0.946,1.3908884983155656
ElectronAffinity,gray_mog_stacked,84,1.9,1.3820469070301684
ElectronAffinity,gray_mog_stacked,85,2.8,1.016348290962882
ElectronAffinity,gray_mog_stacked,87,0.47,1.0773451910376521
ElectronAffinity,gray_mog_cylinder,1,0.754,1.122289315552071
ElectronAffinity,gray_mog_cylinder,3,0.618,1.3970576115160953
ElectronAffinity,gray_mog_cylinder,5,0.277,1.5748102384725953
ElectronAffinity,gray_mog_cylinder,6,1.263,1.0937549632102999
ElectronAffinity,gray_mog_cylinder,8,1.461,0.7723085632330167
ElectronAffinity,gray_mog_cylinder,9,3.339,1.1104254363920782
ElectronAffinity,gray_mog_cylinder,11,0.548,1.010463729790014
ElectronAffinity,gray_mog_cylinder,13,0.441,1.1749090244362126
ElectronAffinity,gray_mog_cylinder,14,1.385,1.0143248394652702
ElectronAffinity,gray_mog_cylinder,15,0.746,1.1492057331190644
ElectronAffinity,gray_mog_cylinder,16,2.077,0.7397730143725263
ElectronAffinity,gray_mog_cylinder,17,3.617,1.1682613803913164
ElectronAffinity,gray_mog_cylinder,19,0.501,0.8656134866286483
ElectronAffinity,gray_mog_cylinder,21,0.188,2.5553911993661087
ElectronAffinity,gray_mog_cylinder,22,0.079,1.2114657013559396
ElectronAffinity,gray_mog_cylinder,23,0.525,1.1023292163364573
ElectronAffinity,gray_mog_cylinder,24,0.666,1.731203398580796
ElectronAffinity,gray_mog_cylinder,26,0.163,1.2005451517247885
ElectronAffinity,gray_mog_cylinder,27,0.661,1.5636085628400633
ElectronAffinity,gray_mog_cylinder,28,1.156,1.1227117496683177
ElectronAffinity,gray_mog_cylinder,29,1.228,2.307593414728152
ElectronAffinity,gray_mog_cylinder,31,0.3,1.445524016728851
ElectronAffinity,gray_mog_cylinder,32,1.35,1.4361835876942028
ElectronAffinity,gray_mog_cylinder,33,0.81,1.129227650873208
ElectronAffinity,gray_mog_cylinder,34,2.021,1.3378945696285107
ElectronAffinity,gray_mog_cylinder,35,3.365,0.6288497370485183
ElectronAffinity,gray_mog_cylinder,37,0.468,1.215002215452732
ElectronAffinity,gray_mog_cylinder,39,0.307,0.7698728023896634
ElectronAffinity,gray_mog_cylinder,40,0.426,1.0274990409235467
ElectronAffinity,gray_mog_cylinder,41,0.893,0.9922648426671943
ElectronAffinity,gray_mog_cylinder,42,0.746,1.1388452583258892
ElectronAffinity,gray_mog_cylinder,43,0.55,0.636258954900882
ElectronAffinity,gray_mog_cylinder,44,1.05,0.815770693175826
ElectronAffinity,gray_mog_cylinder,45,1.137,1.0064226792499273
ElectronAffinity,gray_mog_cylinder,46,0.557,0.8080256036522668
ElectronAffinity,gray_mog_cylinder,47,1.302,1.2922829730068117
ElectronAffinity,gray_mog_cylinder,49,0.3,1.0000932124123838
ElectronAffinity,gray_mog_cylinder,50,1.2,0.7101248784526716
ElectronAffinity,gray_mog_cylinder,51,1.07,0.6393202939652283
ElectronAffinity,gray_mog_cylinder,52,1.971,1.146557424116494
ElectronAffinity,gray_mog_cylinder,53,3.059,0.9141872536989838
ElectronAffinity,gray_mog_cylinder,55,0.472,0.40919581344652434
ElectronAffinity,gray_mog_cylinder,57,0.5,1.13674962015407
ElectronAffinity,gray_mog_cylinder,58,0.5,0.7133862003779042
ElectronAffinity,gray_mog_cylinder,73,0.322,1.0033841791210831
ElectronAffinity,gray_mog_cylinder,74,0.815,1.269455226312458
ElectronAffinity,gray_mog_cylinder,75,0.15,1.3095424611208952
ElectronAffinity,gray_mog_cylinder,76,1.1,1.4203445114255384
ElectronAffinity,gray_mog_cylinder,77,1.565,1.4129126692864706
ElectronAffinity,gray_mog_cylinder,78,2.128,1.6397496913672502
ElectronAffinity,gray_mog_cylinder,79,2.309,0.8648033385131247
ElectronAffinity,gray_mog_cylinder,81,0.2,0.7338937653820383
ElectronAffinity,gray_mog_cylinder,82,0.36,1.019419962044892
ElectronAffinity,gray_mog_cylinder,83,0.946,1.0172293708215117
ElectronAffinity,gray_mog_cylinder,84,1.9,1.264006660204329
ElectronAffinity,gray_mog_cylinder,85,2.8,1.1291695877311012
ElectronAffinity,gray_mog_cylinder,87,0.47,1.1239672063329522
ElectronAffinity,gray_mog_sphere,1,0.754,0.9906441258083587
ElectronAffinity,gray_mog_sphere,3,0.618,1.290981335505558
ElectronAffinity,gray_mog_sphere,5,0.277,1.0984133915839132
ElectronAffinity,gray_mog_sphere,6,1.263,0.8294255297466103
ElectronAffinity,gray_mog_sphere,8,1.461,0.5490588226887316
ElectronAffinity,gray_mog_sphere,9,3.339,1.0781506287515878
ElectronAffinity,gray_mog_sphere,11,0.548,0.9905656759799857
ElectronAffinity,gray_mog_sphere,13,0.441,1.205818720262923
ElectronAffinity,gray_mog_sphere,14,1.385,0.8391750753541964
ElectronAffinity,gray_mog_sphere,15,0.746,1.1102834253455887
ElectronAffinity,gray_mog_sphere,16,2.077,0.8998325468695215
ElectronAffinity,gray_mog_sphere,17,3.617,1.164874838044332
ElectronAffinity,gray_mog_sphere,19,0.501,0.8258181424672228
ElectronAffinity,gray_mog_sphere,21,0.188,2.032680349370878
ElectronAffinity,gray_mog_sphere,22,0.079,1.1159621715621655
ElectronAffinity,gray_mog_sphere,23,0.525,1.4858167848605175
ElectronAffinity,gray_mog_sphere,24,0.666,1.165225278369645
ElectronAffinity,gray_mog_sphere,26,0.163,1.463665042296694
ElectronAffinity,gray_mog_sphere,27,0.661,0.7659026270691948
ElectronAffinity,gray_mog_sphere,28,1.156,1.0776917820782992
ElectronAffinity,gray_mog_sphere,29,1.228,2.0262802582140047
ElectronAffinity,gray_mog_sphere,31,0.3,0.9069019646541858
ElectronAffinity,gray_mog_sphere,32,1.35,1.125772972064618
ElectronAffinity,gray_mog_sphere,33,0.81,0.9473362279444278
ElectronAffinity,gray_mog_sphere,34,2.021,1.7454295787019936
ElectronAffinity,gray_mog_sphere,35,3.365,0.21121066300510483
ElectronAffinity,gray_mog_sphere,37,0.468,1.4500699893832816
ElectronAffinity,gray_mog_sphere,39,0.307,0.8484447122737857
ElectronAffinity,gray_mog_sphere,40,0.426,0.8904950202734969
ElectronAffinity,gray_mog_sphere,41,0.893,1.1851572799754277
ElectronAffinity,gray_mog_sphere,42,0.746,1.2962822299151762
ElectronAffinity,gray_mog_sphere,43,0.55,0.7230031299086253
ElectronAffinity,gray_mog_sphere,44,1.05,0.8747287860490489
ElectronAffinity,gray_mog_sphere,45,1.137,1.2294442782544188
ElectronAffinity,gray_mog_sphere,46,0.557,0.8680773280400098
ElectronAffinity,gray_mog_sphere,47,1.302,1.653025048429766
ElectronAffinity,gray_mog_sphere,49,0.3,1.0986315828833924
ElectronAffinity,gray_mog_sphere,50,1.2,0.8748593059883036
ElectronAffinity,gray_mog_sphere,51,1.07,1.2271196882363506
ElectronAffinity,gray_mog_sphere,52,1.971,1.1310541027380663
ElectronAffinity,gray_mog_sphere,53,3.059,0.8960362086128251
ElectronAffinity,gray_mog_sphere,55,0.472,1.0080363485298918
ElectronAffinity,gray_mog_sphere,57,0.5,0.837194561332694
ElectronAffinity,gray_mog_sphere,58,0.5,0.7936617261694446
ElectronAffinity,gray_mog_sphere,73,0.322,1.1419305844185452
ElectronAffinity,gray_mog_sphere,74,0.815,1.121628242468622
ElectronAffinity,gray_mog_sphere,75,0.15,1.0250499156614286
ElectronAffinity,gray_mog_sphere,76,1.1,1.0072787589571126
ElectronAffinity,gray_mog_sphere,77,1.565,1.649576013900857
ElectronAffinity,gray_mog_sphere,78,2.128,2.3105167773643225
ElectronAffinity,gray_mog_sphere,79,2.309,0.935275843274558
ElectronAffinity,gray_mog_sphere,81,0.2,1.0703909090738415
ElectronAffinity,gray_mog_sphere,82,0.36,1.1380694064145103
ElectronAffinity,gray_mog_sphere,83,0.946,1.0096985807755616
ElectronAffinity,gray_mog_sphere,84,1.9,0.9295341195904993
ElectronAffinity,gray_mog_sphere,85,2.8,0.9572948712087725
ElectronAffinity,gray_mog_sphere,87,0.47,1.2533248244571515
ElectronAffinity,random_00,1,0.754,1.148264911474329
ElectronAffinity,random_00,3,0.618,1.1648402185748
ElectronAffinity,random_00,5,0.277,1.1631942153882209
ElectronAffinity,random_00,6,1.263,0.7106316299960149
ElectronAffinity,random_00,8,1.461,0.9759076613506797
ElectronAffinity,random_00,9,3.339,1.1657185286213674
ElectronAffinity,random_00,11,0.548,0.8762630705198644
ElectronAffinity,random_00,13,0.441,0.9940039595416789
ElectronAffinity,random_00,14,1.385,0.8614562956530415
ElectronAffinity,random_00,15,0.746,1.0625147083289819
ElectronAffinity,random_00,16,2.077,1.0877732179827309
ElectronAffinity,random_00,17,3.617,0.9494316207408849
ElectronAffinity,random_00,19,0.501,1.104752035340179
ElectronAffinity,random_00,21,0.188,1.7912915779754868
ElectronAffinity,random_00,22,0.079,1.4676343085662114
ElectronAffinity,random_00,23,0.525,1.1398666620053663
ElectronAffinity,random_00,24,0.666,1.5041420966171657
ElectronAffinity,random_00,26,0.163,1.379149822107519
ElectronAffinity,random_00,27,0.661,1.413904654968753
ElectronAffinity,random_00,28,1.156,1.8093567285991632
ElectronAffinity,random_00,29,1.228,1.269749315404932
ElectronAffinity,random_00,31,0.3,1.4107033211387145
ElectronAffinity,random_00,32,1.35,1.1322974303412014
ElectronAffinity,random_00,33,0.81,0.8879251516966997
ElectronAffinity,random_00,34,2.021,0.3890250489160798
ElectronAffinity,random_00,35,3.365,1.214981039872602
ElectronAffinity,random_00,37,0.468,1.327104811275413
ElectronAffinity,random_00,39,0.307,1.382711372399647
ElectronAffinity,random_00,40,0.426,1.5775439436619898
ElectronAffinity,random_00,41,0.893,1.3224471509139726
ElectronAffinity,random_00,42,0.746,1.9506898155940138
ElectronAffinity,random_00,43,0.55,0.9060747604151644
ElectronAffinity,random_00,44,1.05,1.3657858926068394
ElectronAffinity,random_00,45,1.137,1.3176595415247778
ElectronAffinity,random_00,46,0.557,1.2464650880640433
ElectronAffinity,random_00,47,1.302,1.020273619865967
ElectronAffinity,random_00,49,0.3,1.6606419473733192
ElectronAffinity,random_00,50,1.2,0.7254495276446284
ElectronAffinity,random_00,51,1.07,1.5305604461836062
ElectronAffinity,random_00,52,1.971,0.8828811284758923
ElectronAffinity,random_00,53,3.059,1.3903775543227026
ElectronAffinity,random_00,55,0.472,0.8950192288150465
ElectronAffinity,random_00,57,0.5,1.144628987996453
ElectronAffinity,random_00,58,0.5,0.9455171482471599
ElectronAffinity,random_00,73,0.322,0.9459004543692637
ElectronAffinity,random_00,74,0.815,1.2065292001626018
ElectronAffinity,random_00,75,0.15,0.9049897502717448
ElectronAffinity,random_00,76,1.1,0.6637722822305441
ElectronAffinity,random_00,77,1.565,1.094302840846572
ElectronAffinity,random_00,78,2.128,0.1998698584520544
ElectronAffinity,random_00,79,2.309,1.0254258539681724
ElectronAffinity,random_00,81,0.2,1.45691308720394
ElectronAffinity,random_00,82,0.36,0.6941440482611116
ElectronAffinity,random_00,83,0.946,1.8768442983007174
ElectronAffinity,random_00,84,1.9,1.0307201458756052
ElectronAffinity,random_00,85,2.8,0.822477371694877
ElectronAffinity,random_00,87,0.47,0.6986531605691747
ElectronAffinity,random_01,1,0.754,1.1643584328269116
ElectronAffinity,random_01,3,0.618,1.074459911212763
ElectronAffinity,random_01,5,0.277,2.121191609189612
ElectronAffinity,random_01,6,1.263,0.9478068391678035
ElectronAffinity,random_01,8,1.461,1.6842730347751214
ElectronAffinity,random_01,9,3.339,1.392520088884317
ElectronAffinity,random_01,11,0.548,0.6721992164631001
ElectronAffinity,random_01,13,0.441,1.4243568103593953
ElectronAffinity,random_01,14,1.385,0.7350572643778301
ElectronAffinity,random_01,15,0.746,1.4758753827408508
ElectronAffinity,random_01,16,2.077,1.1924507836864748
ElectronAffinity,random_01,17,3.617,1.1007586409038799
ElectronAffinity,random_01,19,0.501,0.6921737097010172
ElectronAffinity,random_01,21,0.188,1.625657111113798
ElectronAffinity,random_01,22,0.079,1.343448200696679
ElectronAffinity,random_01,23,0.525,1.7093435038575482
ElectronAffinity,random_01,24,0.666,1.1692503918384023
ElectronAffinity,random_01,26,0.163,1.0653419456784832
ElectronAffinity,random_01,27,0.661,2.1627265577374044
ElectronAffinity,random_01,28,1.156,2.4905933013353843
ElectronAffinity,random_01,29,1.228,0.7077470695937023
ElectronAffinity,random_01,31,0.3,1.3898084273228972
ElectronAffinity,random_01,32,1.35,0.8740091431972878
ElectronAffinity,random_01,33,0.81,0.9403512971909345
ElectronAffinity,random_01,34,2.021,0.981788508593234
ElectronAffinity,random_01,35,3.365,0.22165320699494317
ElectronAffinity,random_01,37,0.468,0.9707011778015466
ElectronAffinity,random_01,39,0.307,1.4601489656951796
ElectronAffinity,random_01,40,0.426,1.2256316744792592
ElectronAffinity,random_01,41,0.893,1.2909278221694727
ElectronAffinity,random_01,42,0.746,1.5071842158574806
ElectronAffinity,random_01,43,0.55,1.0889748290675791
ElectronAffinity,random_01,44,1.05,1.8104120144580014
ElectronAffinity,random_01,45,1.137,1.1734056050066797
ElectronAffinity,random_01,46,0.557,1.0049354973340812
ElectronAffinity,random_01,47,1.302,0.979537440694837
ElectronAffinity,random_01,49,0.3,1.2934902884662371
ElectronAffinity,random_01,50,1.2,1.3278392436727624
ElectronAffinity,random_01,51,1.07,1.1412122506441214
ElectronAffinity,random_01,52,1.971,1.5449600802468955
ElectronAffinity,random_01,53,3.059,1.4621802763706158
ElectronAffinity,random_01,55,0.472,0.5690975652954107
ElectronAffinity,random_01,57,0.5,0.3718602580284752
ElectronAffinity,random_01,58,0.5,0.9880551458712569
ElectronAffinity,random_01,73,0.322,0.32151880827104073
ElectronAffinity,random_01,74,0.815,1.067001535885478
ElectronAffinity,random_01,75,0.15,0.7984528204049649
ElectronAffinity,random_01,76,1.1,1.074366059647069
ElectronAffinity,random_01,77,1.565,0.6982408116457257
ElectronAffinity,random_01,78,2.128,0.5318251697759738
ElectronAffinity,random_01,79,2.309,0.4378447634179886
ElectronAffinity,random_01,81,0.2,1.2215079474719042
ElectronAffinity,random_01,82,0.36,0.49124818730634334
ElectronAffinity,random_01,83,0.946,1.3363655645454056
ElectronAffinity,random_01,84,1.9,1.2593873077973425
ElectronAffinity,random_01,85,2.8,1.3293861272198502
ElectronAffinity,random_01,87,0.47,0.7415059472903325
ElectronAffinity,random_02,1,0.754,0.9584692817690698
ElectronAffinity,random_02,3,0.618,1.4035485217737473
ElectronAffinity,random_02,5,0.277,1.7145792370871602
ElectronAffinity,random_02,6,1.263,1.5030877852001856
ElectronAffinity,random_02,8,1.461,1.7517143036728895
ElectronAffinity,random_02,9,3.339,0.5270956316000482
ElectronAffinity,random_02,11,0.548,1.260741807724309
ElectronAffinity,random_02,13,0.441,0.9810773769348413
ElectronAffinity,random_02,14,1.385,1.4030311700777156
ElectronAffinity,random_02,15,0.746,0.9319114219296091
ElectronAffinity,random_02,16,2.077,1.093122533103437
ElectronAffinity,random_02,17,3.617,0.89104500903457
ElectronAffinity,random_02,19,0.501,1.415406361117782
ElectronAffinity,random_02,21,0.188,1.6192847532099126
ElectronAffinity,random_02,22,0.079,1.701098234950642
ElectronAffinity,random_02,23,0.525,1.063456438212575
ElectronAffinity,random_02,24,0.666,1.5912468141049225
ElectronAffinity,random_02,26,0.163,1.3600631361270734
ElectronAffinity,random_02,27,0.661,1.2378675695886265
ElectronAffinity,random_02,28,1.156,1.7713537592617232
ElectronAffinity,random_02,29,1.228,1.2396854821915995
ElectronAffinity,random_02,31,0.3,1.351709998506884
ElectronAffinity,random_02,32,1.35,1.492133608150427
ElectronAffinity,random_02,33,0.81,0.41484965505467963
ElectronAffinity,random_02,34,2.021,0.8607352223893383
ElectronAffinity,random_02,35,3.365,0.6896557806726766
ElectronAffinity,random_02,37,0.468,1.0899618781035911
ElectronAffinity,random_02,39,0.307,1.3598378381108622
ElectronAffinity,random_02,40,0.426,1.6550358756170787
ElectronAffinity,random_02,41,0.893,1.2444451036148865
ElectronAffinity,random_02,42,0.746,1.8031421871685531
ElectronAffinity,random_02,43,0.55,0.9878052951466421
ElectronAffinity,random_02,44,1.05,1.6734298345597807
ElectronAffinity,random_02,45,1.137,1.0363949102593515
ElectronAffinity,random_02,46,0.557,1.4126807193230173
ElectronAffinity,random_02,47,1.302,0.9234171320728444
ElectronAffinity,random_02,49,0.3,1.5541965791136907
ElectronAffinity,random_02,50,1.2,0.7185470117387536
ElectronAffinity,random_02,51,1.07,1.488298635327257
ElectronAffinity,random_02,52,1.971,1.005397200385433
ElectronAffinity,random_02,53,3.059,1.2413083874450341
ElectronAffinity,random_02,55,0.472,1.0348328528821447
ElectronAffinity,random_02,57,0.5,1.2065054940858098
ElectronAffinity,random_02,58,0.5,0.910199179892097
ElectronAffinity,random_02,73,0.322,1.1184055947839344
ElectronAffinity,random_02,74,0.815,0.9038578148503058
ElectronAffinity,random_02,75,0.15,1.2045312284550072
ElectronAffinity,random_02,76,1.1,0.8732810763654102
ElectronAffinity,random_02,77,1.565,1.0943323859773189
ElectronAffinity,random_02,78,2.128,0.347058385722696
ElectronAffinity,random_02,79,2.309,0.9425382046523555
ElectronAffinity,random_02,81,0.2,0.9339410518799027
ElectronAffinity,random_02,82,0.36,0.8159354045359214
ElectronAffinity,random_02,83,0.946,1.2610892886016993
ElectronAffinity,random_02,84,1.9,1.3549927228512921
ElectronAffinity,random_02,85,2.8,0.6863811498277294
ElectronAffinity,random_02,87,0.47,0.8936979654579685
ElectronAffinity,random_03,1,0.754,1.0751631551218916
ElectronAffinity,random_03,3,0.618,1.071899275496107
ElectronAffinity,random_03,5,0.277,2.0382982377694194
ElectronAffinity,random_03,6,1.263,1.1087169665339869
ElectronAffinity,random_03,8,1.461,1.2294307774708573
ElectronAffinity,random_03,9,3.339,1.0783213271625882
ElectronAffinity,random_03,11,0.548,0.503013303890799
ElectronAffinity,random_03,13,0.441,1.140449609195386
ElectronAffinity,random_03,14,1.385,0.9227402155127853
ElectronAffinity,random_03,15,0.746,1.1436889279891058
ElectronAffinity,random_03,16,2.077,0.9977721541949212
ElectronAffinity,random_03,17,3.617,1.0816522203613477
ElectronAffinity,random_03,19,0.501,0.8686131730186863
ElectronAffinity,random_03,21,0.188,1.6511296910005109
ElectronAffinity,random_03,22,0.079,1.9030837091625041
ElectronAffinity,random_03,23,0.525,0.9795347502965254
ElectronAffinity,random_03,24,0.666,1.3538999084371843
ElectronAffinity,random_03,26,0.163,1.323545083918898
ElectronAffinity,random_03,27,0.661,1.4268375065526588
ElectronAffinity,random_03,28,1.156,2.343345003449861
ElectronAffinity,random_03,29,1.228,0.9016648321563563
ElectronAffinity,random_03,31,0.3,1.0647073437122982
ElectronAffinity,random_03,32,1.35,0.8263381683885457
ElectronAffinity,random_03,33,0.81,0.9246903142297223
ElectronAffinity,random_03,34,2.021,0.005571335574439118
ElectronAffinity,random_03,35,3.365,1.2309249459076872
ElectronAffinity,random_03,37,0.468,1.4455214553938833
ElectronAffinity,random_03,39,0.307,1.3784622493561605
ElectronAffinity,random_03,40,0.426,1.3280118642854728
ElectronAffinity,random_03,41,0.893,1.1776688186666178
ElectronAffinity,random_03,42,0.746,1.0356981900890385
ElectronAffinity,random_03,43,0.55,1.1917791994001294
ElectronAffinity,random_03,44,1.05,1.6763124143385364
ElectronAffinity,random_03,45,1.137,1.2079137322288074
ElectronAffinity,random_03,46,0.557,1.5283920126613717
ElectronAffinity,random_03,47,1.302,1.147226315403083
ElectronAffinity,random_03,49,0.3,1.0194480807284607
ElectronAffinity,random_03,50,1.2,0.8761804090776192
ElectronAffinity,random_03,51,1.07,1.5218506858436447
ElectronAffinity,random_03,52,1.971,1.2904655423821942
ElectronAffinity,random_03,53,3.059,1.6048133137595393
ElectronAffinity,random_03,55,0.472,0.7356945470926304
ElectronAffinity,random_03,57,0.5,0.8407998049744916
ElectronAffinity,random_03,58,0.5,0.8321280082805381
ElectronAffinity,random_03,73,0.322,0.8806375393128526
ElectronAffinity,random_03,74,0.815,1.1530944117838284
ElectronAffinity,random_03,75,0.15,1.1388390510980582
ElectronAffinity,random_03,76,1.1,1.1977069929840285
ElectronAffinity,random_03,77,1.565,1.399986297728824
ElectronAffinity,random_03,78,2.128,0.7801656646129398
ElectronAffinity,random_03,79,2.309,1.5804344020609227
ElectronAffinity,random_03,81,0.2,1.0703426340493247
ElectronAffinity,random_03,82,0.36,0.9750640452306174
ElectronAffinity,random_03,83,0.946,1.365157478800062
ElectronAffinity,random_03,84,1.9,1.625416335575859
ElectronAffinity,random_03,85,2.8,0.9483675307704997
ElectronAffinity,random_03,87,0.47,0.5009260233536291
ElectronAffinity,random_04,1,0.754,0.821434794601143
ElectronAffinity,random_04,3,0.618,1.210081783901556
ElectronAffinity,random_04,5,0.277,1.1030449140864675
ElectronAffinity,random_04,6,1.263,1.2122905297528008
ElectronAffinity,random_04,8,1.461,1.0941504226111498
ElectronAffinity,random_04,9,3.339,1.0032167634771967
ElectronAffinity,random_04,11,0.548,1.0175125110270584
ElectronAffinity,random_04,13,0.441,1.2133133092152193
ElectronAffinity,random_04,14,1.385,1.096026307821448
ElectronAffinity,random_04,15,0.746,1.1356796683234829
ElectronAffinity,random_04,16,2.077,1.2563866721213834
ElectronAffinity,random_04,17,3.617,0.6034496899066839
ElectronAffinity,random_04,19,0.501,1.284237550256591
ElectronAffinity,random_04,21,0.188,1.3305755163016886
ElectronAffinity,random_04,22,0.079,1.2717306691981718
ElectronAffinity,random_04,23,0.525,1.7251161171101574
ElectronAffinity,random_04,24,0.666,1.0128764755074757
ElectronAffinity,random_04,26,0.163,1.68109047933001
ElectronAffinity,random_04,27,0.661,1.0574755869722996
ElectronAffinity,random_04,28,1.156,1.5451541043269028
ElectronAffinity,random_04,29,1.228,1.451974145925055
ElectronAffinity,random_04,31,0.3,1.4830115330859006
ElectronAffinity,random_04,32,1.35,1.1713937839849133
ElectronAffinity,random_04,33,0.81,0.9712859072346806
ElectronAffinity,random_04,34,2.021,1.1070190977549126
ElectronAffinity,random_04,35,3.365,0.6393127718762679
ElectronAffinity,random_04,37,0.468,1.3036232788105167
ElectronAffinity,random_04,39,0.307,1.0239754211668957
ElectronAffinity,random_04,40,0.426,1.552245367720181
ElectronAffinity,random_04,41,0.893,1.202005147305865
ElectronAffinity,random_04,42,0.746,1.6566594080427173
ElectronAffinity,random_04,43,0.55,0.9289490052531703
ElectronAffinity,random_04,44,1.05,1.4434610354169002
ElectronAffinity,random_04,45,1.137,1.1733269868431424
ElectronAffinity,random_04,46,0.557,1.5991883633379889
ElectronAffinity,random_04,47,1.302,1.0118103934242304
ElectronAffinity,random_04,49,0.3,1.58464606536946
ElectronAffinity,random_04,50,1.2,1.1833298263061327
ElectronAffinity,random_04,51,1.07,1.1678972322925145
ElectronAffinity,random_04,52,1.971,1.1556386300083947
ElectronAffinity,random_04,53,3.059,1.2302506009638339
ElectronAffinity,random_04,55,0.472,0.9866287681763648
ElectronAffinity,random_04,57,0.5,1.3071790149715934
ElectronAffinity,random_04,58,0.5,1.5800659111214301
ElectronAffinity,random_04,73,0.322,0.8381000708507517
ElectronAffinity,random_04,74,0.815,1.4664812117128554
ElectronAffinity,random_04,75,0.15,0.876741701474602
ElectronAffinity,random_04,76,1.1,0.7247485207647738
ElectronAffinity,random_04,77,1.565,0.8802582706962208
ElectronAffinity,random_04,78,2.128,0.4759615020497908
ElectronAffinity,random_04,79,2.309,1.0570200532072487
ElectronAffinity,random_04,81,0.2,1.326695843854384
ElectronAffinity,random_04,82,0.36,0.990518314270998
ElectronAffinity,random_04,83,0.946,1.094478318799024
ElectronAffinity,random_04,84,1.9,1.1389799314736606
ElectronAffinity,random_04,85,2.8,0.6974294359012616
ElectronAffinity,random_04,87,0.47,1.06969699584534
ElectronAffinity,random_05,1,0.754,1.1231508127615397
ElectronAffinity,random_05,3,0.618,1.297621976246767
ElectronAffinity,random_05,5,0.277,2.211658655217243
ElectronAffinity,random_05,6,1.263,1.1487466053265376
ElectronAffinity,random_05,8,1.461,1.5368016850472024
ElectronAffinity,random_05,9,3.339,0.5711975115717427
ElectronAffinity,random_05,11,0.548,1.050288197021712
ElectronAffinity,random_05,13,0.441,1.1427067013729082
ElectronAffinity,random_05,14,1.385,1.261007956250749
ElectronAffinity,random_05,15,0.746,0.8816313455701603
ElectronAffinity,random_05,16,2.077,1.164675756957943
ElectronAffinity,random_05,17,3.617,1.1452034734541816
ElectronAffinity,random_05,19,0.501,1.017844664759842
ElectronAffinity,random_05,21,0.188,1.3681680801686653
ElectronAffinity,random_05,22,0.079,1.3339340992642943
ElectronAffinity,random_05,23,0.525,0.9954333011801719
ElectronAffinity,random_05,24,0.666,1.218743469418056
ElectronAffinity,random_05,26,0.163,1.0533249177977886
ElectronAffinity,random_05,27,0.661,1.0842487492842352
ElectronAffinity,random_05,28,1.156,1.5728403850978294
ElectronAffinity,random_05,29,1.228,1.131486724645929
ElectronAffinity,random_05,31,0.3,0.9871822360420185
ElectronAffinity,random_05,32,1.35,1.577137687223451
ElectronAffinity,random_05,33,0.81,0.9165914317837629
ElectronAffinity,random_05,34,2.021,0.6030016790008624
ElectronAffinity,random_05,35,3.365,0.8457137067084601
ElectronAffinity,random_05,37,0.468,1.260755181428097
ElectronAffinity,random_05,39,0.307,1.327039226078787
ElectronAffinity,random_05,40,0.426,0.9791713710604865
ElectronAffinity,random_05,41,0.893,1.4639730196622425
ElectronAffinity,random_05,42,0.746,1.4218896750978491
ElectronAffinity,random_05,43,0.55,0.659237285503249
ElectronAffinity,random_05,44,1.05,1.146370479062451
ElectronAffinity,random_05,45,1.137,1.2347009716129662
ElectronAffinity,random_05,46,0.557,1.248784879865333
ElectronAffinity,random_05,47,1.302,0.9371604227549347
ElectronAffinity,random_05,49,0.3,1.4934537385141324
ElectronAffinity,random_05,50,1.2,0.7715571887473237
ElectronAffinity,random_05,51,1.07,0.741226561638045
ElectronAffinity,random_05,52,1.971,0.9405674815728999
ElectronAffinity,random_05,53,3.059,1.3004217021749895
ElectronAffinity,random_05,55,0.472,0.4771768300138439
ElectronAffinity,random_05,57,0.5,0.8365383101952707
ElectronAffinity,random_05,58,0.5,0.3279940782713273
ElectronAffinity,random_05,73,0.322,1.1456526605835369
ElectronAffinity,random_05,74,0.815,1.0411417183453007
ElectronAffinity,random_05,75,0.15,1.0915365725832336
ElectronAffinity,random_05,76,1.1,1.7627588354678185
ElectronAffinity,random_05,77,1.565,1.0297870547972947
ElectronAffinity,random_05,78,2.128,0.5010554057075304
ElectronAffinity,random_05,79,2.309,1.0418105348007034
ElectronAffinity,random_05,81,0.2,0.8982572490928773
ElectronAffinity,random_05,82,0.36,0.9826251831093481
ElectronAffinity,random_05,83,0.946,1.397429548325103
ElectronAffinity,random_05,84,1.9,1.5978120654186863
ElectronAffinity,random_05,85,2.8,0.9974172759761197
ElectronAffinity,random_05,87,0.47,1.037618226786667
ElectronAffinity,random_06,1,0.754,0.9805790795780241
ElectronAffinity,random_06,3,0.618,1.0690646007888858
ElectronAffinity,random_06,5,0.277,0.813864495799435
ElectronAffinity,random_06,6,1.263,1.5470169538591858
ElectronAffinity,random_06,8,1.461,0.8158097898540508
ElectronAffinity,random_06,9,3.339,1.1604775463889923
ElectronAffinity,random_06,11,0.548,1.0112385205286154
ElectronAffinity,random_06,13,0.441,1.1147736573689246
ElectronAffinity,random_06,14,1.385,0.956852290341229
ElectronAffinity,random_06,15,0.746,1.0396689070827323
ElectronAffinity,random_06,16,2.077,1.1787573063168895
ElectronAffinity,random_06,17,3.617,0.829287850236109
ElectronAffinity,random_06,19,0.501,0.8601666490155646
ElectronAffinity,random_06,21,0.188,1.2083119959157655
ElectronAffinity,random_06,22,0.079,1.1411936267768008
ElectronAffinity,random_06,23,0.525,1.7015198697160079
ElectronAffinity,random_06,24,0.666,0.6349611317559363
ElectronAffinity,random_06,26,0.163,1.6965966547526619
ElectronAffinity,random_06,27,0.661,1.3033550198864718
ElectronAffinity,random_06,28,1.156,1.6678324533212072
ElectronAffinity,random_06,29,1.228,1.7208922165560392
ElectronAffinity,random_06,31,0.3,1.6804886878290972
ElectronAffinity,random_06,32,1.35,0.7723369509610198
ElectronAffinity,random_06,33,0.81,1.138359895445
ElectronAffinity,random_06,34,2.021,0.47804643547157066
ElectronAffinity,random_06,35,3.365,0.6481831257794469
ElectronAffinity,random_06,37,0.468,1.1862669475149232
ElectronAffinity,random_06,39,0.307,1.286860622839229
ElectronAffinity,random_06,40,0.426,1.0440871532328526
ElectronAffinity,random_06,41,0.893,1.010231634603853
ElectronAffinity,random_06,42,0.746,1.685907010803143
ElectronAffinity,random_06,43,0.55,0.22559512523796166
ElectronAffinity,random_06,44,1.05,1.7006368756417616
ElectronAffinity,random_06,45,1.137,0.6355024904600441
ElectronAffinity,random_06,46,0.557,1.1374755854549152
ElectronAffinity,random_06,47,1.302,0.7707021061936697
ElectronAffinity,random_06,49,0.3,1.4424445647890591
ElectronAffinity,random_06,50,1.2,0.7888706403362296
ElectronAffinity,random_06,51,1.07,1.1343986570870725
ElectronAffinity,random_06,52,1.971,1.105440170334525
ElectronAffinity,random_06,53,3.059,1.4743853819323647
ElectronAffinity,random_06,55,0.472,0.9698794234922291
ElectronAffinity,random_06,57,0.5,0.8557039121161667
ElectronAffinity,random_06,58,0.5,1.3400626429002571
ElectronAffinity,random_06,73,0.322,1.2248162039373038
ElectronAffinity,random_06,74,0.815,1.4481000151026473
ElectronAffinity,random_06,75,0.15,0.8867542588091153
ElectronAffinity,random_06,76,1.1,1.2484631576231617
ElectronAffinity,random_06,77,1.565,0.914552648567984
ElectronAffinity,random_06,78,2.128,0.6863799952780263
ElectronAffinity,random_06,79,2.309,1.0377979958944505
ElectronAffinity,random_06,81,0.2,1.2873483861249513
ElectronAffinity,random_06,82,0.36,1.1538437803809574
ElectronAffinity,random_06,83,0.946,1.2084883854045492
ElectronAffinity,random_06,84,1.9,1.3185587149752718
ElectronAffinity,random_06,85,2.8,1.091032850783391
ElectronAffinity,random_06,87,0.47,1.1335150762372384
ElectronAffinity,random_07,1,0.754,1.5207190061080513
ElectronAffinity,random_07,3,0.618,0.7183225543179446
ElectronAffinity,random_07,5,0.277,1.4608790815507093
ElectronAffinity,random_07,6,1.263,0.9097262999293159
ElectronAffinity,random_07,8,1.461,1.4269048938276256
ElectronAffinity,random_07,9,3.339,0.7670782209283409
ElectronAffinity,random_07,11,0.548,0.6469360080523018
ElectronAffinity,random_07,13,0.441,1.1924801450764035
ElectronAffinity,random_07,14,1.385,1.0490383359302866
ElectronAffinity,random_07,15,0.746,1.1631339816332869
ElectronAffinity,random_07,16,2.077,1.0768602106481895
ElectronAffinity,random_07,17,3.617,1.2735454458365418
ElectronAffinity,random_07,19,0.501,1.3041474921483576
ElectronAffinity,random_07,21,0.188,1.34879399206251
ElectronAffinity,random_07,22,0.079,1.3282945450074668
ElectronAffinity,random_07,23,0.525,1.4360585038579452
ElectronAffinity,random_07,24,0.666,1.132445892029803
ElectronAffinity,random_07,26,0.163,0.8681819895958942
ElectronAffinity,random_07,27,0.661,1.472829749863858
ElectronAffinity,random_07,28,1.156,1.6961215963326772
ElectronAffinity,random_07,29,1.228,0.524857130653789
ElectronAffinity,random_07,31,0.3,1.2586103713152441
ElectronAffinity,random_07,32,1.35,0.5195732448980851
ElectronAffinity,random_07,33,0.81,1.4893263614047931
ElectronAffinity,random_07,34,2.021,1.4122989823065004
ElectronAffinity,random_07,35,3.365,1.0830587669872132
ElectronAffinity,random_07,37,0.468,0.6986881345063515
ElectronAffinity,random_07,39,0.307,1.2886030274147149
ElectronAffinity,random_07,40,0.426,1.723062954895839
ElectronAffinity,random_07,41,0.893,1.3466550546809224
ElectronAffinity,random_07,42,0.746,2.1778188856936267
ElectronAffinity,random_07,43,0.55,0.08975490855263368
ElectronAffinity,random_07,44,1.05,1.9294917814489463
ElectronAffinity,random_07,45,1.137,0.6888330181747828
ElectronAffinity,random_07,46,0.557,0.7562256320096025
ElectronAffinity,random_07,47,1.302,0.9767948051316439
ElectronAffinity,random_07,49,0.3,1.8627806789205201
ElectronAffinity,random_07,50,1.2,0.9745589087899169
ElectronAffinity,random_07,51,1.07,1.2057454337604228
ElectronAffinity,random_07,52,1.971,1.2324212294918746
ElectronAffinity,random_07,53,3.059,2.094112845861757
ElectronAffinity,random_07,55,0.472,0.9756241743683278
ElectronAffinity,random_07,57,0.5,1.1448762991580859
ElectronAffinity,random_07,58,0.5,1.1717321318249463
ElectronAffinity,random_07,73,0.322,1.0916250350972057
ElectronAffinity,random_07,74,0.815,1.28908376335857
ElectronAffinity,random_07,75,0.15,0.4911304096396456
ElectronAffinity,random_07,76,1.1,0.6442675113491372
ElectronAffinity,random_07,77,1.565,1.2566879646956257
ElectronAffinity,random_07,78,2.128,1.0616501219358474
ElectronAffinity,random_07,79,2.309,0.8025308886241157
ElectronAffinity,random_07,81,0.2,1.3734504347439174
ElectronAffinity,random_07,82,0.36,0.8117827190549498
ElectronAffinity,random_07,83,0.946,1.3337479825253435
ElectronAffinity,random_07,84,1.9,1.2456430636835512
ElectronAffinity,random_07,85,2.8,1.464088528562007
ElectronAffinity,random_07,87,0.47,0.5841601593003464
MeltingPoint,z_poly,1,13.81,1035.3413419195554
MeltingPoint,z_poly,2,0.95,1041.837616712711
MeltingPoint,z_poly,3,453.65,910.0332341965379
MeltingPoint,z_poly,4,1560.0,920.2018408538765
MeltingPoint,z_poly,5,2348.0,930.3556191723538
MeltingPoint,z_poly,6,3823.0,940.4915800645762
MeltingPoint,z_poly,7,63.15,950.6067344431503
MeltingPoint,z_poly,8,54.36,960.698093220683
MeltingPoint,z_poly,9,53.53,970.7626673097805
MeltingPoint,z_poly,10,24.56,980.7974676230493
MeltingPoint,z_poly,11,370.95,1143.9770815754246
MeltingPoint,z_poly,12,923.0,1150.51057758766
MeltingPoint,z_poly,13,933.437,1157.0176567538163
MeltingPoint,z_poly,14,1687.0,1163.4961492122281
MeltingPoint,z_poly,15,317.3,1169.943885101229
MeltingPoint,z_poly,16,388.36,1176.358694559153
MeltingPoint,z_poly,17,171.65,1182.7384077243344
MeltingPoint,z_poly,18,83.8,1189.0808547351069
MeltingPoint,z_poly,19,336.53,1056.4513467887564
MeltingPoint,z_poly,20,1115.0,1065.6932185059118
MeltingPoint,z_poly,21,1814.0,1074.889906549099
MeltingPoint,z_poly,22,1941.0,1084.0384093148957
MeltingPoint,z_poly,23,2183.0,1093.1357251998795
MeltingPoint,z_poly,24,2180.0,1102.178852600628
MeltingPoint,z_poly,25,1519.0,1111.1647899137186
MeltingPoint,z_poly,26,1811.0,1120.090535535729
MeltingPoint,z_poly,27,1768.0,1128.9530878632368
MeltingPoint,z_poly,28,1728.0,1137.7494452928195
MeltingPoint,z_poly,29,1357.77,1146.4766062210545
MeltingPoint,z_poly,30,692.68,1155.1315690445197
MeltingPoint,z_poly,31,302.91,1163.7113321597924
MeltingPoint,z_poly,32,1211.4,1172.2128939634504
MeltingPoint,z_poly,33,1090.0,1180.6332528520709
MeltingPoint,z_poly,34,493.65,1188.969407222232
MeltingPoint,z_poly,35,265.95,1197.2183554705105
MeltingPoint,z_poly,36,115.79,1205.3770959934848
MeltingPoint,z_poly,37,312.46,1191.2817574004928
MeltingPoint,z_poly,38,1050.0,1198.3447126456165
MeltingPoint,z_poly,39,1795.0,1205.3478508633443
MeltingPoint,z_poly,40,2128.0,1212.2889022709437
MeltingPoint,z_poly,41,2750.0,1219.165597085682
MeltingPoint,z_poly,42,2896.0,1225.9756655248268
MeltingPoint,z_poly,43,2430.0,1232.7168378056458
MeltingPoint,z_poly,44,2607.0,1239.3868441454067
MeltingPoint,z_poly,45,2237.0,1245.9834147613765
MeltingPoint,z_poly,46,1828.05,1252.5042798708232
MeltingPoint,z_poly,47,1234.93,1258.947169691014
MeltingPoint,z_poly,48,594.22,1265.3098144392168
MeltingPoint,z_poly,49,429.75,1271.5899443326987
MeltingPoint,z_poly,50,505.08,1277.7852895887277
MeltingPoint,z_poly,51,903.78,1283.893580424571
MeltingPoint,z_poly,52,722.66,1289.912547057496
MeltingPoint,z_poly,53,386.85,1295.8399197047709
MeltingPoint,z_poly,54,161.36,1301.6734285836626
MeltingPoint,z_poly,55,301.59,1217.533416814722
MeltingPoint,z_poly,56,1000.0,1221.104762624807
MeltingPoint,z_poly,57,1191.0,1224.6466102519653
MeltingPoint,z_poly,58,1071.0,1228.1584474003373
MeltingPoint,z_poly,59,1204.0,1231.639761774064
MeltingPoint,z_poly,60,1294.0,1235.0900410772865
MeltingPoint,z_poly,61,1315.0,1238.5087730141458
MeltingPoint,z_poly,62,1347.0,1241.8954452887826
MeltingPoint,z_poly,63,1095.0,1245.249545605338
MeltingPoint,z_poly,64,1586.0,1248.570561667953
MeltingPoint,z_poly,65,1629.0,1251.8579811807685
MeltingPoint,z_poly,66,1685.0,1255.1112918479253
MeltingPoint,z_poly,67,1747.0,1258.3299813735646
MeltingPoint,z_poly,68,1802.0,1261.5135374618271
MeltingPoint,z_poly,69,1818.0,1264.661447816854
MeltingPoint,z_poly,70,1092.0,1267.773200142786
MeltingPoint,z_poly,71,1936.0,1270.8482821437642
MeltingPoint,z_poly,72,2506.0,1273.8861815239295
MeltingPoint,z_poly,73,3290.0,1276.8863859874227
MeltingPoint,z_poly,74,3695.0,1279.8483832383852
MeltingPoint,z_poly,75,3459.0,1282.7716609809574
MeltingPoint,z_poly,76,3306.0,1285.6557069192809
MeltingPoint,z_poly,77,2719.0,1288.5000087574958
MeltingPoint,z_poly,78,2041.55,1291.3040541997436
MeltingPoint,z_poly,79,1337.33,1294.0673309501653
MeltingPoint,z_poly,80,234.32,1296.7893267129016
MeltingPoint,z_poly,81,577.0,1299.4695291920937
MeltingPoint,z_poly,82,600.61,1302.1074260918822
MeltingPoint,z_poly,83,544.55,1304.7025051164082
MeltingPoint,z_poly,84,527.0,1307.2542539698127
MeltingPoint,z_poly,85,575.0,1309.7621603562368
MeltingPoint,z_poly,86,202.0,1312.225711979821
MeltingPoint,z_poly,87,300.0,1513.3300250668
MeltingPoint,z_poly,88,973.0,1513.7229346985605
MeltingPoint,z_poly,89,1324.0,1513.8573462170712
MeltingPoint,z_poly,90,2023.0,1513.7297429827101
MeltingPoint,z_poly,91,1845.0,1513.336608355856
MeltingPoint,z_poly,92,1408.0,1512.674425696888
MeltingPoint,z_poly,93,917.0,1511.739678366184
MeltingPoint,z_poly,94,913.0,1510.5288497241233
MeltingPoint,z_poly,95,1449.0,1509.0384231310838
MeltingPoint,z_poly,96,1618.0,1507.2648819474443
MeltingPoint,z_poly,97,1323.0,1505.2047095335838
MeltingPoint,z_poly,98,1173.0,1502.8543892498803
MeltingPoint,z_poly,99,1133.0,1500.2104044567127
MeltingPoint,z_poly,100,1800.0,1497.2692385144596
MeltingPoint,z_poly,101,1100.0,1494.0273747834992
MeltingPoint,z_poly,102,1100.0,1490.4812966242107
MeltingPoint,z_poly,103,1900.0,1486.6274873969724
MeltingPoint,message_bits,1,13.81,1092.9511138652106
MeltingPoint,message_bits,2,0.95,1120.547468888827
MeltingPoint,message_bits,3,453.65,997.696738895166
MeltingPoint,message_bits,4,1560.0,1051.284770560156
MeltingPoint,message_bits,5,2348.0,998.2191092953906
MeltingPoint,message_bits,6,3823.0,971.8038520408329
MeltingPoint,message_bits,7,63.15,918.7381907760675
MeltingPoint,message_bits,8,54.36,1904.517647774247
MeltingPoint,message_bits,9,53.53,1851.4519865094817
MeltingPoint,message_bits,10,24.56,1825.036729254924
MeltingPoint,message_bits,11,370.95,1796.0680428447124
MeltingPoint,message_bits,12,923.0,1989.3938747508644
MeltingPoint,message_bits,13,933.437,1950.0729762971937
MeltingPoint,message_bits,14,1687.0,1953.1039513766382
MeltingPoint,message_bits,15,317.3,1913.7830529229675
MeltingPoint,message_bits,16,388.36,606.810788828243
MeltingPoint,message_bits,17,171.65,567.489890374572
MeltingPoint,message_bits,18,83.8,570.5208654540168
MeltingPoint,message_bits,19,336.53,66.39437124327196
MeltingPoint,message_bits,20,1115.0,244.82962189615046
MeltingPoint,message_bits,21,1814.0,144.35193079358078
MeltingPoint,message_bits,22,1941.0,209.18847915243055
MeltingPoint,message_bits,23,2183.0,108.71078804986064
MeltingPoint,message_bits,24,2180.0,846.2431140670722
MeltingPoint,message_bits,25,1519.0,745.7654229645024
MeltingPoint,message_bits,26,1811.0,810.601971323352
MeltingPoint,message_bits,27,1768.0,710.1242802207823
MeltingPoint,message_bits,28,1728.0,888.559530873661
MeltingPoint,message_bits,29,1357.77,788.0818397710912
MeltingPoint,message_bits,30,692.68,852.9183881299409
MeltingPoint,message_bits,31,302.91,752.4406970273711
MeltingPoint,message_bits,32,1211.4,1233.4922216939704
MeltingPoint,message_bits,33,1090.0,1133.0145305914007
MeltingPoint,message_bits,34,493.65,1197.8510789502502
MeltingPoint,message_bits,35,265.95,1097.3733878476805
MeltingPoint,message_bits,36,115.79,1275.8086385005593
MeltingPoint,message_bits,37,312.46,991.1518952290771
MeltingPoint,message_bits,38,1050.0,1009.0927125863229
MeltingPoint,message_bits,39,1795.0,925.5530601008572
MeltingPoint,message_bits,40,2128.0,1381.474541303399
MeltingPoint,message_bits,41,2750.0,1297.9348888179331
MeltingPoint,message_bits,42,2896.0,1315.8757061751792
MeltingPoint,message_bits,43,2430.0,1232.3360536897135
MeltingPoint,message_bits,44,2607.0,1547.6319954697392
MeltingPoint,message_bits,45,2237.0,1464.0923429842735
MeltingPoint,message_bits,46,1828.05,1482.0331603415193
MeltingPoint,message_bits,47,1234.93,1398.4935078560536
MeltingPoint,message_bits,48,594.22,549.3560676785075
MeltingPoint,message_bits,49,429.75,465.81641519304185
MeltingPoint,message_bits,50,505.08,483.75723255028765
MeltingPoint,message_bits,51,903.78,400.21758006482196
MeltingPoint,message_bits,52,722.66,715.5135218448479
MeltingPoint,message_bits,53,386.85,631.973869359382
MeltingPoint,message_bits,54,161.36,649.914686716628
MeltingPoint,message_bits,55,301.59,1055.1418695930631
MeltingPoint,message_bits,56,1000.0,1428.7260151635205
MeltingPoint,message_bits,57,1191.0,1309.4107771965448
MeltingPoint,message_bits,58,1071.0,1413.1144079325761
MeltingPoint,message_bits,59,1204.0,1293.7991699656004
MeltingPoint,message_bits,60,1294.0,1650.5868357616419
MeltingPoint,message_bits,61,1315.0,1531.2715977946661
MeltingPoint,message_bits,62,1347.0,1634.9752285306972
MeltingPoint,message_bits,63,1095.0,1515.6599905637217
MeltingPoint,message_bits,64,1586.0,958.434077195322
MeltingPoint,message_bits,65,1629.0,839.1188392283464
MeltingPoint,message_bits,66,1685.0,942.8224699643775
MeltingPoint,message_bits,67,1747.0,823.507231997402
MeltingPoint,message_bits,68,1802.0,1180.2948977934432
MeltingPoint,message_bits,69,1818.0,1060.9796598264675
MeltingPoint,message_bits,70,1092.0,1164.6832905624988
MeltingPoint,message_bits,71,1936.0,1045.368052595523
MeltingPoint,message_bits,72,2506.0,1418.9521981659805
MeltingPoint,message_bits,73,3290.0,1299.636960199005
MeltingPoint,message_bits,74,3695.0,1403.340590935036
MeltingPoint,message_bits,75,3459.0,1284.0253529680604
MeltingPoint,message_bits,76,3306.0,1640.8130187641018
MeltingPoint,message_bits,77,2719.0,1521.497780797126
MeltingPoint,message_bits,78,2041.55,1625.2014115331572
MeltingPoint,message_bits,79,1337.33,1505.8861735661817
MeltingPoint,message_bits,80,234.32,859.8543626920047
MeltingPoint,message_bits,81,577.0,740.5391247250291
MeltingPoint,message_bits,82,600.61,844.2427554610603
MeltingPoint,message_bits,83,544.55,724.9275174940847
MeltingPoint,message_bits,84,527.0,1081.7151832901259
MeltingPoint,message_bits,85,575.0,962.3999453231502
MeltingPoint,message_bits,86,202.0,1066.1035760591815
MeltingPoint,message_bits,87,300.0,1128.2997125770553
MeltingPoint,message_bits,88,973.0,1772.9970355379937
MeltingPoint,message_bits,89,1324.0,1700.3986120031511
MeltingPoint,message_bits,90,2023.0,1708.6040405745796
MeltingPoint,message_bits,91,1845.0,1636.005617039737
MeltingPoint,message_bits,92,1408.0,1919.4982038398857
MeltingPoint,message_bits,93,917.0,1846.8997803050434
MeltingPoint,message_bits,94,913.0,1855.1052088764718
MeltingPoint,message_bits,95,1449.0,1782.506785341629
MeltingPoint,message_bits,96,1618.0,1641.942803909757
MeltingPoint,message_bits,97,1323.0,1569.3443803749144
MeltingPoint,message_bits,98,1173.0,1577.549808946343
MeltingPoint,message_bits,99,1133.0,1504.9513854115005
MeltingPoint,message_bits,100,1800.0,1788.4439722116492
MeltingPoint,message_bits,101,1100.0,1715.8455486768066
MeltingPoint,message_bits,102,1100.0,1724.050977248235
MeltingPoint,message_bits,103,1900.0,1651.4525537133925
MeltingPoint,golay_bits,1,13.81,973.340687240569
MeltingPoint,golay_bits,2,0.95,1218.865220597858
MeltingPoint,golay_bits,3,453.65,1397.8266943053923
MeltingPoint,golay_bits,4,1560.0,1216.1206153953815
MeltingPoint,golay_bits,5,2348.0,1168.7655042325075
MeltingPoint,golay_bits,6,3823.0,954.6834182388897
MeltingPoint,golay_bits,7,63.15,719.4029931937762
MeltingPoint,golay_bits,8,54.36,2026.1989025449147
MeltingPoint,golay_bits,9,53.53,2075.9564457677498
MeltingPoint,golay_bits,10,24.56,1786.5676634390038
MeltingPoint,golay_bits,11,370.95,2143.8369849026026
MeltingPoint,golay_bits,12,923.0,1904.529295653309
MeltingPoint,golay_bits,13,933.437,1882.5871533563936
MeltingPoint,golay_bits,14,1687.0,2087.036022652407
MeltingPoint,golay_bits,15,317.3,1995.3122418641744
MeltingPoint,golay_bits,16,388.36,998.9767148868679
MeltingPoint,golay_bits,17,171.65,350.2430640193295
MeltingPoint,golay_bits,18,83.8,305.09118723035976
MeltingPoint,golay_bits,19,336.53,207.5779947936055
MeltingPoint,golay_bits,20,1115.0,188.20991379017323
MeltingPoint,golay_bits,21,1814.0,71.4015842861154
MeltingPoint,golay_bits,22,1941.0,361.5323658245644
MeltingPoint,golay_bits,23,2183.0,94.16743011561834
MeltingPoint,golay_bits,24,2180.0,696.601927707318
MeltingPoint,golay_bits,25,1519.0,786.4106291620955
MeltingPoint,golay_bits,26,1811.0,1163.5558373918752
MeltingPoint,golay_bits,27,1768.0,515.5450173414329
MeltingPoint,golay_bits,28,1728.0,477.3218753122886
MeltingPoint,golay_bits,29,1357.77,1325.0539873845482
MeltingPoint,golay_bits,30,692.68,677.2632802486207
MeltingPoint,golay_bits,31,302.91,822.6669222323349
MeltingPoint,golay_bits,32,1211.4,1618.493347093328
MeltingPoint,golay_bits,33,1090.0,846.0773347497511
MeltingPoint,golay_bits,34,493.65,1196.681321621094
MeltingPoint,golay_bits,35,265.95,965.4437000061035
MeltingPoint,golay_bits,36,115.79,980.9870460052243
MeltingPoint,golay_bits,37,312.46,1354.0751184810736
MeltingPoint,golay_bits,38,1050.0,1261.1409229720323
MeltingPoint,golay_bits,39,1795.0,899.5432354702259
MeltingPoint,golay_bits,40,2128.0,1628.394700383746
MeltingPoint,golay_bits,41,2750.0,964.7424042397806
MeltingPoint,golay_bits,42,2896.0,1318.9217671124154
MeltingPoint,golay_bits,43,2430.0,1400.4937589904216
MeltingPoint,golay_bits,44,2607.0,1806.0470637435114
MeltingPoint,golay_bits,45,2237.0,1406.5078449481707
MeltingPoint,golay_bits,46,1828.05,1389.1349533118134
MeltingPoint,golay_bits,47,1234.93,1426.1022801549564
MeltingPoint,golay_bits,48,594.22,834.5377172750954
MeltingPoint,golay_bits,49,429.75,113.58773001157783
MeltingPoint,golay_bits,50,505.08,-25.960556696823232
MeltingPoint,golay_bits,51,903.78,1100.3644254628068
MeltingPoint,golay_bits,52,722.66,647.4595644380631
MeltingPoint,golay_bits,53,386.85,920.0836869167658
MeltingPoint,golay_bits,54,161.36,781.5727947069531
MeltingPoint,golay_bits,55,301.59,784.8589496386452
MeltingPoint,golay_bits,56,1000.0,1587.7809803391513
MeltingPoint,golay_bits,57,1191.0,1316.507948953622
MeltingPoint,golay_bits,58,1071.0,889.5634117899893
MeltingPoint,golay_bits,59,1204.0,1592.9788642448775
MeltingPoint,golay_bits,60,1294.0,1457.8639878684048
MeltingPoint,golay_bits,61,1315.0,1499.6231438245932
MeltingPoint,golay_bits,62,1347.0,1927.837633812549
MeltingPoint,golay_bits,63,1095.0,1374.186184818785
MeltingPoint,golay_bits,64,1586.0,735.177927982976
MeltingPoint,golay_bits,65,1629.0,1292.0493431490531
MeltingPoint,golay_bits,66,1685.0,1011.6488432742315
MeltingPoint,golay_bits,67,1747.0,593.831774599891
MeltingPoint,golay_bits,68,1802.0,1225.4768038428135
MeltingPoint,golay_bits,69,1818.0,854.9486696894403
MeltingPoint,golay_bits,70,1092.0,1100.0398448370054
MeltingPoint,golay_bits,71,1936.0,1324.9223156335847
MeltingPoint,golay_bits,72,2506.0,815.3616657592879
MeltingPoint,golay_bits,73,3290.0,1750.72035825699
MeltingPoint,golay_bits,74,3695.0,1715.1080491725252
MeltingPoint,golay_bits,75,3459.0,1195.510661782089
MeltingPoint,golay_bits,76,3306.0,1997.9273538633445
MeltingPoint,golay_bits,77,2719.0,1387.6362127494012
MeltingPoint,golay_bits,78,2041.55,1424.5184746581897
MeltingPoint,golay_bits,79,1337.33,1539.2984386966493
MeltingPoint,golay_bits,80,234.32,838.6058908776489
MeltingPoint,golay_bits,81,577.0,591.1926869055328
MeltingPoint,golay_bits,82,600.61,1203.9692023278483
MeltingPoint,golay_bits,83,544.55,570.36606239367
MeltingPoint,golay_bits,84,527.0,1022.9617079462464
MeltingPoint,golay_bits,85,575.0,1226.3184124334032
MeltingPoint,golay_bits,86,202.0,983.9359007041296
MeltingPoint,golay_bits,87,300.0,1030.4922960545512
MeltingPoint,golay_bits,88,973.0,1975.1713983554544
MeltingPoint,golay_bits,89,1324.0,1758.1046631792865
MeltingPoint,golay_bits,90,2023.0,1821.5194666926723
MeltingPoint,golay_bits,91,1845.0,1246.5764352337528
MeltingPoint,golay_bits,92,1408.0,1879.516600421115
MeltingPoint,golay_bits,93,917.0,1610.3676280359223
MeltingPoint,golay_bits,94,913.0,1966.1109545713189
MeltingPoint,golay_bits,95,1449.0,1921.4020312709563
MeltingPoint,golay_bits,96,1618.0,1662.7490374860563
MeltingPoint,golay_bits,97,1323.0,1281.2835719366597
MeltingPoint,golay_bits,98,1173.0,1705.5995003787712
MeltingPoint,golay_bits,99,1133.0,1636.0618664291824
MeltingPoint,golay_bits,100,1800.0,1943.6659802145207
MeltingPoint,golay_bits,101,1100.0,1819.7837131240453
MeltingPoint,golay_bits,102,1100.0,1473.6192475946143
MeltingPoint,golay_bits,103,1900.0,1624.650286135636
MeltingPoint,mog_planar,1,13.81,1140.4361351323698
MeltingPoint,mog_planar,2,0.95,1199.3678143274042
MeltingPoint,mog_planar,3,453.65,1434.1193490103406
MeltingPoint,mog_planar,4,1560.0,781.803203933159
MeltingPoint,mog_planar,5,2348.0,2114.5551715692927
MeltingPoint,mog_planar,6,3823.0,1729.1061123707718
MeltingPoint,mog_planar,7,63.15,1247.494024871045
MeltingPoint,mog_planar,8,54.36,2029.0599219945602
MeltingPoint,mog_planar,9,53.53,1252.923463656424
MeltingPoint,mog_planar,10,24.56,1199.453429825003
MeltingPoint,mog_planar,11,370.95,1912.7444613107382
MeltingPoint,mog_planar,12,923.0,2159.259801658822
MeltingPoint,mog_planar,13,933.437,1531.6133750633153
MeltingPoint,mog_planar,14,1687.0,2438.0837104163093
MeltingPoint,mog_planar,15,317.3,1556.6199436022293
MeltingPoint,mog_planar,16,388.36,1085.5733634462567
MeltingPoint,mog_planar,17,171.65,825.44451630258
MeltingPoint,mog_planar,18,83.8,557.8403266061788
MeltingPoint,mog_planar,19,336.53,1199.8315712443305
MeltingPoint,mog_planar,20,1115.0,737.7898447443241
MeltingPoint,mog_planar,21,1814.0,1088.157045234346
MeltingPoint,mog_planar,22,1941.0,1022.6673692615423
MeltingPoint,mog_planar,23,2183.0,1331.805181168649
MeltingPoint,mog_planar,24,2180.0,926.3369325822648
MeltingPoint,mog_planar,25,1519.0,1088.458040589307
MeltingPoint,mog_planar,26,1811.0,1508.5454553388408
MeltingPoint,mog_planar,27,1768.0,1165.2585946827885
MeltingPoint,mog_planar,28,1728.0,1277.4146268879858
MeltingPoint,mog_planar,29,1357.77,1695.8029170956333
MeltingPoint,mog_planar,30,692.68,1861.2370724100365
MeltingPoint,mog_planar,31,302.91,756.6468559262742
MeltingPoint,mog_planar,32,1211.4,2013.6136545327217
MeltingPoint,mog_planar,33,1090.0,845.566528512182
MeltingPoint,mog_planar,34,493.65,975.2215879904581
MeltingPoint,mog_planar,35,265.95,1024.7384929231255
MeltingPoint,mog_planar,36,115.79,1444.8031703133263
MeltingPoint,mog_planar,37,312.46,1309.8762592738535
MeltingPoint,mog_planar,38,1050.0,1420.929546528663
MeltingPoint,mog_planar,39,1795.0,1079.7986970909612
MeltingPoint,mog_planar,40,2128.0,976.244027260821
MeltingPoint,mog_planar,41,2750.0,1327.5736078172804
MeltingPoint,mog_planar,42,2896.0,1088.6043319736436
MeltingPoint,mog_planar,43,2430.0,1394.1759263176127
MeltingPoint,mog_planar,44,2607.0,1728.126666443142
MeltingPoint,mog_planar,45,2237.0,1642.5568171537043
MeltingPoint,mog_planar,46,1828.05,1198.1463500538457
MeltingPoint,mog_planar,47,1234.93,1459.1465448756758
MeltingPoint,mog_planar,48,594.22,1091.9845233560845
MeltingPoint,mog_planar,49,429.75,594.4768000754846
MeltingPoint,mog_planar,50,505.08,661.6654931876359
MeltingPoint,mog_planar,51,903.78,1265.7678411060726
MeltingPoint,mog_planar,52,722.66,957.2543862331443
MeltingPoint,mog_planar,53,386.85,1145.5256342553105
MeltingPoint,mog_planar,54,161.36,1281.3736702697727
MeltingPoint,mog_planar,55,301.59,775.8607214077341
MeltingPoint,mog_planar,56,1000.0,1054.84887579867
MeltingPoint,mog_planar,57,1191.0,1133.523647288333
MeltingPoint,mog_planar,58,1071.0,1112.1226034859164
MeltingPoint,mog_planar,59,1204.0,1081.8664206805531
MeltingPoint,mog_planar,60,1294.0,1119.55531810798
MeltingPoint,mog_planar,61,1315.0,1316.830323652629
MeltingPoint,mog_planar,62,1347.0,1482.2585510302865
MeltingPoint,mog_planar,63,1095.0,1379.2297394070981
MeltingPoint,mog_planar,64,1586.0,994.3334530679033
MeltingPoint,mog_planar,65,1629.0,718.4735578779582
MeltingPoint,mog_planar,66,1685.0,824.4438298915678
MeltingPoint,mog_planar,67,1747.0,834.1352133724619
MeltingPoint,mog_planar,68,1802.0,1036.3421547581831
MeltingPoint,mog_planar,69,1818.0,828.111174516687
MeltingPoint,mog_planar,70,1092.0,1271.2761490743865
MeltingPoint,mog_planar,71,1936.0,1169.8261828633558
MeltingPoint,mog_planar,72,2506.0,727.6627044987029
MeltingPoint,mog_planar,73,3290.0,1363.9565915606945
MeltingPoint,mog_planar,74,3695.0,1291.7848603518773
MeltingPoint,mog_planar,75,3459.0,1256.285372232094
MeltingPoint,mog_planar,76,3306.0,1683.5894639346418
MeltingPoint,mog_planar,77,2719.0,1291.2002761703197
MeltingPoint,mog_planar,78,2041.55,1263.1181812947043
MeltingPoint,mog_planar,79,1337.33,1394.2823488273498
MeltingPoint,mog_planar,80,234.32,783.8663329390433
MeltingPoint,mog_planar,81,577.0,628.1765438263094
MeltingPoint,mog_planar,82,600.61,986.3636115308768
MeltingPoint,mog_planar,83,544.55,851.3581540582081
MeltingPoint,mog_planar,84,527.0,824.9818302787737
MeltingPoint,mog_planar,85,575.0,1052.7879572302336
MeltingPoint,mog_planar,86,202.0,997.9854206886514
MeltingPoint,mog_planar,87,300.0,1094.7908378013065
MeltingPoint,mog_planar,88,973.0,1142.6006150566495
MeltingPoint,mog_planar,89,1324.0,1527.747940993137
MeltingPoint,mog_planar,90,2023.0,1206.7578175019055
MeltingPoint,mog_planar,91,1845.0,1305.4314540996636
MeltingPoint,mog_planar,92,1408.0,1205.9362366527462
MeltingPoint,mog_planar,93,917.0,1629.1888743626255
MeltingPoint,mog_planar,94,913.0,1325.6864736494922
MeltingPoint,mog_planar,95,1449.0,1907.0861127530964
MeltingPoint,mog_planar,96,1618.0,981.2770716334517
MeltingPoint,mog_planar,97,1323.0,873.0464686935138
MeltingPoint,mog_planar,98,1173.0,862.4620259003555
MeltingPoint,mog_planar,99,1133.0,1301.562568121819
MeltingPoint,mog_planar,100,1800.0,1207.8756156774662
MeltingPoint,mog_planar,101,1100.0,1318.326450476028
MeltingPoint,mog_planar,102,1100.0,654.0458115245515
MeltingPoint,mog_planar,103,1900.0,1583.648376489677
MeltingPoint,mog_stacked,1,13.81,1104.746359342882
MeltingPoint,mog_stacked,2,0.95,1181.1630006877765
MeltingPoint,mog_stacked,3,453.65,1526.0177042702026
MeltingPoint,mog_stacked,4,1560.0,858.357422215111
MeltingPoint,mog_stacked,5,2348.0,2296.526412767672
MeltingPoint,mog_stacked,6,3823.0,1733.499206941929
MeltingPoint,mog_stacked,7,63.15,1198.8148607224457
MeltingPoint,mog_stacked,8,54.36,2093.374780101998
MeltingPoint,mog_stacked,9,53.53,1237.50910326937
MeltingPoint,mog_stacked,10,24.56,1195.4760563446937
MeltingPoint,mog_stacked,11,370.95,1902.2541524462326
MeltingPoint,mog_stacked,12,923.0,2188.3887144022256
MeltingPoint,mog_stacked,13,933.437,1480.3103544115781
MeltingPoint,mog_stacked,14,1687.0,2432.7327599045384
MeltingPoint,mog_stacked,15,317.3,1538.6371018796385
MeltingPoint,mog_stacked,16,388.36,1091.1927890927554
MeltingPoint,mog_stacked,17,171.65,911.5692550443798
MeltingPoint,mog_stacked,18,83.8,726.0919578942055
MeltingPoint,mog_stacked,19,336.53,1166.234895503062
MeltingPoint,mog_stacked,20,1115.0,658.9268582880933
MeltingPoint,mog_stacked,21,1814.0,1178.457300033412
MeltingPoint,mog_stacked,22,1941.0,825.8295352880448
MeltingPoint,mog_stacked,23,2183.0,1384.7265490265363
MeltingPoint,mog_stacked,24,2180.0,904.3397405966341
MeltingPoint,mog_stacked,25,1519.0,1185.120234342294
MeltingPoint,mog_stacked,26,1811.0,1629.8372511246093
MeltingPoint,mog_stacked,27,1768.0,1044.2071295280414
MeltingPoint,mog_stacked,28,1728.0,1262.0363310873845
MeltingPoint,mog_stacked,29,1357.77,1662.9462844517202
MeltingPoint,mog_stacked,30,692.68,1683.0307612628408
MeltingPoint,mog_stacked,31,302.91,319.1899750908656
MeltingPoint,mog_stacked,32,1211.4,2029.060022574216
MeltingPoint,mog_stacked,33,1090.0,881.4625886305446
MeltingPoint,mog_stacked,34,493.65,1063.0294087400853
MeltingPoint,mog_stacked,35,265.95,1303.733207147982
MeltingPoint,mog_stacked,36,115.79,1452.330924240691
MeltingPoint,mog_stacked,37,312.46,1212.3416317972506
MeltingPoint,mog_stacked,38,1050.0,1627.6330566248112
MeltingPoint,mog_stacked,39,1795.0,872.9080198939639
MeltingPoint,mog_stacked,40,2128.0,1023.2542598487797
MeltingPoint,mog_stacked,41,2750.0,1356.1154923581892
MeltingPoint,mog_stacked,42,2896.0,1174.6488394178455
MeltingPoint,mog_stacked,43,2430.0,1296.2067799462209
MeltingPoint,mog_stacked,44,2607.0,1604.962506200659
MeltingPoint,mog_stacked,45,2237.0,1527.142749422445
MeltingPoint,mog_stacked,46,1828.05,1126.1233994193267
MeltingPoint,mog_stacked,47,1234.93,1465.0401972550244
MeltingPoint,mog_stacked,48,594.22,1191.0977318900952
MeltingPoint,mog_stacked,49,429.75,587.5274426893089
MeltingPoint,mog_stacked,50,505.08,649.8961435862807
MeltingPoint,mog_stacked,51,903.78,1187.082303804601
MeltingPoint,mog_stacked,52,722.66,1020.2224331176483
MeltingPoint,mog_stacked,53,386.85,1206.2600110318044
MeltingPoint,mog_stacked,54,161.36,1362.7701228659596
MeltingPoint,mog_stacked,55,301.59,674.4680821096988
MeltingPoint,mog_stacked,56,1000.0,1075.0355286621912
MeltingPoint,mog_stacked,57,1191.0,1278.1768948084405
MeltingPoint,mog_stacked,58,1071.0,1230.1801961438268
MeltingPoint,mog_stacked,59,1204.0,1167.9666746771227
MeltingPoint,mog_stacked,60,1294.0,1069.1923247454888
MeltingPoint,mog_stacked,61,1315.0,1358.9080285889813
MeltingPoint,mog_stacked,62,1347.0,1486.4159379320713
MeltingPoint,mog_stacked,63,1095.0,1369.0661840105824
MeltingPoint,mog_stacked,64,1586.0,836.6255028096687
MeltingPoint,mog_stacked,65,1629.0,847.0996448922328
MeltingPoint,mog_stacked,66,1685.0,851.6257497301774
MeltingPoint,mog_stacked,67,1747.0,956.3187654804478
MeltingPoint,mog_stacked,68,1802.0,1032.981783663418
MeltingPoint,mog_stacked,69,1818.0,783.5891235188102
MeltingPoint,mog_stacked,70,1092.0,1185.1488109492575
MeltingPoint,mog_stacked,71,1936.0,1040.2589558610073
MeltingPoint,mog_stacked,72,2506.0,607.2579523735496
MeltingPoint,mog_stacked,73,3290.0,1333.6520151264742
MeltingPoint,mog_stacked,74,3695.0,1299.00999203363
MeltingPoint,mog_stacked,75,3459.0,1165.7690976005233
MeltingPoint,mog_stacked,76,3306.0,1651.8329730369767
MeltingPoint,mog_stacked,77,2719.0,1212.6546347213746
MeltingPoint,mog_stacked,78,2041.55,1161.4430654629716
MeltingPoint,mog_stacked,79,1337.33,1529.0042804409381
MeltingPoint,mog_stacked,80,234.32,708.3419557588152
MeltingPoint,mog_stacked,81,577.0,756.3576178429571
MeltingPoint,mog_stacked,82,600.61,809.1355013520453
MeltingPoint,mog_stacked,83,544.55,870.4750857478359
MeltingPoint,mog_stacked,84,527.0,850.3431252849858
MeltingPoint,mog_stacked,85,575.0,1220.6971179129653
MeltingPoint,mog_stacked,86,202.0,902.2613665636957
MeltingPoint,mog_stacked,87,300.0,1157.7587366087002
MeltingPoint,mog_stacked,88,973.0,1148.7318126403236
MeltingPoint,mog_stacked,89,1324.0,1508.178879314634
MeltingPoint,mog_stacked,90,2023.0,1106.6272148126557
MeltingPoint,mog_stacked,91,1845.0,1405.694836750543
MeltingPoint,mog_stacked,92,1408.0,1123.1186879942236
MeltingPoint,mog_stacked,93,917.0,1758.4165280158547
MeltingPoint,mog_stacked,94,913.0,1381.5484589320988
MeltingPoint,mog_stacked,95,1449.0,1863.3388327720656
MeltingPoint,mog_stacked,96,1618.0,954.2899211567648
MeltingPoint,mog_stacked,97,1323.0,899.612075084832
MeltingPoint,mog_stacked,98,1173.0,850.895786589528
MeltingPoint,mog_stacked,99,1133.0,1319.3195291037543
MeltingPoint,mog_stacked,100,1800.0,1180.1283091285584
MeltingPoint,mog_stacked,101,1100.0,1396.8181164561113
MeltingPoint,mog_stacked,102,1100.0,741.0179396307349
MeltingPoint,mog_stacked,103,1900.0,1538.9618793976356
MeltingPoint,mog_cylinder,1,13.81,1227.9297942164226
MeltingPoint,mog_cylinder,2,0.95,1218.5632681614934
MeltingPoint,mog_cylinder,3,453.65,1518.7101085553736
MeltingPoint,mog_cylinder,4,1560.0,881.8766636609275
MeltingPoint,mog_cylinder,5,2348.0,2209.262719917745
MeltingPoint,mog_cylinder,6,3823.0,1703.4333561474036
MeltingPoint,mog_cylinder,7,63.15,1218.4301358416565
MeltingPoint,mog_cylinder,8,54.36,2120.0948011183104
MeltingPoint,mog_cylinder,9,53.53,1264.01204683809
MeltingPoint,mog_cylinder,10,24.56,1126.518805386799
MeltingPoint,mog_cylinder,11,370.95,1879.4826723739989
MeltingPoint,mog_cylinder,12,923.0,2255.3886618454094
MeltingPoint,mog_cylinder,13,933.437,1554.2192623641401
MeltingPoint,mog_cylinder,14,1687.0,2363.114653533284
MeltingPoint,mog_cylinder,15,317.3,1495.6645605977362
MeltingPoint,mog_cylinder,16,388.36,1065.87011697266
MeltingPoint,mog_cylinder,17,171.65,980.1717082093425
MeltingPoint,mog_cylinder,18,83.8,664.5666671698003
MeltingPoint,mog_cylinder,19,336.53,1142.611868546567
MeltingPoint,mog_cylinder,20,1115.0,682.6348487396197
MeltingPoint,mog_cylinder,21,1814.0,1125.53020184242
MeltingPoint,mog_cylinder,22,1941.0,855.3917904893053
MeltingPoint,mog_cylinder,23,2183.0,1341.3924831049135
MeltingPoint,mog_cylinder,24,2180.0,903.8447083076555
MeltingPoint,mog_cylinder,25,1519.0,1138.4505567843353
MeltingPoint,mog_cylinder,26,1811.0,1551.5141153860216
MeltingPoint,mog_cylinder,27,1768.0,1004.3290243929657
MeltingPoint,mog_cylinder,28,1728.0,1249.6357085711236
MeltingPoint,mog_cylinder,29,1357.77,1656.1009528172026
MeltingPoint,mog_cylinder,30,692.68,1689.9321776608344
MeltingPoint,mog_cylinder,31,302.91,954.0943866816865
MeltingPoint,mog_cylinder,32,1211.4,2148.856349169711
MeltingPoint,mog_cylinder,33,1090.0,959.268159594345
MeltingPoint,mog_cylinder,34,493.65,957.9462426723368
MeltingPoint,mog_cylinder,35,265.95,1070.2632246368041
MeltingPoint,mog_cylinder,36,115.79,1452.5982525782342
MeltingPoint,mog_cylinder,37,312.46,1224.5050494697975
MeltingPoint,mog_cylinder,38,1050.0,1333.9740101194518
MeltingPoint,mog_cylinder,39,1795.0,1069.3554102642609
MeltingPoint,mog_cylinder,40,2128.0,997.4210973560671
MeltingPoint,mog_cylinder,41,2750.0,1307.1822925144293
MeltingPoint,mog_cylinder,42,2896.0,1055.858189038967
MeltingPoint,mog_cylinder,43,2430.0,1332.7330555639974
MeltingPoint,mog_cylinder,44,2607.0,1594.6430627496427
MeltingPoint,mog_cylinder,45,2237.0,1563.691927575377
MeltingPoint,mog_cylinder,46,1828.05,1154.4781231080804
MeltingPoint,mog_cylinder,47,1234.93,1536.666416767416
MeltingPoint,mog_cylinder,48,594.22,1205.3883721376178
MeltingPoint,mog_cylinder,49,429.75,634.454983922076
MeltingPoint,mog_cylinder,50,505.08,539.1285706504417
MeltingPoint,mog_cylinder,51,903.78,1223.2427398952036
MeltingPoint,mog_cylinder,52,722.66,983.9187423093169
MeltingPoint,mog_cylinder,53,386.85,1156.2877521865862
MeltingPoint,mog_cylinder,54,161.36,1330.3978568209254
MeltingPoint,mog_cylinder,55,301.59,676.0828740571928
MeltingPoint,mog_cylinder,56,1000.0,1108.1187940456077
MeltingPoint,mog_cylinder,57,1191.0,1058.619099964278
MeltingPoint,mog_cylinder,58,1071.0,1288.6119457486404
MeltingPoint,mog_cylinder,59,1204.0,1197.287493732811
MeltingPoint,mog_cylinder,60,1294.0,1037.5325033861304
MeltingPoint,mog_cylinder,61,1315.0,1339.2639642848753
MeltingPoint,mog_cylinder,62,1347.0,1380.7088273633915
MeltingPoint,mog_cylinder,63,1095.0,1341.2177499967188
MeltingPoint,mog_cylinder,64,1586.0,874.3897514134374
MeltingPoint,mog_cylinder,65,1629.0,848.7078211178398
MeltingPoint,mog_cylinder,66,1685.0,853.529613896545
MeltingPoint,mog_cylinder,67,1747.0,1012.7884111290239
MeltingPoint,mog_cylinder,68,1802.0,1015.285232945203
MeltingPoint,mog_cylinder,69,1818.0,727.1634926008294
MeltingPoint,mog_cylinder,70,1092.0,1188.499518841183
MeltingPoint,mog_cylinder,71,1936.0,1120.010477727636
MeltingPoint,mog_cylinder,72,2506.0,744.51045706542
MeltingPoint,mog_cylinder,73,3290.0,1300.5969582681455
MeltingPoint,mog_cylinder,74,3695.0,1241.8902937126381
MeltingPoint,mog_cylinder,75,3459.0,1201.2864452943343
MeltingPoint,mog_cylinder,76,3306.0,1734.6015919717843
MeltingPoint,mog_cylinder,77,2719.0,1272.5286038219363
MeltingPoint,mog_cylinder,78,2041.55,1092.8259885250943
MeltingPoint,mog_cylinder,79,1337.33,1447.4324836536143
MeltingPoint,mog_cylinder,80,234.32,1055.3816167201908
MeltingPoint,mog_cylinder,81,577.0,877.1907040690562
MeltingPoint,mog_cylinder,82,600.61,936.068163549263
MeltingPoint,mog_cylinder,83,544.55,967.8082721803739
MeltingPoint,mog_cylinder,84,527.0,915.4474484167883
MeltingPoint,mog_cylinder,85,575.0,1163.6493901418207
MeltingPoint,mog_cylinder,86,202.0,816.0111111988556
MeltingPoint,mog_cylinder,87,300.0,1214.270711707698
MeltingPoint,mog_cylinder,88,973.0,1184.9272288048837
MeltingPoint,mog_cylinder,89,1324.0,1615.996465978468
MeltingPoint,mog_cylinder,90,2023.0,977.9843372900924
MeltingPoint,mog_cylinder,91,1845.0,1395.474694135733
MeltingPoint,mog_cylinder,92,1408.0,1056.0358576054332
MeltingPoint,mog_cylinder,93,917.0,1852.0912720255315
MeltingPoint,mog_cylinder,94,913.0,1395.949541388783
MeltingPoint,mog_cylinder,95,1449.0,1921.829394067102
MeltingPoint,mog_cylinder,96,1618.0,854.5654864004214
MeltingPoint,mog_cylinder,97,1323.0,795.5865071246996
MeltingPoint,mog_cylinder,98,1173.0,978.6356768514523
MeltingPoint,mog_cylinder,99,1133.0,1295.3855471205802
MeltingPoint,mog_cylinder,100,1800.0,1223.7701820096527
MeltingPoint,mog_cylinder,101,1100.0,1325.058337946349
MeltingPoint,mog_cylinder,102,1100.0,653.1507794719477
MeltingPoint,mog_cylinder,103,1900.0,1595.1601607553107
MeltingPoint,mog_sphere,1,13.81,1229.16711509719
MeltingPoint,mog_sphere,2,0.95,1406.3218115429554
MeltingPoint,mog_sphere,3,453.65,1254.7040408268424
MeltingPoint,mog_sphere,4,1560.0,1160.7946173046294
MeltingPoint,mog_sphere,5,2348.0,2128.1430678707256
MeltingPoint,mog_sphere,6,3823.0,1543.5144940739115
MeltingPoint,mog_sphere,7,63.15,1371.51977344382
MeltingPoint,mog_sphere,8,54.36,1820.5903361601647
MeltingPoint,mog_sphere,9,53.53,1613.6817913258753
MeltingPoint,mog_sphere,10,24.56,1105.6718886238482
MeltingPoint,mog_sphere,11,370.95,1963.0148126930862
MeltingPoint,mog_sphere,12,923.0,2368.3674738277477
MeltingPoint,mog_sphere,13,933.437,1606.2452343493337
MeltingPoint,mog_sphere,14,1687.0,2476.3692924742336
MeltingPoint,mog_sphere,15,317.3,1684.750025391729
MeltingPoint,mog_sphere,16,388.36,1245.4063279297984
MeltingPoint,mog_sphere,17,171.65,571.6919868102069
MeltingPoint,mog_sphere,18,83.8,620.9572317483273
MeltingPoint,mog_sphere,19,336.53,323.0546006812739
MeltingPoint,mog_sphere,20,1115.0,904.1917874545685
MeltingPoint,mog_sphere,21,1814.0,974.2391681367473
MeltingPoint,mog_sphere,22,1941.0,557.0075558426543
MeltingPoint,mog_sphere,23,2183.0,1309.788719168428
MeltingPoint,mog_sphere,24,2180.0,381.70644805919994
MeltingPoint,mog_sphere,25,1519.0,1293.061000920568
MeltingPoint,mog_sphere,26,1811.0,1387.5511571275988
MeltingPoint,mog_sphere,27,1768.0,820.8664973473781
MeltingPoint,mog_sphere,28,1728.0,1433.6966216776907
MeltingPoint,mog_sphere,29,1357.77,1511.0188766057995
MeltingPoint,mog_sphere,30,692.68,1657.7060017984288
MeltingPoint,mog_sphere,31,302.91,783.6712236115075
MeltingPoint,mog_sphere,32,1211.4,1721.7982203056126
MeltingPoint,mog_sphere,33,1090.0,1050.4187421834645
MeltingPoint,mog_sphere,34,493.65,887.2543706336111
MeltingPoint,mog_sphere,35,265.95,943.7038459278292
MeltingPoint,mog_sphere,36,115.79,1584.1438400411137
MeltingPoint,mog_sphere,37,312.46,1465.711257024255
MeltingPoint,mog_sphere,38,1050.0,1359.6471379910945
MeltingPoint,mog_sphere,39,1795.0,1041.5423318988737
MeltingPoint,mog_sphere,40,2128.0,1398.5905920241894
MeltingPoint,mog_sphere,41,2750.0,1076.495682917722
MeltingPoint,mog_sphere,42,2896.0,1255.8888771361746
MeltingPoint,mog_sphere,43,2430.0,1236.745266947786
MeltingPoint,mog_sphere,44,2607.0,1414.997170513089
MeltingPoint,mog_sphere,45,2237.0,1779.801390263904
MeltingPoint,mog_sphere,46,1828.05,895.4496647132132
MeltingPoint,mog_sphere,47,1234.93,1650.747896319162
MeltingPoint,mog_sphere,48,594.22,846.6988589445996
MeltingPoint,mog_sphere,49,429.75,588.0958046043578
MeltingPoint,mog_sphere,50,505.08,326.63855591597826
MeltingPoint,mog_sphere,51,903.78,1109.0703421459204
MeltingPoint,mog_sphere,52,722.66,1116.5672856421477
MeltingPoint,mog_sphere,53,386.85,958.3080074241101
MeltingPoint,mog_sphere,54,161.36,1322.5921890713141
MeltingPoint,mog_sphere,55,301.59,725.5572101341752
MeltingPoint,mog_sphere,56,1000.0,1195.7435624330194
MeltingPoint,mog_sphere,57,1191.0,1155.3346803967088
MeltingPoint,mog_sphere,58,1071.0,1008.426048259109
MeltingPoint,mog_sphere,59,1204.0,1152.912241234455
MeltingPoint,mog_sphere,60,1294.0,1248.7235852066806
MeltingPoint,mog_sphere,61,1315.0,1411.006893712756
MeltingPoint,mog_sphere,62,1347.0,1475.1351035333794
MeltingPoint,mog_sphere,63,1095.0,1393.0073337705117
MeltingPoint,mog_sphere,64,1586.0,697.835933568758
MeltingPoint,mog_sphere,65,1629.0,1142.190130579204
MeltingPoint,mog_sphere,66,1685.0,635.4173354933473
MeltingPoint,mog_sphere,67,1747.0,774.0387976682703
MeltingPoint,mog_sphere,68,1802.0,1089.9656404067136
MeltingPoint,mog_sphere,69,1818.0,886.6156250001897
MeltingPoint,mog_sphere,70,1092.0,1298.594914096827
MeltingPoint,mog_sphere,71,1936.0,1004.0412978966472
MeltingPoint,mog_sphere,72,2506.0,939.9433785523802
MeltingPoint,mog_sphere,73,3290.0,1281.5496591223784
MeltingPoint,mog_sphere,74,3695.0,1176.0937590162346
MeltingPoint,mog_sphere,75,3459.0,1059.4834196178203
MeltingPoint,mog_sphere,76,3306.0,1905.5175044665555
MeltingPoint,mog_sphere,77,2719.0,1318.271167510317
MeltingPoint,mog_sphere,78,2041.55,1123.77917885599
MeltingPoint,mog_sphere,79,1337.33,1375.0238714679879
MeltingPoint,mog_sphere,80,234.32,572.3385369505329
MeltingPoint,mog_sphere,81,577.0,542.6630397074321
MeltingPoint,mog_sphere,82,600.61,789.054308771025
MeltingPoint,mog_sphere,83,544.55,888.2621877936558
MeltingPoint,mog_sphere,84,527.0,774.5898343479486
MeltingPoint,mog_sphere,85,575.0,1226.7131715979986
MeltingPoint,mog_sphere,86,202.0,792.847204024576
MeltingPoint,mog_sphere,87,300.0,1130.7911222089567
MeltingPoint,mog_sphere,88,973.0,1522.7943286551913
MeltingPoint,mog_sphere,89,1324.0,1346.525328846477
MeltingPoint,mog_sphere,90,2023.0,1122.1983013928811
MeltingPoint,mog_sphere,91,1845.0,1242.3187606258698
MeltingPoint,mog_sphere,92,1408.0,1152.0549674549243
MeltingPoint,mog_sphere,93,917.0,1912.9887879328599
MeltingPoint,mog_sphere,94,913.0,1280.502464568484
MeltingPoint,mog_sphere,95,1449.0,1819.8443129715752
MeltingPoint,mog_sphere,96,1618.0,1372.122829432872
MeltingPoint,mog_sphere,97,1323.0,682.8949589463905
MeltingPoint,mog_sphere,98,1173.0,992.7007345599832
MeltingPoint,mog_sphere,99,1133.0,1132.4443546158607
MeltingPoint,mog_sphere,100,1800.0,1347.4473859987188
MeltingPoint,mog_sphere,101,1100.0,1728.6133084990447
MeltingPoint,mog_sphere,102,1100.0,863.9906143955839
MeltingPoint,mog_sphere,103,1900.0,1587.424969473266
MeltingPoint,gray_message_bits,1,13.81,1023.584370941949
MeltingPoint,gray_message_bits,2,0.95,1137.8901964179563
MeltingPoint,gray_message_bits,3,453.65,1001.6505355659814
MeltingPoint,gray_message_bits,4,1560.0,1342.7883557400323
MeltingPoint,gray_message_bits,5,2348.0,1314.7012212491297
MeltingPoint,gray_message_bits,6,3823.0,1209.0178085723912
MeltingPoint,gray_message_bits,7,63.15,1237.1049430632938
MeltingPoint,gray_message_bits,8,54.36,1343.444678499981
MeltingPoint,gray_message_bits,9,53.53,1315.3575440090785
MeltingPoint,gray_message_bits,10,24.56,1421.040956685817
MeltingPoint,gray_message_bits,11,370.95,1426.8402273567146
MeltingPoint,gray_message_bits,12,923.0,1127.673940531452
MeltingPoint,gray_message_bits,13,933.437,1144.798750290254
MeltingPoint,gray_message_bits,14,1687.0,1012.0496147130532
MeltingPoint,gray_message_bits,15,317.3,994.9248049542514
MeltingPoint,gray_message_bits,16,388.36,924.2584864910636
MeltingPoint,gray_message_bits,17,171.65,941.3832962498656
MeltingPoint,gray_message_bits,18,83.8,1074.1324318270663
MeltingPoint,gray_message_bits,19,336.53,714.2674334375658
MeltingPoint,gray_message_bits,20,1115.0,937.3140592059453
MeltingPoint,gray_message_bits,21,1814.0,953.1018895401227
MeltingPoint,gray_message_bits,22,1941.0,769.9258839949925
MeltingPoint,gray_message_bits,23,2183.0,754.1380536608152
MeltingPoint,gray_message_bits,24,2180.0,796.1055746981307
MeltingPoint,gray_message_bits,25,1519.0,811.893405032308
MeltingPoint,gray_message_bits,26,1811.0,995.0694105774381
MeltingPoint,gray_message_bits,27,1768.0,979.2815802432608
MeltingPoint,gray_message_bits,28,1728.0,756.2349544748812
MeltingPoint,gray_message_bits,29,1357.77,772.0227848090585
MeltingPoint,gray_message_bits,30,692.68,588.8467792639284
MeltingPoint,gray_message_bits,31,302.91,573.0589489297512
MeltingPoint,gray_message_bits,32,1211.4,937.6160114700238
MeltingPoint,gray_message_bits,33,1090.0,953.403841804201
MeltingPoint,gray_message_bits,34,493.65,1136.5798473493312
MeltingPoint,gray_message_bits,35,265.95,1120.7920170151538
MeltingPoint,gray_message_bits,36,115.79,1343.8386427835335
MeltingPoint,gray_message_bits,37,312.46,1106.0386281154474
MeltingPoint,gray_message_bits,38,1050.0,991.0976756199407
MeltingPoint,gray_message_bits,39,1795.0,904.4878303706116
MeltingPoint,gray_message_bits,40,2128.0,742.6228899928631
MeltingPoint,gray_message_bits,41,2750.0,829.2327352421921
MeltingPoint,gray_message_bits,42,2896.0,944.1736877376989
MeltingPoint,gray_message_bits,43,2430.0,857.5638424883698
MeltingPoint,gray_message_bits,44,2607.0,527.9959676297858
MeltingPoint,gray_message_bits,45,2237.0,614.6058128791149
MeltingPoint,gray_message_bits,46,1828.05,499.66486038360813
MeltingPoint,gray_message_bits,47,1234.93,413.05501513427896
MeltingPoint,gray_message_bits,48,594.22,821.4652986076471
MeltingPoint,gray_message_bits,49,429.75,908.0751438569762
MeltingPoint,gray_message_bits,50,505.08,1023.016096352483
MeltingPoint,gray_message_bits,51,903.78,936.406251103154
MeltingPoint,gray_message_bits,52,722.66,1265.9741259617379
MeltingPoint,gray_message_bits,53,386.85,1352.583971211067
MeltingPoint,gray_message_bits,54,161.36,1237.6430187155602
MeltingPoint,gray_message_bits,55,301.59,967.4895418688357
MeltingPoint,gray_message_bits,56,1000.0,971.7911051131105
MeltingPoint,gray_message_bits,57,1191.0,1022.2379433509009
MeltingPoint,gray_message_bits,58,1071.0,1053.9272546382956
MeltingPoint,gray_message_bits,59,1204.0,1003.4804164005052
MeltingPoint,gray_message_bits,60,1294.0,614.0840736206733
MeltingPoint,gray_message_bits,61,1315.0,664.5309118584639
MeltingPoint,gray_message_bits,62,1347.0,632.8416005710691
MeltingPoint,gray_message_bits,63,1095.0,582.3947623332785
MeltingPoint,gray_message_bits,64,1586.0,552.754308040464
MeltingPoint,gray_message_bits,65,1629.0,603.2011462782546
MeltingPoint,gray_message_bits,66,1685.0,634.8904575656493
MeltingPoint,gray_message_bits,67,1747.0,584.4436193278588
MeltingPoint,gray_message_bits,68,1802.0,973.8399621076906
MeltingPoint,gray_message_bits,69,1818.0,1024.286800345481
MeltingPoint,gray_message_bits,70,1092.0,992.5974890580864
MeltingPoint,gray_message_bits,71,1936.0,942.1506508202958
MeltingPoint,gray_message_bits,72,2506.0,937.849087576021
MeltingPoint,gray_message_bits,73,3290.0,988.2959258138116
MeltingPoint,gray_message_bits,74,3695.0,1019.9852371012063
MeltingPoint,gray_message_bits,75,3459.0,969.5383988634158
MeltingPoint,gray_message_bits,76,3306.0,580.142056083584
MeltingPoint,gray_message_bits,77,2719.0,630.5888943213745
MeltingPoint,gray_message_bits,78,2041.55,598.8995830339798
MeltingPoint,gray_message_bits,79,1337.33,548.4527447961892
MeltingPoint,gray_message_bits,80,234.32,1083.0794523392549
MeltingPoint,gray_message_bits,81,577.0,1133.5262905770455
MeltingPoint,gray_message_bits,82,600.61,1165.2156018644403
MeltingPoint,gray_message_bits,83,544.55,1114.7687636266498
MeltingPoint,gray_message_bits,84,527.0,1504.1651064064815
MeltingPoint,gray_message_bits,85,575.0,1554.6119446442722
MeltingPoint,gray_message_bits,86,202.0,1522.9226333568772
MeltingPoint,gray_message_bits,87,300.0,1755.659100145223
MeltingPoint,gray_message_bits,88,973.0,1774.3264578629105
MeltingPoint,gray_message_bits,89,1324.0,1837.2947580871717
MeltingPoint,gray_message_bits,90,2023.0,1924.896254479034
MeltingPoint,gray_message_bits,91,1845.0,1861.9279542547727
MeltingPoint,gray_message_bits,92,1408.0,1491.2744719151274
MeltingPoint,gray_message_bits,93,917.0,1554.2427721393888
MeltingPoint,gray_message_bits,94,913.0,1466.6412757475264
MeltingPoint,gray_message_bits,95,1449.0,1403.672975523265
MeltingPoint,gray_message_bits,96,1618.0,1238.3549517518604
MeltingPoint,gray_message_bits,97,1323.0,1301.3232519761216
MeltingPoint,gray_message_bits,98,1173.0,1388.924748367984
MeltingPoint,gray_message_bits,99,1133.0,1325.9564481437228
MeltingPoint,gray_message_bits,100,1800.0,1696.6099304833679
MeltingPoint,gray_message_bits,101,1100.0,1759.5782307076292
MeltingPoint,gray_message_bits,102,1100.0,1671.9767343157669
MeltingPoint,gray_message_bits,103,1900.0,1609.0084340915057
MeltingPoint,gray_golay_bits,1,13.81,909.0187258140984
MeltingPoint,gray_golay_bits,2,0.95,1061.0761347825446
MeltingPoint,gray_golay_bits,3,453.65,1238.191601095892
MeltingPoint,gray_golay_bits,4,1560.0,1341.650887529435
MeltingPoint,gray_golay_bits,5,2348.0,1451.3856304961032
MeltingPoint,gray_golay_bits,6,3823.0,1130.264671975768
MeltingPoint,gray_golay_bits,7,63.15,1313.6159698580996
MeltingPoint,gray_golay_bits,8,54.36,1592.1269362682483
MeltingPoint,gray_golay_bits,9,53.53,1186.8736524394521
MeltingPoint,gray_golay_bits,10,24.56,1582.4200370748986
MeltingPoint,gray_golay_bits,11,370.95,1563.990029263031
MeltingPoint,gray_golay_bits,12,923.0,1032.934871340809
MeltingPoint,gray_golay_bits,13,933.437,1353.7771830745528
MeltingPoint,gray_golay_bits,14,1687.0,948.4260327115048
MeltingPoint,gray_golay_bits,15,317.3,1076.321483319512
MeltingPoint,gray_golay_bits,16,388.36,797.1062406560063
MeltingPoint,gray_golay_bits,17,171.65,1167.9672720727876
MeltingPoint,gray_golay_bits,18,83.8,1161.796487282285
MeltingPoint,gray_golay_bits,19,336.53,840.221171648672
MeltingPoint,gray_golay_bits,20,1115.0,1153.4944620814467
MeltingPoint,gray_golay_bits,21,1814.0,807.5133782771147
MeltingPoint,gray_golay_bits,22,1941.0,653.5937790280508
MeltingPoint,gray_golay_bits,23,2183.0,868.7075995054913
MeltingPoint,gray_golay_bits,24,2180.0,767.1681783669088
MeltingPoint,gray_golay_bits,25,1519.0,926.6539780662572
MeltingPoint,gray_golay_bits,26,1811.0,959.2063319595895
MeltingPoint,gray_golay_bits,27,1768.0,1051.6549943007592
MeltingPoint,gray_golay_bits,28,1728.0,624.971320780865
MeltingPoint,gray_golay_bits,29,1357.77,1001.4736166331569
MeltingPoint,gray_golay_bits,30,692.68,403.702099483859
MeltingPoint,gray_golay_bits,31,302.91,784.0363761051435
MeltingPoint,gray_golay_bits,32,1211.4,1082.616739559759
MeltingPoint,gray_golay_bits,33,1090.0,893.8208024525677
MeltingPoint,gray_golay_bits,34,493.65,1372.089360095109
MeltingPoint,gray_golay_bits,35,265.95,921.3873517444003
MeltingPoint,gray_golay_bits,36,115.79,1736.9312565845462
MeltingPoint,gray_golay_bits,37,312.46,963.3006522677247
MeltingPoint,gray_golay_bits,38,1050.0,894.0932034700124
MeltingPoint,gray_golay_bits,39,1795.0,875.2926241066331
MeltingPoint,gray_golay_bits,40,2128.0,568.6838400578368
MeltingPoint,gray_golay_bits,41,2750.0,1045.159063012489
MeltingPoint,gray_golay_bits,42,2896.0,1027.0528908936078
MeltingPoint,gray_golay_bits,43,2430.0,630.7018481914243
MeltingPoint,gray_golay_bits,44,2607.0,756.5628227352963
MeltingPoint,gray_golay_bits,45,2237.0,439.99479124764434
MeltingPoint,gray_golay_bits,46,1828.05,218.48526920328231
MeltingPoint,gray_golay_bits,47,1234.93,584.854705076192
MeltingPoint,gray_golay_bits,48,594.22,784.3948098356136
MeltingPoint,gray_golay_bits,49,429.75,1037.0908178980153
MeltingPoint,gray_golay_bits,50,505.08,1032.3820141219753
MeltingPoint,gray_golay_bits,51,903.78,833.0154496263598
MeltingPoint,gray_golay_bits,52,722.66,1257.46302732004
MeltingPoint,gray_golay_bits,53,386.85,1418.4373652191466
MeltingPoint,gray_golay_bits,54,161.36,1111.2365218928408
MeltingPoint,gray_golay_bits,55,301.59,1338.0011753275783
MeltingPoint,gray_golay_bits,56,1000.0,1083.0939768691308
MeltingPoint,gray_golay_bits,57,1191.0,1030.79010833952
MeltingPoint,gray_golay_bits,58,1071.0,1012.458061230239
MeltingPoint,gray_golay_bits,59,1204.0,1077.6379344439729
MeltingPoint,gray_golay_bits,60,1294.0,731.8363295711353
MeltingPoint,gray_golay_bits,61,1315.0,622.3990802340335
MeltingPoint,gray_golay_bits,62,1347.0,770.6540329407753
MeltingPoint,gray_golay_bits,63,1095.0,515.6597878927188
MeltingPoint,gray_golay_bits,64,1586.0,860.4746288115715
MeltingPoint,gray_golay_bits,65,1629.0,414.2665020390016
MeltingPoint,gray_golay_bits,66,1685.0,637.6689080946894
MeltingPoint,gray_golay_bits,67,1747.0,613.2841332214443
MeltingPoint,gray_golay_bits,68,1802.0,1020.0946589286395
MeltingPoint,gray_golay_bits,69,1818.0,1058.428646762651
MeltingPoint,gray_golay_bits,70,1092.0,1285.7371304323542
MeltingPoint,gray_golay_bits,71,1936.0,724.8645862872617
MeltingPoint,gray_golay_bits,72,2506.0,1326.0822275639623
MeltingPoint,gray_golay_bits,73,3290.0,713.2122879160646
MeltingPoint,gray_golay_bits,74,3695.0,689.5738676220527
MeltingPoint,gray_golay_bits,75,3459.0,1325.932558323535
MeltingPoint,gray_golay_bits,76,3306.0,261.9316921021381
MeltingPoint,gray_golay_bits,77,2719.0,1017.7141479744068
MeltingPoint,gray_golay_bits,78,2041.55,819.7199841648444
MeltingPoint,gray_golay_bits,79,1337.33,392.004266940026
MeltingPoint,gray_golay_bits,80,234.32,1226.639960100063
MeltingPoint,gray_golay_bits,81,577.0,1041.6680542204795
MeltingPoint,gray_golay_bits,82,600.61,934.6001832963111
MeltingPoint,gray_golay_bits,83,544.55,1309.9197414897922
MeltingPoint,gray_golay_bits,84,527.0,1354.3534156583034
MeltingPoint,gray_golay_bits,85,575.0,1717.7367735029566
MeltingPoint,gray_golay_bits,86,202.0,1614.5749801928034
MeltingPoint,gray_golay_bits,87,300.0,1942.4078944809576
MeltingPoint,gray_golay_bits,88,973.0,1695.321440031623
MeltingPoint,gray_golay_bits,89,1324.0,1990.505091552955
MeltingPoint,gray_golay_bits,90,2023.0,1952.7417975115707
MeltingPoint,gray_golay_bits,91,1845.0,1795.62632631221
MeltingPoint,gray_golay_bits,92,1408.0,1567.7886777013446
MeltingPoint,gray_golay_bits,93,917.0,1536.6882185548952
MeltingPoint,gray_golay_bits,94,913.0,1481.789339615454
MeltingPoint,gray_golay_bits,95,1449.0,1366.1310695201444
MeltingPoint,gray_golay_bits,96,1618.0,1090.7685425178165
MeltingPoint,gray_golay_bits,97,1323.0,1533.5340630434105
MeltingPoint,gray_golay_bits,98,1173.0,1520.9733029847023
MeltingPoint,gray_golay_bits,99,1133.0,1165.870894815727
MeltingPoint,gray_golay_bits,100,1800.0,2057.6947948013158
MeltingPoint,gray_golay_bits,101,1100.0,1467.0555254480935
MeltingPoint,gray_golay_bits,102,1100.0,1668.1461879645678
MeltingPoint,gray_golay_bits,103,1900.0,1600.0476451641998
MeltingPoint,gray_mog_planar,1,13.81,1203.599228934619
MeltingPoint,gray_mog_planar,2,0.95,1360.020891862072
MeltingPoint,gray_mog_planar,3,453.65,1188.0982334547994
MeltingPoint,gray_mog_planar,4,1560.0,946.1252872346284
MeltingPoint,gray_mog_planar,5,2348.0,1443.4324041403963
MeltingPoint,gray_mog_planar,6,3823.0,1287.334520573025
MeltingPoint,gray_mog_planar,7,63.15,1110.9585824011026
MeltingPoint,gray_mog_planar,8,54.36,999.9990979475567
MeltingPoint,gray_mog_planar,9,53.53,1493.0172976924368
MeltingPoint,gray_mog_planar,10,24.56,1682.8120160575872
MeltingPoint,gray_mog_planar,11,370.95,1436.6863204273632
MeltingPoint,gray_mog_planar,12,923.0,1346.7355996977421
MeltingPoint,gray_mog_planar,13,933.437,1650.7012708387667
MeltingPoint,gray_mog_planar,14,1687.0,1410.556387682348
MeltingPoint,gray_mog_planar,15,317.3,1297.0304609357124
MeltingPoint,gray_mog_planar,16,388.36,1171.4988512673494
MeltingPoint,gray_mog_planar,17,171.65,1594.736045625405
MeltingPoint,gray_mog_planar,18,83.8,1542.449163849641
MeltingPoint,gray_mog_planar,19,336.53,1184.0025856175569
MeltingPoint,gray_mog_planar,20,1115.0,1257.1679142855696
MeltingPoint,gray_mog_planar,21,1814.0,-98.05387651059027
MeltingPoint,gray_mog_planar,22,1941.0,755.7445882216613
MeltingPoint,gray_mog_planar,23,2183.0,1226.9748857779605
MeltingPoint,gray_mog_planar,24,2180.0,835.5672081189557
MeltingPoint,gray_mog_planar,25,1519.0,1365.3167575904638
MeltingPoint,gray_mog_planar,26,1811.0,1164.8777786741837
MeltingPoint,gray_mog_planar,27,1768.0,1225.5639236816344
MeltingPoint,gray_mog_planar,28,1728.0,995.0775505730194
MeltingPoint,gray_mog_planar,29,1357.77,1250.0625384667176
MeltingPoint,gray_mog_planar,30,692.68,1023.6727230412666
MeltingPoint,gray_mog_planar,31,302.91,1254.595101132071
MeltingPoint,gray_mog_planar,32,1211.4,1382.2787599161995
MeltingPoint,gray_mog_planar,33,1090.0,935.1767943878585
MeltingPoint,gray_mog_planar,34,493.65,1403.0863541288372
MeltingPoint,gray_mog_planar,35,265.95,1388.6671914020742
MeltingPoint,gray_mog_planar,36,115.79,1230.093779212019
MeltingPoint,gray_mog_planar,37,312.46,1076.0543760242535
MeltingPoint,gray_mog_planar,38,1050.0,1516.2910268903386
MeltingPoint,gray_mog_planar,39,1795.0,806.9989790014047
MeltingPoint,gray_mog_planar,40,2128.0,1037.3988436928416
MeltingPoint,gray_mog_planar,41,2750.0,1264.8081362950645
MeltingPoint,gray_mog_planar,42,2896.0,1652.479565706135
MeltingPoint,gray_mog_planar,43,2430.0,1002.6452807724903
MeltingPoint,gray_mog_planar,44,2607.0,816.4013898640878
MeltingPoint,gray_mog_planar,45,2237.0,1366.1033344352516
MeltingPoint,gray_mog_planar,46,1828.05,873.9070968099218
MeltingPoint,gray_mog_planar,47,1234.93,1408.4614383000956
MeltingPoint,gray_mog_planar,48,594.22,964.8988016766855
MeltingPoint,gray_mog_planar,49,429.75,1218.5309232385225
MeltingPoint,gray_mog_planar,50,505.08,1387.2457476823713
MeltingPoint,gray_mog_planar,51,903.78,1077.558004471648
MeltingPoint,gray_mog_planar,52,722.66,1359.3253658099688
MeltingPoint,gray_mog_planar,53,386.85,1496.7748061469763
MeltingPoint,gray_mog_planar,54,161.36,1633.5890283677213
MeltingPoint,gray_mog_planar,55,301.59,1167.481654177033
MeltingPoint,gray_mog_planar,56,1000.0,681.1644092421703
MeltingPoint,gray_mog_planar,57,1191.0,1367.5427118031055
MeltingPoint,gray_mog_planar,58,1071.0,1375.047262300925
MeltingPoint,gray_mog_planar,59,1204.0,831.6092699450081
MeltingPoint,gray_mog_planar,60,1294.0,711.16603937316
MeltingPoint,gray_mog_planar,61,1315.0,1260.3189946744724
MeltingPoint,gray_mog_planar,62,1347.0,1102.3338027391724
MeltingPoint,gray_mog_planar,63,1095.0,843.2110175011424
MeltingPoint,gray_mog_planar,64,1586.0,1029.7342395030666
MeltingPoint,gray_mog_planar,65,1629.0,976.7511234154127
MeltingPoint,gray_mog_planar,66,1685.0,1083.4705288582968
MeltingPoint,gray_mog_planar,67,1747.0,1082.7464379284422
MeltingPoint,gray_mog_planar,68,1802.0,1188.4426390969738
MeltingPoint,gray_mog_planar,69,1818.0,1030.5021339799882
MeltingPoint,gray_mog_planar,70,1092.0,1144.3054841407047
MeltingPoint,gray_mog_planar,71,1936.0,1017.9297822493477
MeltingPoint,gray_mog_planar,72,2506.0,1191.2609511106173
MeltingPoint,gray_mog_planar,73,3290.0,1047.1529896402733
MeltingPoint,gray_mog_planar,74,3695.0,1362.5211875458874
MeltingPoint,gray_mog_planar,75,3459.0,971.8184915975775
MeltingPoint,gray_mog_planar,76,3306.0,853.6550756323552
MeltingPoint,gray_mog_planar,77,2719.0,1296.7518345899584
MeltingPoint,gray_mog_planar,78,2041.55,1192.339863837773
MeltingPoint,gray_mog_planar,79,1337.33,864.3480066666295
MeltingPoint,gray_mog_planar,80,234.32,884.0952518983722
MeltingPoint,gray_mog_planar,81,577.0,1452.048992726796
MeltingPoint,gray_mog_planar,82,600.61,1189.8959741886163
MeltingPoint,gray_mog_planar,83,544.55,1111.5700923156437
MeltingPoint,gray_mog_planar,84,527.0,887.3904699622975
MeltingPoint,gray_mog_planar,85,575.0,1727.1829075479259
MeltingPoint,gray_mog_planar,86,202.0,1557.8132488312692
MeltingPoint,gray_mog_planar,87,300.0,1559.4672472210932
MeltingPoint,gray_mog_planar,88,973.0,877.5965809063443
MeltingPoint,gray_mog_planar,89,1324.0,1643.8751268144174
MeltingPoint,gray_mog_planar,90,2023.0,1803.642479180508
MeltingPoint,gray_mog_planar,91,1845.0,1244.9924745041023
MeltingPoint,gray_mog_planar,92,1408.0,1290.098947411702
MeltingPoint,gray_mog_planar,93,917.0,1431.021879002973
MeltingPoint,gray_mog_planar,94,913.0,1397.1486111696477
MeltingPoint,gray_mog_planar,95,1449.0,1190.9404612122878
MeltingPoint,gray_mog_planar,96,1618.0,667.8503203650778
MeltingPoint,gray_mog_planar,97,1323.0,1415.3141426377788
MeltingPoint,gray_mog_planar,98,1173.0,1449.2250253833402
MeltingPoint,gray_mog_planar,99,1133.0,1012.5080319938529
MeltingPoint,gray_mog_planar,100,1800.0,1262.5117026631515
MeltingPoint,gray_mog_planar,101,1100.0,1364.7198912610404
MeltingPoint,gray_mog_planar,102,1100.0,1484.8450236656445
MeltingPoint,gray_mog_planar,103,1900.0,1328.5463670116058
MeltingPoint,gray_mog_stacked,1,13.81,1003.6481257079565
MeltingPoint,gray_mog_stacked,2,0.95,1422.1111449509383
MeltingPoint,gray_mog_stacked,3,453.65,1382.0272539520156
MeltingPoint,gray_mog_stacked,4,1560.0,869.8175892871825
MeltingPoint,gray_mog_stacked,5,2348.0,1406.6711077989771
MeltingPoint,gray_mog_stacked,6,3823.0,1276.353894069746
MeltingPoint,gray_mog_stacked,7,63.15,993.0072144046644
MeltingPoint,gray_mog_stacked,8,54.36,889.3251440132315
MeltingPoint,gray_mog_stacked,9,53.53,1453.7766873064445
MeltingPoint,gray_mog_stacked,10,24.56,1697.4816988939908
MeltingPoint,gray_mog_stacked,11,370.95,1315.648543450336
MeltingPoint,gray_mog_stacked,12,923.0,1296.9855984995738
MeltingPoint,gray_mog_stacked,13,933.437,1535.1925231971695
MeltingPoint,gray_mog_stacked,14,1687.0,1214.9789960830822
MeltingPoint,gray_mog_stacked,15,317.3,1208.489339489311
MeltingPoint,gray_mog_stacked,16,388.36,1087.4467696918732
MeltingPoint,gray_mog_stacked,17,171.65,1464.7485940213537
MeltingPoint,gray_mog_stacked,18,83.8,1539.519150971091
MeltingPoint,gray_mog_stacked,19,336.53,1216.2597341816709
MeltingPoint,gray_mog_stacked,20,1115.0,1470.39607567886
MeltingPoint,gray_mog_stacked,21,1814.0,498.12979979025204
MeltingPoint,gray_mog_stacked,22,1941.0,991.0295107277856
MeltingPoint,gray_mog_stacked,23,2183.0,1319.3677522571627
MeltingPoint,gray_mog_stacked,24,2180.0,801.2895234374853
MeltingPoint,gray_mog_stacked,25,1519.0,1233.561188360428
MeltingPoint,gray_mog_stacked,26,1811.0,1300.1247630324472
MeltingPoint,gray_mog_stacked,27,1768.0,1144.3357870616346
MeltingPoint,gray_mog_stacked,28,1728.0,835.1533376690516
MeltingPoint,gray_mog_stacked,29,1357.77,1215.2929128959574
MeltingPoint,gray_mog_stacked,30,692.68,803.1866915136861
MeltingPoint,gray_mog_stacked,31,302.91,1331.8367149795329
MeltingPoint,gray_mog_stacked,32,1211.4,1312.0478757641054
MeltingPoint,gray_mog_stacked,33,1090.0,840.3216595325052
MeltingPoint,gray_mog_stacked,34,493.65,1202.4431132879274
MeltingPoint,gray_mog_stacked,35,265.95,1374.0770303380898
MeltingPoint,gray_mog_stacked,36,115.79,1360.9615107984419
MeltingPoint,gray_mog_stacked,37,312.46,1212.3930727825732
MeltingPoint,gray_mog_stacked,38,1050.0,1539.3170136175613
MeltingPoint,gray_mog_stacked,39,1795.0,1037.9091941556446
MeltingPoint,gray_mog_stacked,40,2128.0,1097.4896098761194
MeltingPoint,gray_mog_stacked,41,2750.0,1143.6153132362824
MeltingPoint,gray_mog_stacked,42,2896.0,1593.9440282312837
MeltingPoint,gray_mog_stacked,43,2430.0,794.643729531439
MeltingPoint,gray_mog_stacked,44,2607.0,598.3074864174212
MeltingPoint,gray_mog_stacked,45,2237.0,1435.8984402118654
MeltingPoint,gray_mog_stacked,46,1828.05,736.608852767192
MeltingPoint,gray_mog_stacked,47,1234.93,1591.6285451325514
MeltingPoint,gray_mog_stacked,48,594.22,1094.400065083257
MeltingPoint,gray_mog_stacked,49,429.75,1428.6671706582392
MeltingPoint,gray_mog_stacked,50,505.08,1596.71823241103
MeltingPoint,gray_mog_stacked,51,903.78,1044.1998973148734
MeltingPoint,gray_mog_stacked,52,722.66,1298.815044507023
MeltingPoint,gray_mog_stacked,53,386.85,1427.5258226055666
MeltingPoint,gray_mog_stacked,54,161.36,1636.9006685644244
MeltingPoint,gray_mog_stacked,55,301.59,1414.9086100993745
MeltingPoint,gray_mog_stacked,56,1000.0,769.8043657396294
MeltingPoint,gray_mog_stacked,57,1191.0,1591.963699633813
MeltingPoint,gray_mog_stacked,58,1071.0,1182.8187090087677
MeltingPoint,gray_mog_stacked,59,1204.0,1274.4845393801393
MeltingPoint,gray_mog_stacked,60,1294.0,591.1296593424303
MeltingPoint,gray_mog_stacked,61,1315.0,1282.4442127519567
MeltingPoint,gray_mog_stacked,62,1347.0,1406.7570217558591
MeltingPoint,gray_mog_stacked,63,1095.0,1001.1510722432865
MeltingPoint,gray_mog_stacked,64,1586.0,897.2302792702887
MeltingPoint,gray_mog_stacked,65,1629.0,1289.6194360756958
MeltingPoint,gray_mog_stacked,66,1685.0,1021.879580631
MeltingPoint,gray_mog_stacked,67,1747.0,765.396872432957
MeltingPoint,gray_mog_stacked,68,1802.0,1069.2652975541357
MeltingPoint,gray_mog_stacked,69,1818.0,1061.5234632758643
MeltingPoint,gray_mog_stacked,70,1092.0,893.3151041756053
MeltingPoint,gray_mog_stacked,71,1936.0,1277.7434554320525
MeltingPoint,gray_mog_stacked,72,2506.0,1419.66509219275
MeltingPoint,gray_mog_stacked,73,3290.0,1109.4586479244037
MeltingPoint,gray_mog_stacked,74,3695.0,1272.1341400660376
MeltingPoint,gray_mog_stacked,75,3459.0,891.0011468471305
MeltingPoint,gray_mog_stacked,76,3306.0,680.1281029926845
MeltingPoint,gray_mog_stacked,77,2719.0,855.5877714392175
MeltingPoint,gray_mog_stacked,78,2041.55,1269.6796560999155
MeltingPoint,gray_mog_stacked,79,1337.33,749.2256798692631
MeltingPoint,gray_mog_stacked,80,234.32,1242.774290803327
MeltingPoint,gray_mog_stacked,81,577.0,2068.7146487643695
MeltingPoint,gray_mog_stacked,82,600.61,1370.6882513767553
MeltingPoint,gray_mog_stacked,83,544.55,894.9822177576792
MeltingPoint,gray_mog_stacked,84,527.0,713.942201162795
MeltingPoint,gray_mog_stacked,85,575.0,1942.389463689223
MeltingPoint,gray_mog_stacked,86,202.0,1469.7219433463774
MeltingPoint,gray_mog_stacked,87,300.0,1526.955918378314
MeltingPoint,gray_mog_stacked,88,973.0,935.1617476241277
MeltingPoint,gray_mog_stacked,89,1324.0,1559.122642533208
MeltingPoint,gray_mog_stacked,90,2023.0,1654.932645483516
MeltingPoint,gray_mog_stacked,91,1845.0,1279.3679102990961
MeltingPoint,gray_mog_stacked,92,1408.0,1185.3453932186267
MeltingPoint,gray_mog_stacked,93,917.0,1339.4831954529827
MeltingPoint,gray_mog_stacked,94,913.0,1375.3032139019729
MeltingPoint,gray_mog_stacked,95,1449.0,1068.5474830971232
MeltingPoint,gray_mog_stacked,96,1618.0,708.7650230946759
MeltingPoint,gray_mog_stacked,97,1323.0,1409.8516095323776
MeltingPoint,gray_mog_stacked,98,1173.0,1527.339163126122
MeltingPoint,gray_mog_stacked,99,1133.0,932.4397467266872
MeltingPoint,gray_mog_stacked,100,1800.0,1260.9640471905793
MeltingPoint,gray_mog_stacked,101,1100.0,1536.1468235743853
MeltingPoint,gray_mog_stacked,102,1100.0,1463.5056631672794
MeltingPoint,gray_mog_stacked,103,1900.0,1227.8669013020294
MeltingPoint,gray_mog_cylinder,1,13.81,1147.421959672316
MeltingPoint,gray_mog_cylinder,2,0.95,1357.7740322375746
MeltingPoint,gray_mog_cylinder,3,453.65,1227.9825398826652
MeltingPoint,gray_mog_cylinder,4,1560.0,946.8031972553371
MeltingPoint,gray_mog_cylinder,5,2348.0,1438.4285318488544
MeltingPoint,gray_mog_cylinder,6,3823.0,1177.9769449781895
MeltingPoint,gray_mog_cylinder,7,63.15,1031.4155997598552
MeltingPoint,gray_mog_cylinder,8,54.36,990.0256127062781
MeltingPoint,gray_mog_cylinder,9,53.53,1463.5756594464872
MeltingPoint,gray_mog_cylinder,10,24.56,1721.4328116521485
MeltingPoint,gray_mog_cylinder,11,370.95,1456.467961901214
MeltingPoint,gray_mog_cylinder,12,923.0,1212.252157189631
MeltingPoint,gray_mog_cylinder,13,933.437,1598.2759168777106
MeltingPoint,gray_mog_cylinder,14,1687.0,1314.5421944713435
MeltingPoint,gray_mog_cylinder,15,317.3,1412.6783901672022
MeltingPoint,gray_mog_cylinder,16,388.36,1149.5872601365697
MeltingPoint,gray_mog_cylinder,17,171.65,1515.6655848875157
MeltingPoint,gray_mog_cylinder,18,83.8,1643.2574091026468
MeltingPoint,gray_mog_cylinder,19,336.53,1153.6161933857456
MeltingPoint,gray_mog_cylinder,20,1115.0,1466.3806351085059
MeltingPoint,gray_mog_cylinder,21,1814.0,563.3725145521616
MeltingPoint,gray_mog_cylinder,22,1941.0,882.5573769230168
MeltingPoint,gray_mog_cylinder,23,2183.0,1362.8601076427806
MeltingPoint,gray_mog_cylinder,24,2180.0,779.3680962831447
MeltingPoint,gray_mog_cylinder,25,1519.0,1173.0416288632234
MeltingPoint,gray_mog_cylinder,26,1811.0,1174.2914046334358
MeltingPoint,gray_mog_cylinder,27,1768.0,1207.1937415741509
MeltingPoint,gray_mog_cylinder,28,1728.0,850.8208736346658
MeltingPoint,gray_mog_cylinder,29,1357.77,1167.8480425134794
MeltingPoint,gray_mog_cylinder,30,692.68,781.0122005885555
MeltingPoint,gray_mog_cylinder,31,302.91,1337.8206056577349
MeltingPoint,gray_mog_cylinder,32,1211.4,1331.0457093021628
MeltingPoint,gray_mog_cylinder,33,1090.0,855.5470543232111
MeltingPoint,gray_mog_cylinder,34,493.65,1270.4588725961526
MeltingPoint,gray_mog_cylinder,35,265.95,1325.2718941362393
MeltingPoint,gray_mog_cylinder,36,115.79,1365.706641490033
MeltingPoint,gray_mog_cylinder,37,312.46,1195.1354889321512
MeltingPoint,gray_mog_cylinder,38,1050.0,1509.2266097899483
MeltingPoint,gray_mog_cylinder,39,1795.0,844.311618922792
MeltingPoint,gray_mog_cylinder,40,2128.0,1052.7942892575493
MeltingPoint,gray_mog_cylinder,41,2750.0,1234.1776111158872
MeltingPoint,gray_mog_cylinder,42,2896.0,1638.3884199544668
MeltingPoint,gray_mog_cylinder,43,2430.0,1025.275249233781
MeltingPoint,gray_mog_cylinder,44,2607.0,734.7735651396519
MeltingPoint,gray_mog_cylinder,45,2237.0,1218.3920871707255
MeltingPoint,gray_mog_cylinder,46,1828.05,867.8608557646758
MeltingPoint,gray_mog_cylinder,47,1234.93,1424.5080539765104
MeltingPoint,gray_mog_cylinder,48,594.22,975.3047229896835
MeltingPoint,gray_mog_cylinder,49,429.75,1266.5884342312468
MeltingPoint,gray_mog_cylinder,50,505.08,1446.4156464624118
MeltingPoint,gray_mog_cylinder,51,903.78,956.032812290845
MeltingPoint,gray_mog_cylinder,52,722.66,1430.124585491916
MeltingPoint,gray_mog_cylinder,53,386.85,1459.932202064775
MeltingPoint,gray_mog_cylinder,54,161.36,1647.7447147625621
MeltingPoint,gray_mog_cylinder,55,301.59,1409.7355089025755
MeltingPoint,gray_mog_cylinder,56,1000.0,619.0440470077615
MeltingPoint,gray_mog_cylinder,57,1191.0,1279.9751324756087
MeltingPoint,gray_mog_cylinder,58,1071.0,1419.9421898958733
MeltingPoint,gray_mog_cylinder,59,1204.0,1126.079934057468
MeltingPoint,gray_mog_cylinder,60,1294.0,425.1330435526861
MeltingPoint,gray_mog_cylinder,61,1315.0,1271.7101664992128
MeltingPoint,gray_mog_cylinder,62,1347.0,974.1965398621951
MeltingPoint,gray_mog_cylinder,63,1095.0,1063.797696721351
MeltingPoint,gray_mog_cylinder,64,1586.0,934.0373202943838
MeltingPoint,gray_mog_cylinder,65,1629.0,826.3463434687483
MeltingPoint,gray_mog_cylinder,66,1685.0,1014.133044041677
MeltingPoint,gray_mog_cylinder,67,1747.0,1292.7880291468196
MeltingPoint,gray_mog_cylinder,68,1802.0,1092.0002471368457
MeltingPoint,gray_mog_cylinder,69,1818.0,1067.5919332171977
MeltingPoint,gray_mog_cylinder,70,1092.0,1064.6929379571532
MeltingPoint,gray_mog_cylinder,71,1936.0,1140.0646948215717
MeltingPoint,gray_mog_cylinder,72,2506.0,1129.2899836487632
MeltingPoint,gray_mog_cylinder,73,3290.0,1024.3304755724616
MeltingPoint,gray_mog_cylinder,74,3695.0,1310.735559446652
MeltingPoint,gray_mog_cylinder,75,3459.0,1002.1923872636834
MeltingPoint,gray_mog_cylinder,76,3306.0,849.9200390381495
MeltingPoint,gray_mog_cylinder,77,2719.0,1172.2841556499732
MeltingPoint,gray_mog_cylinder,78,2041.55,1135.344898604422
MeltingPoint,gray_mog_cylinder,79,1337.33,836.2798520363026
MeltingPoint,gray_mog_cylinder,80,234.32,915.5743142169036
MeltingPoint,gray_mog_cylinder,81,577.0,1866.8951997200402
MeltingPoint,gray_mog_cylinder,82,600.61,1316.3448453159463
MeltingPoint,gray_mog_cylinder,83,544.55,1169.0327734642494
MeltingPoint,gray_mog_cylinder,84,527.0,855.6575617489675
MeltingPoint,gray_mog_cylinder,85,575.0,1812.0646273411294
MeltingPoint,gray_mog_cylinder,86,202.0,1657.5127467598693
MeltingPoint,gray_mog_cylinder,87,300.0,1631.811735704177
MeltingPoint,gray_mog_cylinder,88,973.0,917.3735701359449
MeltingPoint,gray_mog_cylinder,89,1324.0,1648.9260089076067
MeltingPoint,gray_mog_cylinder,90,2023.0,1705.3667730577645
MeltingPoint,gray_mog_cylinder,91,1845.0,1213.356582822367
MeltingPoint,gray_mog_cylinder,92,1408.0,1288.8379463602673
MeltingPoint,gray_mog_cylinder,93,917.0,1305.8516605040802
MeltingPoint,gray_mog_cylinder,94,913.0,1301.428619431992
MeltingPoint,gray_mog_cylinder,95,1449.0,1247.3482569341204
MeltingPoint,gray_mog_cylinder,96,1618.0,363.67703094993874
MeltingPoint,gray_mog_cylinder,97,1323.0,1401.2821249313108
MeltingPoint,gray_mog_cylinder,98,1173.0,1417.1115147232426
MeltingPoint,gray_mog_cylinder,99,1133.0,1066.6564069233218
MeltingPoint,gray_mog_cylinder,100,1800.0,1357.61029179635
MeltingPoint,gray_mog_cylinder,101,1100.0,1339.619703844434
MeltingPoint,gray_mog_cylinder,102,1100.0,1352.157374363263
MeltingPoint,gray_mog_cylinder,103,1900.0,1228.680793163847
MeltingPoint,gray_mog_sphere,1,13.81,1141.867301027677
MeltingPoint,gray_mog_sphere,2,0.95,1916.5749215268052
MeltingPoint,gray_mog_sphere,3,453.65,1450.5726986503905
MeltingPoint,gray_mog_sphere,4,1560.0,1020.186706762441
MeltingPoint,gray_mog_sphere,5,2348.0,1731.5061555840891
MeltingPoint,gray_mog_sphere,6,3823.0,1208.561606687231
MeltingPoint,gray_mog_sphere,7,63.15,1075.6992855083483
MeltingPoint,gray_mog_sphere,8,54.36,1492.9523460627977
MeltingPoint,gray_mog_sphere,9,53.53,1299.5472434905585
MeltingPoint,gray_mog_sphere,10,24.56,1708.494997551657
MeltingPoint,gray_mog_sphere,11,370.95,1384.5369204485671
MeltingPoint,gray_mog_sphere,12,923.0,1282.6975233685512
MeltingPoint,gray_mog_sphere,13,933.437,1595.8673429984758
MeltingPoint,gray_mog_sphere,14,1687.0,1364.9187837781876
MeltingPoint,gray_mog_sphere,15,317.3,1218.997649516297
MeltingPoint,gray_mog_sphere,16,388.36,876.8802274453384
MeltingPoint,gray_mog_sphere,17,171.65,1588.7698095201702
MeltingPoint,gray_mog_sphere,18,83.8,1380.4939578581493
MeltingPoint,gray_mog_sphere,19,336.53,1248.834688265101
MeltingPoint,gray_mog_sphere,20,1115.0,1458.5021274602677
MeltingPoint,gray_mog_sphere,21,1814.0,827.2558989277156
MeltingPoint,gray_mog_sphere,22,1941.0,827.7429930461188
MeltingPoint,gray_mog_sphere,23,2183.0,1390.565040353191
MeltingPoint,gray_mog_sphere,24,2180.0,951.4136866676333
MeltingPoint,gray_mog_sphere,25,1519.0,925.8887144842729
MeltingPoint,gray_mog_sphere,26,1811.0,1079.0331297392268
MeltingPoint,gray_mog_sphere,27,1768.0,1010.5122555243729
MeltingPoint,gray_mog_sphere,28,1728.0,765.0114012736461
MeltingPoint,gray_mog_sphere,29,1357.77,1041.4767860231016
MeltingPoint,gray_mog_sphere,30,692.68,892.9832917754209
MeltingPoint,gray_mog_sphere,31,302.91,986.869712765023
MeltingPoint,gray_mog_sphere,32,1211.4,964.4689052627532
MeltingPoint,gray_mog_sphere,33,1090.0,919.8063670123722
MeltingPoint,gray_mog_sphere,34,493.65,989.3135798728206
MeltingPoint,gray_mog_sphere,35,265.95,1296.602705583356
MeltingPoint,gray_mog_sphere,36,115.79,1309.3404039374686
MeltingPoint,gray_mog_sphere,37,312.46,942.2585926100273
MeltingPoint,gray_mog_sphere,38,1050.0,1322.007989776074
MeltingPoint,gray_mog_sphere,39,1795.0,907.028466471007
MeltingPoint,gray_mog_sphere,40,2128.0,1034.4800306601205
MeltingPoint,gray_mog_sphere,41,2750.0,1097.6101802673948
MeltingPoint,gray_mog_sphere,42,2896.0,1686.969167618665
MeltingPoint,gray_mog_sphere,43,2430.0,759.5490498785125
MeltingPoint,gray_mog_sphere,44,2607.0,964.322521532177
MeltingPoint,gray_mog_sphere,45,2237.0,991.6396112920481
MeltingPoint,gray_mog_sphere,46,1828.05,702.7440172513869
MeltingPoint,gray_mog_sphere,47,1234.93,1261.0765790660053
MeltingPoint,gray_mog_sphere,48,594.22,765.3690046988434
MeltingPoint,gray_mog_sphere,49,429.75,1553.7521877948968
MeltingPoint,gray_mog_sphere,50,505.08,1212.9619792683338
MeltingPoint,gray_mog_sphere,51,903.78,1250.1174939113755
MeltingPoint,gray_mog_sphere,52,722.66,1399.3227569873115
MeltingPoint,gray_mog_sphere,53,386.85,1415.0461313211777
MeltingPoint,gray_mog_sphere,54,161.36,1590.9872036915647
MeltingPoint,gray_mog_sphere,55,301.59,1499.6451687216295
MeltingPoint,gray_mog_sphere,56,1000.0,948.929120234857
MeltingPoint,gray_mog_sphere,57,1191.0,1044.481243707549
MeltingPoint,gray_mog_sphere,58,1071.0,1417.8219684269557
MeltingPoint,gray_mog_sphere,59,1204.0,470.77154675926374
MeltingPoint,gray_mog_sphere,60,1294.0,820.4949017483349
MeltingPoint,gray_mog_sphere,61,1315.0,924.6757684072203
MeltingPoint,gray_mog_sphere,62,1347.0,926.2459863799036
MeltingPoint,gray_mog_sphere,63,1095.0,766.2818859938104
MeltingPoint,gray_mog_sphere,64,1586.0,1275.31293602378
MeltingPoint,gray_mog_sphere,65,1629.0,724.7372031013908
MeltingPoint,gray_mog_sphere,66,1685.0,1191.1940027756268
MeltingPoint,gray_mog_sphere,67,1747.0,881.4131438256292
MeltingPoint,gray_mog_sphere,68,1802.0,1251.0905887976744
MeltingPoint,gray_mog_sphere,69,1818.0,1133.1960657770264
MeltingPoint,gray_mog_sphere,70,1092.0,1207.1623074659776
MeltingPoint,gray_mog_sphere,71,1936.0,1130.110308848812
MeltingPoint,gray_mog_sphere,72,2506.0,1437.590937573128
MeltingPoint,gray_mog_sphere,73,3290.0,1122.7628930814058
MeltingPoint,gray_mog_sphere,74,3695.0,1197.2271719885637
MeltingPoint,gray_mog_sphere,75,3459.0,1407.1532531594116
MeltingPoint,gray_mog_sphere,76,3306.0,817.8436113484101
MeltingPoint,gray_mog_sphere,77,2719.0,1709.6858437881065
MeltingPoint,gray_mog_sphere,78,2041.55,1491.7779666264096
MeltingPoint,gray_mog_sphere,79,1337.33,974.3227202917135
MeltingPoint,gray_mog_sphere,80,234.32,1490.3973775480035
MeltingPoint,gray_mog_sphere,81,577.0,1225.4975148869366
MeltingPoint,gray_mog_sphere,82,600.61,1361.1751338966142
MeltingPoint,gray_mog_sphere,83,544.55,1286.80366333742
MeltingPoint,gray_mog_sphere,84,527.0,937.2259371315363
MeltingPoint,gray_mog_sphere,85,575.0,1895.0392087666044
MeltingPoint,gray_mog_sphere,86,202.0,1777.1237677201839
MeltingPoint,gray_mog_sphere,87,300.0,1589.5341049780745
MeltingPoint,gray_mog_sphere,88,973.0,867.6704524216914
MeltingPoint,gray_mog_sphere,89,1324.0,1743.4861062367527
MeltingPoint,gray_mog_sphere,90,2023.0,1635.7562531595725
MeltingPoint,gray_mog_sphere,91,1845.0,1284.5668977705723
MeltingPoint,gray_mog_sphere,92,1408.0,1315.6593062575275
MeltingPoint,gray_mog_sphere,93,917.0,1327.1133189611626
MeltingPoint,gray_mog_sphere,94,913.0,1262.3046442797367
MeltingPoint,gray_mog_sphere,95,1449.0,1281.010931738687
MeltingPoint,gray_mog_sphere,96,1618.0,1005.0968524637581
MeltingPoint,gray_mog_sphere,97,1323.0,1430.8480466782244
MeltingPoint,gray_mog_sphere,98,1173.0,1816.0039469351968
MeltingPoint,gray_mog_sphere,99,1133.0,922.4809625344235
MeltingPoint,gray_mog_sphere,100,1800.0,1561.4314961832938
MeltingPoint,gray_mog_sphere,101,1100.0,1284.1572082679186
MeltingPoint,gray_mog_sphere,102,1100.0,1411.708906380832
MeltingPoint,gray_mog_sphere,103,1900.0,1356.6213719788034
MeltingPoint,random_00,1,13.81,1062.831346293477
MeltingPoint,random_00,2,0.95,1539.6608604725761
MeltingPoint,random_00,3,453.65,1295.806235728269
MeltingPoint,random_00,4,1560.0,1644.810024233042
MeltingPoint,random_00,5,2348.0,1084.5698862364447
MeltingPoint,random_00,6,3823.0,1408.6506351622222
MeltingPoint,random_00,7,63.15,1143.1892954361133
MeltingPoint,random_00,8,54.36,1081.5318768234233
MeltingPoint,random_00,9,53.53,1784.1363977696742
MeltingPoint,random_00,10,24.56,1355.2448694036018
MeltingPoint,random_00,11,370.95,1857.8782481732994
MeltingPoint,random_00,12,923.0,1911.9933353490965
MeltingPoint,random_00,13,933.437,1540.2606229468488
MeltingPoint,random_00,14,1687.0,2222.4003858808605
MeltingPoint,random_00,15,317.3,1415.5841035980807
MeltingPoint,random_00,16,388.36,897.7157834156925
MeltingPoint,random_00,17,171.65,1062.5363514021647
MeltingPoint,random_00,18,83.8,1098.228468964244
MeltingPoint,random_00,19,336.53,562.5450579383806
MeltingPoint,random_00,20,1115.0,698.7752549561405
MeltingPoint,random_00,21,1814.0,961.6603166581428
MeltingPoint,random_00,22,1941.0,753.6799698047708
MeltingPoint,random_00,23,2183.0,1220.1867128390484
MeltingPoint,random_00,24,2180.0,551.6150743251076
MeltingPoint,random_00,25,1519.0,803.5929311219675
MeltingPoint,random_00,26,1811.0,945.8369397785173
MeltingPoint,random_00,27,1768.0,1140.4754543058627
MeltingPoint,random_00,28,1728.0,595.2319935198045
MeltingPoint,random_00,29,1357.77,1809.7452448612835
MeltingPoint,random_00,30,692.68,617.9834022892695
MeltingPoint,random_00,31,302.91,1525.0977412660172
MeltingPoint,random_00,32,1211.4,1094.4974426167628
MeltingPoint,random_00,33,1090.0,916.29481741964
MeltingPoint,random_00,34,493.65,1561.2016262700388
MeltingPoint,random_00,35,265.95,819.5696793962009
MeltingPoint,random_00,36,115.79,1151.0074133957955
MeltingPoint,random_00,37,312.46,1721.7174751658083
MeltingPoint,random_00,38,1050.0,1106.5883161242075
MeltingPoint,random_00,39,1795.0,1467.3448793802895
MeltingPoint,random_00,40,2128.0,1667.9729785492532
MeltingPoint,random_00,41,2750.0,940.8918240630439
MeltingPoint,random_00,42,2896.0,1494.4766761903138
MeltingPoint,random_00,43,2430.0,1085.720340183055
MeltingPoint,random_00,44,2607.0,1634.7585720114569
MeltingPoint,random_00,45,2237.0,1437.6670081279663
MeltingPoint,random_00,46,1828.05,1914.121734621519
MeltingPoint,random_00,47,1234.93,1408.7420860017203
MeltingPoint,random_00,48,594.22,603.2349382246183
MeltingPoint,random_00,49,429.75,1077.0341245356244
MeltingPoint,random_00,50,505.08,637.0078702633789
MeltingPoint,random_00,51,903.78,1079.7063982832321
MeltingPoint,random_00,52,722.66,987.7677625186085
MeltingPoint,random_00,53,386.85,1069.7850159581344
MeltingPoint,random_00,54,161.36,1031.4846980593393
MeltingPoint,random_00,55,301.59,1225.7741589140253
MeltingPoint,random_00,56,1000.0,1077.5594268611135
MeltingPoint,random_00,57,1191.0,1501.7710630277666
MeltingPoint,random_00,58,1071.0,1011.9049874062805
MeltingPoint,random_00,59,1204.0,1637.9715740750123
MeltingPoint,random_00,60,1294.0,1810.1411429635168
MeltingPoint,random_00,61,1315.0,1234.1926086816425
MeltingPoint,random_00,62,1347.0,1843.883612035504
MeltingPoint,random_00,63,1095.0,1363.2849699487247
MeltingPoint,random_00,64,1586.0,351.40083425033333
MeltingPoint,random_00,65,1629.0,998.9945055026349
MeltingPoint,random_00,66,1685.0,632.3625484795298
MeltingPoint,random_00,67,1747.0,888.2992605291888
MeltingPoint,random_00,68,1802.0,1068.5753319615233
MeltingPoint,random_00,69,1818.0,620.4912804730981
MeltingPoint,random_00,70,1092.0,1228.829602832661
MeltingPoint,random_00,71,1936.0,934.4052564823586
MeltingPoint,random_00,72,2506.0,1008.3268682410105
MeltingPoint,random_00,73,3290.0,1099.2817654740454
MeltingPoint,random_00,74,3695.0,1129.496875038714
MeltingPoint,random_00,75,3459.0,1321.8925412156086
MeltingPoint,random_00,76,3306.0,1504.7368890988432
MeltingPoint,random_00,77,2719.0,1298.7496579844988
MeltingPoint,random_00,78,2041.55,1477.3743117696029
MeltingPoint,random_00,79,1337.33,1271.6058416003173
MeltingPoint,random_00,80,234.32,905.9399329855273
MeltingPoint,random_00,81,577.0,664.4426074271469
MeltingPoint,random_00,82,600.61,1109.7182674225462
MeltingPoint,random_00,83,544.55,689.5557431648889
MeltingPoint,random_00,84,527.0,818.0739671058566
MeltingPoint,random_00,85,575.0,1228.0786736710622
MeltingPoint,random_00,86,202.0,606.5239366442922
MeltingPoint,random_00,87,300.0,1434.7097399034303
MeltingPoint,random_00,88,973.0,1777.313422711969
MeltingPoint,random_00,89,1324.0,874.1151441195153
MeltingPoint,random_00,90,2023.0,1766.514784425057
MeltingPoint,random_00,91,1845.0,991.7328912968784
MeltingPoint,random_00,92,1408.0,1471.93908716126
MeltingPoint,random_00,93,917.0,1460.9114227727566
MeltingPoint,random_00,94,913.0,1680.400800363285
MeltingPoint,random_00,95,1449.0,1491.1969735454827
MeltingPoint,random_00,96,1618.0,1095.8886023235818
MeltingPoint,random_00,97,1323.0,1221.79021075675
MeltingPoint,random_00,98,1173.0,1444.5599643762118
MeltingPoint,random_00,99,1133.0,875.774484574401
MeltingPoint,random_00,100,1800.0,939.0696930721529
MeltingPoint,random_00,101,1100.0,1800.3938864992456
MeltingPoint,random_00,102,1100.0,1376.0641769652348
MeltingPoint,random_00,103,1900.0,1694.1724374777612
MeltingPoint,random_01,1,13.81,1512.3582921618317
MeltingPoint,random_01,2,0.95,1455.2241585002564
MeltingPoint,random_01,3,453.65,877.7050418504901
MeltingPoint,random_01,4,1560.0,1400.0917439242485
MeltingPoint,random_01,5,2348.0,1108.6086246508328
MeltingPoint,random_01,6,3823.0,1355.3837984086142
MeltingPoint,random_01,7,63.15,1168.686119086761
MeltingPoint,random_01,8,54.36,1495.825731733362
MeltingPoint,random_01,9,53.53,1193.3486864267875
MeltingPoint,random_01,10,24.56,1401.0238664496446
MeltingPoint,random_01,11,370.95,1454.0047041353203
MeltingPoint,random_01,12,923.0,1631.2057900450845
MeltingPoint,random_01,13,933.437,1666.3322224260528
MeltingPoint,random_01,14,1687.0,1217.1838391211381
MeltingPoint,random_01,15,317.3,2083.6959357519363
MeltingPoint,random_01,16,388.36,1162.5837290058596
MeltingPoint,random_01,17,171.65,859.1799292449634
MeltingPoint,random_01,18,83.8,552.8825857065245
MeltingPoint,random_01,19,336.53,1134.5279723936992
MeltingPoint,random_01,20,1115.0,1093.6928855151295
MeltingPoint,random_01,21,1814.0,715.3019721614841
MeltingPoint,random_01,22,1941.0,875.0982348576742
MeltingPoint,random_01,23,2183.0,1000.833341913128
MeltingPoint,random_01,24,2180.0,645.5350479868235
MeltingPoint,random_01,25,1519.0,1595.489842981005
MeltingPoint,random_01,26,1811.0,1154.8223968152763
MeltingPoint,random_01,27,1768.0,859.6672290504268
MeltingPoint,random_01,28,1728.0,764.8819593687907
MeltingPoint,random_01,29,1357.77,1771.1441555194128
MeltingPoint,random_01,30,692.68,1300.7889347041987
MeltingPoint,random_01,31,302.91,1127.1115735870717
MeltingPoint,random_01,32,1211.4,1070.5413215160356
MeltingPoint,random_01,33,1090.0,1840.8906062046228
MeltingPoint,random_01,34,493.65,1121.8017873511621
MeltingPoint,random_01,35,265.95,1385.8947044649358
MeltingPoint,random_01,36,115.79,1345.198673808304
MeltingPoint,random_01,37,312.46,1466.7972932698133
MeltingPoint,random_01,38,1050.0,1879.0420388308135
MeltingPoint,random_01,39,1795.0,1150.318157386184
MeltingPoint,random_01,40,2128.0,1492.6840742419374
MeltingPoint,random_01,41,2750.0,1232.0342146554067
MeltingPoint,random_01,42,2896.0,1205.5835677487162
MeltingPoint,random_01,43,2430.0,1242.0475349529033
MeltingPoint,random_01,44,2607.0,1363.371048810669
MeltingPoint,random_01,45,2237.0,1382.8304158413944
MeltingPoint,random_01,46,1828.05,1652.6940135782747
MeltingPoint,random_01,47,1234.93,1232.0946944762425
MeltingPoint,random_01,48,594.22,937.8705872596283
MeltingPoint,random_01,49,429.75,1101.6590588966897
MeltingPoint,random_01,50,505.08,833.1066790797596
MeltingPoint,random_01,51,903.78,1219.9579646505347
MeltingPoint,random_01,52,722.66,867.1982748201087
MeltingPoint,random_01,53,386.85,1413.5637830412716
MeltingPoint,random_01,54,161.36,754.5626781223691
MeltingPoint,random_01,55,301.59,1434.3972006404433
MeltingPoint,random_01,56,1000.0,994.6397027980133
MeltingPoint,random_01,57,1191.0,1417.5542179263016
MeltingPoint,random_01,58,1071.0,938.1861802382115
MeltingPoint,random_01,59,1204.0,1287.2267259280602
MeltingPoint,random_01,60,1294.0,1149.2654224761347
MeltingPoint,random_01,61,1315.0,1551.1164905789378
MeltingPoint,random_01,62,1347.0,1620.7843642735756
MeltingPoint,random_01,63,1095.0,1649.0143706894264
MeltingPoint,random_01,64,1586.0,882.2695031646069
MeltingPoint,random_01,65,1629.0,776.2576622350447
MeltingPoint,random_01,66,1685.0,1050.193763315936
MeltingPoint,random_01,67,1747.0,937.2803374219387
MeltingPoint,random_01,68,1802.0,750.8667696337858
MeltingPoint,random_01,69,1818.0,1025.0066711935528
MeltingPoint,random_01,70,1092.0,1177.6226374519758
MeltingPoint,random_01,71,1936.0,1315.0034976549796
MeltingPoint,random_01,72,2506.0,791.6635369049627
MeltingPoint,random_01,73,3290.0,1239.8208315535496
MeltingPoint,random_01,74,3695.0,1185.4184121301955
MeltingPoint,random_01,75,3459.0,1088.078199547346
MeltingPoint,random_01,76,3306.0,1151.328953602848
MeltingPoint,random_01,77,2719.0,1492.2679141679002
MeltingPoint,random_01,78,2041.55,1239.5285059936532
MeltingPoint,random_01,79,1337.33,1384.5568973357929
MeltingPoint,random_01,80,234.32,643.7259773611379
MeltingPoint,random_01,81,577.0,616.3802597480964
MeltingPoint,random_01,82,600.61,1178.6970311231835
MeltingPoint,random_01,83,544.55,748.0149217389716
MeltingPoint,random_01,84,527.0,1102.0473728559446
MeltingPoint,random_01,85,575.0,711.266038690763
MeltingPoint,random_01,86,202.0,1175.8214447513958
MeltingPoint,random_01,87,300.0,1206.477768961227
MeltingPoint,random_01,88,973.0,1279.8232764471907
MeltingPoint,random_01,89,1324.0,1243.0804989358899
MeltingPoint,random_01,90,2023.0,976.4957066154333
MeltingPoint,random_01,91,1845.0,1195.6109768796914
MeltingPoint,random_01,92,1408.0,1746.7764868307327
MeltingPoint,random_01,93,917.0,1052.0004815441878
MeltingPoint,random_01,94,913.0,1636.5758070681047
MeltingPoint,random_01,95,1449.0,1294.5406804100835
MeltingPoint,random_01,96,1618.0,1260.699863079492
MeltingPoint,random_01,97,1323.0,1573.2874645017632
MeltingPoint,random_01,98,1173.0,1096.9969479516094
MeltingPoint,random_01,99,1133.0,1613.8906364671248
MeltingPoint,random_01,100,1800.0,1741.818983909298
MeltingPoint,random_01,101,1100.0,1412.5709909847924
MeltingPoint,random_01,102,1100.0,1227.867242032229
MeltingPoint,random_01,103,1900.0,1447.3521774828998
MeltingPoint,random_02,1,13.81,1261.8943255260374
MeltingPoint,random_02,2,0.95,1600.2570712196034
MeltingPoint,random_02,3,453.65,1174.969862772672
MeltingPoint,random_02,4,1560.0,1057.496786461126
MeltingPoint,random_02,5,2348.0,805.7107686968359
MeltingPoint,random_02,6,3823.0,743.9205541497754
MeltingPoint,random_02,7,63.15,668.4814369384994
MeltingPoint,random_02,8,54.36,1654.3930040319951
MeltingPoint,random_02,9,53.53,2041.687410089108
MeltingPoint,random_02,10,24.56,1280.3763814824931
MeltingPoint,random_02,11,370.95,1809.9895096423757
MeltingPoint,random_02,12,923.0,1666.6080237594613
MeltingPoint,random_02,13,933.437,1218.6522044649057
MeltingPoint,random_02,14,1687.0,2285.780757220685
MeltingPoint,random_02,15,317.3,1155.442931646622
MeltingPoint,random_02,16,388.36,1154.4726767980287
MeltingPoint,random_02,17,171.65,803.868530739576
MeltingPoint,random_02,18,83.8,1286.5502676623114
MeltingPoint,random_02,19,336.53,194.54597655949533
MeltingPoint,random_02,20,1115.0,872.5388958652152
MeltingPoint,random_02,21,1814.0,65.59907225046004
MeltingPoint,random_02,22,1941.0,164.92301648538682
MeltingPoint,random_02,23,2183.0,784.0278560512702
MeltingPoint,random_02,24,2180.0,799.488412368097
MeltingPoint,random_02,25,1519.0,954.3532131287477
MeltingPoint,random_02,26,1811.0,1531.9858030353134
MeltingPoint,random_02,27,1768.0,421.48440108187935
MeltingPoint,random_02,28,1728.0,878.575856988652
MeltingPoint,random_02,29,1357.77,1033.7754819067084
MeltingPoint,random_02,30,692.68,822.6566209537432
MeltingPoint,random_02,31,302.91,624.0453371507336
MeltingPoint,random_02,32,1211.4,1370.7807534744722
MeltingPoint,random_02,33,1090.0,1182.2693375028484
MeltingPoint,random_02,34,493.65,1599.4741523505536
MeltingPoint,random_02,35,265.95,641.5808381561656
MeltingPoint,random_02,36,115.79,1453.6304251394401
MeltingPoint,random_02,37,312.46,935.7626238603436
MeltingPoint,random_02,38,1050.0,984.970099177001
MeltingPoint,random_02,39,1795.0,1064.6089475408278
MeltingPoint,random_02,40,2128.0,1431.1298505123048
MeltingPoint,random_02,41,2750.0,998.1884734005708
MeltingPoint,random_02,42,2896.0,1527.6333069731602
MeltingPoint,random_02,43,2430.0,1147.851575740841
MeltingPoint,random_02,44,2607.0,1197.2858557310851
MeltingPoint,random_02,45,2237.0,1565.629010166583
MeltingPoint,random_02,46,1828.05,1005.5824092839562
MeltingPoint,random_02,47,1234.93,1298.2447419804362
MeltingPoint,random_02,48,594.22,909.5214858133124
MeltingPoint,random_02,49,429.75,666.8965062111407
MeltingPoint,random_02,50,505.08,879.6315624665967
MeltingPoint,random_02,51,903.78,714.0898044042414
MeltingPoint,random_02,52,722.66,1168.2208528373983
MeltingPoint,random_02,53,386.85,623.3851923688079
MeltingPoint,random_02,54,161.36,1070.4726469730374
MeltingPoint,random_02,55,301.59,648.5647124348556
MeltingPoint,random_02,56,1000.0,1391.5913861169533
MeltingPoint,random_02,57,1191.0,963.7902595909874
MeltingPoint,random_02,58,1071.0,863.5893750038764
MeltingPoint,random_02,59,1204.0,1259.448828013834
MeltingPoint,random_02,60,1294.0,1274.6467130331212
MeltingPoint,random_02,61,1315.0,936.1744881760682
MeltingPoint,random_02,62,1347.0,1346.7102215475825
MeltingPoint,random_02,63,1095.0,1149.4455952259982
MeltingPoint,random_02,64,1586.0,1166.1798650214128
MeltingPoint,random_02,65,1629.0,1539.4123024228625
MeltingPoint,random_02,66,1685.0,1410.3246021648774
MeltingPoint,random_02,67,1747.0,986.6994487737547
MeltingPoint,random_02,68,1802.0,1392.8574062586022
MeltingPoint,random_02,69,1818.0,979.4605880547119
MeltingPoint,random_02,70,1092.0,1504.7926523818019
MeltingPoint,random_02,71,1936.0,1088.927508015216
MeltingPoint,random_02,72,2506.0,1295.318999899018
MeltingPoint,random_02,73,3290.0,1375.2027967485994
MeltingPoint,random_02,74,3695.0,1455.169082416263
MeltingPoint,random_02,75,3459.0,1471.3572107988202
MeltingPoint,random_02,76,3306.0,1514.4213936790331
MeltingPoint,random_02,77,2719.0,1241.0671165533142
MeltingPoint,random_02,78,2041.55,1448.4214099990365
MeltingPoint,random_02,79,1337.33,1210.6145111556336
MeltingPoint,random_02,80,234.32,1105.1469859864208
MeltingPoint,random_02,81,577.0,841.7059591247537
MeltingPoint,random_02,82,600.61,1081.8698758563764
MeltingPoint,random_02,83,544.55,1113.856662014035
MeltingPoint,random_02,84,527.0,1063.733605294522
MeltingPoint,random_02,85,575.0,1241.3307788854504
MeltingPoint,random_02,86,202.0,1060.8757346636917
MeltingPoint,random_02,87,300.0,1073.064401930335
MeltingPoint,random_02,88,973.0,1887.3171529541366
MeltingPoint,random_02,89,1324.0,1360.5695875544634
MeltingPoint,random_02,90,2023.0,1615.4869927142638
MeltingPoint,random_02,91,1845.0,1188.7677310834106
MeltingPoint,random_02,92,1408.0,923.3744782916394
MeltingPoint,random_02,93,917.0,1910.0390487319355
MeltingPoint,random_02,94,913.0,1381.185382157154
MeltingPoint,random_02,95,1449.0,1669.9765860958626
MeltingPoint,random_02,96,1618.0,2269.84346392282
MeltingPoint,random_02,97,1323.0,925.6071693845723
MeltingPoint,random_02,98,1173.0,1954.3368005412021
MeltingPoint,random_02,99,1133.0,1380.9725039950326
MeltingPoint,random_02,100,1800.0,1489.268575521422
MeltingPoint,random_02,101,1100.0,1796.588454859446
MeltingPoint,random_02,102,1100.0,1275.6028445120576
MeltingPoint,random_02,103,1900.0,1647.3658215263106
MeltingPoint,random_03,1,13.81,1456.459390272911
MeltingPoint,random_03,2,0.95,1329.4897645171623
MeltingPoint,random_03,3,453.65,1428.5789687829897
MeltingPoint,random_03,4,1560.0,1006.6883314878853
MeltingPoint,random_03,5,2348.0,2130.3936860659514
MeltingPoint,random_03,6,3823.0,1280.8781461070926
MeltingPoint,random_03,7,63.15,779.4771080584023
MeltingPoint,random_03,8,54.36,2233.3355196092825
MeltingPoint,random_03,9,53.53,1499.172486396264
MeltingPoint,random_03,10,24.56,1150.793864185645
MeltingPoint,random_03,11,370.95,1551.21952478346
MeltingPoint,random_03,12,923.0,1464.713449441208
MeltingPoint,random_03,13,933.437,1536.4964394870615
MeltingPoint,random_03,14,1687.0,965.928636631273
MeltingPoint,random_03,15,317.3,1990.2368810966823
MeltingPoint,random_03,16,388.36,1624.4928932161274
MeltingPoint,random_03,17,171.65,1137.9679102940597
MeltingPoint,random_03,18,83.8,527.4221149481057
MeltingPoint,random_03,19,336.53,1222.1445214544392
MeltingPoint,random_03,20,1115.0,1118.5629415752035
MeltingPoint,random_03,21,1814.0,678.714104036183
MeltingPoint,random_03,22,1941.0,502.59561793719183
MeltingPoint,random_03,23,2183.0,1318.2141525433985
MeltingPoint,random_03,24,2180.0,444.98838041240913
MeltingPoint,random_03,25,1519.0,1824.2773052795142
MeltingPoint,random_03,26,1811.0,1192.7729385878483
MeltingPoint,random_03,27,1768.0,701.2100317843478
MeltingPoint,random_03,28,1728.0,716.2061165411494
MeltingPoint,random_03,29,1357.77,1708.916704624436
MeltingPoint,random_03,30,692.68,773.7529465182674
MeltingPoint,random_03,31,302.91,802.104378740572
MeltingPoint,random_03,32,1211.4,1447.016652499212
MeltingPoint,random_03,33,1090.0,1615.7826083248278
MeltingPoint,random_03,34,493.65,1056.78570660781
MeltingPoint,random_03,35,265.95,1076.9212292823847
MeltingPoint,random_03,36,115.79,1122.4945551028236
MeltingPoint,random_03,37,312.46,1289.9057861647716
MeltingPoint,random_03,38,1050.0,1286.4421421157772
MeltingPoint,random_03,39,1795.0,1018.8874856625739
MeltingPoint,random_03,40,2128.0,1207.2858727353873
MeltingPoint,random_03,41,2750.0,1307.0238534845128
MeltingPoint,random_03,42,2896.0,1225.6131224677158
MeltingPoint,random_03,43,2430.0,1303.4959022213652
MeltingPoint,random_03,44,2607.0,1643.6000135749853
MeltingPoint,random_03,45,2237.0,1476.6383534842935
MeltingPoint,random_03,46,1828.05,1043.484268733117
MeltingPoint,random_03,47,1234.93,990.1084602792384
MeltingPoint,random_03,48,594.22,1120.4332022667356
MeltingPoint,random_03,49,429.75,1046.7917108540173
MeltingPoint,random_03,50,505.08,857.9102826688905
MeltingPoint,random_03,51,903.78,1166.86310003951
MeltingPoint,random_03,52,722.66,992.9541770902197
MeltingPoint,random_03,53,386.85,1641.2387765417293
MeltingPoint,random_03,54,161.36,912.7699118539026
MeltingPoint,random_03,55,301.59,1095.2240588698228
MeltingPoint,random_03,56,1000.0,1201.5789463327403
MeltingPoint,random_03,57,1191.0,1392.5074957332522
MeltingPoint,random_03,58,1071.0,889.4265810166785
MeltingPoint,random_03,59,1204.0,1069.4429862197583
MeltingPoint,random_03,60,1294.0,1201.1045262962882
MeltingPoint,random_03,61,1315.0,1232.715632556052
MeltingPoint,random_03,62,1347.0,1235.7931816869984
MeltingPoint,random_03,63,1095.0,1277.8530677777824
MeltingPoint,random_03,64,1586.0,1226.932707007314
MeltingPoint,random_03,65,1629.0,1296.5242233225424
MeltingPoint,random_03,66,1685.0,899.3536581839982
MeltingPoint,random_03,67,1747.0,966.7298092183547
MeltingPoint,random_03,68,1802.0,1066.8367875889778
MeltingPoint,random_03,69,1818.0,1209.8188223161499
MeltingPoint,random_03,70,1092.0,1145.2449340839803
MeltingPoint,random_03,71,1936.0,1311.4657996411245
MeltingPoint,random_03,72,2506.0,909.7880184591726
MeltingPoint,random_03,73,3290.0,1398.2051364583283
MeltingPoint,random_03,74,3695.0,1342.7471583220586
MeltingPoint,random_03,75,3459.0,1121.7571319734625
MeltingPoint,random_03,76,3306.0,1423.5840602642738
MeltingPoint,random_03,77,2719.0,1523.263325056114
MeltingPoint,random_03,78,2041.55,1138.0257223903511
MeltingPoint,random_03,79,1337.33,1110.4182218960912
MeltingPoint,random_03,80,234.32,842.2158133748411
MeltingPoint,random_03,81,577.0,1160.7908545244723
MeltingPoint,random_03,82,600.61,1124.9221666337546
MeltingPoint,random_03,83,544.55,987.493587121503
MeltingPoint,random_03,84,527.0,1090.2862295205243
MeltingPoint,random_03,85,575.0,1461.0427459153952
MeltingPoint,random_03,86,202.0,955.5503849017903
MeltingPoint,random_03,87,300.0,1207.3319742899575
MeltingPoint,random_03,88,973.0,1234.917077795939
MeltingPoint,random_03,89,1324.0,1864.6670821221092
MeltingPoint,random_03,90,2023.0,906.9461641745982
MeltingPoint,random_03,91,1845.0,1230.6693003438486
MeltingPoint,random_03,92,1408.0,1594.9422429102874
MeltingPoint,random_03,93,917.0,1098.50318721745
MeltingPoint,random_03,94,913.0,1426.6914586286541
MeltingPoint,random_03,95,1449.0,1465.446399782184
MeltingPoint,random_03,96,1618.0,1223.2341225318914
MeltingPoint,random_03,97,1323.0,1291.384221769661
MeltingPoint,random_03,98,1173.0,919.0912322894698
MeltingPoint,random_03,99,1133.0,1902.685113057676
MeltingPoint,random_03,100,1800.0,1804.3435318488866
MeltingPoint,random_03,101,1100.0,1381.396510256045
MeltingPoint,random_03,102,1100.0,988.5952507844793
MeltingPoint,random_03,103,1900.0,1314.114960396664
MeltingPoint,random_04,1,13.81,1482.6521848146872
MeltingPoint,random_04,2,0.95,1661.7048565335065
MeltingPoint,random_04,3,453.65,1017.7195955826082
MeltingPoint,random_04,4,1560.0,1314.14353886336
MeltingPoint,random_04,5,2348.0,1078.1075842358969
MeltingPoint,random_04,6,3823.0,1108.0049422766435
MeltingPoint,random_04,7,63.15,1578.569889938533
MeltingPoint,random_04,8,54.36,1328.713991299124
MeltingPoint,random_04,9,53.53,1594.7709021656028
MeltingPoint,random_04,10,24.56,1557.923230326755
MeltingPoint,random_04,11,370.95,1869.6492225087663
MeltingPoint,random_04,12,923.0,1329.3329535087937
MeltingPoint,random_04,13,933.437,2147.817899465772
MeltingPoint,random_04,14,1687.0,1955.660842226613
MeltingPoint,random_04,15,317.3,1388.0944551775692
MeltingPoint,random_04,16,388.36,645.2282362665642
MeltingPoint,random_04,17,171.65,1267.0640766948484
MeltingPoint,random_04,18,83.8,1471.032114770746
MeltingPoint,random_04,19,336.53,627.3159117349317
MeltingPoint,random_04,20,1115.0,1232.7351168701857
MeltingPoint,random_04,21,1814.0,938.2291040816905
MeltingPoint,random_04,22,1941.0,874.7590432201835
MeltingPoint,random_04,23,2183.0,879.2852343579843
MeltingPoint,random_04,24,2180.0,1349.8927301111385
MeltingPoint,random_04,25,1519.0,1308.7285317398648
MeltingPoint,random_04,26,1811.0,1218.3485678844957
MeltingPoint,random_04,27,1768.0,879.3970520396431
MeltingPoint,random_04,28,1728.0,1012.453660664203
MeltingPoint,random_04,29,1357.77,1412.5137307852835
MeltingPoint,random_04,30,692.68,1242.2757852016555
MeltingPoint,random_04,31,302.91,2048.5480431985943
MeltingPoint,random_04,32,1211.4,1115.4733273307747
MeltingPoint,random_04,33,1090.0,1090.494604340528
MeltingPoint,random_04,34,493.65,1502.7887432497084
MeltingPoint,random_04,35,265.95,1100.2850743120293
MeltingPoint,random_04,36,115.79,1479.6783102524541
MeltingPoint,random_04,37,312.46,1420.4583960368004
MeltingPoint,random_04,38,1050.0,845.6166015583688
MeltingPoint,random_04,39,1795.0,1608.7899682254267
MeltingPoint,random_04,40,2128.0,1003.5885249978408
MeltingPoint,random_04,41,2750.0,923.3791143750417
MeltingPoint,random_04,42,2896.0,1116.2960893339052
MeltingPoint,random_04,43,2430.0,1178.981273514334
MeltingPoint,random_04,44,2607.0,1288.0193965709595
MeltingPoint,random_04,45,2237.0,1283.2727004164635
MeltingPoint,random_04,46,1828.05,1182.2509614706362
MeltingPoint,random_04,47,1234.93,1478.2772826212258
MeltingPoint,random_04,48,594.22,998.9523572578432
MeltingPoint,random_04,49,429.75,1022.4181711607918
MeltingPoint,random_04,50,505.08,998.988748295676
MeltingPoint,random_04,51,903.78,1299.2130036610865
MeltingPoint,random_04,52,722.66,1326.9863586917302
MeltingPoint,random_04,53,386.85,886.9896303165958
MeltingPoint,random_04,54,161.36,1384.0355569704675
MeltingPoint,random_04,55,301.59,1417.6811646027745
MeltingPoint,random_04,56,1000.0,1166.441261730693
MeltingPoint,random_04,57,1191.0,1285.1840344367051
MeltingPoint,random_04,58,1071.0,910.647504461237
MeltingPoint,random_04,59,1204.0,1572.688601813435
MeltingPoint,random_04,60,1294.0,1803.4001350240396
MeltingPoint,random_04,61,1315.0,1135.15172209766
MeltingPoint,random_04,62,1347.0,1602.2668673422088
MeltingPoint,random_04,63,1095.0,1593.5710469447044
MeltingPoint,random_04,64,1586.0,428.89189450192293
MeltingPoint,random_04,65,1629.0,1054.8893863024311
MeltingPoint,random_04,66,1685.0,662.2633487409078
MeltingPoint,random_04,67,1747.0,812.5022793010696
MeltingPoint,random_04,68,1802.0,894.6498150689049
MeltingPoint,random_04,69,1818.0,1140.1276351174238
MeltingPoint,random_04,70,1092.0,1240.1745298949027
MeltingPoint,random_04,71,1936.0,923.0359242721413
MeltingPoint,random_04,72,2506.0,691.4182850268288
MeltingPoint,random_04,73,3290.0,1014.411292199602
MeltingPoint,random_04,74,3695.0,681.935038070433
MeltingPoint,random_04,75,3459.0,1145.1272221402667
MeltingPoint,random_04,76,3306.0,1303.6380742830743
MeltingPoint,random_04,77,2719.0,1191.9676938151633
MeltingPoint,random_04,78,2041.55,1350.2511682165455
MeltingPoint,random_04,79,1337.33,1119.443978520734
MeltingPoint,random_04,80,234.32,951.6477638333586
MeltingPoint,random_04,81,577.0,231.1492867772031
MeltingPoint,random_04,82,600.61,898.2188303649998
MeltingPoint,random_04,83,544.55,623.8832277208606
MeltingPoint,random_04,84,527.0,782.2691707931799
MeltingPoint,random_04,85,575.0,1206.0288721449795
MeltingPoint,random_04,86,202.0,933.0382146212842
MeltingPoint,random_04,87,300.0,1344.6933386416663
MeltingPoint,random_04,88,973.0,1226.389039253438
MeltingPoint,random_04,89,1324.0,996.0875241860656
MeltingPoint,random_04,90,2023.0,1221.303206425297
MeltingPoint,random_04,91,1845.0,1330.4269127366426
MeltingPoint,random_04,92,1408.0,945.1516729865507
MeltingPoint,random_04,93,917.0,1854.6863615575435
MeltingPoint,random_04,94,913.0,1579.7878876411323
MeltingPoint,random_04,95,1449.0,1076.604266580645
MeltingPoint,random_04,96,1618.0,1315.44779501242
MeltingPoint,random_04,97,1323.0,915.4406820862481
MeltingPoint,random_04,98,1173.0,1189.592649593152
MeltingPoint,random_04,99,1133.0,1100.149924305354
MeltingPoint,random_04,100,1800.0,1178.5819062295986
MeltingPoint,random_04,101,1100.0,1103.6951535650387
MeltingPoint,random_04,102,1100.0,1379.1415358878726
MeltingPoint,random_04,103,1900.0,1413.3236408853757
MeltingPoint,random_05,1,13.81,1450.1015295127304
MeltingPoint,random_05,2,0.95,1302.2210023623866
MeltingPoint,random_05,3,453.65,1225.6588788941408
MeltingPoint,random_05,4,1560.0,2133.51664531245
MeltingPoint,random_05,5,2348.0,226.86694019320407
MeltingPoint,random_05,6,3823.0,1068.3533413980008
MeltingPoint,random_05,7,63.15,726.1979148288812
MeltingPoint,random_05,8,54.36,1953.9557960471516
MeltingPoint,random_05,9,53.53,2097.966906107978
MeltingPoint,random_05,10,24.56,1617.0498538988509
MeltingPoint,random_05,11,370.95,1561.9752350447166
MeltingPoint,random_05,12,923.0,1747.4530293376038
MeltingPoint,random_05,13,933.437,1541.04694658412
MeltingPoint,random_05,14,1687.0,1628.9646104389699
MeltingPoint,random_05,15,317.3,1448.7536329543848
MeltingPoint,random_05,16,388.36,1339.0072586427093
MeltingPoint,random_05,17,171.65,1332.8934457709056
MeltingPoint,random_05,18,83.8,1221.5645760153714
MeltingPoint,random_05,19,336.53,465.91954319996773
MeltingPoint,random_05,20,1115.0,1089.7426485292087
MeltingPoint,random_05,21,1814.0,724.771207077338
MeltingPoint,random_05,22,1941.0,323.63625591712866
MeltingPoint,random_05,23,2183.0,1288.6847013739514
MeltingPoint,random_05,24,2180.0,1437.6932528703658
MeltingPoint,random_05,25,1519.0,1257.533367059943
MeltingPoint,random_05,26,1811.0,1399.5671000168147
MeltingPoint,random_05,27,1768.0,1099.051192319928
MeltingPoint,random_05,28,1728.0,1219.2015037995232
MeltingPoint,random_05,29,1357.77,1640.196249264376
MeltingPoint,random_05,30,692.68,875.9553704877904
MeltingPoint,random_05,31,302.91,1520.780641114173
MeltingPoint,random_05,32,1211.4,1438.3196023737921
MeltingPoint,random_05,33,1090.0,1183.7804376435283
MeltingPoint,random_05,34,493.65,1584.9789698411248
MeltingPoint,random_05,35,265.95,491.71695738997687
MeltingPoint,random_05,36,115.79,1080.3951131092708
MeltingPoint,random_05,37,312.46,874.1898954096453
MeltingPoint,random_05,38,1050.0,746.5753653119525
MeltingPoint,random_05,39,1795.0,1048.4849672985406
MeltingPoint,random_05,40,2128.0,1512.726071846582
MeltingPoint,random_05,41,2750.0,1173.1642699487452
MeltingPoint,random_05,42,2896.0,1464.781564868118
MeltingPoint,random_05,43,2430.0,1051.5459031362234
MeltingPoint,random_05,44,2607.0,1487.0764324286868
MeltingPoint,random_05,45,2237.0,1222.2870947537053
MeltingPoint,random_05,46,1828.05,1065.6703436599194
MeltingPoint,random_05,47,1234.93,1073.3108371809867
MeltingPoint,random_05,48,594.22,893.6193723778374
MeltingPoint,random_05,49,429.75,1108.6812881110054
MeltingPoint,random_05,50,505.08,925.2198857992821
MeltingPoint,random_05,51,903.78,849.4365042141994
MeltingPoint,random_05,52,722.66,1169.900807570884
MeltingPoint,random_05,53,386.85,907.1281315297412
MeltingPoint,random_05,54,161.36,638.2380657227454
MeltingPoint,random_05,55,301.59,1169.9966497617763
MeltingPoint,random_05,56,1000.0,1295.575635230547
MeltingPoint,random_05,57,1191.0,1503.621159917603
MeltingPoint,random_05,58,1071.0,837.9849416910838
MeltingPoint,random_05,59,1204.0,1579.834573005246
MeltingPoint,random_05,60,1294.0,1398.411269531735
MeltingPoint,random_05,61,1315.0,1072.44638743006
MeltingPoint,random_05,62,1347.0,1561.6349849715061
MeltingPoint,random_05,63,1095.0,1136.9337255122896
MeltingPoint,random_05,64,1586.0,931.8973304510437
MeltingPoint,random_05,65,1629.0,1422.8441267763149
MeltingPoint,random_05,66,1685.0,1080.268505244448
MeltingPoint,random_05,67,1747.0,946.7404518911842
MeltingPoint,random_05,68,1802.0,1112.2450334459095
MeltingPoint,random_05,69,1818.0,1030.8031498055193
MeltingPoint,random_05,70,1092.0,1137.0859889270162
MeltingPoint,random_05,71,1936.0,1133.8538407132683
MeltingPoint,random_05,72,2506.0,1023.5998976316736
MeltingPoint,random_05,73,3290.0,1414.7868565081098
MeltingPoint,random_05,74,3695.0,1084.0054098877592
MeltingPoint,random_05,75,3459.0,1500.3879189858505
MeltingPoint,random_05,76,3306.0,1383.3019284804982
MeltingPoint,random_05,77,2719.0,1323.6451383757228
MeltingPoint,random_05,78,2041.55,1374.5296279808965
MeltingPoint,random_05,79,1337.33,892.6391037567766
MeltingPoint,random_05,80,234.32,1357.4801405908288
MeltingPoint,random_05,81,577.0,790.3462499122198
MeltingPoint,random_05,82,600.61,1555.6819846915912
MeltingPoint,random_05,83,544.55,756.0417990137842
MeltingPoint,random_05,84,527.0,1118.0161041438714
MeltingPoint,random_05,85,575.0,1328.5250373423928
MeltingPoint,random_05,86,202.0,907.8049266720583
MeltingPoint,random_05,87,300.0,1020.6312279476388
MeltingPoint,random_05,88,973.0,2257.733439886033
MeltingPoint,random_05,89,1324.0,1332.251457007078
MeltingPoint,random_05,90,2023.0,1234.7144876143366
MeltingPoint,random_05,91,1845.0,1393.0083402969897
MeltingPoint,random_05,92,1408.0,1484.7264238647451
MeltingPoint,random_05,93,917.0,1536.4825006205972
MeltingPoint,random_05,94,913.0,1890.1403841092451
MeltingPoint,random_05,95,1449.0,1207.1245955489223
MeltingPoint,random_05,96,1618.0,1219.3493619569015
MeltingPoint,random_05,97,1323.0,1225.012450094592
MeltingPoint,random_05,98,1173.0,1361.5195973486764
MeltingPoint,random_05,99,1133.0,1251.2125056141726
MeltingPoint,random_05,100,1800.0,1290.753669779939
MeltingPoint,random_05,101,1100.0,1629.0279597624353
MeltingPoint,random_05,102,1100.0,1145.9966574525085
MeltingPoint,random_05,103,1900.0,837.5910515078556
MeltingPoint,random_06,1,13.81,1256.3917424364495
MeltingPoint,random_06,2,0.95,1241.9824320314078
MeltingPoint,random_06,3,453.65,1311.2032764625299
MeltingPoint,random_06,4,1560.0,1411.8033118437043
MeltingPoint,random_06,5,2348.0,1207.0388031958928
MeltingPoint,random_06,6,3823.0,889.8678439867418
MeltingPoint,random_06,7,63.15,1272.7880370006524
MeltingPoint,random_06,8,54.36,1891.8351547764717
MeltingPoint,random_06,9,53.53,1160.7031126523514
MeltingPoint,random_06,10,24.56,1175.0873403738021
MeltingPoint,random_06,11,370.95,1486.7175325160044
MeltingPoint,random_06,12,923.0,1561.83483577398
MeltingPoint,random_06,13,933.437,1693.3432418443701
MeltingPoint,random_06,14,1687.0,1559.1236712023554
MeltingPoint,random_06,15,317.3,1147.726948527849
MeltingPoint,random_06,16,388.36,1206.061508666829
MeltingPoint,random_06,17,171.65,1436.9197578149897
MeltingPoint,random_06,18,83.8,1427.0583028243457
MeltingPoint,random_06,19,336.53,348.1230857838864
MeltingPoint,random_06,20,1115.0,959.9063578387543
MeltingPoint,random_06,21,1814.0,1059.4826883036317
MeltingPoint,random_06,22,1941.0,411.6700781032346
MeltingPoint,random_06,23,2183.0,974.3013579219416
MeltingPoint,random_06,24,2180.0,1646.7725238708765
MeltingPoint,random_06,25,1519.0,188.25394325267985
MeltingPoint,random_06,26,1811.0,1011.5930509399027
MeltingPoint,random_06,27,1768.0,897.2915341013747
MeltingPoint,random_06,28,1728.0,1189.7868477415338
MeltingPoint,random_06,29,1357.77,1261.0981428739296
MeltingPoint,random_06,30,692.68,962.7785329137326
MeltingPoint,random_06,31,302.91,1176.1268763895093
MeltingPoint,random_06,32,1211.4,1367.1860986715096
MeltingPoint,random_06,33,1090.0,1130.3313023719575
MeltingPoint,random_06,34,493.65,1560.5777435359191
MeltingPoint,random_06,35,265.95,792.5866762955274
MeltingPoint,random_06,36,115.79,1384.4128295240064
MeltingPoint,random_06,37,312.46,1548.8122893006184
MeltingPoint,random_06,38,1050.0,678.581520858225
MeltingPoint,random_06,39,1795.0,1431.1775895037656
MeltingPoint,random_06,40,2128.0,1466.5020346099525
MeltingPoint,random_06,41,2750.0,1238.010229127095
MeltingPoint,random_06,42,2896.0,1085.9912884139833
MeltingPoint,random_06,43,2430.0,1254.9380736620167
MeltingPoint,random_06,44,2607.0,1276.7245501234984
MeltingPoint,random_06,45,2237.0,1400.2746170857768
MeltingPoint,random_06,46,1828.05,1032.5214095539282
MeltingPoint,random_06,47,1234.93,1252.3424832855694
MeltingPoint,random_06,48,594.22,1250.4041207752368
MeltingPoint,random_06,49,429.75,1069.1974965314057
MeltingPoint,random_06,50,505.08,833.3977344481814
MeltingPoint,random_06,51,903.78,1278.962073516545
MeltingPoint,random_06,52,722.66,1345.692613450772
MeltingPoint,random_06,53,386.85,1029.0231166333124
MeltingPoint,random_06,54,161.36,1121.3171964305425
MeltingPoint,random_06,55,301.59,1064.5486587453556
MeltingPoint,random_06,56,1000.0,1284.8871824120993
MeltingPoint,random_06,57,1191.0,1336.9240636306347
MeltingPoint,random_06,58,1071.0,782.4571440537815
MeltingPoint,random_06,59,1204.0,1659.0948757221768
MeltingPoint,random_06,60,1294.0,1404.7305499795764
MeltingPoint,random_06,61,1315.0,1041.9948595119647
MeltingPoint,random_06,62,1347.0,1518.7615243251473
MeltingPoint,random_06,63,1095.0,1209.0965174058056
MeltingPoint,random_06,64,1586.0,828.6561636480766
MeltingPoint,random_06,65,1629.0,1434.2286317708767
MeltingPoint,random_06,66,1685.0,1264.5467888125104
MeltingPoint,random_06,67,1747.0,1049.013379884046
MeltingPoint,random_06,68,1802.0,1480.2140706384725
MeltingPoint,random_06,69,1818.0,983.2652190113524
MeltingPoint,random_06,70,1092.0,1312.5226826503033
MeltingPoint,random_06,71,1936.0,1024.7086206386678
MeltingPoint,random_06,72,2506.0,1364.1956038290518
MeltingPoint,random_06,73,3290.0,1314.3247117128972
MeltingPoint,random_06,74,3695.0,1115.4358436597458
MeltingPoint,random_06,75,3459.0,1446.8210635735065
MeltingPoint,random_06,76,3306.0,1357.6686253332457
MeltingPoint,random_06,77,2719.0,1224.5537779188942
MeltingPoint,random_06,78,2041.55,1423.5991661175783
MeltingPoint,random_06,79,1337.33,1110.5689929450898
MeltingPoint,random_06,80,234.32,1350.4228179126358
MeltingPoint,random_06,81,577.0,892.4608019183547
MeltingPoint,random_06,82,600.61,1518.0615107020215
MeltingPoint,random_06,83,544.55,972.4215377189813
MeltingPoint,random_06,84,527.0,1057.1007050029978
MeltingPoint,random_06,85,575.0,1366.0802125561663
MeltingPoint,random_06,86,202.0,964.1490612064558
MeltingPoint,random_06,87,300.0,1305.5361886783394
MeltingPoint,random_06,88,973.0,1873.7632289465157
MeltingPoint,random_06,89,1324.0,1154.9584485481414
MeltingPoint,random_06,90,2023.0,1348.1238682415265
MeltingPoint,random_06,91,1845.0,1243.920435502069
MeltingPoint,random_06,92,1408.0,1020.5244500703636
MeltingPoint,random_06,93,917.0,1912.54524610687
MeltingPoint,random_06,94,913.0,1526.8992489357256
MeltingPoint,random_06,95,1449.0,1206.8468315587602
MeltingPoint,random_06,96,1618.0,1779.640167462907
MeltingPoint,random_06,97,1323.0,1510.79940780445
MeltingPoint,random_06,98,1173.0,1825.1854579847795
MeltingPoint,random_06,99,1133.0,1204.683054440209
MeltingPoint,random_06,100,1800.0,1584.1283920729618
MeltingPoint,random_06,101,1100.0,1744.241855935748
MeltingPoint,random_06,102,1100.0,1430.2968359564918
MeltingPoint,random_06,103,1900.0,1602.324493020862
MeltingPoint,random_07,1,13.81,1728.6834689664006
MeltingPoint,random_07,2,0.95,1572.294190121495
MeltingPoint,random_07,3,453.65,1339.5478656394826
MeltingPoint,random_07,4,1560.0,1417.2862077293246
MeltingPoint,random_07,5,2348.0,649.9820403159828
MeltingPoint,random_07,6,3823.0,972.5718172476502
MeltingPoint,random_07,7,63.15,1076.4736720447634
MeltingPoint,random_07,8,54.36,1251.1644461440346
MeltingPoint,random_07,9,53.53,1920.9515178144927
MeltingPoint,random_07,10,24.56,1736.8705186878292
MeltingPoint,random_07,11,370.95,2202.7175473618413
MeltingPoint,random_07,12,923.0,1617.230397025115
MeltingPoint,random_07,13,933.437,1826.1834987186312
MeltingPoint,random_07,14,1687.0,1106.7790004302365
MeltingPoint,random_07,15,317.3,1500.2441388643424
MeltingPoint,random_07,16,388.36,1383.8853305542377
MeltingPoint,random_07,17,171.65,862.8286397272825
MeltingPoint,random_07,18,83.8,972.3615653943243
MeltingPoint,random_07,19,336.53,701.5088480461262
MeltingPoint,random_07,20,1115.0,1231.6766283485424
MeltingPoint,random_07,21,1814.0,766.0100799620745
MeltingPoint,random_07,22,1941.0,1093.7794131092635
MeltingPoint,random_07,23,2183.0,472.95075546269993
MeltingPoint,random_07,24,2180.0,1668.0325023542841
MeltingPoint,random_07,25,1519.0,1157.7897308112815
MeltingPoint,random_07,26,1811.0,1217.0095711616473
MeltingPoint,random_07,27,1768.0,1190.5168653037267
MeltingPoint,random_07,28,1728.0,807.6994322563811
MeltingPoint,random_07,29,1357.77,1449.5799803053103
MeltingPoint,random_07,30,692.68,1271.3058561585044
MeltingPoint,random_07,31,302.91,987.743082063351
MeltingPoint,random_07,32,1211.4,1376.7680308997221
MeltingPoint,random_07,33,1090.0,1245.0267416688368
MeltingPoint,random_07,34,493.65,1299.3336496389913
MeltingPoint,random_07,35,265.95,1299.0081744659353
MeltingPoint,random_07,36,115.79,917.4696188378116
MeltingPoint,random_07,37,312.46,1351.315533911588
MeltingPoint,random_07,38,1050.0,384.43381068501253
MeltingPoint,random_07,39,1795.0,1170.669164525949
MeltingPoint,random_07,40,2128.0,1643.7871492557433
MeltingPoint,random_07,41,2750.0,1308.3301098129268
MeltingPoint,random_07,42,2896.0,1213.7795306220391
MeltingPoint,random_07,43,2430.0,1689.928509893743
MeltingPoint,random_07,44,2607.0,971.6667236027768
MeltingPoint,random_07,45,2237.0,1465.6965849970638
MeltingPoint,random_07,46,1828.05,1360.516577958385
MeltingPoint,random_07,47,1234.93,1165.9825620547479
MeltingPoint,random_07,48,594.22,1099.3544979917415
MeltingPoint,random_07,49,429.75,1168.0321817124704
MeltingPoint,random_07,50,505.08,1036.4047574454194
MeltingPoint,random_07,51,903.78,990.2940645789633
MeltingPoint,random_07,52,722.66,979.2103697277048
MeltingPoint,random_07,53,386.85,-182.6766697345697
MeltingPoint,random_07,54,161.36,1058.169476954286
MeltingPoint,random_07,55,301.59,1380.326165616385
MeltingPoint,random_07,56,1000.0,1126.530198104218
MeltingPoint,random_07,57,1191.0,1386.389496427105
MeltingPoint,random_07,58,1071.0,1174.7115271301159
MeltingPoint,random_07,59,1204.0,1453.1771655533876
MeltingPoint,random_07,60,1294.0,1451.053570717414
MeltingPoint,random_07,61,1315.0,907.3170093365018
MeltingPoint,random_07,62,1347.0,1534.3724331066135
MeltingPoint,random_07,63,1095.0,1280.8528005112573
MeltingPoint,random_07,64,1586.0,1161.34415546826
MeltingPoint,random_07,65,1629.0,1110.339924926905
MeltingPoint,random_07,66,1685.0,1102.8510233748887
MeltingPoint,random_07,67,1747.0,1285.593500435755
MeltingPoint,random_07,68,1802.0,1026.5717899657384
MeltingPoint,random_07,69,1818.0,1233.0850696101988
MeltingPoint,random_07,70,1092.0,1205.1114098728865
MeltingPoint,random_07,71,1936.0,1056.3714092621815
MeltingPoint,random_07,72,2506.0,1347.1663671005829
MeltingPoint,random_07,73,3290.0,1142.9917182682125
MeltingPoint,random_07,74,3695.0,1200.5832765109706
MeltingPoint,random_07,75,3459.0,1392.0341877268997
MeltingPoint,random_07,76,3306.0,1294.726596909035
MeltingPoint,random_07,77,2719.0,1181.532135713335
MeltingPoint,random_07,78,2041.55,1199.8734002023718
MeltingPoint,random_07,79,1337.33,1065.4833919492746
MeltingPoint,random_07,80,234.32,1326.0271810944857
MeltingPoint,random_07,81,577.0,1026.4921348131747
MeltingPoint,random_07,82,600.61,1389.6899687917612
MeltingPoint,random_07,83,544.55,1015.5001823809698
MeltingPoint,random_07,84,527.0,889.937554393578
MeltingPoint,random_07,85,575.0,1250.6888643248626
MeltingPoint,random_07,86,202.0,738.8997958587618
MeltingPoint,random_07,87,300.0,1676.068146855395
MeltingPoint,random_07,88,973.0,1417.8377546914417
MeltingPoint,random_07,89,1324.0,1555.3462906270909
MeltingPoint,random_07,90,2023.0,1588.8329921666218
MeltingPoint,random_07,91,1845.0,1748.8845923296772
MeltingPoint,random_07,92,1408.0,1494.725178746262
MeltingPoint,random_07,93,917.0,1218.3460209361094
MeltingPoint,random_07,94,913.0,1464.8847007883664
MeltingPoint,random_07,95,1449.0,1609.3080623113058
MeltingPoint,random_07,96,1618.0,1217.7834357759489
MeltingPoint,random_07,97,1323.0,1358.8305588477108
MeltingPoint,random_07,98,1173.0,1760.4757955272598
MeltingPoint,random_07,99,1133.0,875.1968232807228
MeltingPoint,random_07,100,1800.0,1485.4484342991932
MeltingPoint,random_07,101,1100.0,797.425867275047
MeltingPoint,random_07,102,1100.0,1270.6733897022134
MeltingPoint,random_07,103,1900.0,1272.9052931667886
BoilingPoint,z_poly,1,20.28,1784.523545870938
BoilingPoint,z_poly,2,4.22,1800.0554295433685
BoilingPoint,z_poly,3,1615.0,1643.9056162798906
BoilingPoint,z_poly,4,2744.0,1665.0416940255677
BoilingPoint,z_poly,5,4273.0,1686.228217213557
BoilingPoint,z_poly,6,4098.0,1707.4617536167023
BoilingPoint,z_poly,7,77.36,1728.738871007847
BoilingPoint,z_poly,8,90.2,1750.0561371598349
BoilingPoint,z_poly,9,85.03,1771.4101198455096
BoilingPoint,z_poly,10,27.07,1792.7973868377148
BoilingPoint,z_poly,11,1156.0,1964.1899085632015
BoilingPoint,z_poly,12,1363.0,1982.0852419669723
BoilingPoint,z_poly,13,2792.0,2000.0181165375557
BoilingPoint,z_poly,14,3538.0,2017.9859804350954
BoilingPoint,z_poly,15,553.65,2035.986281819733
BoilingPoint,z_poly,16,717.75,2054.016468851612
BoilingPoint,z_poly,17,239.11,2072.0739896908754
BoilingPoint,z_poly,18,87.3,2090.156292497665
BoilingPoint,z_poly,19,1032.0,1927.3722623776548
BoilingPoint,z_poly,20,1757.0,1949.318300490289
BoilingPoint,z_poly,21,3109.0,1971.2927886563125
BoilingPoint,z_poly,22,3560.0,1993.2919518071867
BoilingPoint,z_poly,23,3680.0,2015.3120148743717
BoilingPoint,z_poly,24,2944.0,2037.3492027893285
BoilingPoint,z_poly,25,2334.0,2059.3997404835177
BoilingPoint,z_poly,26,3134.0,2081.4598528884007
BoilingPoint,z_poly,27,3200.0,2103.525764935437
BoilingPoint,z_poly,28,3186.0,2125.5937015560885
BoilingPoint,z_poly,29,2835.0,2147.6598876818152
BoilingPoint,z_poly,30,1180.0,2169.720548244078
BoilingPoint,z_poly,31,2477.0,2191.7719081743385
BoilingPoint,z_poly,32,3106.0,2213.810192404056
BoilingPoint,z_poly,33,887.0,2235.831625864692
BoilingPoint,z_poly,34,958.0,2257.8324334877075
BoilingPoint,z_poly,35,331.95,2279.808840204563
BoilingPoint,z_poly,36,119.93,2301.7570709467186
BoilingPoint,z_poly,37,961.0,2238.9724725617725
BoilingPoint,z_poly,38,1655.0,2259.2193427191514
BoilingPoint,z_poly,39,3618.0,2279.540152280479
BoilingPoint,z_poly,40,4682.0,2299.9334484924125
BoilingPoint,z_poly,41,5017.0,2320.39777860161
BoilingPoint,z_poly,42,4912.0,2340.9316898547277
BoilingPoint,z_poly,43,4538.0,2361.533729498424
BoilingPoint,z_poly,44,4423.0,2382.202444779356
BoilingPoint,z_poly,45,3968.0,2402.936382944182
BoilingPoint,z_poly,46,3236.0,2423.734091239558
BoilingPoint,z_poly,47,2435.0,2444.594116912143
BoilingPoint,z_poly,48,1040.0,2465.5150072085935
BoilingPoint,z_poly,49,2345.0,2486.4953093755676
BoilingPoint,z_poly,50,2875.0,2507.533570659722
BoilingPoint,z_poly,51,1860.0,2528.628338307715
BoilingPoint,z_poly,52,1261.0,2549.7781595662036
BoilingPoint,z_poly,53,457.55,2570.9815816818455
BoilingPoint,z_poly,54,165.03,2592.2371519012977
BoilingPoint,z_poly,55,944.0,2601.2170566170043
BoilingPoint,z_poly,56,2170.0,2621.561205355468
BoilingPoint,z_poly,57,3737.0,2642.011260697335
BoilingPoint,z_poly,58,3697.0,2662.567658017596
BoilingPoint,z_poly,59,3793.0,2683.2308326912407
BoilingPoint,z_poly,60,3347.0,2704.0012200932583
BoilingPoint,z_poly,61,3273.0,2724.879255598639
BoilingPoint,z_poly,62,2067.0,2745.8653745823717
BoilingPoint,z_poly,63,1802.0,2766.960012419447
BoilingPoint,z_poly,64,3546.0,2788.1636044848537
BoilingPoint,z_poly,65,3503.0,2809.4765861535825
BoilingPoint,z_poly,66,2840.0,2830.899392800622
BoilingPoint,z_poly,67,2973.0,2852.4324598009634
BoilingPoint,z_poly,68,3141.0,2874.076222529595
BoilingPoint,z_poly,69,2223.0,2895.8311163615062
BoilingPoint,z_poly,70,1469.0,2917.6975766716873
BoilingPoint,z_poly,71,3675.0,2939.6760388351286
BoilingPoint,z_poly,72,4876.0,2961.7669382268195
BoilingPoint,z_poly,73,5731.0,2983.970710221749
BoilingPoint,z_poly,74,5828.0,3006.287790194907
BoilingPoint,z_poly,75,5869.0,3028.7186135212833
BoilingPoint,z_poly,76,5285.0,3051.2636155758682
BoilingPoint,z_poly,77,4701.0,3073.923231733651
BoilingPoint,z_poly,78,4098.0,3096.6978973696205
BoilingPoint,z_poly,79,3129.0,3119.588047858767
BoilingPoint,z_poly,80,629.88,3142.5941185760807
BoilingPoint,z_poly,81,1746.0,3165.7165448965507
BoilingPoint,z_poly,82,2022.0,3188.955762195167
BoilingPoint,z_poly,83,1837.0,3212.312205846919
BoilingPoint,z_poly,84,1235.0,3235.7863112267964
BoilingPoint,z_poly,86,211.45,3283.0892486708867
BoilingPoint,z_poly,88,1413.0,3104.551323502812
BoilingPoint,z_poly,89,3471.0,3107.795652224574
BoilingPoint,z_poly,90,5061.0,3110.4895050690625
BoilingPoint,z_poly,92,4404.0,3114.195744370064
BoilingPoint,z_poly,93,4175.0,3115.193111448498
BoilingPoint,z_poly,94,3501.0,3115.609963893502
BoilingPoint,z_poly,95,2284.0,3115.438792016037
BoilingPoint,z_poly,96,3400.0,3114.6720861270633
BoilingPoint,message_bits,1,20.28,1764.3955149523986
BoilingPoint,message_bits,2,4.22,1606.2495722053288
BoilingPoint,message_bits,3,1615.0,1627.6032137437255
BoilingPoint,message_bits,4,2744.0,1447.644849838076
BoilingPoint,message_bits,5,4273.0,1493.0396715710597
BoilingPoint,message_bits,6,4098.0,1350.808901850777
BoilingPoint,message_bits,7,77.36,1396.2037235837606
BoilingPoint,message_bits,8,90.2,3264.147679637211
BoilingPoint,message_bits,9,85.03,3309.5425013701947
BoilingPoint,message_bits,10,27.07,3167.311731649912
BoilingPoint,message_bits,11,1156.0,3135.3442614710566
BoilingPoint,message_bits,12,1363.0,3139.2781320876547
BoilingPoint,message_bits,13,2792.0,3260.89855246889
BoilingPoint,message_bits,14,3538.0,3071.7720687085093
BoilingPoint,message_bits,15,553.65,3193.392489089745
BoilingPoint,message_bits,16,717.75,1252.5406801540007
BoilingPoint,message_bits,17,239.11,1374.1611005352365
BoilingPoint,message_bits,18,87.3,1185.0346167748557
BoilingPoint,message_bits,19,1032.0,407.3779371575183
BoilingPoint,message_bits,20,1757.0,359.13693344339435
BoilingPoint,message_bits,21,3109.0,392.72335150659956
BoilingPoint,message_bits,22,3560.0,246.0016913823456
BoilingPoint,message_bits,23,3680.0,279.58810944555125
BoilingPoint,message_bits,24,2944.0,1734.2145132437308
BoilingPoint,message_bits,25,2334.0,1767.8009313069365
BoilingPoint,message_bits,26,3134.0,1621.0792711826823
BoilingPoint,message_bits,27,3200.0,1654.665689245888
BoilingPoint,message_bits,28,3186.0,1606.4246855317635
BoilingPoint,message_bits,29,2835.0,1640.0111035949692
BoilingPoint,message_bits,30,1180.0,1493.289443470715
BoilingPoint,message_bits,31,2477.0,1526.8758615339207
BoilingPoint,message_bits,32,3106.0,2538.425083698439
BoilingPoint,message_bits,33,887.0,2572.0115017616445
BoilingPoint,message_bits,34,958.0,2425.28984163739
BoilingPoint,message_bits,35,331.95,2458.8762597005957
BoilingPoint,message_bits,36,119.93,2410.6352559864717
BoilingPoint,message_bits,37,961.0,1953.1045776323072
BoilingPoint,message_bits,38,1655.0,1740.3735505753757
BoilingPoint,message_bits,39,3618.0,1817.3967165126842
BoilingPoint,message_bits,40,4682.0,2632.407096541128
BoilingPoint,message_bits,41,5017.0,2709.4302624784364
BoilingPoint,message_bits,42,4912.0,2496.699235421505
BoilingPoint,message_bits,43,4538.0,2573.7224013588134
BoilingPoint,message_bits,44,4423.0,2933.6388796723168
BoilingPoint,message_bits,45,3968.0,3010.6620456096252
BoilingPoint,message_bits,46,3236.0,2797.931018552694
BoilingPoint,message_bits,47,2435.0,2874.9541844900023
BoilingPoint,message_bits,48,1040.0,1417.561720525343
BoilingPoint,message_bits,49,2345.0,1494.5848864626514
BoilingPoint,message_bits,50,2875.0,1281.85385940572
BoilingPoint,message_bits,51,1860.0,1358.8770253430284
BoilingPoint,message_bits,52,1261.0,1718.793503656532
BoilingPoint,message_bits,53,457.55,1795.8166695938405
BoilingPoint,message_bits,54,165.03,1583.085642536909
BoilingPoint,message_bits,55,944.0,2278.235826164224
BoilingPoint,message_bits,56,2170.0,2868.7657020523775
BoilingPoint,message_bits,57,3737.0,2819.279053539885
BoilingPoint,message_bits,58,3697.0,2874.5652062176528
BoilingPoint,message_bits,59,3793.0,2825.0785577051606
BoilingPoint,message_bits,60,3347.0,3301.175239863995
BoilingPoint,message_bits,61,3273.0,3251.6885913515025
BoilingPoint,message_bits,62,2067.0,3306.9747440292704
BoilingPoint,message_bits,63,1802.0,3257.4880955167782
BoilingPoint,message_bits,64,3546.0,2113.6989803175993
BoilingPoint,message_bits,65,3503.0,2064.212331805107
BoilingPoint,message_bits,66,2840.0,2119.4984844828746
BoilingPoint,message_bits,67,2973.0,2070.0118359703824
BoilingPoint,message_bits,68,3141.0,2546.108518129217
BoilingPoint,message_bits,69,2223.0,2496.621869616725
BoilingPoint,message_bits,70,1469.0,2551.908022294492
BoilingPoint,message_bits,71,3675.0,2502.421373782
BoilingPoint,message_bits,72,4876.0,3092.9512496701536
BoilingPoint,message_bits,73,5731.0,3043.4646011576615
BoilingPoint,message_bits,74,5828.0,3098.750753835429
BoilingPoint,message_bits,75,5869.0,3049.2641053229368
BoilingPoint,message_bits,76,5285.0,3525.3607874817712
BoilingPoint,message_bits,77,4701.0,3475.874138969279
BoilingPoint,message_bits,78,4098.0,3531.1602916470465
BoilingPoint,message_bits,79,3129.0,3481.6736431345544
BoilingPoint,message_bits,80,629.88,2209.0741653776927
BoilingPoint,message_bits,81,1746.0,2159.5875168652
BoilingPoint,message_bits,82,2022.0,2214.873669542968
BoilingPoint,message_bits,83,1837.0,2165.387021030476
BoilingPoint,message_bits,84,1235.0,2641.4837031893103
BoilingPoint,message_bits,86,211.45,2647.2832073545856
BoilingPoint,message_bits,88,1413.0,3649.5993859872065
BoilingPoint,message_bits,89,3471.0,3750.6535254051673
BoilingPoint,message_bits,90,5061.0,3543.4275166712387
BoilingPoint,message_bits,92,4404.0,3721.6751569514076
BoilingPoint,message_bits,93,4175.0,3822.7292963693685
BoilingPoint,message_bits,94,3501.0,3615.50328763544
BoilingPoint,message_bits,95,2284.0,3716.5574270534003
BoilingPoint,message_bits,96,3400.0,3181.938853276499
BoilingPoint,golay_bits,1,20.28,1669.7021721412643
BoilingPoint,golay_bits,2,4.22,1499.655428067381
BoilingPoint,golay_bits,3,1615.0,2458.090574078777
BoilingPoint,golay_bits,4,2744.0,2349.0539320761422
BoilingPoint,golay_bits,5,4273.0,1107.459746545246
BoilingPoint,golay_bits,6,4098.0,1342.6871819272437
BoilingPoint,golay_bits,7,77.36,1223.5297910923175
BoilingPoint,golay_bits,8,90.2,3137.2927443151093
BoilingPoint,golay_bits,9,85.03,3913.09713666524
BoilingPoint,golay_bits,10,27.07,3468.8674196228744
BoilingPoint,golay_bits,11,1156.0,3434.9288738244995
BoilingPoint,golay_bits,12,1363.0,2845.662191153601
BoilingPoint,golay_bits,13,2792.0,3297.886237401409
BoilingPoint,golay_bits,14,3538.0,3216.152398727743
BoilingPoint,golay_bits,15,553.65,3348.1625888708018
BoilingPoint,golay_bits,16,717.75,1768.0149121923648
BoilingPoint,golay_bits,17,239.11,1160.11691781145
BoilingPoint,golay_bits,18,87.3,952.3488920474672
BoilingPoint,golay_bits,19,1032.0,296.23894014805865
BoilingPoint,golay_bits,20,1757.0,176.6344349997812
BoilingPoint,golay_bits,21,3109.0,441.24905453485417
BoilingPoint,golay_bits,22,3560.0,664.4303590561051
BoilingPoint,golay_bits,23,3680.0,35.58340926827577
BoilingPoint,golay_bits,24,2944.0,1839.0693635970017
BoilingPoint,golay_bits,25,2334.0,1459.6776537709386
BoilingPoint,golay_bits,26,3134.0,1709.567310280483
BoilingPoint,golay_bits,27,3200.0,1671.309985877203
BoilingPoint,golay_bits,28,3186.0,1017.6533560335556
BoilingPoint,golay_bits,29,2835.0,2383.223957758771
BoilingPoint,golay_bits,30,1180.0,1193.8305526998768
BoilingPoint,golay_bits,31,2477.0,1646.676534596686
BoilingPoint,golay_bits,32,3106.0,3103.312120161816
BoilingPoint,golay_bits,33,887.0,2151.5541900959324
BoilingPoint,golay_bits,34,958.0,2286.5185398661033
BoilingPoint,golay_bits,35,331.95,2407.977543895881
BoilingPoint,golay_bits,36,119.93,2073.3287696124366
BoilingPoint,golay_bits,37,961.0,2877.408069234706
BoilingPoint,golay_bits,38,1655.0,1883.8821507610317
BoilingPoint,golay_bits,39,3618.0,2198.4333401879735
BoilingPoint,golay_bits,40,4682.0,2906.6594285599635
BoilingPoint,golay_bits,41,5017.0,2324.78181598736
BoilingPoint,golay_bits,42,4912.0,2593.613976363314
BoilingPoint,golay_bits,43,4538.0,2695.7253347029737
BoilingPoint,golay_bits,44,4423.0,3337.7757112715944
BoilingPoint,golay_bits,45,3968.0,3036.353722284408
BoilingPoint,golay_bits,46,3236.0,2843.356267669875
BoilingPoint,golay_bits,47,2435.0,2796.668388876353
BoilingPoint,golay_bits,48,1040.0,1823.8994663425797
BoilingPoint,golay_bits,49,2345.0,1110.7029487330929
BoilingPoint,golay_bits,50,2875.0,504.4981454820663
BoilingPoint,golay_bits,51,1860.0,2488.0023361125714
BoilingPoint,golay_bits,52,1261.0,1496.917734723856
BoilingPoint,golay_bits,53,457.55,2580.3728693604958
BoilingPoint,golay_bits,54,165.03,2008.8541597860005
BoilingPoint,golay_bits,55,944.0,1621.3113107280694
BoilingPoint,golay_bits,56,2170.0,3372.1156186652997
BoilingPoint,golay_bits,57,3737.0,2610.897279782573
BoilingPoint,golay_bits,58,3697.0,1624.5270171122008
BoilingPoint,golay_bits,59,3793.0,3575.01307951317
BoilingPoint,golay_bits,60,3347.0,3538.198107565911
BoilingPoint,golay_bits,61,3273.0,2641.8335857554343
BoilingPoint,golay_bits,62,2067.0,3460.4019020158507
BoilingPoint,golay_bits,63,1802.0,3316.088638546019
BoilingPoint,golay_bits,64,3546.0,1408.4641174482495
BoilingPoint,golay_bits,65,3503.0,2994.4290643355835
BoilingPoint,golay_bits,66,2840.0,2372.5799171788462
BoilingPoint,golay_bits,67,2973.0,1246.840462782485
BoilingPoint,golay_bits,68,3141.0,1978.5536912947903
BoilingPoint,golay_bits,69,2223.0,2621.3582853625144
BoilingPoint,golay_bits,70,1469.0,2652.8087440853756
BoilingPoint,golay_bits,71,3675.0,2543.5620798124546
BoilingPoint,golay_bits,72,4876.0,2171.9170533636493
BoilingPoint,golay_bits,73,5731.0,3497.013848009885
BoilingPoint,golay_bits,74,5828.0,2981.703088565837
BoilingPoint,golay_bits,75,5869.0,3283.6866600482217
BoilingPoint,golay_bits,76,5285.0,4460.448876650296
BoilingPoint,golay_bits,77,4701.0,2785.432468659737
BoilingPoint,golay_bits,78,4098.0,3132.9412816938284
BoilingPoint,golay_bits,79,3129.0,3329.467261793702
BoilingPoint,golay_bits,80,629.88,2331.00725627426
BoilingPoint,golay_bits,81,1746.0,1499.1402702162668
BoilingPoint,golay_bits,82,2022.0,2509.019861278413
BoilingPoint,golay_bits,83,1837.0,1917.586512452639
BoilingPoint,golay_bits,84,1235.0,2653.8865736584075
BoilingPoint,golay_bits,86,211.45,1958.1524088999754
BoilingPoint,golay_bits,88,1413.0,4075.0375730525907
BoilingPoint,golay_bits,89,3471.0,3848.8597642265922
BoilingPoint,golay_bits,90,5061.0,3631.5375131633864
BoilingPoint,golay_bits,92,4404.0,3666.5250180799
BoilingPoint,golay_bits,93,4175.0,3514.4024033712485
BoilingPoint,golay_bits,94,3501.0,3768.8521459500207
BoilingPoint,golay_bits,95,2284.0,4105.211275329905
BoilingPoint,golay_bits,96,3400.0,2985.69412686707
BoilingPoint,mog_planar,1,20.28,2552.284762803771
BoilingPoint,mog_planar,2,4.22,2002.264726658444
BoilingPoint,mog_planar,3,1615.0,2818.6873989674914
BoilingPoint,mog_planar,4,2744.0,1671.7305419093336
BoilingPoint,mog_planar,5,4273.0,3449.1832444103447
BoilingPoint,mog_planar,6,4098.0,3202.799187444796
BoilingPoint,mog_planar,7,77.36,2594.0054515639627
BoilingPoint,mog_planar,8,90.2,3398.002269383277
BoilingPoint,mog_planar,9,85.03,2370.2199935088265
BoilingPoint,mog_planar,10,27.07,2299.5425834908656
BoilingPoint,mog_planar,11,1156.0,3447.383424996901
BoilingPoint,mog_planar,12,1363.0,3483.7667879921814
BoilingPoint,mog_planar,13,2792.0,2773.0335381855853
BoilingPoint,mog_planar,14,3538.0,3798.1984550357784
BoilingPoint,mog_planar,15,553.65,3105.182556790592
BoilingPoint,mog_planar,16,717.75,2202.899977827889
BoilingPoint,mog_planar,17,239.11,1919.4596345478628
BoilingPoint,mog_planar,18,87.3,1617.9965792842918
BoilingPoint,mog_planar,19,1032.0,2467.2756241802963
BoilingPoint,mog_planar,20,1757.0,1928.1099242246196
BoilingPoint,mog_planar,21,3109.0,2275.941092754171
BoilingPoint,mog_planar,22,3560.0,1974.4542745482725
BoilingPoint,mog_planar,23,3680.0,3085.614076152057
BoilingPoint,mog_planar,24,2944.0,2318.647083714027
BoilingPoint,mog_planar,25,2334.0,2267.2921405222924
BoilingPoint,mog_planar,26,3134.0,3076.299029077104
BoilingPoint,mog_planar,27,3200.0,2558.1758761540436
BoilingPoint,mog_planar,28,3186.0,2536.521845075332
BoilingPoint,mog_planar,29,2835.0,3336.2515992986405
BoilingPoint,mog_planar,30,1180.0,3637.94471424974
BoilingPoint,mog_planar,31,2477.0,1774.3735556166728
BoilingPoint,mog_planar,32,3106.0,2830.401456535114
BoilingPoint,mog_planar,33,887.0,1866.6393869174854
BoilingPoint,mog_planar,34,958.0,2011.1922143635477
BoilingPoint,mog_planar,35,331.95,1928.333117002814
BoilingPoint,mog_planar,36,119.93,2438.9618049862715
BoilingPoint,mog_planar,37,961.0,2503.17066827998
BoilingPoint,mog_planar,38,1655.0,1794.2886940834921
BoilingPoint,mog_planar,39,3618.0,2352.9753850418115
BoilingPoint,mog_planar,40,4682.0,1249.2811800108348
BoilingPoint,mog_planar,41,5017.0,2768.5145338618963
BoilingPoint,mog_planar,42,4912.0,1795.9928538395711
BoilingPoint,mog_planar,43,4538.0,2467.925147491196
BoilingPoint,mog_planar,44,4423.0,2616.5061672761603
BoilingPoint,mog_planar,45,3968.0,2954.6817114820024
BoilingPoint,mog_planar,46,3236.0,1835.7791516782063
BoilingPoint,mog_planar,47,2435.0,2931.202917569609
BoilingPoint,mog_planar,48,1040.0,2037.1334777055995
BoilingPoint,mog_planar,49,2345.0,1393.7826254241284
BoilingPoint,mog_planar,50,2875.0,1376.9362902124071
BoilingPoint,mog_planar,51,1860.0,2418.388865532514
BoilingPoint,mog_planar,52,1261.0,1919.1760813301034
BoilingPoint,mog_planar,53,457.55,2469.9719275952148
BoilingPoint,mog_planar,54,165.03,2675.3444856498886
BoilingPoint,mog_planar,55,944.0,1919.638217068487
BoilingPoint,mog_planar,56,2170.0,2013.823415453273
BoilingPoint,mog_planar,57,3737.0,2304.4130842941286
BoilingPoint,mog_planar,58,3697.0,1672.382960922335
BoilingPoint,mog_planar,59,3793.0,2398.178217187511
BoilingPoint,mog_planar,60,3347.0,2519.7026777691954
BoilingPoint,mog_planar,61,3273.0,2391.132390491212
BoilingPoint,mog_planar,62,2067.0,3006.8667026255803
BoilingPoint,mog_planar,63,1802.0,2791.603846061598
BoilingPoint,mog_planar,64,3546.0,1853.0331491248867
BoilingPoint,mog_planar,65,3503.0,1511.587202907074
BoilingPoint,mog_planar,66,2840.0,1769.822682579746
BoilingPoint,mog_planar,67,2973.0,1346.6504267088478
BoilingPoint,mog_planar,68,3141.0,1766.0369125941236
BoilingPoint,mog_planar,69,2223.0,2063.7487173376617
BoilingPoint,mog_planar,70,1469.0,2482.6739361993955
BoilingPoint,mog_planar,71,3675.0,2555.7909718418728
BoilingPoint,mog_planar,72,4876.0,1182.6016708655968
BoilingPoint,mog_planar,73,5731.0,2537.117792341314
BoilingPoint,mog_planar,74,5828.0,2107.7666656102433
BoilingPoint,mog_planar,75,5869.0,2822.840071009389
BoilingPoint,mog_planar,76,5285.0,3409.270099188272
BoilingPoint,mog_planar,77,4701.0,2446.3255460399105
BoilingPoint,mog_planar,78,4098.0,2772.4790221069816
BoilingPoint,mog_planar,79,3129.0,2980.3410494677246
BoilingPoint,mog_planar,80,629.88,2213.3782724519056
BoilingPoint,mog_planar,81,1746.0,1023.9807699582759
BoilingPoint,mog_planar,82,2022.0,2096.2000923451883
BoilingPoint,mog_planar,83,1837.0,2094.5830740170186
BoilingPoint,mog_planar,84,1235.0,1770.6632572720987
BoilingPoint,mog_planar,86,211.45,2098.14232185501
BoilingPoint,mog_planar,88,1413.0,2520.0049876178186
BoilingPoint,mog_planar,89,3471.0,2866.928648060153
BoilingPoint,mog_planar,90,5061.0,2137.065926260161
BoilingPoint,mog_planar,92,4404.0,2136.347797508068
BoilingPoint,mog_planar,93,4175.0,3425.491591926937
BoilingPoint,mog_planar,94,3501.0,2559.269164862309
BoilingPoint,mog_planar,95,2284.0,3974.1805805632866
BoilingPoint,mog_planar,96,3400.0,2024.986193851816
BoilingPoint,mog_stacked,1,20.28,2451.0697211435263
BoilingPoint,mog_stacked,2,4.22,1926.5069949979302
BoilingPoint,mog_stacked,3,1615.0,3020.634936762236
BoilingPoint,mog_stacked,4,2744.0,1799.4576842499118
BoilingPoint,mog_stacked,5,4273.0,3816.690077083378
BoilingPoint,mog_stacked,6,4098.0,3259.7190111403165
BoilingPoint,mog_stacked,7,77.36,2543.87918738592
BoilingPoint,mog_stacked,8,90.2,3457.2009136763895
BoilingPoint,mog_stacked,9,85.03,2329.903847256099
BoilingPoint,mog_stacked,10,27.07,2345.8442109010844
BoilingPoint,mog_stacked,11,1156.0,3404.003500447294
BoilingPoint,mog_stacked,12,1363.0,3554.257538352285
BoilingPoint,mog_stacked,13,2792.0,2735.937175719591
BoilingPoint,mog_stacked,14,3538.0,3774.554830917252
BoilingPoint,mog_stacked,15,553.65,3008.573997861336
BoilingPoint,mog_stacked,16,717.75,2104.091606665931
BoilingPoint,mog_stacked,17,239.11,2122.1801402954034
BoilingPoint,mog_stacked,18,87.3,1875.7871504031973
BoilingPoint,mog_stacked,19,1032.0,2338.668159335857
BoilingPoint,mog_stacked,20,1757.0,1818.2768580181955
BoilingPoint,mog_stacked,21,3109.0,2305.3556800576725
BoilingPoint,mog_stacked,22,3560.0,1675.978223424064
BoilingPoint,mog_stacked,23,3680.0,3292.8235340083456
BoilingPoint,mog_stacked,24,2944.0,2405.748796794435
BoilingPoint,mog_stacked,25,2334.0,2309.7897216221713
BoilingPoint,mog_stacked,26,3134.0,3314.3127449559597
BoilingPoint,mog_stacked,27,3200.0,2345.7570752366996
BoilingPoint,mog_stacked,28,3186.0,2687.9506962153114
BoilingPoint,mog_stacked,29,2835.0,3349.269080894458
BoilingPoint,mog_stacked,30,1180.0,3286.585885629522
BoilingPoint,mog_stacked,31,2477.0,1120.9002473547216
BoilingPoint,mog_stacked,32,3106.0,2886.89639060818
BoilingPoint,mog_stacked,33,887.0,2107.8498857250215
BoilingPoint,mog_stacked,34,958.0,2157.7358198295874
BoilingPoint,mog_stacked,35,331.95,2434.9435675294
BoilingPoint,mog_stacked,36,119.93,2441.217491294556
BoilingPoint,mog_stacked,37,961.0,2511.053972171165
BoilingPoint,mog_stacked,38,1655.0,2305.3297025093752
BoilingPoint,mog_stacked,39,3618.0,1907.1934974699266
BoilingPoint,mog_stacked,40,4682.0,1257.802587706156
BoilingPoint,mog_stacked,41,5017.0,2657.6970818638506
BoilingPoint,mog_stacked,42,4912.0,1912.84249077106
BoilingPoint,mog_stacked,43,4538.0,2184.8112861737654
BoilingPoint,mog_stacked,44,4423.0,2532.1605245875635
BoilingPoint,mog_stacked,45,3968.0,2686.1581307531374
BoilingPoint,mog_stacked,46,3236.0,1741.5227453696634
BoilingPoint,mog_stacked,47,2435.0,2799.334698488075
BoilingPoint,mog_stacked,48,1040.0,2150.9141770466294
BoilingPoint,mog_stacked,49,2345.0,1278.6358982793404
BoilingPoint,mog_stacked,50,2875.0,1334.3927278260398
BoilingPoint,mog_stacked,51,1860.0,2252.41102534361
BoilingPoint,mog_stacked,52,1261.0,2029.3062445889004
BoilingPoint,mog_stacked,53,457.55,2599.946877773782
BoilingPoint,mog_stacked,54,165.03,2673.3047923065733
BoilingPoint,mog_stacked,55,944.0,1689.7190505529447
BoilingPoint,mog_stacked,56,2170.0,2151.40276042176
BoilingPoint,mog_stacked,57,3737.0,2556.4411657690052
BoilingPoint,mog_stacked,58,3697.0,1771.7771722501075
BoilingPoint,mog_stacked,59,3793.0,2725.8323959149047
BoilingPoint,mog_stacked,60,3347.0,2431.9796043031574
BoilingPoint,mog_stacked,61,3273.0,2415.229431147552
BoilingPoint,mog_stacked,62,2067.0,2926.824630878545
BoilingPoint,mog_stacked,63,1802.0,2782.360104699447
BoilingPoint,mog_stacked,64,3546.0,1485.6924335133272
BoilingPoint,mog_stacked,65,3503.0,1852.3624544844283
BoilingPoint,mog_stacked,66,2840.0,1858.1485592233985
BoilingPoint,mog_stacked,67,2973.0,1629.6335084574052
BoilingPoint,mog_stacked,68,3141.0,1791.919447598328
BoilingPoint,mog_stacked,69,2223.0,2088.136290056068
BoilingPoint,mog_stacked,70,1469.0,2369.001053065583
BoilingPoint,mog_stacked,71,3675.0,2263.265877986897
BoilingPoint,mog_stacked,72,4876.0,1029.8518205584733
BoilingPoint,mog_stacked,73,5731.0,2625.6701573466776
BoilingPoint,mog_stacked,74,5828.0,2136.319536867798
BoilingPoint,mog_stacked,75,5869.0,2723.023046243955
BoilingPoint,mog_stacked,76,5285.0,3325.836818614566
BoilingPoint,mog_stacked,77,4701.0,2286.704318323587
BoilingPoint,mog_stacked,78,4098.0,2452.556963003011
BoilingPoint,mog_stacked,79,3129.0,3628.5630622709527
BoilingPoint,mog_stacked,80,629.88,2454.14214927958
BoilingPoint,mog_stacked,81,1746.0,1385.2606230899196
BoilingPoint,mog_stacked,82,2022.0,1740.0616427200848
BoilingPoint,mog_stacked,83,1837.0,2107.3572566670678
BoilingPoint,mog_stacked,84,1235.0,1856.508871313736
BoilingPoint,mog_stacked,86,211.45,1986.9778395846047
BoilingPoint,mog_stacked,88,1413.0,2525.327365084951
BoilingPoint,mog_stacked,89,3471.0,2951.8325206040513
BoilingPoint,mog_stacked,90,5061.0,2025.3575058267475
BoilingPoint,mog_stacked,92,4404.0,2047.2226252578655
BoilingPoint,mog_stacked,93,4175.0,3758.5130912027025
BoilingPoint,mog_stacked,94,3501.0,2709.147541476785
BoilingPoint,mog_stacked,95,2284.0,3874.4631660578407
BoilingPoint,mog_stacked,96,3400.0,1833.9433383535657
BoilingPoint,mog_cylinder,1,20.28,2686.0462166966063
BoilingPoint,mog_cylinder,2,4.22,1941.74087285021
BoilingPoint,mog_cylinder,3,1615.0,2775.957526558848
BoilingPoint,mog_cylinder,4,2744.0,1658.70774112078
BoilingPoint,mog_cylinder,5,4273.0,3551.2808220563743
BoilingPoint,mog_cylinder,6,4098.0,3368.220806186634
BoilingPoint,mog_cylinder,7,77.36,2462.833702467501
BoilingPoint,mog_cylinder,8,90.2,3258.586904688027
BoilingPoint,mog_cylinder,9,85.03,2362.852772839127
BoilingPoint,mog_cylinder,10,27.07,2472.2126679550242
BoilingPoint,mog_cylinder,11,1156.0,3540.6128802038716
BoilingPoint,mog_cylinder,12,1363.0,3810.3265581942514
BoilingPoint,mog_cylinder,13,2792.0,2996.402007657328
BoilingPoint,mog_cylinder,14,3538.0,3655.4007106867907
BoilingPoint,mog_cylinder,15,553.65,2919.6845765347825
BoilingPoint,mog_cylinder,16,717.75,2087.8812319569565
BoilingPoint,mog_cylinder,17,239.11,2324.4285272789375
BoilingPoint,mog_cylinder,18,87.3,1808.0323112845363
BoilingPoint,mog_cylinder,19,1032.0,2304.01964053546
BoilingPoint,mog_cylinder,20,1757.0,1874.340030836064
BoilingPoint,mog_cylinder,21,3109.0,2283.9712981429716
BoilingPoint,mog_cylinder,22,3560.0,1738.9828689941037
BoilingPoint,mog_cylinder,23,3680.0,3131.1285011886675
BoilingPoint,mog_cylinder,24,2944.0,2265.887878174748
BoilingPoint,mog_cylinder,25,2334.0,2299.135608757059
BoilingPoint,mog_cylinder,26,3134.0,3199.009233300703
BoilingPoint,mog_cylinder,27,3200.0,2255.6438481032865
BoilingPoint,mog_cylinder,28,3186.0,2500.827490779733
BoilingPoint,mog_cylinder,29,2835.0,3240.161102612956
BoilingPoint,mog_cylinder,30,1180.0,3351.301820825881
BoilingPoint,mog_cylinder,31,2477.0,2073.9206584304698
BoilingPoint,mog_cylinder,32,3106.0,3077.244508190817
BoilingPoint,mog_cylinder,33,887.0,1955.0498080302273
BoilingPoint,mog_cylinder,34,958.0,1882.4072225177672
BoilingPoint,mog_cylinder,35,331.95,2040.6752046371867
BoilingPoint,mog_cylinder,36,119.93,2364.797436944627
BoilingPoint,mog_cylinder,37,961.0,2392.196853096951
BoilingPoint,mog_cylinder,38,1655.0,1898.1952992741876
BoilingPoint,mog_cylinder,39,3618.0,2409.705863879084
BoilingPoint,mog_cylinder,40,4682.0,1303.0364512369288
BoilingPoint,mog_cylinder,41,5017.0,2714.7740779358573
BoilingPoint,mog_cylinder,42,4912.0,1889.3177080599385
BoilingPoint,mog_cylinder,43,4538.0,2335.4798964097595
BoilingPoint,mog_cylinder,44,4423.0,2582.0786495730135
BoilingPoint,mog_cylinder,45,3968.0,2868.7237287060034
BoilingPoint,mog_cylinder,46,3236.0,1757.978772074754
BoilingPoint,mog_cylinder,47,2435.0,3011.386633611996
BoilingPoint,mog_cylinder,48,1040.0,2170.582149251022
BoilingPoint,mog_cylinder,49,2345.0,1453.3320563345505
BoilingPoint,mog_cylinder,50,2875.0,1205.179904058982
BoilingPoint,mog_cylinder,51,1860.0,2391.2943281963485
BoilingPoint,mog_cylinder,52,1261.0,1916.7322015657169
BoilingPoint,mog_cylinder,53,457.55,2469.909066480336
BoilingPoint,mog_cylinder,54,165.03,2686.1588961208267
BoilingPoint,mog_cylinder,55,944.0,1706.749632907337
BoilingPoint,mog_cylinder,56,2170.0,2229.8539022096606
BoilingPoint,mog_cylinder,57,3737.0,2176.2983274519065
BoilingPoint,mog_cylinder,58,3697.0,2087.408086781367
BoilingPoint,mog_cylinder,59,3793.0,2668.400784873419
BoilingPoint,mog_cylinder,60,3347.0,2360.493188559558
BoilingPoint,mog_cylinder,61,3273.0,2476.710497578961
BoilingPoint,mog_cylinder,62,2067.0,2802.433071266697
BoilingPoint,mog_cylinder,63,1802.0,2697.4797033833865
BoilingPoint,mog_cylinder,64,3546.0,1527.06432558989
BoilingPoint,mog_cylinder,65,3503.0,1828.8716847963058
BoilingPoint,mog_cylinder,66,2840.0,1840.0469724111795
BoilingPoint,mog_cylinder,67,2973.0,1805.139737084382
BoilingPoint,mog_cylinder,68,3141.0,1722.65742846775
BoilingPoint,mog_cylinder,69,2223.0,1939.7909379560551
BoilingPoint,mog_cylinder,70,1469.0,2364.1771294810146
BoilingPoint,mog_cylinder,71,3675.0,2477.00150034356
BoilingPoint,mog_cylinder,72,4876.0,1224.822441303817
BoilingPoint,mog_cylinder,73,5731.0,2499.80150280247
BoilingPoint,mog_cylinder,74,5828.0,1995.9362729233796
BoilingPoint,mog_cylinder,75,5869.0,2677.6690043737126
BoilingPoint,mog_cylinder,76,5285.0,3424.4967520306386
BoilingPoint,mog_cylinder,77,4701.0,2362.705514394814
BoilingPoint,mog_cylinder,78,4098.0,2369.2731536729143
BoilingPoint,mog_cylinder,79,3129.0,2877.7000082706786
BoilingPoint,mog_cylinder,80,629.88,2975.943058726277
BoilingPoint,mog_cylinder,81,1746.0,1615.4590888332027
BoilingPoint,mog_cylinder,82,2022.0,1935.8150247972287
BoilingPoint,mog_cylinder,83,1837.0,2281.2946408174994
BoilingPoint,mog_cylinder,84,1235.0,1967.389504750667
BoilingPoint,mog_cylinder,86,211.45,1784.2637852983105
BoilingPoint,mog_cylinder,88,1413.0,2611.0904162958304
BoilingPoint,mog_cylinder,89,3471.0,3216.515706539264
BoilingPoint,mog_cylinder,90,5061.0,1736.3989253663567
BoilingPoint,mog_cylinder,92,4404.0,1934.8441816295235
BoilingPoint,mog_cylinder,93,4175.0,4012.686442692381
BoilingPoint,mog_cylinder,94,3501.0,2736.933616547246
BoilingPoint,mog_cylinder,95,2284.0,4043.435507777879
BoilingPoint,mog_cylinder,96,3400.0,1590.8334360654735
BoilingPoint,mog_sphere,1,20.28,2589.5173884789215
BoilingPoint,mog_sphere,2,4.22,2167.731143921837
BoilingPoint,mog_sphere,3,1615.0,1828.540684180849
BoilingPoint,mog_sphere,4,2744.0,2308.3336159075725
BoilingPoint,mog_sphere,5,4273.0,3611.1876422032674
BoilingPoint,mog_sphere,6,4098.0,2960.8136106656457
BoilingPoint,mog_sphere,7,77.36,2649.668742266199
BoilingPoint,mog_sphere,8,90.2,3236.702178716042
BoilingPoint,mog_sphere,9,85.03,2667.0432662218905
BoilingPoint,mog_sphere,10,27.07,2146.5942067807414
BoilingPoint,mog_sphere,11,1156.0,3700.2085041009304
BoilingPoint,mog_sphere,12,1363.0,3840.124254463759
BoilingPoint,mog_sphere,13,2792.0,2855.509744121143
BoilingPoint,mog_sphere,14,3538.0,3891.778954365367
BoilingPoint,mog_sphere,15,553.65,3338.593849567801
BoilingPoint,mog_sphere,16,717.75,2342.7639956956373
BoilingPoint,mog_sphere,17,239.11,1546.3429612897194
BoilingPoint,mog_sphere,18,87.3,1749.9050226679688
BoilingPoint,mog_sphere,19,1032.0,1036.4846470367438
BoilingPoint,mog_sphere,20,1757.0,2234.4511011009267
BoilingPoint,mog_sphere,21,3109.0,1773.347764978588
BoilingPoint,mog_sphere,22,3560.0,871.1701293309666
BoilingPoint,mog_sphere,23,3680.0,3092.945016396074
BoilingPoint,mog_sphere,24,2944.0,1177.7986585614738
BoilingPoint,mog_sphere,25,2334.0,3010.899185593802
BoilingPoint,mog_sphere,26,3134.0,2977.334039171212
BoilingPoint,mog_sphere,27,3200.0,1973.8624146699876
BoilingPoint,mog_sphere,28,3186.0,2816.6644654664833
BoilingPoint,mog_sphere,29,2835.0,3079.2007959674283
BoilingPoint,mog_sphere,30,1180.0,3275.6647853636623
BoilingPoint,mog_sphere,31,2477.0,2073.504722418471
BoilingPoint,mog_sphere,32,3106.0,2406.854642272721
BoilingPoint,mog_sphere,33,887.0,2446.556574749714
BoilingPoint,mog_sphere,34,958.0,1920.9287051305487
BoilingPoint,mog_sphere,35,331.95,1806.0732528490496
BoilingPoint,mog_sphere,36,119.93,2855.125681565782
BoilingPoint,mog_sphere,37,961.0,2757.167938289299
BoilingPoint,mog_sphere,38,1655.0,1708.5503490136402
BoilingPoint,mog_sphere,39,3618.0,2396.9626477023403
BoilingPoint,mog_sphere,40,4682.0,1778.229745217281
BoilingPoint,mog_sphere,41,5017.0,2491.3585904908605
BoilingPoint,mog_sphere,42,4912.0,2087.314307216335
BoilingPoint,mog_sphere,43,4538.0,2253.297300725414
BoilingPoint,mog_sphere,44,4423.0,2327.648831757923
BoilingPoint,mog_sphere,45,3968.0,3181.8838440205145
BoilingPoint,mog_sphere,46,3236.0,1333.7280708448118
BoilingPoint,mog_sphere,47,2435.0,3251.003327984612
BoilingPoint,mog_sphere,48,1040.0,1708.0992584723808
BoilingPoint,mog_sphere,49,2345.0,1549.0846654688685
BoilingPoint,mog_sphere,50,2875.0,993.4035383053733
BoilingPoint,mog_sphere,51,1860.0,2281.13912414851
BoilingPoint,mog_sphere,52,1261.0,2054.062645565141
BoilingPoint,mog_sphere,53,457.55,2046.5866042823184
BoilingPoint,mog_sphere,54,165.03,2774.7863470598973
BoilingPoint,mog_sphere,55,944.0,1736.8618869172913
BoilingPoint,mog_sphere,56,2170.0,2217.0280533785667
BoilingPoint,mog_sphere,57,3737.0,2407.2157899798835
BoilingPoint,mog_sphere,58,3697.0,1573.7963438874037
BoilingPoint,mog_sphere,59,3793.0,2641.8816736942226
BoilingPoint,mog_sphere,60,3347.0,2800.5273356436087
BoilingPoint,mog_sphere,61,3273.0,2436.2180840057736
BoilingPoint,mog_sphere,62,2067.0,2935.7585600829543
BoilingPoint,mog_sphere,63,1802.0,2905.200777096313
BoilingPoint,mog_sphere,64,3546.0,1271.50526797167
BoilingPoint,mog_sphere,65,3503.0,2288.821857162076
BoilingPoint,mog_sphere,66,2840.0,1496.4898938509698
BoilingPoint,mog_sphere,67,2973.0,1454.1236074479243
BoilingPoint,mog_sphere,68,3141.0,1781.6954608953724
BoilingPoint,mog_sphere,69,2223.0,2248.6445284532238
BoilingPoint,mog_sphere,70,1469.0,2607.6531695105077
BoilingPoint,mog_sphere,71,3675.0,2242.0775909262934
BoilingPoint,mog_sphere,72,4876.0,1705.0705708104379
BoilingPoint,mog_sphere,73,5731.0,2585.4035534440704
BoilingPoint,mog_sphere,74,5828.0,1962.3514544956765
BoilingPoint,mog_sphere,75,5869.0,2496.9151976932226
BoilingPoint,mog_sphere,76,5285.0,3849.6725845240244
BoilingPoint,mog_sphere,77,4701.0,2415.2555173030564
BoilingPoint,mog_sphere,78,4098.0,2372.1045715249547
BoilingPoint,mog_sphere,79,3129.0,2843.9592305320425
BoilingPoint,mog_sphere,80,629.88,1782.08619830213
BoilingPoint,mog_sphere,81,1746.0,1048.7870258938333
BoilingPoint,mog_sphere,82,2022.0,1612.502422161989
BoilingPoint,mog_sphere,83,1837.0,2329.412445787119
BoilingPoint,mog_sphere,84,1235.0,1663.8521266219304
BoilingPoint,mog_sphere,86,211.45,1846.9796005804546
BoilingPoint,mog_sphere,88,1413.0,3413.5399450310924
BoilingPoint,mog_sphere,89,3471.0,2758.7887783716887
BoilingPoint,mog_sphere,90,5061.0,1943.9997928066045
BoilingPoint,mog_sphere,92,4404.0,1997.8539318377368
BoilingPoint,mog_sphere,93,4175.0,4230.5473648413035
BoilingPoint,mog_sphere,94,3501.0,2606.47368540731
BoilingPoint,mog_sphere,95,2284.0,3749.437610986036
BoilingPoint,mog_sphere,96,3400.0,2573.254711962863
BoilingPoint,gray_message_bits,1,20.28,1908.9744320420327
BoilingPoint,gray_message_bits,2,4.22,2260.91822857899
BoilingPoint,gray_message_bits,3,1615.0,1913.4099759830742
BoilingPoint,gray_message_bits,4,2744.0,2373.0741340777836
BoilingPoint,gray_message_bits,5,4273.0,2424.6435825113936
BoilingPoint,gray_message_bits,6,4098.0,2156.2191715863355
BoilingPoint,gray_message_bits,7,77.36,2104.6497231527255
BoilingPoint,gray_message_bits,8,90.2,2245.5556617364236
BoilingPoint,gray_message_bits,9,85.03,2297.1251101700336
BoilingPoint,gray_message_bits,10,27.07,2565.549521095092
BoilingPoint,gray_message_bits,11,1156.0,2381.1424556609013
BoilingPoint,gray_message_bits,12,1363.0,2058.5152406869665
BoilingPoint,gray_message_bits,13,2792.0,2119.8268441542523
BoilingPoint,gray_message_bits,14,3538.0,1746.4468708920258
BoilingPoint,gray_message_bits,15,553.65,1685.1352674247403
BoilingPoint,gray_message_bits,16,717.75,1805.8439177299451
BoilingPoint,gray_message_bits,17,239.11,1867.1555211972309
BoilingPoint,gray_message_bits,18,87.3,2240.5354944594574
BoilingPoint,gray_message_bits,19,1032.0,1524.4688177224732
BoilingPoint,gray_message_bits,20,1757.0,1695.4870616499247
BoilingPoint,gray_message_bits,21,3109.0,1812.4038245920906
BoilingPoint,gray_message_bits,22,3560.0,1294.7650887438854
BoilingPoint,gray_message_bits,23,3680.0,1177.8483258017195
BoilingPoint,gray_message_bits,24,2944.0,1305.059399189376
BoilingPoint,gray_message_bits,25,2334.0,1421.976162131542
BoilingPoint,gray_message_bits,26,3134.0,1939.6148979797472
BoilingPoint,gray_message_bits,27,3200.0,1822.6981350375813
BoilingPoint,gray_message_bits,28,3186.0,1651.67989111013
BoilingPoint,gray_message_bits,29,2835.0,1768.596654052296
BoilingPoint,gray_message_bits,30,1180.0,1250.9579182040907
BoilingPoint,gray_message_bits,31,2477.0,1134.0411552619248
BoilingPoint,gray_message_bits,32,3106.0,2290.960609345192
BoilingPoint,gray_message_bits,33,887.0,2407.877372287358
BoilingPoint,gray_message_bits,34,958.0,2925.516108135563
BoilingPoint,gray_message_bits,35,331.95,2808.599345193397
BoilingPoint,gray_message_bits,36,119.93,2979.6175891208486
BoilingPoint,gray_message_bits,37,961.0,2532.94542279064
BoilingPoint,gray_message_bits,38,1655.0,2140.454534394526
BoilingPoint,gray_message_bits,39,3618.0,1935.2786382838694
BoilingPoint,gray_message_bits,40,4682.0,1612.974369677133
BoilingPoint,gray_message_bits,41,5017.0,1818.1502657877895
BoilingPoint,gray_message_bits,42,4912.0,2210.6411541839034
BoilingPoint,gray_message_bits,43,4538.0,2005.465258073247
BoilingPoint,gray_message_bits,44,4423.0,1601.6616117087483
BoilingPoint,gray_message_bits,45,3968.0,1806.837507819405
BoilingPoint,gray_message_bits,46,3236.0,1414.3466194232908
BoilingPoint,gray_message_bits,47,2435.0,1209.1707233126344
BoilingPoint,gray_message_bits,48,1040.0,1653.4281915190181
BoilingPoint,gray_message_bits,49,2345.0,1858.6040876296745
BoilingPoint,gray_message_bits,50,2875.0,2251.0949760257886
BoilingPoint,gray_message_bits,51,1860.0,2045.919079915132
BoilingPoint,gray_message_bits,52,1261.0,2449.7227262796305
BoilingPoint,gray_message_bits,53,457.55,2654.898622390287
BoilingPoint,gray_message_bits,54,165.03,2262.407733994173
BoilingPoint,gray_message_bits,55,944.0,1811.7459560741775
BoilingPoint,gray_message_bits,56,2170.0,1585.7329708279144
BoilingPoint,gray_message_bits,57,3737.0,1743.1884626881663
BoilingPoint,gray_message_bits,58,3697.0,1972.4255642817357
BoilingPoint,gray_message_bits,59,3793.0,1814.970072421484
BoilingPoint,gray_message_bits,60,3347.0,1434.766211909076
BoilingPoint,gray_message_bits,61,3273.0,1592.221703769328
BoilingPoint,gray_message_bits,62,2067.0,1362.9846021757585
BoilingPoint,gray_message_bits,63,1802.0,1205.5291103155068
BoilingPoint,gray_message_bits,64,3546.0,2144.066119689709
BoilingPoint,gray_message_bits,65,3503.0,2301.5216115499607
BoilingPoint,gray_message_bits,66,2840.0,2530.7587131435303
BoilingPoint,gray_message_bits,67,2973.0,2373.303221283278
BoilingPoint,gray_message_bits,68,3141.0,2753.507081795686
BoilingPoint,gray_message_bits,69,2223.0,2910.962573655938
BoilingPoint,gray_message_bits,70,1469.0,2681.7254720623687
BoilingPoint,gray_message_bits,71,3675.0,2524.2699802021166
BoilingPoint,gray_message_bits,72,4876.0,2750.2829654483794
BoilingPoint,gray_message_bits,73,5731.0,2907.7384573086315
BoilingPoint,gray_message_bits,74,5828.0,3136.975558902201
BoilingPoint,gray_message_bits,75,5869.0,2979.520067041949
BoilingPoint,gray_message_bits,76,5285.0,2599.3162065295414
BoilingPoint,gray_message_bits,77,4701.0,2756.7716983897935
BoilingPoint,gray_message_bits,78,4098.0,2527.534596796224
BoilingPoint,gray_message_bits,79,3129.0,2370.079104935972
BoilingPoint,gray_message_bits,80,629.88,3285.5114168691503
BoilingPoint,gray_message_bits,81,1746.0,3442.9669087294023
BoilingPoint,gray_message_bits,82,2022.0,3672.204010322972
BoilingPoint,gray_message_bits,83,1837.0,3514.74851846272
BoilingPoint,gray_message_bits,84,1235.0,3894.952378975128
BoilingPoint,gray_message_bits,86,211.45,3823.17076924181
BoilingPoint,gray_message_bits,88,1413.0,3177.8000310906486
BoilingPoint,gray_message_bits,89,3471.0,3227.346368343836
BoilingPoint,gray_message_bits,90,5061.0,3486.8948551930916
BoilingPoint,gray_message_bits,92,4404.0,2996.7756326698204
BoilingPoint,gray_message_bits,93,4175.0,3046.3219699230076
BoilingPoint,gray_message_bits,94,3501.0,2786.7734830737522
BoilingPoint,gray_message_bits,95,2284.0,2737.227145820565
BoilingPoint,gray_message_bits,96,3400.0,2149.48356614689
BoilingPoint,gray_golay_bits,1,20.28,1993.1495755276724
BoilingPoint,gray_golay_bits,2,4.22,2484.608882297761
BoilingPoint,gray_golay_bits,3,1615.0,1793.5101687616107
BoilingPoint,gray_golay_bits,4,2744.0,2823.303066271317
BoilingPoint,gray_golay_bits,5,4273.0,2165.9648082408353
BoilingPoint,gray_golay_bits,6,4098.0,2806.648093006558
BoilingPoint,gray_golay_bits,7,77.36,1373.5579670740517
BoilingPoint,gray_golay_bits,8,90.2,2334.582045301859
BoilingPoint,gray_golay_bits,9,85.03,2408.626084480569
BoilingPoint,gray_golay_bits,10,27.07,3084.647740258342
BoilingPoint,gray_golay_bits,11,1156.0,2251.998714050894
BoilingPoint,gray_golay_bits,12,1363.0,1714.0076660430082
BoilingPoint,gray_golay_bits,13,2792.0,2618.0257074405863
BoilingPoint,gray_golay_bits,14,3538.0,1508.6512146988148
BoilingPoint,gray_golay_bits,15,553.65,1803.4090026580343
BoilingPoint,gray_golay_bits,16,717.75,1605.785939624203
BoilingPoint,gray_golay_bits,17,239.11,2289.926062478712
BoilingPoint,gray_golay_bits,18,87.3,1885.1042099115543
BoilingPoint,gray_golay_bits,19,1032.0,2404.6494938956916
BoilingPoint,gray_golay_bits,20,1757.0,2354.7224680104478
BoilingPoint,gray_golay_bits,21,3109.0,1726.333284205356
BoilingPoint,gray_golay_bits,22,3560.0,1174.4194660791516
BoilingPoint,gray_golay_bits,23,3680.0,1404.9602976968563
BoilingPoint,gray_golay_bits,24,2944.0,1802.3952088418064
BoilingPoint,gray_golay_bits,25,2334.0,1394.9984808873116
BoilingPoint,gray_golay_bits,26,3134.0,1700.7306257386006
BoilingPoint,gray_golay_bits,27,3200.0,2267.247727326512
BoilingPoint,gray_golay_bits,28,3186.0,1595.1273246378921
BoilingPoint,gray_golay_bits,29,2835.0,2321.7838224406846
BoilingPoint,gray_golay_bits,30,1180.0,771.2364381479922
BoilingPoint,gray_golay_bits,31,2477.0,1643.9987204907889
BoilingPoint,gray_golay_bits,32,3106.0,3036.4649317438825
BoilingPoint,gray_golay_bits,33,887.0,1956.0141390035008
BoilingPoint,gray_golay_bits,34,958.0,3371.6054680550105
BoilingPoint,gray_golay_bits,35,331.95,2391.4582660283672
BoilingPoint,gray_golay_bits,36,119.93,4132.433630006204
BoilingPoint,gray_golay_bits,37,961.0,2245.829562501047
BoilingPoint,gray_golay_bits,38,1655.0,1777.997054635328
BoilingPoint,gray_golay_bits,39,3618.0,1987.5647257320984
BoilingPoint,gray_golay_bits,40,4682.0,1425.4229465326569
BoilingPoint,gray_golay_bits,41,5017.0,2154.7762571657413
BoilingPoint,gray_golay_bits,42,4912.0,1767.8991444170906
BoilingPoint,gray_golay_bits,43,4538.0,2152.751379005226
BoilingPoint,gray_golay_bits,44,4423.0,2183.9610968697843
BoilingPoint,gray_golay_bits,45,3968.0,1387.361060214526
BoilingPoint,gray_golay_bits,46,3236.0,898.0492049928262
BoilingPoint,gray_golay_bits,47,2435.0,1472.7816595698039
BoilingPoint,gray_golay_bits,48,1040.0,1737.8588567235602
BoilingPoint,gray_golay_bits,49,2345.0,1936.642928642945
BoilingPoint,gray_golay_bits,50,2875.0,2461.5770048112017
BoilingPoint,gray_golay_bits,51,1860.0,1553.3761002792216
BoilingPoint,gray_golay_bits,52,1261.0,1993.4237546190238
BoilingPoint,gray_golay_bits,53,457.55,3230.897689607168
BoilingPoint,gray_golay_bits,54,165.03,1882.9612281700608
BoilingPoint,gray_golay_bits,55,944.0,2406.835178845816
BoilingPoint,gray_golay_bits,56,2170.0,1343.8606706124156
BoilingPoint,gray_golay_bits,57,3737.0,2067.068587548926
BoilingPoint,gray_golay_bits,58,3697.0,1971.4357829174733
BoilingPoint,gray_golay_bits,59,3793.0,1831.3814438875322
BoilingPoint,gray_golay_bits,60,3347.0,1552.6882061265392
BoilingPoint,gray_golay_bits,61,3273.0,1491.97586794327
BoilingPoint,gray_golay_bits,62,2067.0,1678.6897387089068
BoilingPoint,gray_golay_bits,63,1802.0,1002.3433684623362
BoilingPoint,gray_golay_bits,64,3546.0,3011.0281464288914
BoilingPoint,gray_golay_bits,65,3503.0,1639.2705214643047
BoilingPoint,gray_golay_bits,66,2840.0,2543.2386581420797
BoilingPoint,gray_golay_bits,67,2973.0,2498.9479783947795
BoilingPoint,gray_golay_bits,68,3141.0,2813.112561158893
BoilingPoint,gray_golay_bits,69,2223.0,2958.9702263680656
BoilingPoint,gray_golay_bits,70,1469.0,2975.4989580569227
BoilingPoint,gray_golay_bits,71,3675.0,2432.9528625714693
BoilingPoint,gray_golay_bits,72,4876.0,3470.873474091789
BoilingPoint,gray_golay_bits,73,5731.0,2373.231875386382
BoilingPoint,gray_golay_bits,74,5828.0,2502.9212950251363
BoilingPoint,gray_golay_bits,75,5869.0,3733.072023096698
BoilingPoint,gray_golay_bits,76,5285.0,2443.295820690744
BoilingPoint,gray_golay_bits,77,4701.0,3034.544344695894
BoilingPoint,gray_golay_bits,78,4098.0,2842.030860668053
BoilingPoint,gray_golay_bits,79,3129.0,2272.1783378200184
BoilingPoint,gray_golay_bits,80,629.88,3442.3830187341446
BoilingPoint,gray_golay_bits,81,1746.0,3427.75041489633
BoilingPoint,gray_golay_bits,82,2022.0,3577.888352158067
BoilingPoint,gray_golay_bits,83,1837.0,3684.1330501160714
BoilingPoint,gray_golay_bits,84,1235.0,3318.2723870367768
BoilingPoint,gray_golay_bits,86,211.45,3936.34369850028
BoilingPoint,gray_golay_bits,88,1413.0,3222.0826059829824
BoilingPoint,gray_golay_bits,89,3471.0,3440.764213665861
BoilingPoint,gray_golay_bits,90,5061.0,3493.822793142933
BoilingPoint,gray_golay_bits,92,4404.0,2993.096767194046
BoilingPoint,gray_golay_bits,93,4175.0,3295.7366483742635
BoilingPoint,gray_golay_bits,94,3501.0,3056.248663278382
BoilingPoint,gray_golay_bits,95,2284.0,2415.5640041761662
BoilingPoint,gray_golay_bits,96,3400.0,1594.6904040623585
BoilingPoint,gray_mog_planar,1,20.28,2508.6220590251114
BoilingPoint,gray_mog_planar,2,4.22,2748.706244773477
BoilingPoint,gray_mog_planar,3,1615.0,1896.6707251141502
BoilingPoint,gray_mog_planar,4,2744.0,1757.5655516023876
BoilingPoint,gray_mog_planar,5,4273.0,2603.416913531897
BoilingPoint,gray_mog_planar,6,4098.0,3096.8236965434994
BoilingPoint,gray_mog_planar,7,77.36,1598.3787466734984
BoilingPoint,gray_mog_planar,8,90.2,1924.5225319061756
BoilingPoint,gray_mog_planar,9,85.03,2674.809181750123
BoilingPoint,gray_mog_planar,10,27.07,3358.4100661517505
BoilingPoint,gray_mog_planar,11,1156.0,2213.418114131841
BoilingPoint,gray_mog_planar,12,1363.0,2202.305579575419
BoilingPoint,gray_mog_planar,13,2792.0,2983.237060267261
BoilingPoint,gray_mog_planar,14,3538.0,2794.996251951821
BoilingPoint,gray_mog_planar,15,553.65,2188.1770329241835
BoilingPoint,gray_mog_planar,16,717.75,2337.796675145301
BoilingPoint,gray_mog_planar,17,239.11,2866.931871207771
BoilingPoint,gray_mog_planar,18,87.3,2873.890776676828
BoilingPoint,gray_mog_planar,19,1032.0,2675.943740409721
BoilingPoint,gray_mog_planar,20,1757.0,2442.8147763392553
BoilingPoint,gray_mog_planar,21,3109.0,-59.662632290660895
BoilingPoint,gray_mog_planar,22,3560.0,1623.4317440476198
BoilingPoint,gray_mog_planar,23,3680.0,2536.978773773733
BoilingPoint,gray_mog_planar,24,2944.0,1696.9309863110195
BoilingPoint,gray_mog_planar,25,2334.0,2436.9900535973916
BoilingPoint,gray_mog_planar,26,3134.0,2366.2411878837665
BoilingPoint,gray_mog_planar,27,3200.0,2395.361253769671
BoilingPoint,gray_mog_planar,28,3186.0,2183.9334724219148
BoilingPoint,gray_mog_planar,29,2835.0,2273.8557951307625
BoilingPoint,gray_mog_planar,30,1180.0,1962.5218280953902
BoilingPoint,gray_mog_planar,31,2477.0,2676.927237617446
BoilingPoint,gray_mog_planar,32,3106.0,2852.520753854639
BoilingPoint,gray_mog_planar,33,887.0,2107.37044520634
BoilingPoint,gray_mog_planar,34,958.0,2834.817969593768
BoilingPoint,gray_mog_planar,35,331.95,3135.545628840371
BoilingPoint,gray_mog_planar,36,119.93,2543.2147488390415
BoilingPoint,gray_mog_planar,37,961.0,1987.7501728005498
BoilingPoint,gray_mog_planar,38,1655.0,2652.1550755592766
BoilingPoint,gray_mog_planar,39,3618.0,2078.383155422297
BoilingPoint,gray_mog_planar,40,4682.0,2230.241726870314
BoilingPoint,gray_mog_planar,41,5017.0,2468.9836720567328
BoilingPoint,gray_mog_planar,42,4912.0,3198.2681891044567
BoilingPoint,gray_mog_planar,43,4538.0,2300.0286245542184
BoilingPoint,gray_mog_planar,44,4423.0,2209.04729549152
BoilingPoint,gray_mog_planar,45,3968.0,2608.667623073153
BoilingPoint,gray_mog_planar,46,3236.0,2233.729882820468
BoilingPoint,gray_mog_planar,47,2435.0,2789.2898256415433
BoilingPoint,gray_mog_planar,48,1040.0,1919.126143445168
BoilingPoint,gray_mog_planar,49,2345.0,2492.0461407302637
BoilingPoint,gray_mog_planar,50,2875.0,2985.171377368037
BoilingPoint,gray_mog_planar,51,1860.0,2055.4494832927458
BoilingPoint,gray_mog_planar,52,1261.0,2034.8321710850655
BoilingPoint,gray_mog_planar,53,457.55,3216.1183643427253
BoilingPoint,gray_mog_planar,54,165.03,3392.1033751842297
BoilingPoint,gray_mog_planar,55,944.0,1923.4404212283162
BoilingPoint,gray_mog_planar,56,2170.0,892.8749358680066
BoilingPoint,gray_mog_planar,57,3737.0,2560.660522392087
BoilingPoint,gray_mog_planar,58,3697.0,2596.04256492534
BoilingPoint,gray_mog_planar,59,3793.0,1380.0689159839494
BoilingPoint,gray_mog_planar,60,3347.0,1194.8122833768011
BoilingPoint,gray_mog_planar,61,3273.0,2392.7238420903795
BoilingPoint,gray_mog_planar,62,2067.0,2749.3773905663115
BoilingPoint,gray_mog_planar,63,1802.0,1777.4721955290302
BoilingPoint,gray_mog_planar,64,3546.0,2419.359668075047
BoilingPoint,gray_mog_planar,65,3503.0,2304.161840950713
BoilingPoint,gray_mog_planar,66,2840.0,2220.9026550982276
BoilingPoint,gray_mog_planar,67,2973.0,2769.271129345782
BoilingPoint,gray_mog_planar,68,3141.0,2411.1856084696733
BoilingPoint,gray_mog_planar,69,2223.0,2214.255714405337
BoilingPoint,gray_mog_planar,70,1469.0,2354.339888569928
BoilingPoint,gray_mog_planar,71,3675.0,2491.3703696159537
BoilingPoint,gray_mog_planar,72,4876.0,2381.348269199036
BoilingPoint,gray_mog_planar,73,5731.0,2132.9347083285697
BoilingPoint,gray_mog_planar,74,5828.0,2540.535057024521
BoilingPoint,gray_mog_planar,75,5869.0,2341.3241464862067
BoilingPoint,gray_mog_planar,76,5285.0,2192.911761974828
BoilingPoint,gray_mog_planar,77,4701.0,2502.8021192319648
BoilingPoint,gray_mog_planar,78,4098.0,2370.588292212004
BoilingPoint,gray_mog_planar,79,3129.0,2261.106543095317
BoilingPoint,gray_mog_planar,80,629.88,2177.750181257242
BoilingPoint,gray_mog_planar,81,1746.0,4215.065250877195
BoilingPoint,gray_mog_planar,82,2022.0,3532.7377305923837
BoilingPoint,gray_mog_planar,83,1837.0,2390.601690225673
BoilingPoint,gray_mog_planar,84,1235.0,2128.5808783195216
BoilingPoint,gray_mog_planar,86,211.45,3754.5071015107187
BoilingPoint,gray_mog_planar,88,1413.0,1704.4217528762279
BoilingPoint,gray_mog_planar,89,3471.0,3066.627447299916
BoilingPoint,gray_mog_planar,90,5061.0,3237.76783357393
BoilingPoint,gray_mog_planar,92,4404.0,2218.7163933453185
BoilingPoint,gray_mog_planar,93,4175.0,2818.7163151214822
BoilingPoint,gray_mog_planar,94,3501.0,2642.662266086022
BoilingPoint,gray_mog_planar,95,2284.0,2483.117844901766
BoilingPoint,gray_mog_planar,96,3400.0,1079.9830073257724
BoilingPoint,gray_mog_stacked,1,20.28,2102.066614133326
BoilingPoint,gray_mog_stacked,2,4.22,2935.7862079120987
BoilingPoint,gray_mog_stacked,3,1615.0,2246.7077924660052
BoilingPoint,gray_mog_stacked,4,2744.0,1692.7585983014405
BoilingPoint,gray_mog_stacked,5,4273.0,2584.982736075146
BoilingPoint,gray_mog_stacked,6,4098.0,3189.38905159345
BoilingPoint,gray_mog_stacked,7,77.36,1394.592317676323
BoilingPoint,gray_mog_stacked,8,90.2,1775.933896040496
BoilingPoint,gray_mog_stacked,9,85.03,2619.9879371792417
BoilingPoint,gray_mog_stacked,10,27.07,3359.926291254006
BoilingPoint,gray_mog_stacked,11,1156.0,1910.6664852353138
BoilingPoint,gray_mog_stacked,12,1363.0,2277.7207102867865
BoilingPoint,gray_mog_stacked,13,2792.0,2622.570397482285
BoilingPoint,gray_mog_stacked,14,3538.0,2370.4272186475237
BoilingPoint,gray_mog_stacked,15,553.65,1984.1684580965357
BoilingPoint,gray_mog_stacked,16,717.75,2258.6202772993192
BoilingPoint,gray_mog_stacked,17,239.11,2650.100326505651
BoilingPoint,gray_mog_stacked,18,87.3,2897.7817112437447
BoilingPoint,gray_mog_stacked,19,1032.0,2685.5314841494323
BoilingPoint,gray_mog_stacked,20,1757.0,2751.988187620375
BoilingPoint,gray_mog_stacked,21,3109.0,1053.8708136813427
BoilingPoint,gray_mog_stacked,22,3560.0,2017.1493423743163
BoilingPoint,gray_mog_stacked,23,3680.0,2760.8199616671736
BoilingPoint,gray_mog_stacked,24,2944.0,1606.1248787925633
BoilingPoint,gray_mog_stacked,25,2334.0,2176.029995165631
BoilingPoint,gray_mog_stacked,26,3134.0,2622.7552328911006
BoilingPoint,gray_mog_stacked,27,3200.0,2232.717612201576
BoilingPoint,gray_mog_stacked,28,3186.0,1893.183692981465
BoilingPoint,gray_mog_stacked,29,2835.0,2181.3579233316323
BoilingPoint,gray_mog_stacked,30,1180.0,1608.8795785887637
BoilingPoint,gray_mog_stacked,31,2477.0,2713.9926677546705
BoilingPoint,gray_mog_stacked,32,3106.0,2717.112727937115
BoilingPoint,gray_mog_stacked,33,887.0,1900.6881283356913
BoilingPoint,gray_mog_stacked,34,958.0,2431.2958139471266
BoilingPoint,gray_mog_stacked,35,331.95,3066.040361387551
BoilingPoint,gray_mog_stacked,36,119.93,2721.7419044313365
BoilingPoint,gray_mog_stacked,37,961.0,2188.569889352607
BoilingPoint,gray_mog_stacked,38,1655.0,2708.777016070496
BoilingPoint,gray_mog_stacked,39,3618.0,2474.576905866472
BoilingPoint,gray_mog_stacked,40,4682.0,2258.5354289962006
BoilingPoint,gray_mog_stacked,41,5017.0,2423.5395245547743
BoilingPoint,gray_mog_stacked,42,4912.0,3059.1378508800417
BoilingPoint,gray_mog_stacked,43,4538.0,2176.219336417164
BoilingPoint,gray_mog_stacked,44,4423.0,2174.481652478318
BoilingPoint,gray_mog_stacked,45,3968.0,2614.924884612863
BoilingPoint,gray_mog_stacked,46,3236.0,2164.1799379616964
BoilingPoint,gray_mog_stacked,47,2435.0,3049.88231722798
BoilingPoint,gray_mog_stacked,48,1040.0,2200.3590226273186
BoilingPoint,gray_mog_stacked,49,2345.0,2677.8978246049805
BoilingPoint,gray_mog_stacked,50,2875.0,3287.7518771395917
BoilingPoint,gray_mog_stacked,51,1860.0,2080.1599906468173
BoilingPoint,gray_mog_stacked,52,1261.0,1982.5092469389788
BoilingPoint,gray_mog_stacked,53,457.55,3003.4946488276487
BoilingPoint,gray_mog_stacked,54,165.03,3346.954328715181
BoilingPoint,gray_mog_stacked,55,944.0,2449.1123431303245
BoilingPoint,gray_mog_stacked,56,2170.0,950.11763225707
BoilingPoint,gray_mog_stacked,57,3737.0,3004.392678682586
BoilingPoint,gray_mog_stacked,58,3697.0,2450.244372822455
BoilingPoint,gray_mog_stacked,59,3793.0,2085.8815510301138
BoilingPoint,gray_mog_stacked,60,3347.0,974.3223980063674
BoilingPoint,gray_mog_stacked,61,3273.0,2470.654729124133
BoilingPoint,gray_mog_stacked,62,2067.0,3450.9909195105834
BoilingPoint,gray_mog_stacked,63,1802.0,1930.5063983459943
BoilingPoint,gray_mog_stacked,64,3546.0,2000.8506399699784
BoilingPoint,gray_mog_stacked,65,3503.0,2811.695333342754
BoilingPoint,gray_mog_stacked,66,2840.0,2175.5018579084435
BoilingPoint,gray_mog_stacked,67,2973.0,2342.80384287529
BoilingPoint,gray_mog_stacked,68,3141.0,2137.2312957948875
BoilingPoint,gray_mog_stacked,69,2223.0,2169.0596712138868
BoilingPoint,gray_mog_stacked,70,1469.0,1824.6429316612073
BoilingPoint,gray_mog_stacked,71,3675.0,2892.210221150252
BoilingPoint,gray_mog_stacked,72,4876.0,2682.867828352751
BoilingPoint,gray_mog_stacked,73,5731.0,2238.0673993129353
BoilingPoint,gray_mog_stacked,74,5828.0,2421.3329247562187
BoilingPoint,gray_mog_stacked,75,5869.0,2172.348168251087
BoilingPoint,gray_mog_stacked,76,5285.0,1807.9996975288914
BoilingPoint,gray_mog_stacked,77,4701.0,1888.1769907712364
BoilingPoint,gray_mog_stacked,78,4098.0,2422.7739048873964
BoilingPoint,gray_mog_stacked,79,3129.0,2042.1624308911162
BoilingPoint,gray_mog_stacked,80,629.88,2650.410898267431
BoilingPoint,gray_mog_stacked,81,1746.0,5176.315901168833
BoilingPoint,gray_mog_stacked,82,2022.0,3845.0339601557
BoilingPoint,gray_mog_stacked,83,1837.0,1825.2256063363156
BoilingPoint,gray_mog_stacked,84,1235.0,1842.313925835335
BoilingPoint,gray_mog_stacked,86,211.45,3744.675726022856
BoilingPoint,gray_mog_stacked,88,1413.0,1808.6480228905452
BoilingPoint,gray_mog_stacked,89,3471.0,2943.2363300672723
BoilingPoint,gray_mog_stacked,90,5061.0,3105.5937484773567
BoilingPoint,gray_mog_stacked,92,4404.0,2108.7511021731916
BoilingPoint,gray_mog_stacked,93,4175.0,2783.4088960794984
BoilingPoint,gray_mog_stacked,94,3501.0,2719.4736386598624
BoilingPoint,gray_mog_stacked,95,2284.0,2254.5971873435465
BoilingPoint,gray_mog_stacked,96,3400.0,991.5446504992997
BoilingPoint,gray_mog_cylinder,1,20.28,2437.3513994942714
BoilingPoint,gray_mog_cylinder,2,4.22,2763.945802862645
BoilingPoint,gray_mog_cylinder,3,1615.0,2017.5192481198342
BoilingPoint,gray_mog_cylinder,4,2744.0,1735.5628055352952
BoilingPoint,gray_mog_cylinder,5,4273.0,2603.956838768959
BoilingPoint,gray_mog_cylinder,6,4098.0,2921.268898339148
BoilingPoint,gray_mog_cylinder,7,77.36,1416.3737209846265
BoilingPoint,gray_mog_cylinder,8,90.2,1886.3354387170104
BoilingPoint,gray_mog_cylinder,9,85.03,2639.964349474355
BoilingPoint,gray_mog_cylinder,10,27.07,3399.0327705919417
BoilingPoint,gray_mog_cylinder,11,1156.0,2281.5244364052314
BoilingPoint,gray_mog_cylinder,12,1363.0,2025.8578656416632
BoilingPoint,gray_mog_cylinder,13,2792.0,2931.5346731451114
BoilingPoint,gray_mog_cylinder,14,3538.0,2660.324279036447
BoilingPoint,gray_mog_cylinder,15,553.65,2356.902529662413
BoilingPoint,gray_mog_cylinder,16,717.75,2266.3265408593047
BoilingPoint,gray_mog_cylinder,17,239.11,2751.4907179831916
BoilingPoint,gray_mog_cylinder,18,87.3,3041.995303614657
BoilingPoint,gray_mog_cylinder,19,1032.0,2628.429710934769
BoilingPoint,gray_mog_cylinder,20,1757.0,2788.332815409752
BoilingPoint,gray_mog_cylinder,21,3109.0,941.9633402648137
BoilingPoint,gray_mog_cylinder,22,3560.0,1835.9042954803776
BoilingPoint,gray_mog_cylinder,23,3680.0,2817.5563180675713
BoilingPoint,gray_mog_cylinder,24,2944.0,1462.2477805660537
BoilingPoint,gray_mog_cylinder,25,2334.0,1964.8524676760867
BoilingPoint,gray_mog_cylinder,26,3134.0,2377.8314786008063
BoilingPoint,gray_mog_cylinder,27,3200.0,2277.7463617579892
BoilingPoint,gray_mog_cylinder,28,3186.0,1917.861076052918
BoilingPoint,gray_mog_cylinder,29,2835.0,1962.2798261678213
BoilingPoint,gray_mog_cylinder,30,1180.0,1463.062187162033
BoilingPoint,gray_mog_cylinder,31,2477.0,2677.8381709167097
BoilingPoint,gray_mog_cylinder,32,3106.0,2674.482227950747
BoilingPoint,gray_mog_cylinder,33,887.0,1920.2021883010111
BoilingPoint,gray_mog_cylinder,34,958.0,2600.484684342142
BoilingPoint,gray_mog_cylinder,35,331.95,2977.674512758281
BoilingPoint,gray_mog_cylinder,36,119.93,2818.9663477921154
BoilingPoint,gray_mog_cylinder,37,961.0,2189.981061309256
BoilingPoint,gray_mog_cylinder,38,1655.0,2606.0054501784925
BoilingPoint,gray_mog_cylinder,39,3618.0,2170.271048200056
BoilingPoint,gray_mog_cylinder,40,4682.0,2205.52489127027
BoilingPoint,gray_mog_cylinder,41,5017.0,2460.4341358643105
BoilingPoint,gray_mog_cylinder,42,4912.0,3118.9936799676198
BoilingPoint,gray_mog_cylinder,43,4538.0,2320.031145116298
BoilingPoint,gray_mog_cylinder,44,4423.0,2235.237957785552
BoilingPoint,gray_mog_cylinder,45,3968.0,2314.7646588844764
BoilingPoint,gray_mog_cylinder,46,3236.0,2184.3770692947214
BoilingPoint,gray_mog_cylinder,47,2435.0,2877.77715505052
BoilingPoint,gray_mog_cylinder,48,1040.0,2036.6196521119462
BoilingPoint,gray_mog_cylinder,49,2345.0,2579.9722668542445
BoilingPoint,gray_mog_cylinder,50,2875.0,3132.908658201199
BoilingPoint,gray_mog_cylinder,51,1860.0,1986.9303280728361
BoilingPoint,gray_mog_cylinder,52,1261.0,2146.848277161657
BoilingPoint,gray_mog_cylinder,53,457.55,3115.903720770695
BoilingPoint,gray_mog_cylinder,54,165.03,3410.0349657191787
BoilingPoint,gray_mog_cylinder,55,944.0,2518.539910123929
BoilingPoint,gray_mog_cylinder,56,2170.0,698.4548903336363
BoilingPoint,gray_mog_cylinder,57,3737.0,2451.8662630682975
BoilingPoint,gray_mog_cylinder,58,3697.0,2805.41456088185
BoilingPoint,gray_mog_cylinder,59,3793.0,1980.9564912251908
BoilingPoint,gray_mog_cylinder,60,3347.0,624.6204246376021
BoilingPoint,gray_mog_cylinder,61,3273.0,2514.6225077722524
BoilingPoint,gray_mog_cylinder,62,2067.0,2689.0160647010707
BoilingPoint,gray_mog_cylinder,63,1802.0,2073.117888745066
BoilingPoint,gray_mog_cylinder,64,3546.0,2006.444241689434
BoilingPoint,gray_mog_cylinder,65,3503.0,1991.2466924009284
BoilingPoint,gray_mog_cylinder,66,2840.0,2142.0020382507555
BoilingPoint,gray_mog_cylinder,67,2973.0,3289.4764793756995
BoilingPoint,gray_mog_cylinder,68,3141.0,2260.567863298375
BoilingPoint,gray_mog_cylinder,69,2223.0,2212.6804591165237
BoilingPoint,gray_mog_cylinder,70,1469.0,2177.8400651046545
BoilingPoint,gray_mog_cylinder,71,3675.0,2662.02101849241
BoilingPoint,gray_mog_cylinder,72,4876.0,2258.0834234886406
BoilingPoint,gray_mog_cylinder,73,5731.0,2058.335451180404
BoilingPoint,gray_mog_cylinder,74,5828.0,2455.4037784827374
BoilingPoint,gray_mog_cylinder,75,5869.0,2352.888144982129
BoilingPoint,gray_mog_cylinder,76,5285.0,2102.061365877281
BoilingPoint,gray_mog_cylinder,77,4701.0,2436.6687137797917
BoilingPoint,gray_mog_cylinder,78,4098.0,2250.0713004854033
BoilingPoint,gray_mog_cylinder,79,3129.0,2269.043786711295
BoilingPoint,gray_mog_cylinder,80,629.88,2048.7286553812005
BoilingPoint,gray_mog_cylinder,81,1746.0,4971.26431161622
BoilingPoint,gray_mog_cylinder,82,2022.0,3762.8593374936154
BoilingPoint,gray_mog_cylinder,83,1837.0,2365.906697061155
BoilingPoint,gray_mog_cylinder,84,1235.0,2066.246070054942
BoilingPoint,gray_mog_cylinder,86,211.45,4002.5119931089093
BoilingPoint,gray_mog_cylinder,88,1413.0,1758.0826079082399
BoilingPoint,gray_mog_cylinder,89,3471.0,3063.8125385370345
BoilingPoint,gray_mog_cylinder,90,5061.0,3156.6902194181857
BoilingPoint,gray_mog_cylinder,92,4404.0,2218.9747224404896
BoilingPoint,gray_mog_cylinder,93,4175.0,2703.3962167965055
BoilingPoint,gray_mog_cylinder,94,3501.0,2556.026520830423
BoilingPoint,gray_mog_cylinder,95,2284.0,2518.7207518375662
BoilingPoint,gray_mog_cylinder,96,3400.0,490.29674579991183
BoilingPoint,gray_mog_sphere,1,20.28,2278.45518675953
BoilingPoint,gray_mog_sphere,2,4.22,4335.404918141999
BoilingPoint,gray_mog_sphere,3,1615.0,2223.312021802677
BoilingPoint,gray_mog_sphere,4,2744.0,1738.4763422893552
BoilingPoint,gray_mog_sphere,5,4273.0,2819.5348815228144
BoilingPoint,gray_mog_sphere,6,4098.0,2981.069110403099
BoilingPoint,gray_mog_sphere,7,77.36,1276.6791609788684
BoilingPoint,gray_mog_sphere,8,90.2,2380.3900866184595
BoilingPoint,gray_mog_sphere,9,85.03,2277.0109032596934
BoilingPoint,gray_mog_sphere,10,27.07,3384.061206565722
BoilingPoint,gray_mog_sphere,11,1156.0,1921.7146860655257
BoilingPoint,gray_mog_sphere,12,1363.0,2095.20609835627
BoilingPoint,gray_mog_sphere,13,2792.0,2880.2423860332697
BoilingPoint,gray_mog_sphere,14,3538.0,2264.30896524598
BoilingPoint,gray_mog_sphere,15,553.65,2279.297437141686
BoilingPoint,gray_mog_sphere,16,717.75,1930.2638500859994
BoilingPoint,gray_mog_sphere,17,239.11,3038.465072875921
BoilingPoint,gray_mog_sphere,18,87.3,2721.0982566368016
BoilingPoint,gray_mog_sphere,19,1032.0,2867.288614088137
BoilingPoint,gray_mog_sphere,20,1757.0,2766.779579674748
BoilingPoint,gray_mog_sphere,21,3109.0,1513.0235671265484
BoilingPoint,gray_mog_sphere,22,3560.0,1673.5176566825241
BoilingPoint,gray_mog_sphere,23,3680.0,2660.055670038055
BoilingPoint,gray_mog_sphere,24,2944.0,2076.4426147843865
BoilingPoint,gray_mog_sphere,25,2334.0,1473.3000208062008
BoilingPoint,gray_mog_sphere,26,3134.0,2072.553078932598
BoilingPoint,gray_mog_sphere,27,3200.0,2213.331596733552
BoilingPoint,gray_mog_sphere,28,3186.0,1572.7413850496944
BoilingPoint,gray_mog_sphere,29,2835.0,2377.429190801325
BoilingPoint,gray_mog_sphere,30,1180.0,1909.0834899043173
BoilingPoint,gray_mog_sphere,31,2477.0,2134.5969731398313
BoilingPoint,gray_mog_sphere,32,3106.0,2731.8694236939755
BoilingPoint,gray_mog_sphere,33,887.0,2087.1092115053116
BoilingPoint,gray_mog_sphere,34,958.0,2363.356191232865
BoilingPoint,gray_mog_sphere,35,331.95,3212.106707740302
BoilingPoint,gray_mog_sphere,36,119.93,2898.333477252751
BoilingPoint,gray_mog_sphere,37,961.0,1908.5539776336855
BoilingPoint,gray_mog_sphere,38,1655.0,2562.518822640759
BoilingPoint,gray_mog_sphere,39,3618.0,2112.549319661264
BoilingPoint,gray_mog_sphere,40,4682.0,2203.4933652528675
BoilingPoint,gray_mog_sphere,41,5017.0,2543.4040956882554
BoilingPoint,gray_mog_sphere,42,4912.0,3279.0164505156094
BoilingPoint,gray_mog_sphere,43,4538.0,2007.444333396797
BoilingPoint,gray_mog_sphere,44,4423.0,2602.7553574174
BoilingPoint,gray_mog_sphere,45,3968.0,2136.9995132954045
BoilingPoint,gray_mog_sphere,46,3236.0,1980.2597283672103
BoilingPoint,gray_mog_sphere,47,2435.0,2767.763960859213
BoilingPoint,gray_mog_sphere,48,1040.0,1537.060287437428
BoilingPoint,gray_mog_sphere,49,2345.0,3185.046117831699
BoilingPoint,gray_mog_sphere,50,2875.0,2862.588183203551
BoilingPoint,gray_mog_sphere,51,1860.0,2318.3135393916723
BoilingPoint,gray_mog_sphere,52,1261.0,2279.5104312259455
BoilingPoint,gray_mog_sphere,53,457.55,2995.5156712381763
BoilingPoint,gray_mog_sphere,54,165.03,3213.1219397932755
BoilingPoint,gray_mog_sphere,55,944.0,2780.985968458599
BoilingPoint,gray_mog_sphere,56,2170.0,1275.5838487831393
BoilingPoint,gray_mog_sphere,57,3737.0,2039.4995934324902
BoilingPoint,gray_mog_sphere,58,3697.0,2718.224137354657
BoilingPoint,gray_mog_sphere,59,3793.0,820.2650432658372
BoilingPoint,gray_mog_sphere,60,3347.0,1704.6420577794213
BoilingPoint,gray_mog_sphere,61,3273.0,1967.33547580479
BoilingPoint,gray_mog_sphere,62,2067.0,2204.997182331703
BoilingPoint,gray_mog_sphere,63,1802.0,1792.173644662788
BoilingPoint,gray_mog_sphere,64,3546.0,2858.1882120531463
BoilingPoint,gray_mog_sphere,65,3503.0,1937.9360166367442
BoilingPoint,gray_mog_sphere,66,2840.0,2485.634964836492
BoilingPoint,gray_mog_sphere,67,2973.0,2190.063986804397
BoilingPoint,gray_mog_sphere,68,3141.0,2428.253690434266
BoilingPoint,gray_mog_sphere,69,2223.0,2191.166877328056
BoilingPoint,gray_mog_sphere,70,1469.0,2515.0377835975664
BoilingPoint,gray_mog_sphere,71,3675.0,2399.113494465717
BoilingPoint,gray_mog_sphere,72,4876.0,2326.2273822025404
BoilingPoint,gray_mog_sphere,73,5731.0,2582.4795420243418
BoilingPoint,gray_mog_sphere,74,5828.0,2386.250259133274
BoilingPoint,gray_mog_sphere,75,5869.0,3253.7947044327093
BoilingPoint,gray_mog_sphere,76,5285.0,2243.8244344196687
BoilingPoint,gray_mog_sphere,77,4701.0,3778.9168249536638
BoilingPoint,gray_mog_sphere,78,4098.0,2565.3949828326267
BoilingPoint,gray_mog_sphere,79,3129.0,2345.1776490031248
BoilingPoint,gray_mog_sphere,80,629.88,3513.6040919946686
BoilingPoint,gray_mog_sphere,81,1746.0,4015.8825471568093
BoilingPoint,gray_mog_sphere,82,2022.0,3722.0514714761334
BoilingPoint,gray_mog_sphere,83,1837.0,2819.338052999864
BoilingPoint,gray_mog_sphere,84,1235.0,2345.61590633508
BoilingPoint,gray_mog_sphere,86,211.45,4079.9610776446934
BoilingPoint,gray_mog_sphere,88,1413.0,1560.0794118523731
BoilingPoint,gray_mog_sphere,89,3471.0,3215.4162810715284
BoilingPoint,gray_mog_sphere,90,5061.0,3075.85372091196
BoilingPoint,gray_mog_sphere,92,4404.0,2414.5983611891957
BoilingPoint,gray_mog_sphere,93,4175.0,2799.484428921079
BoilingPoint,gray_mog_sphere,94,3501.0,2574.047984822584
BoilingPoint,gray_mog_sphere,95,2284.0,2450.0491680752216
BoilingPoint,gray_mog_sphere,96,3400.0,1372.727659182529
BoilingPoint,random_00,1,20.28,2103.1568720633727
BoilingPoint,random_00,2,4.22,1986.989594470458
BoilingPoint,random_00,3,1615.0,2970.4931058543566
BoilingPoint,random_00,4,2744.0,3219.430420281158
BoilingPoint,random_00,5,4273.0,1999.5128805053146
BoilingPoint,random_00,6,4098.0,2686.004929339405
BoilingPoint,random_00,7,77.36,2433.614848649965
BoilingPoint,random_00,8,90.2,2114.5735073000437
BoilingPoint,random_00,9,85.03,3525.9995177991896
BoilingPoint,random_00,10,27.07,2945.377675385373
BoilingPoint,random_00,11,1156.0,3498.0607153112405
BoilingPoint,random_00,12,1363.0,3445.4383561253385
BoilingPoint,random_00,13,2792.0,3201.6220681105888
BoilingPoint,random_00,14,3538.0,4291.8194341167355
BoilingPoint,random_00,15,553.65,2522.4841694671295
BoilingPoint,random_00,16,717.75,1408.2616886083388
BoilingPoint,random_00,17,239.11,2222.2959272624375
BoilingPoint,random_00,18,87.3,2396.506049304816
BoilingPoint,random_00,19,1032.0,1059.299912454261
BoilingPoint,random_00,20,1757.0,885.1217155084651
BoilingPoint,random_00,21,3109.0,2356.479009027239
BoilingPoint,random_00,22,3560.0,1387.2646718341778
BoilingPoint,random_00,23,3680.0,2570.193182422728
BoilingPoint,random_00,24,2944.0,1351.7772916109293
BoilingPoint,random_00,25,2334.0,1296.5053830746015
BoilingPoint,random_00,26,3134.0,2031.8087769727365
BoilingPoint,random_00,27,3200.0,2541.4186723538664
BoilingPoint,random_00,28,3186.0,1686.631680422185
BoilingPoint,random_00,29,2835.0,3124.6158704765107
BoilingPoint,random_00,30,1180.0,1498.951379587778
BoilingPoint,random_00,31,2477.0,2929.483906968695
BoilingPoint,random_00,32,3106.0,2061.986078303678
BoilingPoint,random_00,33,887.0,1927.2000577815436
BoilingPoint,random_00,34,958.0,3159.397137246255
BoilingPoint,random_00,35,331.95,1817.533059851226
BoilingPoint,random_00,36,119.93,2443.371386568505
BoilingPoint,random_00,37,961.0,2862.75844585116
BoilingPoint,random_00,38,1655.0,1985.5054390230734
BoilingPoint,random_00,39,3618.0,2978.85872086088
BoilingPoint,random_00,40,4682.0,3051.6155498091543
BoilingPoint,random_00,41,5017.0,2012.2927682297593
BoilingPoint,random_00,42,4912.0,2835.208697781472
BoilingPoint,random_00,43,4538.0,2417.7770495885547
BoilingPoint,random_00,44,4423.0,2838.136365242888
BoilingPoint,random_00,45,3968.0,3233.08197201281
BoilingPoint,random_00,46,3236.0,3293.1155273834593
BoilingPoint,random_00,47,2435.0,3133.179924353573
BoilingPoint,random_00,48,1040.0,1336.953870162143
BoilingPoint,random_00,49,2345.0,2015.2734100871633
BoilingPoint,random_00,50,2875.0,1440.085503972122
BoilingPoint,random_00,51,1860.0,2169.33185219386
BoilingPoint,random_00,52,1261.0,2137.022257322592
BoilingPoint,random_00,53,457.55,2022.7610489392746
BoilingPoint,random_00,54,165.03,2348.8549060816144
BoilingPoint,random_00,55,944.0,2174.397927892028
BoilingPoint,random_00,56,2170.0,2289.6235933900734
BoilingPoint,random_00,57,3737.0,2660.226352976933
BoilingPoint,random_00,58,3697.0,1825.438698178604
BoilingPoint,random_00,59,3793.0,3554.6450743890737
BoilingPoint,random_00,60,3347.0,3339.931761393194
BoilingPoint,random_00,61,3273.0,2472.8030207177926
BoilingPoint,random_00,62,2067.0,3653.3383869457784
BoilingPoint,random_00,63,1802.0,2816.3280379303915
BoilingPoint,random_00,64,3546.0,566.3963389166831
BoilingPoint,random_00,65,3503.0,2210.063140133418
BoilingPoint,random_00,66,2840.0,1448.1569581156411
BoilingPoint,random_00,67,2973.0,1648.233258761484
BoilingPoint,random_00,68,3141.0,2258.927517827875
BoilingPoint,random_00,69,2223.0,1292.4228447059804
BoilingPoint,random_00,70,1469.0,2688.41468017763
BoilingPoint,random_00,71,3675.0,1970.0160772196168
BoilingPoint,random_00,72,4876.0,1985.3542280495249
BoilingPoint,random_00,73,5731.0,2389.567186642437
BoilingPoint,random_00,74,5828.0,2375.943507861918
BoilingPoint,random_00,75,5869.0,3022.53937981695
BoilingPoint,random_00,76,5285.0,2994.3468714458936
BoilingPoint,random_00,77,4701.0,2645.2976806726283
BoilingPoint,random_00,78,4098.0,3169.63700930997
BoilingPoint,random_00,79,3129.0,2672.7281231616143
BoilingPoint,random_00,80,629.88,1769.7560644238965
BoilingPoint,random_00,81,1746.0,1293.428956089108
BoilingPoint,random_00,82,2022.0,2555.016947697219
BoilingPoint,random_00,83,1837.0,1262.5532063069288
BoilingPoint,random_00,84,1235.0,1725.0801623275993
BoilingPoint,random_00,86,211.45,1320.0091907310043
BoilingPoint,random_00,88,1413.0,3251.1158536582134
BoilingPoint,random_00,89,3471.0,2234.6294557629067
BoilingPoint,random_00,90,5061.0,3260.042244824174
BoilingPoint,random_00,92,4404.0,2682.0920035574295
BoilingPoint,random_00,93,4175.0,2935.0440467013077
BoilingPoint,random_00,94,3501.0,3301.0223525165597
BoilingPoint,random_00,95,2284.0,3073.708284897585
BoilingPoint,random_00,96,3400.0,1907.8690066365866
BoilingPoint,random_01,1,20.28,3199.4055229818905
BoilingPoint,random_01,2,4.22,2575.357527282346
BoilingPoint,random_01,3,1615.0,1611.4915852082268
BoilingPoint,random_01,4,2744.0,2498.3955337097786
BoilingPoint,random_01,5,4273.0,1369.061520359893
BoilingPoint,random_01,6,4098.0,2115.686316511917
BoilingPoint,random_01,7,77.36,2487.788842108792
BoilingPoint,random_01,8,90.2,2683.663069254312
BoilingPoint,random_01,9,85.03,2114.3581710825715
BoilingPoint,random_01,10,27.07,2898.1629802239854
BoilingPoint,random_01,11,1156.0,2773.2776412479648
BoilingPoint,random_01,12,1363.0,2679.2344694425688
BoilingPoint,random_01,13,2792.0,2927.9254516526153
BoilingPoint,random_01,14,3538.0,1984.8054780950424
BoilingPoint,random_01,15,553.65,3777.9155918416773
BoilingPoint,random_01,16,717.75,2177.0810641183657
BoilingPoint,random_01,17,239.11,1797.483291499011
BoilingPoint,random_01,18,87.3,1338.446166604538
BoilingPoint,random_01,19,1032.0,2513.7544251208565
BoilingPoint,random_01,20,1757.0,2063.7694271610144
BoilingPoint,random_01,21,3109.0,1391.506396325549
BoilingPoint,random_01,22,3560.0,1839.5302987770647
BoilingPoint,random_01,23,3680.0,1873.9995679337785
BoilingPoint,random_01,24,2944.0,1978.8038994665985
BoilingPoint,random_01,25,2334.0,2682.582564143685
BoilingPoint,random_01,26,3134.0,2208.879318818364
BoilingPoint,random_01,27,3200.0,2587.9251611861364
BoilingPoint,random_01,28,3186.0,1153.2148451085436
BoilingPoint,random_01,29,2835.0,3587.7013480396154
BoilingPoint,random_01,30,1180.0,2909.5279507641912
BoilingPoint,random_01,31,2477.0,2137.89043055209
BoilingPoint,random_01,32,3106.0,2077.2834294913487
BoilingPoint,random_01,33,887.0,3260.6745929584636
BoilingPoint,random_01,34,958.0,2170.7109185329273
BoilingPoint,random_01,35,331.95,2953.1004963470477
BoilingPoint,random_01,36,119.93,2226.1733453878505
BoilingPoint,random_01,37,961.0,2635.532348780921
BoilingPoint,random_01,38,1655.0,3265.3634436186053
BoilingPoint,random_01,39,3618.0,2163.664206762791
BoilingPoint,random_01,40,4682.0,2795.8896476430564
BoilingPoint,random_01,41,5017.0,2161.6082800355184
BoilingPoint,random_01,42,4912.0,2028.6144032823568
BoilingPoint,random_01,43,4538.0,2748.1208118323602
BoilingPoint,random_01,44,4423.0,1974.084342877742
BoilingPoint,random_01,45,3968.0,2840.9574088949134
BoilingPoint,random_01,46,3236.0,3385.241961184697
BoilingPoint,random_01,47,2435.0,2164.100685256008
BoilingPoint,random_01,48,1040.0,1841.302610338317
BoilingPoint,random_01,49,2345.0,2366.311992225731
BoilingPoint,random_01,50,2875.0,2396.204379179191
BoilingPoint,random_01,51,1860.0,2084.737898717026
BoilingPoint,random_01,52,1261.0,1925.3038183094097
BoilingPoint,random_01,53,457.55,2697.023309647309
BoilingPoint,random_01,54,165.03,1636.9627696097537
BoilingPoint,random_01,55,944.0,3020.3277063485057
BoilingPoint,random_01,56,2170.0,2259.3450275531063
BoilingPoint,random_01,57,3737.0,2734.9782391007475
BoilingPoint,random_01,58,3697.0,2105.0379175604166
BoilingPoint,random_01,59,3793.0,2957.806460407291
BoilingPoint,random_01,60,3347.0,2451.177514911454
BoilingPoint,random_01,61,3273.0,2985.754910487842
BoilingPoint,random_01,62,2067.0,3234.566891564007
BoilingPoint,random_01,63,1802.0,3291.403444697068
BoilingPoint,random_01,64,3546.0,1777.5464765223865
BoilingPoint,random_01,65,3503.0,1658.9237547540135
BoilingPoint,random_01,66,2840.0,2462.413879128746
BoilingPoint,random_01,67,2973.0,1838.1031302217666
BoilingPoint,random_01,68,3141.0,1527.802807710641
BoilingPoint,random_01,69,2223.0,2018.2465761745182
BoilingPoint,random_01,70,1469.0,2393.350095075928
BoilingPoint,random_01,71,3675.0,2543.970008686343
BoilingPoint,random_01,72,4876.0,1988.7725579424418
BoilingPoint,random_01,73,5731.0,2279.6170091049626
BoilingPoint,random_01,74,5828.0,2225.690432453376
BoilingPoint,random_01,75,5869.0,2608.2567267957484
BoilingPoint,random_01,76,5285.0,2107.626249276098
BoilingPoint,random_01,77,4701.0,2914.0903213974098
BoilingPoint,random_01,78,4098.0,2731.887555591954
BoilingPoint,random_01,79,3129.0,2645.7400164589517
BoilingPoint,random_01,80,629.88,1582.6670799036908
BoilingPoint,random_01,81,1746.0,1760.982305944277
BoilingPoint,random_01,82,2022.0,2844.4466299646433
BoilingPoint,random_01,83,1837.0,1741.2578780552003
BoilingPoint,random_01,84,1235.0,2554.5401803733284
BoilingPoint,random_01,86,211.45,2385.1172786219354
BoilingPoint,random_01,88,1413.0,2567.420679676542
BoilingPoint,random_01,89,3471.0,2714.2401002651272
BoilingPoint,random_01,90,5061.0,2360.0668043320884
BoilingPoint,random_01,92,4404.0,3464.6237892579047
BoilingPoint,random_01,93,4175.0,2297.3988509672613
BoilingPoint,random_01,94,3501.0,3016.4140984989845
BoilingPoint,random_01,95,2284.0,2990.62478660117
BoilingPoint,random_01,96,3400.0,2135.9371670436853
BoilingPoint,random_02,1,20.28,2711.8995696917677
BoilingPoint,random_02,2,4.22,2601.4589770289085
BoilingPoint,random_02,3,1615.0,2324.276086793843
BoilingPoint,random_02,4,2744.0,1896.4732108326468
BoilingPoint,random_02,5,4273.0,1341.0093777492452
BoilingPoint,random_02,6,4098.0,1330.0501956584258
BoilingPoint,random_02,7,77.36,1442.1343493650425
BoilingPoint,random_02,8,90.2,2600.0489054881273
BoilingPoint,random_02,9,85.03,4387.141817793618
BoilingPoint,random_02,10,27.07,2362.4398785501485
BoilingPoint,random_02,11,1156.0,3644.6640306169347
BoilingPoint,random_02,12,1363.0,3222.5093465518103
BoilingPoint,random_02,13,2792.0,2269.437820406886
BoilingPoint,random_02,14,3538.0,3479.8656495561136
BoilingPoint,random_02,15,553.65,2624.8182056675046
BoilingPoint,random_02,16,717.75,2674.5287848585554
BoilingPoint,random_02,17,239.11,1457.9680745393068
BoilingPoint,random_02,18,87.3,2405.5688738270783
BoilingPoint,random_02,19,1032.0,625.6217395060664
BoilingPoint,random_02,20,1757.0,1841.4353481921703
BoilingPoint,random_02,21,3109.0,826.1129191433349
BoilingPoint,random_02,22,3560.0,926.7275564348554
BoilingPoint,random_02,23,3680.0,1784.2359447177414
BoilingPoint,random_02,24,2944.0,2335.6295448562937
BoilingPoint,random_02,25,2334.0,2001.8085514515496
BoilingPoint,random_02,26,3134.0,3180.376169988764
BoilingPoint,random_02,27,3200.0,1354.8906681511749
BoilingPoint,random_02,28,3186.0,1968.0462232245245
BoilingPoint,random_02,29,2835.0,2705.4292345638955
BoilingPoint,random_02,30,1180.0,2101.484775303167
BoilingPoint,random_02,31,2477.0,1853.0988150591502
BoilingPoint,random_02,32,3106.0,2514.7111942276424
BoilingPoint,random_02,33,887.0,2129.763149423683
BoilingPoint,random_02,34,958.0,2576.8433491884243
BoilingPoint,random_02,35,331.95,1510.1750377152641
BoilingPoint,random_02,36,119.93,2130.1184532871193
BoilingPoint,random_02,37,961.0,2422.961463043481
BoilingPoint,random_02,38,1655.0,1428.7143092860701
BoilingPoint,random_02,39,3618.0,2339.618975665396
BoilingPoint,random_02,40,4682.0,2542.5899487831884
BoilingPoint,random_02,41,5017.0,2294.679950238266
BoilingPoint,random_02,42,4912.0,2780.549573261238
BoilingPoint,random_02,43,4538.0,2308.0190370902155
BoilingPoint,random_02,44,4423.0,2006.2453923759706
BoilingPoint,random_02,45,3968.0,3363.3455709665486
BoilingPoint,random_02,46,3236.0,1928.3329923187166
BoilingPoint,random_02,47,2435.0,2777.994111761669
BoilingPoint,random_02,48,1040.0,1785.3276128252023
BoilingPoint,random_02,49,2345.0,1616.5712923592046
BoilingPoint,random_02,50,2875.0,1845.9673698283327
BoilingPoint,random_02,51,1860.0,1534.7959626530912
BoilingPoint,random_02,52,1261.0,2413.39962162142
BoilingPoint,random_02,53,457.55,1442.4109236503393
BoilingPoint,random_02,54,165.03,2514.805840715908
BoilingPoint,random_02,55,944.0,1518.163248447797
BoilingPoint,random_02,56,2170.0,2948.8089499124544
BoilingPoint,random_02,57,3737.0,1927.8416071853512
BoilingPoint,random_02,58,3697.0,1886.9994875048985
BoilingPoint,random_02,59,3793.0,2810.340444012086
BoilingPoint,random_02,60,3347.0,3103.277632116681
BoilingPoint,random_02,61,3273.0,1880.8559324792075
BoilingPoint,random_02,62,2067.0,2590.307436998391
BoilingPoint,random_02,63,1802.0,2839.9294166305085
BoilingPoint,random_02,64,3546.0,1777.521093663022
BoilingPoint,random_02,65,3503.0,2884.14105777049
BoilingPoint,random_02,66,2840.0,2577.70603098601
BoilingPoint,random_02,67,2973.0,1917.8377464292714
BoilingPoint,random_02,68,3141.0,2311.0089073083927
BoilingPoint,random_02,69,2223.0,2221.244062310683
BoilingPoint,random_02,70,1469.0,2975.9713617154225
BoilingPoint,random_02,71,3675.0,1787.3055531467799
BoilingPoint,random_02,72,4876.0,2481.182530875893
BoilingPoint,random_02,73,5731.0,2745.1895376617726
BoilingPoint,random_02,74,5828.0,2595.7869049139763
BoilingPoint,random_02,75,5869.0,3130.475662180802
BoilingPoint,random_02,76,5285.0,3010.3302979646114
BoilingPoint,random_02,77,4701.0,2264.519545143178
BoilingPoint,random_02,78,4098.0,3103.1008470630395
BoilingPoint,random_02,79,3129.0,2345.0501504438557
BoilingPoint,random_02,80,629.88,1939.0930724095158
BoilingPoint,random_02,81,1746.0,1947.3836986991944
BoilingPoint,random_02,82,2022.0,1784.218118500961
BoilingPoint,random_02,83,1837.0,2493.45962029972
BoilingPoint,random_02,84,1235.0,1955.6905601476797
BoilingPoint,random_02,86,211.45,1784.1016062506742
BoilingPoint,random_02,88,1413.0,3583.2444986796836
BoilingPoint,random_02,89,3471.0,3141.8274389032963
BoilingPoint,random_02,90,5061.0,3197.993789715456
BoilingPoint,random_02,92,4404.0,2038.4464021703754
BoilingPoint,random_02,93,4175.0,3814.0750190157523
BoilingPoint,random_02,94,3501.0,2423.532410766406
BoilingPoint,random_02,95,2284.0,3861.9221157024845
BoilingPoint,random_02,96,3400.0,4108.927069631048
BoilingPoint,random_03,1,20.28,3092.6716816164694
BoilingPoint,random_03,2,4.22,2096.965953106969
BoilingPoint,random_03,3,1615.0,2906.0863311942257
BoilingPoint,random_03,4,2744.0,1857.9826599267435
BoilingPoint,random_03,5,4273.0,3306.9485859257657
BoilingPoint,random_03,6,4098.0,2217.6074109475985
BoilingPoint,random_03,7,77.36,1603.7635795288802
BoilingPoint,random_03,8,90.2,4045.7802062757487
BoilingPoint,random_03,9,85.03,2781.1986904095556
BoilingPoint,random_03,10,27.07,2374.063218416711
BoilingPoint,random_03,11,1156.0,3075.8289878460473
BoilingPoint,random_03,12,1363.0,2148.884134698009
BoilingPoint,random_03,13,2792.0,3183.437902470572
BoilingPoint,random_03,14,3538.0,1603.4592566567587
BoilingPoint,random_03,15,553.65,3989.534304835556
BoilingPoint,random_03,16,717.75,2901.4696864601124
BoilingPoint,random_03,17,239.11,2257.585940925609
BoilingPoint,random_03,18,87.3,1533.547905771224
BoilingPoint,random_03,19,1032.0,2066.4995779490987
BoilingPoint,random_03,20,1757.0,2152.225293403919
BoilingPoint,random_03,21,3109.0,1378.938543366739
BoilingPoint,random_03,22,3560.0,602.6644481491146
BoilingPoint,random_03,23,3680.0,2896.4011675869247
BoilingPoint,random_03,24,2944.0,1400.5296128733103
BoilingPoint,random_03,25,2334.0,3355.4674245977835
BoilingPoint,random_03,26,3134.0,2261.874669308996
BoilingPoint,random_03,27,3200.0,2183.733227726217
BoilingPoint,random_03,28,3186.0,1745.984493155846
BoilingPoint,random_03,29,2835.0,3274.7511330619873
BoilingPoint,random_03,30,1180.0,2028.8223286660636
BoilingPoint,random_03,31,2477.0,1722.1762927585467
BoilingPoint,random_03,32,3106.0,1806.5099083461237
BoilingPoint,random_03,33,887.0,3624.1981759609507
BoilingPoint,random_03,34,958.0,1813.7390832176607
BoilingPoint,random_03,35,331.95,2478.1129768365813
BoilingPoint,random_03,36,119.93,2278.6895549877663
BoilingPoint,random_03,37,961.0,2376.9786346414667
BoilingPoint,random_03,38,1655.0,2177.1764804932877
BoilingPoint,random_03,39,3618.0,2184.536288438477
BoilingPoint,random_03,40,4682.0,2461.1835589706493
BoilingPoint,random_03,41,5017.0,2508.9754130766673
BoilingPoint,random_03,42,4912.0,2325.394195813291
BoilingPoint,random_03,43,4538.0,3005.0213872119366
BoilingPoint,random_03,44,4423.0,2693.2529485736527
BoilingPoint,random_03,45,3968.0,3242.6147505087256
BoilingPoint,random_03,46,3236.0,2075.148112573167
BoilingPoint,random_03,47,2435.0,2288.5993696546216
BoilingPoint,random_03,48,1040.0,2213.0629516984964
BoilingPoint,random_03,49,2345.0,2054.1309761720113
BoilingPoint,random_03,50,2875.0,2151.4596793857436
BoilingPoint,random_03,51,1860.0,2323.9576606173546
BoilingPoint,random_03,52,1261.0,2016.9097390720167
BoilingPoint,random_03,53,457.55,3234.10983555479
BoilingPoint,random_03,54,165.03,1540.3537812824197
BoilingPoint,random_03,55,944.0,2571.9052489219357
BoilingPoint,random_03,56,2170.0,2337.5406790924476
BoilingPoint,random_03,57,3737.0,2923.8186118617455
BoilingPoint,random_03,58,3697.0,1794.312970736656
BoilingPoint,random_03,59,3793.0,2620.609574165727
BoilingPoint,random_03,60,3347.0,2464.77988957604
BoilingPoint,random_03,61,3273.0,2440.8428193623563
BoilingPoint,random_03,62,2067.0,2762.590559243952
BoilingPoint,random_03,63,1802.0,2638.47880300303
BoilingPoint,random_03,64,3546.0,2130.9049124914336
BoilingPoint,random_03,65,3503.0,2536.6961981103414
BoilingPoint,random_03,66,2840.0,1856.5793636218218
BoilingPoint,random_03,67,2973.0,1944.468087085912
BoilingPoint,random_03,68,3141.0,1996.455181631722
BoilingPoint,random_03,69,2223.0,2114.5281306220622
BoilingPoint,random_03,70,1469.0,2282.2619669582477
BoilingPoint,random_03,71,3675.0,2590.6702958301744
BoilingPoint,random_03,72,4876.0,1922.6474952852723
BoilingPoint,random_03,73,5731.0,2527.6092427170634
BoilingPoint,random_03,74,5828.0,2553.0331572857167
BoilingPoint,random_03,75,5869.0,2548.5472266104425
BoilingPoint,random_03,76,5285.0,2514.1041790891827
BoilingPoint,random_03,77,4701.0,3135.4687220593414
BoilingPoint,random_03,78,4098.0,2409.2671382339645
BoilingPoint,random_03,79,3129.0,2194.6987042379064
BoilingPoint,random_03,80,629.88,1654.392121878665
BoilingPoint,random_03,81,1746.0,2480.9307362127033
BoilingPoint,random_03,82,2022.0,2624.682583566856
BoilingPoint,random_03,83,1837.0,2011.599876601259
BoilingPoint,random_03,84,1235.0,2158.283375153769
BoilingPoint,random_03,86,211.45,1726.8411107992888
BoilingPoint,random_03,88,1413.0,2612.393366204693
BoilingPoint,random_03,89,3471.0,3737.943846903586
BoilingPoint,random_03,90,5061.0,1858.0866506767547
BoilingPoint,random_03,92,4404.0,3028.996638370491
BoilingPoint,random_03,93,4175.0,2525.9691671448913
BoilingPoint,random_03,94,3501.0,3074.442966099903
BoilingPoint,random_03,95,2284.0,3029.602261360804
BoilingPoint,random_03,96,3400.0,2059.3844537832774
BoilingPoint,random_04,1,20.28,3245.2228042512247
BoilingPoint,random_04,2,4.22,3193.395957929452
BoilingPoint,random_04,3,1615.0,1839.7049085141946
BoilingPoint,random_04,4,2744.0,2630.9521786324303
BoilingPoint,random_04,5,4273.0,1980.0989026540592
BoilingPoint,random_04,6,4098.0,2019.5682990058679
BoilingPoint,random_04,7,77.36,2785.5573988024044
BoilingPoint,random_04,8,90.2,2895.230068256842
BoilingPoint,random_04,9,85.03,2983.562028898172
BoilingPoint,random_04,10,27.07,3113.9706755696075
BoilingPoint,random_04,11,1156.0,3140.997115222347
BoilingPoint,random_04,12,1363.0,2740.0693569114405
BoilingPoint,random_04,13,2792.0,3328.613327149708
BoilingPoint,random_04,14,3538.0,3214.5539954239684
BoilingPoint,random_04,15,553.65,2687.331257667506
BoilingPoint,random_04,16,717.75,1462.0332666197962
BoilingPoint,random_04,17,239.11,2644.549526352877
BoilingPoint,random_04,18,87.3,2517.731458370718
BoilingPoint,random_04,19,1032.0,1343.9871806016395
BoilingPoint,random_04,20,1757.0,2580.103980272395
BoilingPoint,random_04,21,3109.0,1549.226155801444
BoilingPoint,random_04,22,3560.0,1528.4817044144513
BoilingPoint,random_04,23,3680.0,1855.6333154101624
BoilingPoint,random_04,24,2944.0,3060.7246814985638
BoilingPoint,random_04,25,2334.0,2510.7247058971725
BoilingPoint,random_04,26,3134.0,2663.4078640844937
BoilingPoint,random_04,27,3200.0,1798.0857531873999
BoilingPoint,random_04,28,3186.0,2115.0123985180558
BoilingPoint,random_04,29,2835.0,2965.680249889768
BoilingPoint,random_04,30,1180.0,2520.5413364933547
BoilingPoint,random_04,31,2477.0,3520.570270841017
BoilingPoint,random_04,32,3106.0,2367.8589883941418
BoilingPoint,random_04,33,887.0,2252.053198374331
BoilingPoint,random_04,34,958.0,2873.0359909784747
BoilingPoint,random_04,35,331.95,1969.1631291695953
BoilingPoint,random_04,36,119.93,2875.913099693602
BoilingPoint,random_04,37,961.0,2730.3415317641457
BoilingPoint,random_04,38,1655.0,1334.203535790704
BoilingPoint,random_04,39,3618.0,3507.562614782239
BoilingPoint,random_04,40,4682.0,1670.3089323445683
BoilingPoint,random_04,41,5017.0,2367.6734221713623
BoilingPoint,random_04,42,4912.0,2270.0684396655397
BoilingPoint,random_04,43,4538.0,2476.222557902337
BoilingPoint,random_04,44,4423.0,2576.0625130306366
BoilingPoint,random_04,45,3968.0,3147.300574865617
BoilingPoint,random_04,46,3236.0,2275.8657965967673
BoilingPoint,random_04,47,2435.0,2940.424359895357
BoilingPoint,random_04,48,1040.0,1728.0201711669472
BoilingPoint,random_04,49,2345.0,2342.735273464922
BoilingPoint,random_04,50,2875.0,2494.6229545835163
BoilingPoint,random_04,51,1860.0,2351.6148878275776
BoilingPoint,random_04,52,1261.0,3020.134134844141
BoilingPoint,random_04,53,457.55,2086.323621619441
BoilingPoint,random_04,54,165.03,2859.7721203971464
BoilingPoint,random_04,55,944.0,2424.101759260343
BoilingPoint,random_04,56,2170.0,2773.6753207997554
BoilingPoint,random_04,57,3737.0,2529.927427205426
BoilingPoint,random_04,58,3697.0,1409.1044211081553
BoilingPoint,random_04,59,3793.0,3221.1470827652406
BoilingPoint,random_04,60,3347.0,3878.5580868307175
BoilingPoint,random_04,61,3273.0,2233.7399611903893
BoilingPoint,random_04,62,2067.0,3076.5161447246514
BoilingPoint,random_04,63,1802.0,3435.9859196382376
BoilingPoint,random_04,64,3546.0,612.4712866502264
BoilingPoint,random_04,65,3503.0,2027.8768714770304
BoilingPoint,random_04,66,2840.0,1281.2897164281533
BoilingPoint,random_04,67,2973.0,732.6517278058088
BoilingPoint,random_04,68,3141.0,1178.7644967712201
BoilingPoint,random_04,69,2223.0,2298.916430764767
BoilingPoint,random_04,70,1469.0,2288.669448650292
BoilingPoint,random_04,71,3675.0,1695.425908361781
BoilingPoint,random_04,72,4876.0,1510.2762250484966
BoilingPoint,random_04,73,5731.0,1775.4871483893983
BoilingPoint,random_04,74,5828.0,783.1838427016496
BoilingPoint,random_04,75,5869.0,2632.306675904695
BoilingPoint,random_04,76,5285.0,2988.8337626490697
BoilingPoint,random_04,77,4701.0,2155.542709697974
BoilingPoint,random_04,78,4098.0,2476.4486827351757
BoilingPoint,random_04,79,3129.0,1924.3101595764324
BoilingPoint,random_04,80,629.88,1992.7696836306302
BoilingPoint,random_04,81,1746.0,355.71471254252015
BoilingPoint,random_04,82,2022.0,1467.5720556510942
BoilingPoint,random_04,83,1837.0,1559.320345903634
BoilingPoint,random_04,84,1235.0,1944.9835284859319
BoilingPoint,random_04,86,211.45,1433.6484305166355
BoilingPoint,random_04,88,1413.0,2389.364718323227
BoilingPoint,random_04,89,3471.0,2416.060166865534
BoilingPoint,random_04,90,5061.0,2063.814926378138
BoilingPoint,random_04,92,4404.0,1703.004442779537
BoilingPoint,random_04,93,4175.0,3725.563506460659
BoilingPoint,random_04,94,3501.0,2838.3152728516407
BoilingPoint,random_04,95,2284.0,2500.3051870443496
BoilingPoint,random_04,96,3400.0,2367.376398956918
BoilingPoint,random_05,1,20.28,2955.9838123397567
BoilingPoint,random_05,2,4.22,2254.9724483979508
BoilingPoint,random_05,3,1615.0,2148.1203855926706
BoilingPoint,random_05,4,2744.0,3703.576191653882
BoilingPoint,random_05,5,4273.0,360.93753536352233
BoilingPoint,random_05,6,4098.0,2006.5004942251312
BoilingPoint,random_05,7,77.36,1444.9835543578558
BoilingPoint,random_05,8,90.2,3404.0109378784755
BoilingPoint,random_05,9,85.03,3692.3573268159303
BoilingPoint,random_05,10,27.07,3213.4675321462773
BoilingPoint,random_05,11,1156.0,2675.572048111289
BoilingPoint,random_05,12,1363.0,3410.0756441292247
BoilingPoint,random_05,13,2792.0,2660.097824888969
BoilingPoint,random_05,14,3538.0,2527.641165354217
BoilingPoint,random_05,15,553.65,2910.1866748615885
BoilingPoint,random_05,16,717.75,2317.7392680803437
BoilingPoint,random_05,17,239.11,2731.4367965334345
BoilingPoint,random_05,18,87.3,2217.1699762458093
BoilingPoint,random_05,19,1032.0,924.8445931331416
BoilingPoint,random_05,20,1757.0,1892.5503455475896
BoilingPoint,random_05,21,3109.0,1521.508484246321
BoilingPoint,random_05,22,3560.0,1044.1822400999922
BoilingPoint,random_05,23,3680.0,2445.241290969867
BoilingPoint,random_05,24,2944.0,2938.0732199933354
BoilingPoint,random_05,25,2334.0,2692.8960267010348
BoilingPoint,random_05,26,3134.0,3325.34348343121
BoilingPoint,random_05,27,3200.0,2156.684190206277
BoilingPoint,random_05,28,3186.0,2560.0440385781453
BoilingPoint,random_05,29,2835.0,3192.0763450052345
BoilingPoint,random_05,30,1180.0,2213.726388448476
BoilingPoint,random_05,31,2477.0,2860.235963432055
BoilingPoint,random_05,32,3106.0,2691.2744860311773
BoilingPoint,random_05,33,887.0,2045.2523249970907
BoilingPoint,random_05,34,958.0,3079.77333477702
BoilingPoint,random_05,35,331.95,1083.6932867084113
BoilingPoint,random_05,36,119.93,2175.2810483799835
BoilingPoint,random_05,37,961.0,1523.2284425807666
BoilingPoint,random_05,38,1655.0,1158.8528556696228
BoilingPoint,random_05,39,3618.0,2097.7504919944054
BoilingPoint,random_05,40,4682.0,2731.1997173482628
BoilingPoint,random_05,41,5017.0,2194.385157515639
BoilingPoint,random_05,42,4912.0,2652.820689116588
BoilingPoint,random_05,43,4538.0,2127.789072280778
BoilingPoint,random_05,44,4423.0,2858.846713637505
BoilingPoint,random_05,45,3968.0,2214.7770552005336
BoilingPoint,random_05,46,3236.0,1665.3594779396844
BoilingPoint,random_05,47,2435.0,2308.41297052998
BoilingPoint,random_05,48,1040.0,1856.9860686012485
BoilingPoint,random_05,49,2345.0,2133.0080020804
BoilingPoint,random_05,50,2875.0,2065.393324875803
BoilingPoint,random_05,51,1860.0,1679.5514010770853
BoilingPoint,random_05,52,1261.0,2357.4794664663823
BoilingPoint,random_05,53,457.55,1621.207195504734
BoilingPoint,random_05,54,165.03,1374.0753199364237
BoilingPoint,random_05,55,944.0,2121.3282756921835
BoilingPoint,random_05,56,2170.0,2327.690666493056
BoilingPoint,random_05,57,3737.0,3110.864725502651
BoilingPoint,random_05,58,3697.0,1712.961789281649
BoilingPoint,random_05,59,3793.0,3113.7161473970873
BoilingPoint,random_05,60,3347.0,3215.775813004395
BoilingPoint,random_05,61,3273.0,1947.9680950785828
BoilingPoint,random_05,62,2067.0,2772.4763742439854
BoilingPoint,random_05,63,1802.0,2650.46674637834
BoilingPoint,random_05,64,3546.0,2161.9101480896534
BoilingPoint,random_05,65,3503.0,2588.8246739186548
BoilingPoint,random_05,66,2840.0,2099.240748497282
BoilingPoint,random_05,67,2973.0,2028.7335178999297
BoilingPoint,random_05,68,3141.0,1865.9295953323165
BoilingPoint,random_05,69,2223.0,2339.617707867742
BoilingPoint,random_05,70,1469.0,2826.777580261623
BoilingPoint,random_05,71,3675.0,2035.1483294959962
BoilingPoint,random_05,72,4876.0,2116.361594035114
BoilingPoint,random_05,73,5731.0,3021.01784601886
BoilingPoint,random_05,74,5828.0,1900.5109603304822
BoilingPoint,random_05,75,5869.0,3540.0616094001807
BoilingPoint,random_05,76,5285.0,3025.50480695832
BoilingPoint,random_05,77,4701.0,2771.996179503112
BoilingPoint,random_05,78,4098.0,3231.2539797306626
BoilingPoint,random_05,79,3129.0,1933.8428044464765
BoilingPoint,random_05,80,629.88,2975.4987887688126
BoilingPoint,random_05,81,1746.0,1566.3127926693492
BoilingPoint,random_05,82,2022.0,3151.612132883862
BoilingPoint,random_05,83,1837.0,1794.0679450179941
BoilingPoint,random_05,84,1235.0,2345.074375750079
BoilingPoint,random_05,86,211.45,2334.214783709815
BoilingPoint,random_05,88,1413.0,4387.7812741056605
BoilingPoint,random_05,89,3471.0,2982.783143501756
BoilingPoint,random_05,90,5061.0,2851.0829630722974
BoilingPoint,random_05,92,4404.0,3124.492871623161
BoilingPoint,random_05,93,4175.0,3156.1404533697823
BoilingPoint,random_05,94,3501.0,3695.2792092814984
BoilingPoint,random_05,95,2284.0,2562.8165485121767
BoilingPoint,random_05,96,3400.0,2741.9591367562866
BoilingPoint,random_06,1,20.28,2628.1193176171587
BoilingPoint,random_06,2,4.22,1486.580272935676
BoilingPoint,random_06,3,1615.0,2461.773843359726
BoilingPoint,random_06,4,2744.0,2697.317021963397
BoilingPoint,random_06,5,4273.0,1354.4546615999166
BoilingPoint,random_06,6,4098.0,1902.3335350990028
BoilingPoint,random_06,7,77.36,1652.8380834861255
BoilingPoint,random_06,8,90.2,3265.1763805366136
BoilingPoint,random_06,9,85.03,2145.795422586838
BoilingPoint,random_06,10,27.07,2313.7427839508614
BoilingPoint,random_06,11,1156.0,2761.527871332608
BoilingPoint,random_06,12,1363.0,2435.747515697336
BoilingPoint,random_06,13,2792.0,3172.847722645187
BoilingPoint,random_06,14,3538.0,2719.0857651029864
BoilingPoint,random_06,15,553.65,1973.456668477822
BoilingPoint,random_06,16,717.75,2305.051358010326
BoilingPoint,random_06,17,239.11,2433.246328369353
BoilingPoint,random_06,18,87.3,2682.1509064705006
BoilingPoint,random_06,19,1032.0,930.529010671944
BoilingPoint,random_06,20,1757.0,1598.9044003105973
BoilingPoint,random_06,21,3109.0,2302.0582358787974
BoilingPoint,random_06,22,3560.0,876.564512583228
BoilingPoint,random_06,23,3680.0,1894.1525778270955
BoilingPoint,random_06,24,2944.0,3524.5816631549
BoilingPoint,random_06,25,2334.0,1068.6018857517759
BoilingPoint,random_06,26,3134.0,1998.7471907462711
BoilingPoint,random_06,27,3200.0,1800.156734683368
BoilingPoint,random_06,28,3186.0,1823.5773335520869
BoilingPoint,random_06,29,2835.0,2679.3793957454295
BoilingPoint,random_06,30,1180.0,2145.8928737827923
BoilingPoint,random_06,31,2477.0,2172.5053976272843
BoilingPoint,random_06,32,3106.0,2841.4421559214343
BoilingPoint,random_06,33,887.0,2002.9526788176188
BoilingPoint,random_06,34,958.0,2961.648408747534
BoilingPoint,random_06,35,331.95,1876.7801658476485
BoilingPoint,random_06,36,119.93,2710.065958075991
BoilingPoint,random_06,37,961.0,2924.5262181437074
BoilingPoint,random_06,38,1655.0,1126.6329106293704
BoilingPoint,random_06,39,3618.0,3038.9009229439653
BoilingPoint,random_06,40,4682.0,3154.0775054045425
BoilingPoint,random_06,41,5017.0,2390.2354461329583
BoilingPoint,random_06,42,4912.0,2378.8218237083706
BoilingPoint,random_06,43,4538.0,2463.8799818017783
BoilingPoint,random_06,44,4423.0,2101.864526742985
BoilingPoint,random_06,45,3968.0,3204.1303172443613
BoilingPoint,random_06,46,3236.0,2229.724389428071
BoilingPoint,random_06,47,2435.0,2730.893376572294
BoilingPoint,random_06,48,1040.0,2570.6745686203444
BoilingPoint,random_06,49,2345.0,2519.6406293615046
BoilingPoint,random_06,50,2875.0,1877.7978418507416
BoilingPoint,random_06,51,1860.0,2780.5225321528847
BoilingPoint,random_06,52,1261.0,2542.9206279651858
BoilingPoint,random_06,53,457.55,2482.7419624252857
BoilingPoint,random_06,54,165.03,2522.0722377522193
BoilingPoint,random_06,55,944.0,2382.247507526477
BoilingPoint,random_06,56,2170.0,2923.5937573555293
BoilingPoint,random_06,57,3737.0,2646.9789953519603
BoilingPoint,random_06,58,3697.0,1178.8768710230959
BoilingPoint,random_06,59,3793.0,4287.654214226795
BoilingPoint,random_06,60,3347.0,3650.7929968275585
BoilingPoint,random_06,61,3273.0,2112.5122245388156
BoilingPoint,random_06,62,2067.0,3401.062216664327
BoilingPoint,random_06,63,1802.0,2702.7095788961187
BoilingPoint,random_06,64,3546.0,1009.8011808070366
BoilingPoint,random_06,65,3503.0,3392.1224626801363
BoilingPoint,random_06,66,2840.0,2737.739828107671
BoilingPoint,random_06,67,2973.0,1894.699428959057
BoilingPoint,random_06,68,3141.0,3027.6701664073735
BoilingPoint,random_06,69,2223.0,2305.6941727379303
BoilingPoint,random_06,70,1469.0,2969.222247790255
BoilingPoint,random_06,71,3675.0,1873.4106257946273
BoilingPoint,random_06,72,4876.0,3102.3141912893093
BoilingPoint,random_06,73,5731.0,2816.941934802335
BoilingPoint,random_06,74,5828.0,2172.5324867171958
BoilingPoint,random_06,75,5869.0,3223.9188812749762
BoilingPoint,random_06,76,5285.0,3197.559571372763
BoilingPoint,random_06,77,4701.0,2445.0249840189053
BoilingPoint,random_06,78,4098.0,3010.1259019792374
BoilingPoint,random_06,79,3129.0,2742.5389735036615
BoilingPoint,random_06,80,629.88,3333.7238794277628
BoilingPoint,random_06,81,1746.0,1851.6141116259146
BoilingPoint,random_06,82,2022.0,3439.7839056105313
BoilingPoint,random_06,83,1837.0,2013.6667744498664
BoilingPoint,random_06,84,1235.0,2452.8022181594515
BoilingPoint,random_06,86,211.45,1802.7257289108302
BoilingPoint,random_06,88,1413.0,3515.7977080469827
BoilingPoint,random_06,89,3471.0,2841.722028072011
BoilingPoint,random_06,90,5061.0,2758.84407520986
BoilingPoint,random_06,92,4404.0,2234.983988878086
BoilingPoint,random_06,93,4175.0,3861.4424799582757
BoilingPoint,random_06,94,3501.0,2968.653532258904
BoilingPoint,random_06,95,2284.0,2879.5245221355226
BoilingPoint,random_06,96,3400.0,3203.479797446609
BoilingPoint,random_07,1,20.28,2878.816097674791
BoilingPoint,random_07,2,4.22,2482.2500127585186
BoilingPoint,random_07,3,1615.0,2591.9863417342995
BoilingPoint,random_07,4,2744.0,3120.9907930760187
BoilingPoint,random_07,5,4273.0,300.5244872130306
BoilingPoint,random_07,6,4098.0,1665.484341879615
BoilingPoint,random_07,7,77.36,1994.9557444765223
BoilingPoint,random_07,8,90.2,2366.505678136161
BoilingPoint,random_07,9,85.03,3524.853087018119
BoilingPoint,random_07,10,27.07,3380.4564532744616
BoilingPoint,random_07,11,1156.0,3871.8702338434555
BoilingPoint,random_07,12,1363.0,2659.721307950674
BoilingPoint,random_07,13,2792.0,3295.534028662144
BoilingPoint,random_07,14,3538.0,2203.583361255364
BoilingPoint,random_07,15,553.65,3066.362375119121
BoilingPoint,random_07,16,717.75,2530.110751886963
BoilingPoint,random_07,17,239.11,1613.4720786032267
BoilingPoint,random_07,18,87.3,2220.9091982265477
BoilingPoint,random_07,19,1032.0,922.8436081877023
BoilingPoint,random_07,20,1757.0,2458.7236025959533
BoilingPoint,random_07,21,3109.0,837.7257522571065
BoilingPoint,random_07,22,3560.0,2002.4995469580958
BoilingPoint,random_07,23,3680.0,1083.2204111155277
BoilingPoint,random_07,24,2944.0,3628.2715173904853
BoilingPoint,random_07,25,2334.0,1789.8043710732218
BoilingPoint,random_07,26,3134.0,2451.6890348934126
BoilingPoint,random_07,27,3200.0,2629.3747737949457
BoilingPoint,random_07,28,3186.0,1997.3547179070356
BoilingPoint,random_07,29,2835.0,2850.7733381690714
BoilingPoint,random_07,30,1180.0,2413.5441156455736
BoilingPoint,random_07,31,2477.0,2160.5030196160087
BoilingPoint,random_07,32,3106.0,2281.278690526468
BoilingPoint,random_07,33,887.0,2776.893559702943
BoilingPoint,random_07,34,958.0,2431.9102435495097
BoilingPoint,random_07,35,331.95,2156.0676713380535
BoilingPoint,random_07,36,119.93,1734.1153105216185
BoilingPoint,random_07,37,961.0,2483.430052471132
BoilingPoint,random_07,38,1655.0,843.1407119513731
BoilingPoint,random_07,39,3618.0,2686.5816428547328
BoilingPoint,random_07,40,4682.0,2818.1406490324403
BoilingPoint,random_07,41,5017.0,2551.4344446425075
BoilingPoint,random_07,42,4912.0,2613.31201185887
BoilingPoint,random_07,43,4538.0,3090.1169737931505
BoilingPoint,random_07,44,4423.0,1673.362248262377
BoilingPoint,random_07,45,3968.0,3246.659322903544
BoilingPoint,random_07,46,3236.0,3246.6414155020984
BoilingPoint,random_07,47,2435.0,2160.2515325337627
BoilingPoint,random_07,48,1040.0,1841.8803328052832
BoilingPoint,random_07,49,2345.0,2491.2193662350296
BoilingPoint,random_07,50,2875.0,2543.516098164611
BoilingPoint,random_07,51,1860.0,1708.540154719533
BoilingPoint,random_07,52,1261.0,1775.898900638556
BoilingPoint,random_07,53,457.55,448.9426211456555
BoilingPoint,random_07,54,165.03,2472.974739778971
BoilingPoint,random_07,55,944.0,2908.683919526373
BoilingPoint,random_07,56,2170.0,2483.0336829050884
BoilingPoint,random_07,57,3737.0,3060.968525816857
BoilingPoint,random_07,58,3697.0,2381.858453789638
BoilingPoint,random_07,59,3793.0,3439.9209151563837
BoilingPoint,random_07,60,3347.0,3452.821362854528
BoilingPoint,random_07,61,3273.0,1758.6796822401293
BoilingPoint,random_07,62,2067.0,3811.050712218843
BoilingPoint,random_07,63,1802.0,2781.7096860532206
BoilingPoint,random_07,64,3546.0,1922.8712084913136
BoilingPoint,random_07,65,3503.0,2003.1999059043296
BoilingPoint,random_07,66,2840.0,2374.8457882469083
BoilingPoint,random_07,67,2973.0,2346.21986026863
BoilingPoint,random_07,68,3141.0,2001.7240400416608
BoilingPoint,random_07,69,2223.0,2294.827356955963
BoilingPoint,random_07,70,1469.0,2541.526559631753
BoilingPoint,random_07,71,3675.0,1940.9621201159064
BoilingPoint,random_07,72,4876.0,2825.3230405053737
BoilingPoint,random_07,73,5731.0,2018.0872853112887
BoilingPoint,random_07,74,5828.0,2150.7522117566145
BoilingPoint,random_07,75,5869.0,3592.1528218520443
BoilingPoint,random_07,76,5285.0,3199.2616605389735
BoilingPoint,random_07,77,4701.0,2318.163455303021
BoilingPoint,random_07,78,4098.0,2821.7141252036463
BoilingPoint,random_07,79,3129.0,2172.2350466525886
BoilingPoint,random_07,80,629.88,2863.6994311926987
BoilingPoint,random_07,81,1746.0,1620.2518576202642
BoilingPoint,random_07,82,2022.0,2943.856450008212
BoilingPoint,random_07,83,1837.0,2130.930858415564
BoilingPoint,random_07,84,1235.0,1680.3418779040405
BoilingPoint,random_07,86,211.45,1212.7085888707306
BoilingPoint,random_07,88,1413.0,3116.705584606332
BoilingPoint,random_07,89,3471.0,3143.406123146293
BoilingPoint,random_07,90,5061.0,2998.8134405483297
BoilingPoint,random_07,92,4404.0,3027.3783260341797
BoilingPoint,random_07,93,4175.0,2506.748362083736
BoilingPoint,random_07,94,3501.0,3175.3164824687565
BoilingPoint,random_07,95,2284.0,3400.195246849387
BoilingPoint,random_07,96,3400.0,2290.8278810917304
Density,z_poly,1,8.988e-05,1.9166944275982054
Density,z_poly,2,0.0001785,2.000785114789865
Density,z_poly,3,0.534,2.410623772865323
Density,z_poly,4,1.85,2.4916023848517757
Density,z_poly,5,2.37,2.57344541164062
Density,z_poly,6,2.267,2.656166570115044
Density,z_poly,7,0.0012506,2.7397795771582363
Density,z_poly,8,0.001429,2.8242981496533837
Density,z_poly,9,0.001696,2.9097360044836744
Density,z_poly,10,0.0008999,2.996106858532297
Density,z_poly,11,0.97,3.062612294952779
Density,z_poly,12,1.74,3.1530681084857095
Density,z_poly,13,2.7,3.244467824145355
Density,z_poly,14,2.3296,3.336824297034041
Density,z_poly,15,1.82,3.43015038225409
Density,z_poly,16,2.067,3.5244589349078277
Density,z_poly,17,0.003214,3.61976281009758
Density,z_poly,18,0.0017837,3.7160748629256695
Density,z_poly,19,0.89,3.0048219799811715
Density,z_poly,20,1.54,3.1116006803651235
Density,z_poly,21,2.99,3.2196004578827147
Density,z_poly,22,4.5,3.328833557566215
Density,z_poly,23,6.0,3.439312224447896
Density,z_poly,24,7.15,3.5510487035600278
Density,z_poly,25,7.3,3.6640552399348802
Density,z_poly,26,7.874,3.7783440786047233
Density,z_poly,27,8.86,3.893927464601828
Density,z_poly,28,8.912,4.0108176429584645
Density,z_poly,29,8.933,4.1290268587069034
Density,z_poly,30,7.134,4.2485673568794144
Density,z_poly,31,5.91,4.369451382508268
Density,z_poly,32,5.323,4.491691180625736
Density,z_poly,33,5.776,4.615298996264086
Density,z_poly,34,4.809,4.7402870744555905
Density,z_poly,35,3.11,4.866667660232519
Density,z_poly,36,0.003733,4.994452998627144
Density,z_poly,37,1.53,5.203138880650941
Density,z_poly,38,2.64,5.324506634301555
Density,z_poly,39,4.47,5.4474665647716805
Density,z_poly,40,6.52,5.572036260864934
Density,z_poly,41,8.57,5.698233311384937
Density,z_poly,42,10.2,5.826075305135305
Density,z_poly,43,11.0,5.955579830919659
Density,z_poly,44,12.1,6.086764477541618
Density,z_poly,45,12.4,6.2196468338048
Density,z_poly,46,12.0,6.354244488512824
Density,z_poly,47,10.501,6.490575030469309
Density,z_poly,48,8.69,6.628656048477874
Density,z_poly,49,7.31,6.768505131342136
Density,z_poly,50,7.287,6.910139867865715
Density,z_poly,51,6.685,7.053577846852232
Density,z_poly,52,6.232,7.198836657105303
Density,z_poly,53,4.93,7.345933887428547
Density,z_poly,54,0.005887,7.494887126625584
Density,z_poly,55,1.93,7.905006874951761
Density,z_poly,56,3.62,8.047889938518006
Density,z_poly,57,6.15,8.192144553979817
Density,z_poly,58,6.77,8.337782365491828
Density,z_poly,59,6.77,8.48481501720866
Density,z_poly,60,7.01,8.633254153284948
Density,z_poly,61,7.26,8.783111417875318
Density,z_poly,62,7.52,8.934398455134401
Density,z_poly,63,5.24,9.08712690921682
Density,z_poly,64,7.9,9.241308424277209
Density,z_poly,65,8.23,9.396954644470194
Density,z_poly,66,8.55,9.554077213950404
Density,z_poly,67,8.8,9.712687776872468
Density,z_poly,68,9.07,9.872797977391013
Density,z_poly,69,9.32,10.034419459660668
Density,z_poly,70,6.9,10.197563867836063
Density,z_poly,71,9.84,10.362242846071826
Density,z_poly,72,13.3,10.528468038522586
Density,z_poly,73,16.4,10.69625108934297
Density,z_poly,74,19.3,10.865603642687608
Density,z_poly,75,20.8,11.036537342711128
Density,z_poly,76,22.57,11.209063833568157
Density,z_poly,77,22.42,11.383194759413328
Density,z_poly,78,21.46,11.558941764401265
Density,z_poly,79,19.282,11.736316492686598
Density,z_poly,80,13.5336,11.915330588423952
Density,z_poly,81,11.8,12.095995695767964
Density,z_poly,82,11.342,12.278323458873256
Density,z_poly,83,9.807,12.46232552189446
Density,z_poly,84,9.32,12.648013528986201
Density,z_poly,85,7.0,12.835399124303109
Density,z_poly,86,0.00973,13.024493951999814
Density,z_poly,88,5.0,14.253692408264246
Density,z_poly,89,10.07,14.4738167082953
Density,z_poly,90,11.72,14.696030061895478
Density,z_poly,91,15.37,14.920345255966179
Density,z_poly,92,18.95,15.146775077408787
Density,z_poly,93,20.25,15.375332313124698
Density,z_poly,94,19.84,15.606029750015306
Density,z_poly,95,13.69,15.838880174982004
Density,z_poly,96,13.51,16.073896374926186
Density,z_poly,97,14.0,16.31109113674924
Density,message_bits,1,8.988e-05,1.501092782432572
Density,message_bits,2,0.0001785,1.079656711617198
Density,message_bits,3,0.534,2.2806488513782845
Density,message_bits,4,1.85,2.4725066260465693
Density,message_bits,5,2.37,2.753425768607821
Density,message_bits,6,2.267,2.3059219370401234
Density,message_bits,7,0.0012506,2.586841079601375
Density,message_bits,8,0.001429,6.848661233082622
Density,message_bits,9,0.001696,7.129580375643874
Density,message_bits,10,0.0008999,6.6820765440761765
Density,message_bits,11,0.97,7.036168376816503
Density,message_bits,12,1.74,7.435936542562375
Density,message_bits,13,2.7,7.92477931326676
Density,message_bits,14,2.3296,7.471976683718699
Density,message_bits,15,1.82,7.960819454423085
Density,message_bits,16,2.067,1.2231196050552553
Density,message_bits,17,0.003214,1.711962375759641
Density,message_bits,18,0.0017837,1.25915974621158
Density,message_bits,19,0.89,0.09546819751368574
Density,message_bits,20,1.54,0.7081797026183061
Density,message_bits,21,2.99,0.9722495314543096
Density,message_bits,22,4.5,0.5739786205300046
Density,message_bits,23,6.0,0.8380484493660081
Density,message_bits,24,7.15,4.171612825015387
Density,message_bits,25,7.3,4.435682653851391
Density,message_bits,26,7.874,4.037411742927086
Density,message_bits,27,8.86,4.301481571763089
Density,message_bits,28,8.912,4.914193076867709
Density,message_bits,29,8.933,5.178262905703712
Density,message_bits,30,7.134,4.779991994779407
Density,message_bits,31,5.91,5.04406182361541
Density,message_bits,32,5.323,3.9663099686594343
Density,message_bits,33,5.776,4.230379797495438
Density,message_bits,34,4.809,3.832108886571132
Density,message_bits,35,3.11,4.096178715407135
Density,message_bits,36,0.003733,4.708890220511755
Density,message_bits,37,1.53,3.513292520425823
Density,message_bits,38,2.64,3.0815298731824674
Density,message_bits,39,4.47,3.4813404453937284
Density,message_bits,40,6.52,6.41976128894351
Density,message_bits,41,8.57,6.819571861154771
Density,message_bits,42,10.2,6.387809213911416
Density,message_bits,43,11.0,6.7876197861226775
Density,message_bits,44,12.1,7.3411102565684825
Density,message_bits,45,12.4,7.7409208287797435
Density,message_bits,46,12.0,7.309158181536388
Density,message_bits,47,10.501,7.708968753747649
Density,message_bits,48,8.69,2.365151498848566
Density,message_bits,49,7.31,2.764962071059827
Density,message_bits,50,7.287,2.3331994238164713
Density,message_bits,51,6.685,2.7330099960277323
Density,message_bits,52,6.232,3.2865004664735364
Density,message_bits,53,4.93,3.686311038684798
Density,message_bits,54,0.005887,3.2545483914414426
Density,message_bits,55,1.93,7.548295215045656
Density,message_bits,56,3.62,9.672758265659859
Density,message_bits,57,6.15,10.057806207496636
Density,message_bits,58,6.77,9.780857051464027
Density,message_bits,59,6.77,10.165904993300805
Density,message_bits,60,7.01,10.76038474470902
Density,message_bits,61,7.26,11.145432686545796
Density,message_bits,62,7.52,10.868483530513188
Density,message_bits,63,5.24,11.253531472349966
Density,message_bits,64,7.9,7.002174028022209
Density,message_bits,65,8.23,7.387221969858985
Density,message_bits,66,8.55,7.110272813826377
Density,message_bits,67,8.8,7.495320755663155
Density,message_bits,68,9.07,8.08980050707137
Density,message_bits,69,9.32,8.474848448908148
Density,message_bits,70,6.9,8.197899292875539
Density,message_bits,71,9.84,8.582947234712316
Density,message_bits,72,13.3,10.707410285326517
Density,message_bits,73,16.4,11.092458227163295
Density,message_bits,74,19.3,10.815509071130688
Density,message_bits,75,20.8,11.200557012967465
Density,message_bits,76,22.57,11.79503676437568
Density,message_bits,77,22.42,12.180084706212455
Density,message_bits,78,21.46,11.903135550179847
Density,message_bits,79,19.282,12.288183492016625
Density,message_bits,80,13.5336,9.292877720643158
Density,message_bits,81,11.8,9.677925662479936
Density,message_bits,82,11.342,9.400976506447329
Density,message_bits,83,9.807,9.786024448284106
Density,message_bits,84,9.32,10.380504199692322
Density,message_bits,85,7.0,10.765552141529097
Density,message_bits,86,0.00973,10.488602985496488
Density,message_bits,88,5.0,14.700421125462746
Density,message_bits,89,10.07,14.997832461218898
Density,message_bits,90,11.72,14.569549980402572
Density,message_bits,91,15.37,14.866961316158722
Density,message_bits,92,18.95,14.889544711014818
Density,message_bits,93,20.25,15.18695604677097
Density,message_bits,94,19.84,14.758673565954641
Density,message_bits,95,13.69,15.056084901710793
Density,message_bits,96,13.51,12.34662994383561
Density,message_bits,97,14.0,12.644041279591763
Density,golay_bits,1,8.988e-05,2.637696883782877
Density,golay_bits,2,0.0001785,0.7950792944569232
Density,golay_bits,3,0.534,3.6912090642849504
Density,golay_bits,4,1.85,4.192512266517113
Density,golay_bits,5,2.37,1.7547745617152524
Density,golay_bits,6,2.267,2.477029017928677
Density,golay_bits,7,0.0012506,1.8930716696188723
Density,golay_bits,8,0.001429,8.13588336297594
Density,golay_bits,9,0.001696,6.558343865195124
Density,golay_bits,10,0.0008999,7.184675829874025
Density,golay_bits,11,0.97,7.729352251191919
Density,golay_bits,12,1.74,6.269001445845774
Density,golay_bits,13,2.7,8.629509612433722
Density,golay_bits,14,2.3296,6.9236128603279905
Density,golay_bits,15,1.82,8.857020515476288
Density,golay_bits,16,2.067,1.7497563015495237
Density,golay_bits,17,0.003214,1.3978900084068657
Density,golay_bits,18,0.0017837,1.0083913419899329
Density,golay_bits,19,0.89,0.12544500302264883
Density,golay_bits,20,1.54,1.374754208437781
Density,golay_bits,21,2.99,0.0753464514651565
Density,golay_bits,22,4.5,0.5911082017181348
Density,golay_bits,23,6.0,1.1251708906646218
Density,golay_bits,24,7.15,4.589038827700697
Density,golay_bits,25,7.3,3.6659274619299724
Density,golay_bits,26,7.874,4.359952890964895
Density,golay_bits,27,8.86,4.16119183114559
Density,golay_bits,28,8.912,3.980535907496864
Density,golay_bits,29,8.933,6.276235851731656
Density,golay_bits,30,7.134,5.106410571526252
Density,golay_bits,31,5.91,4.62824370324878
Density,golay_bits,32,5.323,4.229313297149412
Density,golay_bits,33,5.776,3.9436541313696436
Density,golay_bits,34,4.809,3.8958448909888466
Density,golay_bits,35,3.11,3.755005053076723
Density,golay_bits,36,0.003733,4.472061205427336
Density,golay_bits,37,1.53,4.204423372781655
Density,golay_bits,38,2.64,2.7146879710565095
Density,golay_bits,39,4.47,4.247565907219719
Density,golay_bits,40,6.52,6.293367534331118
Density,golay_bits,41,8.57,6.638637235566132
Density,golay_bits,42,10.2,6.300696953049045
Density,golay_bits,43,11.0,6.967841544085539
Density,golay_bits,44,12.1,6.290216218099612
Density,golay_bits,45,12.4,8.946404847289669
Density,golay_bits,46,12.0,8.276509217354059
Density,golay_bits,47,10.501,6.757361750700996
Density,golay_bits,48,8.69,2.233386531055025
Density,golay_bits,49,7.31,2.81895660706882
Density,golay_bits,50,7.287,3.4739414145654868
Density,golay_bits,51,6.685,1.9149354507956922
Density,golay_bits,52,6.232,2.5976190970201474
Density,golay_bits,53,4.93,4.759340336595725
Density,golay_bits,54,0.005887,3.350686631482061
Density,golay_bits,55,1.93,9.042404201637764
Density,golay_bits,56,3.62,9.557272559420802
Density,golay_bits,57,6.15,10.617057005273589
Density,golay_bits,58,6.77,8.83454860096923
Density,golay_bits,59,6.77,11.098088659668333
Density,golay_bits,60,7.01,11.517733431074356
Density,golay_bits,61,7.26,10.37395921605319
Density,golay_bits,62,7.52,11.743852682766695
Density,golay_bits,63,5.24,11.14284538303042
Density,golay_bits,64,7.9,6.749594871909413
Density,golay_bits,65,8.23,7.615093437335127
Density,golay_bits,66,8.55,7.230626526304157
Density,golay_bits,67,8.8,6.892369478883555
Density,golay_bits,68,9.07,7.543869190081983
Density,golay_bits,69,9.32,8.538182201595713
Density,golay_bits,70,6.9,8.312755357059212
Density,golay_bits,71,9.84,8.764301453288054
Density,golay_bits,72,13.3,10.49550668266913
Density,golay_bits,73,16.4,10.7068736617326
Density,golay_bits,74,19.3,10.802995312945026
Density,golay_bits,75,20.8,11.394390450126274
Density,golay_bits,76,22.57,11.239630682724647
Density,golay_bits,77,22.42,12.916810466836637
Density,golay_bits,78,21.46,12.408073878033354
Density,golay_bits,79,19.282,11.506674967471099
Density,golay_bits,80,13.5336,9.192157589565626
Density,golay_bits,81,11.8,9.34271025464318
Density,golay_bits,82,11.342,10.604225791612752
Density,golay_bits,83,9.807,8.925647471265622
Density,golay_bits,84,9.32,9.767089345891293
Density,golay_bits,85,7.0,11.721839303477065
Density,golay_bits,86,0.00973,9.830952969428772
Density,golay_bits,88,5.0,15.032662073610371
Density,golay_bits,89,10.07,15.698975349843149
Density,golay_bits,90,11.72,13.874318594745134
Density,golay_bits,91,15.37,14.79031278804465
Density,golay_bits,92,18.95,15.097867208632273
Density,golay_bits,93,20.25,14.206753635382
Density,golay_bits,94,19.84,15.216315735773588
Density,golay_bits,95,13.69,15.8275910930791
Density,golay_bits,96,13.51,11.127705942283786
Density,golay_bits,97,14.0,12.902809193472379
Density,mog_planar,1,8.988e-05,10.353870825821268
Density,mog_planar,2,0.0001785,4.5723570388146015
Density,mog_planar,3,0.534,8.642493578320435
Density,mog_planar,4,1.85,1.255565280699587
Density,mog_planar,5,2.37,9.930492191017635
Density,mog_planar,6,2.267,7.758913242230023
Density,mog_planar,7,0.0012506,7.665852221272086
Density,mog_planar,8,0.001429,9.825679518978975
Density,mog_planar,9,0.001696,3.369544250909664
Density,mog_planar,10,0.0008999,4.672463196415883
Density,mog_planar,11,0.97,10.31829436617907
Density,mog_planar,12,1.74,7.1192342486267
Density,mog_planar,13,2.7,7.655952361390487
Density,mog_planar,14,2.3296,7.788354043870561
Density,mog_planar,15,1.82,9.587992139246065
Density,mog_planar,16,2.067,7.29341605798748
Density,mog_planar,17,0.003214,4.061837363452219
Density,mog_planar,18,0.0017837,4.548588780543588
Density,mog_planar,19,0.89,8.803815040666553
Density,mog_planar,20,1.54,6.364699034540242
Density,mog_planar,21,2.99,7.1329535218036515
Density,mog_planar,22,4.5,3.957801972882393
Density,mog_planar,23,6.0,11.598697714989028
Density,mog_planar,24,7.15,6.673904988232338
Density,mog_planar,25,7.3,7.1800955679713905
Density,mog_planar,26,7.874,8.803025004140228
Density,mog_planar,27,8.86,8.275083950830602
Density,mog_planar,28,8.912,7.854978533767909
Density,mog_planar,29,8.933,11.840552382336242
Density,mog_planar,30,7.134,15.274734374520131
Density,mog_planar,31,5.91,11.267114488271588
Density,mog_planar,32,5.323,5.135895877896882
Density,mog_planar,33,5.776,2.7785744803688086
Density,mog_planar,34,4.809,2.2358477165000803
Density,mog_planar,35,3.11,4.299837289816905
Density,mog_planar,36,0.003733,6.092382420312195
Density,mog_planar,37,1.53,3.388447680127044
Density,mog_planar,38,2.64,1.8339331885602874
Density,mog_planar,39,4.47,4.15758180871185
Density,mog_planar,40,6.52,3.568587305071887
Density,mog_planar,41,8.57,10.106885461768414
Density,mog_planar,42,10.2,4.516491544865801
Density,mog_planar,43,11.0,7.252199026553595
Density,mog_planar,44,12.1,-0.03346227414622582
Density,mog_planar,45,12.4,10.380211290815774
Density,mog_planar,46,12.0,1.8794197516500315
Density,mog_planar,47,10.501,7.618992351450136
Density,mog_planar,48,8.69,6.009904110625738
Density,mog_planar,49,7.31,4.620428048518033
Density,mog_planar,50,7.287,6.8501454849558865
Density,mog_planar,51,6.685,1.9928949163856542
Density,mog_planar,52,6.232,6.074329295146752
Density,mog_planar,53,4.93,7.238224443606473
Density,mog_planar,54,0.005887,8.083164740109883
Density,mog_planar,55,1.93,8.100646333532925
Density,mog_planar,56,3.62,3.924442800365258
Density,mog_planar,57,6.15,8.66190732129503
Density,mog_planar,58,6.77,6.378121962379038
Density,mog_planar,59,6.77,8.915975734342327
Density,mog_planar,60,7.01,8.312286618109194
Density,mog_planar,61,7.26,6.013266042067661
Density,mog_planar,62,7.52,8.66792903251004
Density,mog_planar,63,5.24,8.47174371554749
Density,mog_planar,64,7.9,5.788686492510182
Density,mog_planar,65,8.23,4.237757480993495
Density,mog_planar,66,8.55,4.994315112247915
Density,mog_planar,67,8.8,7.353693478529504
Density,mog_planar,68,9.07,6.554332500443492
Density,mog_planar,69,9.32,4.4015922378367485
Density,mog_planar,70,6.9,9.396837749150487
Density,mog_planar,71,9.84,4.964104831764605
Density,mog_planar,72,13.3,6.9027786097995385
Density,mog_planar,73,16.4,5.394791937082276
Density,mog_planar,74,19.3,5.474719324755601
Density,mog_planar,75,20.8,10.154707654725044
Density,mog_planar,76,22.57,6.187716022711696
Density,mog_planar,77,22.42,9.223324759148445
Density,mog_planar,78,21.46,8.965317398487418
Density,mog_planar,79,19.282,9.445693566536802
Density,mog_planar,80,13.5336,8.706813832683146
Density,mog_planar,81,11.8,7.584903222243422
Density,mog_planar,82,11.342,8.932325595995879
Density,mog_planar,83,9.807,8.844673473212417
Density,mog_planar,84,9.32,4.989973886486893
Density,mog_planar,85,7.0,9.719385568160128
Density,mog_planar,86,0.00973,5.938536501321625
Density,mog_planar,88,5.0,6.424480463817298
Density,mog_planar,89,10.07,11.609618391699389
Density,mog_planar,90,11.72,6.46554421818383
Density,mog_planar,91,15.37,12.470643952933008
Density,mog_planar,92,18.95,6.473372646488965
Density,mog_planar,93,20.25,12.196428968548801
Density,mog_planar,94,19.84,8.507811425735627
Density,mog_planar,95,13.69,13.645302264962947
Density,mog_planar,96,13.51,7.256700753431414
Density,mog_planar,97,14.0,7.57775423432544
Density,mog_stacked,1,8.988e-05,9.898042806757879
Density,mog_stacked,2,0.0001785,4.3265837565213605
Density,mog_stacked,3,0.534,8.618357225391454
Density,mog_stacked,4,1.85,2.144836602861318
Density,mog_stacked,5,2.37,11.89133538366391
Density,mog_stacked,6,2.267,8.967961163708338
Density,mog_stacked,7,0.0012506,7.36485460252635
Density,mog_stacked,8,0.001429,9.807313326533967
Density,mog_stacked,9,0.001696,3.9795516203592074
Density,mog_stacked,10,0.0008999,5.804963135562403
Density,mog_stacked,11,0.97,10.160501432845004
Density,mog_stacked,12,1.74,8.164796998291505
Density,mog_stacked,13,2.7,7.937394723459892
Density,mog_stacked,14,2.3296,7.916214200408256
Density,mog_stacked,15,1.82,8.783868957783595
Density,mog_stacked,16,2.067,5.671781348001367
Density,mog_stacked,17,0.003214,5.603394411689935
Density,mog_stacked,18,0.0017837,5.673379773355292
Density,mog_stacked,19,0.89,8.869889725838075
Density,mog_stacked,20,1.54,5.287951627328463
Density,mog_stacked,21,2.99,8.848700601409476
Density,mog_stacked,22,4.5,2.905804651939521
Density,mog_stacked,23,6.0,12.203325672440693
Density,mog_stacked,24,7.15,6.481656194421115
Density,mog_stacked,25,7.3,8.847629469023573
Density,mog_stacked,26,7.874,9.265074174508555
Density,mog_stacked,27,8.86,6.786593730315079
Density,mog_stacked,28,8.912,7.503799742247502
Density,mog_stacked,29,8.933,10.075878430319577
Density,mog_stacked,30,7.134,12.156207670681043
Density,mog_stacked,31,5.91,8.260876907175584
Density,mog_stacked,32,5.323,3.5191903274257195
Density,mog_stacked,33,5.776,5.620630970318324
Density,mog_stacked,34,4.809,2.925429626566374
Density,mog_stacked,35,3.11,7.129960173771604
Density,mog_stacked,36,0.003733,5.711125033121835
Density,mog_stacked,37,1.53,3.267795426090233
Density,mog_stacked,38,2.64,3.4613748070823114
Density,mog_stacked,39,4.47,5.064102565970689
Density,mog_stacked,40,6.52,3.1383407218661556
Density,mog_stacked,41,8.57,7.1813429111921225
Density,mog_stacked,42,10.2,2.3436607113018626
Density,mog_stacked,43,11.0,8.509461199430502
Density,mog_stacked,44,12.1,-0.7692296262915974
Density,mog_stacked,45,12.4,10.670816786881332
Density,mog_stacked,46,12.0,1.4012968772784626
Density,mog_stacked,47,10.501,8.684665199487878
Density,mog_stacked,48,8.69,5.780384615090897
Density,mog_stacked,49,7.31,4.2901556616932925
Density,mog_stacked,50,7.287,7.254495904471208
Density,mog_stacked,51,6.685,3.076529931876852
Density,mog_stacked,52,6.232,7.547492505046218
Density,mog_stacked,53,4.93,5.8906965566563505
Density,mog_stacked,54,0.005887,7.199095179639246
Density,mog_stacked,55,1.93,7.185659345359295
Density,mog_stacked,56,3.62,4.161823775915325
Density,mog_stacked,57,6.15,10.053899199462286
Density,mog_stacked,58,6.77,7.269582275585401
Density,mog_stacked,59,6.77,9.591728505118486
Density,mog_stacked,60,7.01,8.10279419203275
Density,mog_stacked,61,7.26,6.594592690222647
Density,mog_stacked,62,7.52,9.168011691912817
Density,mog_stacked,63,5.24,8.330916448370845
Density,mog_stacked,64,7.9,4.344071256694605
Density,mog_stacked,65,8.23,5.248944684574555
Density,mog_stacked,66,8.55,5.21828288575609
Density,mog_stacked,67,8.8,8.357186812960594
Density,mog_stacked,68,9.07,6.285948273875801
Density,mog_stacked,69,9.32,4.778991963821179
Density,mog_stacked,70,6.9,8.882867042166378
Density,mog_stacked,71,9.84,4.397798031699995
Density,mog_stacked,72,13.3,5.499263484578181
Density,mog_stacked,73,16.4,5.568781729218178
Density,mog_stacked,74,19.3,5.46440294478058
Density,mog_stacked,75,20.8,9.606615846137604
Density,mog_stacked,76,22.57,5.325183341630502
Density,mog_stacked,77,22.42,8.414103323845957
Density,mog_stacked,78,21.46,8.16546403291731
Density,mog_stacked,79,19.282,10.328031241393898
Density,mog_stacked,80,13.5336,9.021142855691528
Density,mog_stacked,81,11.8,7.350195216881454
Density,mog_stacked,82,11.342,7.536809985129138
Density,mog_stacked,83,9.807,8.271219818096032
Density,mog_stacked,84,9.32,5.226971940496583
Density,mog_stacked,85,7.0,11.077556836270821
Density,mog_stacked,86,0.00973,5.782035240383049
Density,mog_stacked,88,5.0,6.0406095805442614
Density,mog_stacked,89,10.07,12.307363924179445
Density,mog_stacked,90,11.72,6.476786463207943
Density,mog_stacked,91,15.37,13.26715593507155
Density,mog_stacked,92,18.95,6.531204278211257
Density,mog_stacked,93,20.25,13.7814779061497
Density,mog_stacked,94,19.84,8.998292280654681
Density,mog_stacked,95,13.69,12.733231140310448
Density,mog_stacked,96,13.51,5.2709499431624725
Density,mog_stacked,97,14.0,7.2013255661400555
Density,mog_cylinder,1,8.988e-05,10.58019126927876
Density,mog_cylinder,2,0.0001785,3.812433151429642
Density,mog_cylinder,3,0.534,9.316202362576497
Density,mog_cylinder,4,1.85,2.115872550941643
Density,mog_cylinder,5,2.37,11.488678028733979
Density,mog_cylinder,6,2.267,8.182511884322427
Density,mog_cylinder,7,0.0012506,8.199164542453483
Density,mog_cylinder,8,0.001429,10.714021106585639
Density,mog_cylinder,9,0.001696,4.691992734349686
Density,mog_cylinder,10,0.0008999,4.505748518484603
Density,mog_cylinder,11,0.97,10.695301595575607
Density,mog_cylinder,12,1.74,8.362834458426361
Density,mog_cylinder,13,2.7,8.659901992878364
Density,mog_cylinder,14,2.3296,8.49008142368931
Density,mog_cylinder,15,1.82,8.792971418365617
Density,mog_cylinder,16,2.067,5.145343753284481
Density,mog_cylinder,17,0.003214,5.419820477154197
Density,mog_cylinder,18,0.0017837,5.44106856063353
Density,mog_cylinder,19,0.89,8.432463693920376
Density,mog_cylinder,20,1.54,4.900383315565438
Density,mog_cylinder,21,2.99,8.295629306000459
Density,mog_cylinder,22,4.5,2.8141694181887296
Density,mog_cylinder,23,6.0,11.561308093802594
Density,mog_cylinder,24,7.15,6.163049560027957
Density,mog_cylinder,25,7.3,8.399129092690236
Density,mog_cylinder,26,7.874,8.975488419147126
Density,mog_cylinder,27,8.86,7.390551185205697
Density,mog_cylinder,28,8.912,7.892020709501977
Density,mog_cylinder,29,8.933,10.518584842947803
Density,mog_cylinder,30,7.134,13.039455499800116
Density,mog_cylinder,31,5.91,8.713761653352591
Density,mog_cylinder,32,5.323,3.990872161348027
Density,mog_cylinder,33,5.776,5.107257693520852
Density,mog_cylinder,34,4.809,2.666361553648226
Density,mog_cylinder,35,3.11,6.285824557592796
Density,mog_cylinder,36,0.003733,5.95696181712133
Density,mog_cylinder,37,1.53,3.5247848419184065
Density,mog_cylinder,38,2.64,2.063179938867247
Density,mog_cylinder,39,4.47,5.31378876820504
Density,mog_cylinder,40,6.52,2.129424685252104
Density,mog_cylinder,41,8.57,8.182034014022202
Density,mog_cylinder,42,10.2,2.9974961695787874
Density,mog_cylinder,43,11.0,7.962676875427427
Density,mog_cylinder,44,12.1,-0.5956272174089321
Density,mog_cylinder,45,12.4,10.60533519757233
Density,mog_cylinder,46,12.0,2.377534645280816
Density,mog_cylinder,47,10.501,9.465863875111838
Density,mog_cylinder,48,8.69,5.609614144997036
Density,mog_cylinder,49,7.31,4.401978356441953
Density,mog_cylinder,50,7.287,6.65698813704126
Density,mog_cylinder,51,6.685,3.4953391065963944
Density,mog_cylinder,52,6.232,5.413074063331462
Density,mog_cylinder,53,4.93,6.806155241590788
Density,mog_cylinder,54,0.005887,8.38105178597387
Density,mog_cylinder,55,1.93,7.751912709371593
Density,mog_cylinder,56,3.62,4.103400445639535
Density,mog_cylinder,57,6.15,8.765629838182313
Density,mog_cylinder,58,6.77,6.659380787201146
Density,mog_cylinder,59,6.77,9.566098648577874
Density,mog_cylinder,60,7.01,8.262762703716817
Density,mog_cylinder,61,7.26,5.779556605966636
Density,mog_cylinder,62,7.52,8.20436829062069
Density,mog_cylinder,63,5.24,8.698545298799676
Density,mog_cylinder,64,7.9,4.865883972619532
Density,mog_cylinder,65,8.23,5.10788681648979
Density,mog_cylinder,66,8.55,5.174763604308138
Density,mog_cylinder,67,8.8,8.183863111520985
Density,mog_cylinder,68,9.07,6.685906580182032
Density,mog_cylinder,69,9.32,4.502193150053948
Density,mog_cylinder,70,6.9,9.373753723198366
Density,mog_cylinder,71,9.84,4.302378318156739
Density,mog_cylinder,72,13.3,7.184514830962117
Density,mog_cylinder,73,16.4,5.970382666427744
Density,mog_cylinder,74,19.3,5.233068856769699
Density,mog_cylinder,75,20.8,9.621562880939111
Density,mog_cylinder,76,22.57,6.2027922889893645
Density,mog_cylinder,77,22.42,8.83029305305697
Density,mog_cylinder,78,21.46,8.022559467107993
Density,mog_cylinder,79,19.282,8.199091517998687
Density,mog_cylinder,80,13.5336,9.284087234431116
Density,mog_cylinder,81,11.8,8.10574682740865
Density,mog_cylinder,82,11.342,8.261310572345796
Density,mog_cylinder,83,9.807,8.870339737164716
Density,mog_cylinder,84,9.32,5.202102503845097
Density,mog_cylinder,85,7.0,10.370690695081853
Density,mog_cylinder,86,0.00973,5.669309631434221
Density,mog_cylinder,88,5.0,5.759254157850346
Density,mog_cylinder,89,10.07,12.622053044880815
Density,mog_cylinder,90,11.72,5.614515443397977
Density,mog_cylinder,91,15.37,12.995813017504798
Density,mog_cylinder,92,18.95,5.830074926940235
Density,mog_cylinder,93,20.25,13.602004490328726
Density,mog_cylinder,94,19.84,8.537991471444517
Density,mog_cylinder,95,13.69,13.058921410555122
Density,mog_cylinder,96,13.51,4.768375878060237
Density,mog_cylinder,97,14.0,7.177209369047384
Density,mog_sphere,1,8.988e-05,10.228967804236111
Density,mog_sphere,2,0.0001785,4.213127562141805
Density,mog_sphere,3,0.534,3.642978097163092
Density,mog_sphere,4,1.85,3.277249145637432
Density,mog_sphere,5,2.37,10.577045654906524
Density,mog_sphere,6,2.267,6.912003346947632
Density,mog_sphere,7,0.0012506,8.537658592938067
Density,mog_sphere,8,0.001429,8.975574895040054
Density,mog_sphere,9,0.001696,5.821984249057949
Density,mog_sphere,10,0.0008999,4.489500293235705
Density,mog_sphere,11,0.97,11.733259637424016
Density,mog_sphere,12,1.74,10.508372873216107
Density,mog_sphere,13,2.7,8.883166087479028
Density,mog_sphere,14,2.3296,8.584203032547652
Density,mog_sphere,15,1.82,10.241661689872098
Density,mog_sphere,16,2.067,5.478069869897368
Density,mog_sphere,17,0.003214,4.155832283771254
Density,mog_sphere,18,0.0017837,5.342085698554186
Density,mog_sphere,19,0.89,3.9569671492390013
Density,mog_sphere,20,1.54,7.416659932740133
Density,mog_sphere,21,2.99,4.493799479128467
Density,mog_sphere,22,4.5,-2.662165479963914
Density,mog_sphere,23,6.0,11.874558211112877
Density,mog_sphere,24,7.15,4.686228752425
Density,mog_sphere,25,7.3,10.529197106320042
Density,mog_sphere,26,7.874,8.601556578978329
Density,mog_sphere,27,8.86,4.793174341276044
Density,mog_sphere,28,8.912,9.139451394989196
Density,mog_sphere,29,8.933,8.933597204331301
Density,mog_sphere,30,7.134,11.930950394806997
Density,mog_sphere,31,5.91,6.315383583807635
Density,mog_sphere,32,5.323,1.1390093451140562
Density,mog_sphere,33,5.776,6.9845469689751996
Density,mog_sphere,34,4.809,1.978651667077937
Density,mog_sphere,35,3.11,4.250075007537139
Density,mog_sphere,36,0.003733,9.943280179507733
Density,mog_sphere,37,1.53,4.233466837170101
Density,mog_sphere,38,2.64,0.6933274146794322
Density,mog_sphere,39,4.47,6.332593069215879
Density,mog_sphere,40,6.52,2.7135736743845866
Density,mog_sphere,41,8.57,8.664965913149624
Density,mog_sphere,42,10.2,4.675420777696168
Density,mog_sphere,43,11.0,4.930290455769219
Density,mog_sphere,44,12.1,-0.3422376298621499
Density,mog_sphere,45,12.4,11.606250347837593
Density,mog_sphere,46,12.0,2.104259970822122
Density,mog_sphere,47,10.501,10.11113049399672
Density,mog_sphere,48,8.69,2.151930677346286
Density,mog_sphere,49,7.31,6.4087751082401265
Density,mog_sphere,50,7.287,5.525338310250574
Density,mog_sphere,51,6.685,2.0536054860371884
Density,mog_sphere,52,6.232,5.992788353401099
Density,mog_sphere,53,4.93,4.271244683707158
Density,mog_sphere,54,0.005887,8.046781637681333
Density,mog_sphere,55,1.93,8.745245630260605
Density,mog_sphere,56,3.62,5.919432060201675
Density,mog_sphere,57,6.15,9.281011561184007
Density,mog_sphere,58,6.77,8.483617404833026
Density,mog_sphere,59,6.77,9.80171070518753
Density,mog_sphere,60,7.01,9.628953588640794
Density,mog_sphere,61,7.26,8.823304679656008
Density,mog_sphere,62,7.52,8.757160719850448
Density,mog_sphere,63,5.24,10.17696371423001
Density,mog_sphere,64,7.9,3.0643631828826585
Density,mog_sphere,65,8.23,4.398955460462333
Density,mog_sphere,66,8.55,3.4996459114204606
Density,mog_sphere,67,8.8,6.440564036645782
Density,mog_sphere,68,9.07,5.114237871311938
Density,mog_sphere,69,9.32,4.720916415997033
Density,mog_sphere,70,6.9,7.9171605344056175
Density,mog_sphere,71,9.84,4.113758886396856
Density,mog_sphere,72,13.3,8.103177580176387
Density,mog_sphere,73,16.4,5.483040078419157
Density,mog_sphere,74,19.3,4.865249120458515
Density,mog_sphere,75,20.8,8.480236838889397
Density,mog_sphere,76,22.57,5.9213076663590885
Density,mog_sphere,77,22.42,8.94567861428525
Density,mog_sphere,78,21.46,7.6182394051795175
Density,mog_sphere,79,19.282,8.538597154916474
Density,mog_sphere,80,13.5336,6.200969166291269
Density,mog_sphere,81,11.8,6.641684262422923
Density,mog_sphere,82,11.342,6.354663561409953
Density,mog_sphere,83,9.807,9.149707132866947
Density,mog_sphere,84,9.32,4.165474834672461
Density,mog_sphere,85,7.0,10.163251973717383
Density,mog_sphere,86,0.00973,6.120342357486251
Density,mog_sphere,88,5.0,8.313115563725832
Density,mog_sphere,89,10.07,12.152156021908564
Density,mog_sphere,90,11.72,7.7834919016006925
Density,mog_sphere,91,15.37,12.497602440256475
Density,mog_sphere,92,18.95,7.725452703738895
Density,mog_sphere,93,20.25,14.587820520030746
Density,mog_sphere,94,19.84,8.781860582284995
Density,mog_sphere,95,13.69,13.232086568064918
Density,mog_sphere,96,13.51,8.732195951481325
Density,mog_sphere,97,14.0,5.991974742812941
Density,gray_message_bits,1,8.988e-05,3.7798311893305776
Density,gray_message_bits,2,0.0001785,4.57244223381512
Density,gray_message_bits,3,0.534,4.611075422793795
Density,gray_message_bits,4,1.85,2.799632332179546
Density,gray_message_bits,5,2.37,2.6954582841191588
Density,gray_message_bits,6,2.267,1.899983753332771
Density,gray_message_bits,7,0.0012506,2.0041578013931574
Density,gray_message_bits,8,0.001429,2.8700603348963405
Density,gray_message_bits,9,0.001696,2.7658862868359533
Density,gray_message_bits,10,0.0008999,3.561360817622342
Density,gray_message_bits,11,0.97,4.069733925688455
Density,gray_message_bits,12,1.74,6.623930258719236
Density,gray_message_bits,13,2.7,6.674835137555998
Density,gray_message_bits,14,2.3296,5.883077263705971
Density,gray_message_bits,15,1.82,5.832172384869208
Density,gray_message_bits,16,2.067,6.717725210846282
Density,gray_message_bits,17,0.003214,6.768630089683045
Density,gray_message_bits,18,0.0017837,7.560387963533072
Density,gray_message_bits,19,0.89,4.757270404982111
Density,gray_message_bits,20,1.54,2.1922199633280766
Density,gray_message_bits,21,2.99,1.9312028044152303
Density,gray_message_bits,22,4.5,0.8301280694844593
Density,gray_message_bits,23,6.0,1.0911452283973073
Density,gray_message_bits,24,7.15,-0.2077484925820805
Density,gray_message_bits,25,7.3,-0.46876565149492855
Density,gray_message_bits,26,7.874,0.6323090834358425
Density,gray_message_bits,27,8.86,0.8933262423486887
Density,gray_message_bits,28,8.912,3.4583766840027224
Density,gray_message_bits,29,8.933,3.197359525089876
Density,gray_message_bits,30,7.134,2.096284790159107
Density,gray_message_bits,31,5.91,2.357301949071953
Density,gray_message_bits,32,5.323,7.121982183608649
Density,gray_message_bits,33,5.776,6.860965024695802
Density,gray_message_bits,34,4.809,7.962039759626572
Density,gray_message_bits,35,3.11,8.223056918539418
Density,gray_message_bits,36,0.003733,5.658006476885385
Density,gray_message_bits,37,1.53,5.3322331201091115
Density,gray_message_bits,38,2.64,4.640751069269488
Density,gray_message_bits,39,4.47,4.472113003830041
Density,gray_message_bits,40,6.52,4.429426734173996
Density,gray_message_bits,41,8.57,4.598064799613442
Density,gray_message_bits,42,10.2,5.289546850453066
Density,gray_message_bits,43,11.0,5.120908785013619
Density,gray_message_bits,44,12.1,6.726056128598062
Density,gray_message_bits,45,12.4,6.894694194037508
Density,gray_message_bits,46,12.0,6.203212143197884
Density,gray_message_bits,47,10.501,6.034574077758438
Density,gray_message_bits,48,8.69,5.693552363434936
Density,gray_message_bits,49,7.31,5.862190428874382
Density,gray_message_bits,50,7.287,6.553672479714005
Density,gray_message_bits,51,6.685,6.385034414274559
Density,gray_message_bits,52,6.232,4.7798870706901155
Density,gray_message_bits,53,4.93,4.948525136129563
Density,gray_message_bits,54,0.005887,4.25704308528994
Density,gray_message_bits,55,1.93,3.4867324706428673
Density,gray_message_bits,56,3.62,3.137391740572996
Density,gray_message_bits,57,6.15,3.3091683926063773
Density,gray_message_bits,58,6.77,3.8545014631613372
Density,gray_message_bits,59,6.77,3.682724811127956
Density,gray_message_bits,60,7.01,5.371018169725141
Density,gray_message_bits,61,7.26,5.542794821758522
Density,gray_message_bits,62,7.52,4.997461751203563
Density,gray_message_bits,63,5.24,4.825685099170181
Density,gray_message_bits,64,7.9,11.456511924172093
Density,gray_message_bits,65,8.23,11.628288576205474
Density,gray_message_bits,66,8.55,12.173621646760434
Density,gray_message_bits,67,8.8,12.001844994727053
Density,gray_message_bits,68,9.07,10.313551636129867
Density,gray_message_bits,69,9.32,10.485328288163249
Density,gray_message_bits,70,6.9,9.939995217608288
Density,gray_message_bits,71,9.84,9.768218565574909
Density,gray_message_bits,72,13.3,10.117559295644778
Density,gray_message_bits,73,16.4,10.289335947678161
Density,gray_message_bits,74,19.3,10.83466901823312
Density,gray_message_bits,75,20.8,10.662892366199738
Density,gray_message_bits,76,22.57,12.351185724796924
Density,gray_message_bits,77,22.42,12.522962376830305
Density,gray_message_bits,78,21.46,11.977629306275345
Density,gray_message_bits,79,19.282,11.805852654241964
Density,gray_message_bits,80,13.5336,14.58568629117535
Density,gray_message_bits,81,11.8,14.757462943208731
Density,gray_message_bits,82,11.342,15.302796013763691
Density,gray_message_bits,83,9.807,15.13101936173031
Density,gray_message_bits,84,9.32,13.442726003133124
Density,gray_message_bits,85,7.0,13.614502655166506
Density,gray_message_bits,86,0.00973,13.069169584611547
Density,gray_message_bits,88,5.0,10.423934011421363
Density,gray_message_bits,89,10.07,10.216981033426721
Density,gray_message_bits,90,11.72,10.837278448515217
Density,gray_message_bits,91,15.37,11.044231426509858
Density,gray_message_bits,92,18.95,12.401266584871106
Density,gray_message_bits,93,20.25,12.194313606876463
Density,gray_message_bits,94,19.84,11.574016191787967
Density,gray_message_bits,95,13.69,11.780969169782608
Density,gray_message_bits,96,13.51,8.632400497320324
Density,gray_message_bits,97,14.0,8.425447519325683
Density,gray_golay_bits,1,8.988e-05,4.380232725725462
Density,gray_golay_bits,2,0.0001785,4.815406871091934
Density,gray_golay_bits,3,0.534,5.2949963306277645
Density,gray_golay_bits,4,1.85,3.532964544458265
Density,gray_golay_bits,5,2.37,2.093719623188912
Density,gray_golay_bits,6,2.267,2.3371458784469485
Density,gray_golay_bits,7,0.0012506,1.5708062619911445
Density,gray_golay_bits,8,0.001429,4.228286142785741
Density,gray_golay_bits,9,0.001696,1.5591528933979042
Density,gray_golay_bits,10,0.0008999,3.842729440294062
Density,gray_golay_bits,11,0.97,4.593925321639173
Density,gray_golay_bits,12,1.74,6.004731914059347
Density,gray_golay_bits,13,2.7,7.564153572258533
Density,gray_golay_bits,14,2.3296,5.034153395302406
Density,gray_golay_bits,15,1.82,6.693114449533185
Density,gray_golay_bits,16,2.067,6.444450188785214
Density,gray_golay_bits,17,0.003214,7.337910918930657
Density,gray_golay_bits,18,0.0017837,7.902008711047778
Density,gray_golay_bits,19,0.89,6.082935482297725
Density,gray_golay_bits,20,1.54,3.2497113832722446
Density,gray_golay_bits,21,2.99,1.483011129980107
Density,gray_golay_bits,22,4.5,1.3589806386552832
Density,gray_golay_bits,23,6.0,0.6437852531094377
Density,gray_golay_bits,24,7.15,0.10460627809720613
Density,gray_golay_bits,25,7.3,-0.3341376843224939
Density,gray_golay_bits,26,7.874,1.805601542142349
Density,gray_golay_bits,27,8.86,-0.19339078882978455
Density,gray_golay_bits,28,8.912,2.8068557022976863
Density,gray_golay_bits,29,8.933,4.257685370096542
Density,gray_golay_bits,30,7.134,0.8478830134400548
Density,gray_golay_bits,31,5.91,3.486701437466542
Density,gray_golay_bits,32,5.323,7.770694735571471
Density,gray_golay_bits,33,5.776,6.533380365852234
Density,gray_golay_bits,34,4.809,8.753773410132606
Density,gray_golay_bits,35,3.11,7.392043850828951
Density,gray_golay_bits,36,0.003733,7.023799097183646
Density,gray_golay_bits,37,1.53,5.396386623958117
Density,gray_golay_bits,38,2.64,4.016058085044122
Density,gray_golay_bits,39,4.47,5.1352235817894964
Density,gray_golay_bits,40,6.52,3.851974450738132
Density,gray_golay_bits,41,8.57,5.388782510275356
Density,gray_golay_bits,42,10.2,4.811686603505192
Density,gray_golay_bits,43,11.0,5.692990943224332
Density,gray_golay_bits,44,12.1,7.000098585668538
Density,gray_golay_bits,45,12.4,6.7412237123829994
Density,gray_golay_bits,46,12.0,6.982757249788322
Density,gray_golay_bits,47,10.501,5.300360445792423
Density,gray_golay_bits,48,8.69,6.420502646895544
Density,gray_golay_bits,49,7.31,5.207451955958959
Density,gray_golay_bits,50,7.287,6.7392016533717225
Density,gray_golay_bits,51,6.685,6.152673535198817
Density,gray_golay_bits,52,6.232,4.048174237896765
Density,gray_golay_bits,53,4.93,5.801340216106518
Density,gray_golay_bits,54,0.005887,4.296592990601447
Density,gray_golay_bits,55,1.93,4.48299735466015
Density,gray_golay_bits,56,3.62,2.2732694208224644
Density,gray_golay_bits,57,6.15,4.4133781050118195
Density,gray_golay_bits,58,6.77,3.536616458164212
Density,gray_golay_bits,59,6.77,4.1045392413753135
Density,gray_golay_bits,60,7.01,6.748457556459514
Density,gray_golay_bits,61,7.26,4.297735066642872
Density,gray_golay_bits,62,7.52,5.196548065793503
Density,gray_golay_bits,63,5.24,4.7859618891831435
Density,gray_golay_bits,64,7.9,11.877162856018955
Density,gray_golay_bits,65,8.23,11.386887694778775
Density,gray_golay_bits,66,8.55,12.043174304664701
Density,gray_golay_bits,67,8.8,12.175384419838272
Density,gray_golay_bits,68,9.07,10.269199975379191
Density,gray_golay_bits,69,9.32,10.653496319981418
Density,gray_golay_bits,70,6.9,10.609791274677796
Density,gray_golay_bits,71,9.84,9.249222352557071
Density,gray_golay_bits,72,13.3,10.27655888428254
Density,gray_golay_bits,73,16.4,10.328666690907436
Density,gray_golay_bits,74,19.3,10.205241178052365
Density,gray_golay_bits,75,20.8,11.354492570842854
Density,gray_golay_bits,76,22.57,12.501572361240935
Density,gray_golay_bits,77,22.42,12.463198311217145
Density,gray_golay_bits,78,21.46,12.455397977348694
Density,gray_golay_bits,79,19.282,11.445690026983646
Density,gray_golay_bits,80,13.5336,14.981261801622171
Density,gray_golay_bits,81,11.8,14.415279958973551
Density,gray_golay_bits,82,11.342,14.513165996029112
Density,gray_golay_bits,83,9.807,15.83788393827185
Density,gray_golay_bits,84,9.32,13.136774267377913
Density,gray_golay_bits,85,7.0,13.91841323778069
Density,gray_golay_bits,86,0.00973,13.316307619646707
Density,gray_golay_bits,88,5.0,10.789911936034786
Density,gray_golay_bits,89,10.07,10.119021260847674
Density,gray_golay_bits,90,11.72,10.757861877495564
Density,gray_golay_bits,91,15.37,11.08435861858499
Density,gray_golay_bits,92,18.95,13.288928299418624
Density,gray_golay_bits,93,20.25,11.489711802473945
Density,gray_golay_bits,94,19.84,11.775177161710017
Density,gray_golay_bits,95,13.69,11.569976786192854
Density,gray_golay_bits,96,13.51,8.404254149466768
Density,gray_golay_bits,97,14.0,8.909327563134823
Density,gray_mog_planar,1,8.988e-05,10.13602575285239
Density,gray_mog_planar,2,0.0001785,8.062591963456713
Density,gray_mog_planar,3,0.534,4.306124189909825
Density,gray_mog_planar,4,1.85,2.8221697851361416
Density,gray_mog_planar,5,2.37,7.805137443173449
Density,gray_mog_planar,6,2.267,6.679794557499102
Density,gray_mog_planar,7,0.0012506,3.6879411481914373
Density,gray_mog_planar,8,0.001429,4.819299436814802
Density,gray_mog_planar,9,0.001696,5.193077327152133
Density,gray_mog_planar,10,0.0008999,8.093772225857625
Density,gray_mog_planar,11,0.97,2.683454929464677
Density,gray_mog_planar,12,1.74,5.8526297306391095
Density,gray_mog_planar,13,2.7,8.222814939574832
Density,gray_mog_planar,14,2.3296,7.015992002678161
Density,gray_mog_planar,15,1.82,5.720298241942869
Density,gray_mog_planar,16,2.067,8.641112533546286
Density,gray_mog_planar,17,0.003214,8.256924109051813
Density,gray_mog_planar,18,0.0017837,8.259410237495981
Density,gray_mog_planar,19,0.89,8.521227387791752
Density,gray_mog_planar,20,1.54,8.51462083974275
Density,gray_mog_planar,21,2.99,0.30281694308795704
Density,gray_mog_planar,22,4.5,2.3535995713938576
Density,gray_mog_planar,23,6.0,8.375770162641677
Density,gray_mog_planar,24,7.15,3.768456734956584
Density,gray_mog_planar,25,7.3,5.954162726495399
Density,gray_mog_planar,26,7.874,8.948245929349875
Density,gray_mog_planar,27,8.86,1.8188086534329742
Density,gray_mog_planar,28,8.912,7.883342457853382
Density,gray_mog_planar,29,8.933,5.7485350484994155
Density,gray_mog_planar,30,7.134,4.109057015733589
Density,gray_mog_planar,31,5.91,10.050827782862827
Density,gray_mog_planar,32,5.323,10.317539833121806
Density,gray_mog_planar,33,5.776,7.714155268479477
Density,gray_mog_planar,34,4.809,5.431402614195557
Density,gray_mog_planar,35,3.11,12.815209252191426
Density,gray_mog_planar,36,0.003733,8.36753022417895
Density,gray_mog_planar,37,1.53,6.272524243380106
Density,gray_mog_planar,38,2.64,5.513016599932632
Density,gray_mog_planar,39,4.47,8.571903809439604
Density,gray_mog_planar,40,6.52,8.48707870531466
Density,gray_mog_planar,41,8.57,5.682695295683313
Density,gray_mog_planar,42,10.2,8.036266810717692
Density,gray_mog_planar,43,11.0,7.57684059156096
Density,gray_mog_planar,44,12.1,8.07122130510032
Density,gray_mog_planar,45,12.4,9.056984122870972
Density,gray_mog_planar,46,12.0,10.399377078423866
Density,gray_mog_planar,47,10.501,6.797594537692442
Density,gray_mog_planar,48,8.69,5.147755415873854
Density,gray_mog_planar,49,7.31,7.302820485517275
Density,gray_mog_planar,50,7.287,8.051457591069116
Density,gray_mog_planar,51,6.685,5.519909634631505
Density,gray_mog_planar,52,6.232,1.7180073767926096
Density,gray_mog_planar,53,4.93,9.981389850373
Density,gray_mog_planar,54,0.005887,10.884176231291224
Density,gray_mog_planar,55,1.93,0.8686529503222733
Density,gray_mog_planar,56,3.62,3.4707109746615052
Density,gray_mog_planar,57,6.15,5.159052590221774
Density,gray_mog_planar,58,6.77,6.267239906222079
Density,gray_mog_planar,59,6.77,2.8784846520621827
Density,gray_mog_planar,60,7.01,4.851368769371997
Density,gray_mog_planar,61,7.26,7.11387486984239
Density,gray_mog_planar,62,7.52,9.975821267476995
Density,gray_mog_planar,63,5.24,4.109179061209975
Density,gray_mog_planar,64,7.9,8.082884214454207
Density,gray_mog_planar,65,8.23,9.215013195800347
Density,gray_mog_planar,66,8.55,7.6856943850299775
Density,gray_mog_planar,67,8.8,9.636157874380155
Density,gray_mog_planar,68,9.07,8.059971860811
Density,gray_mog_planar,69,9.32,4.707845119007888
Density,gray_mog_planar,70,6.9,6.356975704724143
Density,gray_mog_planar,71,9.84,7.111696955402142
Density,gray_mog_planar,72,13.3,5.160596526375453
Density,gray_mog_planar,73,16.4,6.442612019855381
Density,gray_mog_planar,74,19.3,4.972778623901526
Density,gray_mog_planar,75,20.8,6.009679997959386
Density,gray_mog_planar,76,22.57,7.799778425214084
Density,gray_mog_planar,77,22.42,6.486258675743709
Density,gray_mog_planar,78,21.46,5.0921199501585175
Density,gray_mog_planar,79,19.282,9.18229979597464
Density,gray_mog_planar,80,13.5336,7.28723300998797
Density,gray_mog_planar,81,11.8,12.447531284740982
Density,gray_mog_planar,82,11.342,11.493770260407356
Density,gray_mog_planar,83,9.807,5.816507507469519
Density,gray_mog_planar,84,9.32,8.737369254640779
Density,gray_mog_planar,85,7.0,7.432491053652879
Density,gray_mog_planar,86,0.00973,10.59449886816596
Density,gray_mog_planar,88,5.0,3.3849262754331852
Density,gray_mog_planar,89,10.07,12.45603223096326
Density,gray_mog_planar,90,11.72,11.034194600908531
Density,gray_mog_planar,91,15.37,6.8970639747263185
Density,gray_mog_planar,92,18.95,9.02791383327539
Density,gray_mog_planar,93,20.25,9.504488807191484
Density,gray_mog_planar,94,19.84,10.031067702345059
Density,gray_mog_planar,95,13.69,8.057590693784801
Density,gray_mog_planar,96,13.51,5.972848411889264
Density,gray_mog_planar,97,14.0,7.284693038484741
Density,gray_mog_stacked,1,8.988e-05,9.34761407294417
Density,gray_mog_stacked,2,0.0001785,8.190707058305009
Density,gray_mog_stacked,3,0.534,5.029566550439707
Density,gray_mog_stacked,4,1.85,2.6139690498520016
Density,gray_mog_stacked,5,2.37,7.582550892148104
Density,gray_mog_stacked,6,2.267,7.160854078959703
Density,gray_mog_stacked,7,0.0012506,3.1069149798065236
Density,gray_mog_stacked,8,0.001429,4.399527510575355
Density,gray_mog_stacked,9,0.001696,4.9299098257241685
Density,gray_mog_stacked,10,0.0008999,8.148529338413264
Density,gray_mog_stacked,11,0.97,2.2115487340083257
Density,gray_mog_stacked,12,1.74,5.4181506246191855
Density,gray_mog_stacked,13,2.7,7.8554465094432
Density,gray_mog_stacked,14,2.3296,6.296941367446668
Density,gray_mog_stacked,15,1.82,5.552767513191492
Density,gray_mog_stacked,16,2.067,8.27018540427516
Density,gray_mog_stacked,17,0.003214,7.853941746588127
Density,gray_mog_stacked,18,0.0017837,8.044699758018012
Density,gray_mog_stacked,19,0.89,9.133112602317233
Density,gray_mog_stacked,20,1.54,8.766684458141205
Density,gray_mog_stacked,21,2.99,-0.53705340420548
Density,gray_mog_stacked,22,4.5,2.9960343184723124
Density,gray_mog_stacked,23,6.0,8.093534119184582
Density,gray_mog_stacked,24,7.15,3.9090280486806286
Density,gray_mog_stacked,25,7.3,6.370360406329745
Density,gray_mog_stacked,26,7.874,9.517742537187978
Density,gray_mog_stacked,27,8.86,1.6028669293159696
Density,gray_mog_stacked,28,8.912,8.107488713261462
Density,gray_mog_stacked,29,8.933,6.088877287862308
Density,gray_mog_stacked,30,7.134,3.9188112694354373
Density,gray_mog_stacked,31,5.91,10.324846980218004
Density,gray_mog_stacked,32,5.323,10.035522695206607
Density,gray_mog_stacked,33,5.776,8.13414045506355
Density,gray_mog_stacked,34,4.809,5.426933849718144
Density,gray_mog_stacked,35,3.11,13.364211499686007
Density,gray_mog_stacked,36,0.003733,8.892855662375194
Density,gray_mog_stacked,37,1.53,7.028849423655676
Density,gray_mog_stacked,38,2.64,5.801212248152574
Density,gray_mog_stacked,39,4.47,9.409659871324678
Density,gray_mog_stacked,40,6.52,8.870248856730601
Density,gray_mog_stacked,41,8.57,5.196278573970304
Density,gray_mog_stacked,42,10.2,7.87575256622557
Density,gray_mog_stacked,43,11.0,6.569037172286327
Density,gray_mog_stacked,44,12.1,6.873355106228765
Density,gray_mog_stacked,45,12.4,9.457786804184225
Density,gray_mog_stacked,46,12.0,9.922246345586485
Density,gray_mog_stacked,47,10.501,7.095147877358789
Density,gray_mog_stacked,48,8.69,5.479543362859387
Density,gray_mog_stacked,49,7.31,8.216547114015617
Density,gray_mog_stacked,50,7.287,8.66354034321397
Density,gray_mog_stacked,51,6.685,5.3752813169962135
Density,gray_mog_stacked,52,6.232,1.4078923089789273
Density,gray_mog_stacked,53,4.93,9.68393364434855
Density,gray_mog_stacked,54,0.005887,10.797347127390646
Density,gray_mog_stacked,55,1.93,2.0762460163262615
Density,gray_mog_stacked,56,3.62,3.5949648004033126
Density,gray_mog_stacked,57,6.15,6.240443297299845
Density,gray_mog_stacked,58,6.77,5.749018594799221
Density,gray_mog_stacked,59,6.77,4.043326964678977
Density,gray_mog_stacked,60,7.01,4.137606814260599
Density,gray_mog_stacked,61,7.26,6.761347974951958
Density,gray_mog_stacked,62,7.52,10.709485530345926
Density,gray_mog_stacked,63,5.24,4.542964744410811
Density,gray_mog_stacked,64,7.9,7.645055508989135
Density,gray_mog_stacked,65,8.23,10.251636230983564
Density,gray_mog_stacked,66,8.55,7.120517467290335
Density,gray_mog_stacked,67,8.8,8.283202772963406
Density,gray_mog_stacked,68,9.07,7.294918788659705
Density,gray_mog_stacked,69,9.32,4.808903068775812
Density,gray_mog_stacked,70,6.9,5.115624692857391
Density,gray_mog_stacked,71,9.84,8.049556822896315
Density,gray_mog_stacked,72,13.3,5.742247446435257
Density,gray_mog_stacked,73,16.4,6.5608750716437685
Density,gray_mog_stacked,74,19.3,4.557812467791705
Density,gray_mog_stacked,75,20.8,5.919174689075234
Density,gray_mog_stacked,76,22.57,7.079568863777766
Density,gray_mog_stacked,77,22.42,4.61191650133257
Density,gray_mog_stacked,78,21.46,5.173436923611074
Density,gray_mog_stacked,79,19.282,8.621802930494491
Density,gray_mog_stacked,80,13.5336,8.959126817533525
Density,gray_mog_stacked,81,11.8,14.850749184349807
Density,gray_mog_stacked,82,11.342,12.449452067280227
Density,gray_mog_stacked,83,9.807,5.118475479633099
Density,gray_mog_stacked,84,9.32,7.794192918520804
Density,gray_mog_stacked,85,7.0,8.416321147528931
Density,gray_mog_stacked,86,0.00973,10.861646337239772
Density,gray_mog_stacked,88,5.0,3.3314894996030877
Density,gray_mog_stacked,89,10.07,12.095997911210997
Density,gray_mog_stacked,90,11.72,10.60587095254822
Density,gray_mog_stacked,91,15.37,7.206930830420659
Density,gray_mog_stacked,92,18.95,8.588536679512288
Density,gray_mog_stacked,93,20.25,9.688079937953308
Density,gray_mog_stacked,94,19.84,10.057359330951469
Density,gray_mog_stacked,95,13.69,7.770401189454631
Density,gray_mog_stacked,96,13.51,4.346137789991538
Density,gray_mog_stacked,97,14.0,7.259419912971963
Density,gray_mog_cylinder,1,8.988e-05,10.137580544545138
Density,gray_mog_cylinder,2,0.0001785,8.211789292649453
Density,gray_mog_cylinder,3,0.534,4.873659116675107
Density,gray_mog_cylinder,4,1.85,2.462469230037053
Density,gray_mog_cylinder,5,2.37,7.918319361719341
Density,gray_mog_cylinder,6,2.267,6.370447501947327
Density,gray_mog_cylinder,7,0.0012506,3.085767460298965
Density,gray_mog_cylinder,8,0.001429,4.360281628472345
Density,gray_mog_cylinder,9,0.001696,5.258867736259647
Density,gray_mog_cylinder,10,0.0008999,8.113204886881453
Density,gray_mog_cylinder,11,0.97,2.586999702280796
Density,gray_mog_cylinder,12,1.74,5.441250334409213
Density,gray_mog_cylinder,13,2.7,8.071894416944808
Density,gray_mog_cylinder,14,2.3296,6.343494644264625
Density,gray_mog_cylinder,15,1.82,5.634620474649923
Density,gray_mog_cylinder,16,2.067,8.2087571685621
Density,gray_mog_cylinder,17,0.003214,7.512939984232179
Density,gray_mog_cylinder,18,0.0017837,8.355068723299523
Density,gray_mog_cylinder,19,0.89,8.57165999006665
Density,gray_mog_cylinder,20,1.54,9.032798414611188
Density,gray_mog_cylinder,21,2.99,-0.21467048173530223
Density,gray_mog_cylinder,22,4.5,2.78755242453025
Density,gray_mog_cylinder,23,6.0,8.763883070333996
Density,gray_mog_cylinder,24,7.15,3.194505932267889
Density,gray_mog_cylinder,25,7.3,4.957780802934195
Density,gray_mog_cylinder,26,7.874,8.88599546301579
Density,gray_mog_cylinder,27,8.86,1.7536094887447842
Density,gray_mog_cylinder,28,8.912,7.287301494162723
Density,gray_mog_cylinder,29,8.933,4.980688839446004
Density,gray_mog_cylinder,30,7.134,3.187254064498438
Density,gray_mog_cylinder,31,5.91,9.63419394265285
Density,gray_mog_cylinder,32,5.323,9.664076871832377
Density,gray_mog_cylinder,33,5.776,7.2664551054664175
Density,gray_mog_cylinder,34,4.809,5.1502115511920525
Density,gray_mog_cylinder,35,3.11,12.72556433130173
Density,gray_mog_cylinder,36,0.003733,8.751327487945698
Density,gray_mog_cylinder,37,1.53,6.783232357020041
Density,gray_mog_cylinder,38,2.64,5.799927701786671
Density,gray_mog_cylinder,39,4.47,8.949429740258507
Density,gray_mog_cylinder,40,6.52,8.436004816665822
Density,gray_mog_cylinder,41,8.57,5.69878827226602
Density,gray_mog_cylinder,42,10.2,7.8682354244243395
Density,gray_mog_cylinder,43,11.0,7.667014499484516
Density,gray_mog_cylinder,44,12.1,8.144414235129618
Density,gray_mog_cylinder,45,12.4,8.472983371283009
Density,gray_mog_cylinder,46,12.0,10.250088021659753
Density,gray_mog_cylinder,47,10.501,7.098137624074013
Density,gray_mog_cylinder,48,8.69,5.530136220572103
Density,gray_mog_cylinder,49,7.31,7.883451576909693
Density,gray_mog_cylinder,50,7.287,8.551501922793795
Density,gray_mog_cylinder,51,6.685,5.914353242818848
Density,gray_mog_cylinder,52,6.232,1.932417977885458
Density,gray_mog_cylinder,53,4.93,9.703435346834423
Density,gray_mog_cylinder,54,0.005887,10.81419955215131
Density,gray_mog_cylinder,55,1.93,2.7049699343538594
Density,gray_mog_cylinder,56,3.62,3.202025934550656
Density,gray_mog_cylinder,57,6.15,4.6222258684436435
Density,gray_mog_cylinder,58,6.77,6.474881787936861
Density,gray_mog_cylinder,59,6.77,4.728840985707669
Density,gray_mog_cylinder,60,7.01,2.7968128720068868
Density,gray_mog_cylinder,61,7.26,7.033102942218971
Density,gray_mog_cylinder,62,7.52,9.419234622723433
Density,gray_mog_cylinder,63,5.24,5.568621304071703
Density,gray_mog_cylinder,64,7.9,7.485877238161484
Density,gray_mog_cylinder,65,8.23,8.454383399280262
Density,gray_mog_cylinder,66,8.55,6.89869048339001
Density,gray_mog_cylinder,67,8.8,11.57856623232816
Density,gray_mog_cylinder,68,9.07,7.444232559580366
Density,gray_mog_cylinder,69,9.32,4.989870889855862
Density,gray_mog_cylinder,70,6.9,5.772745667392234
Density,gray_mog_cylinder,71,9.84,7.946242896210444
Density,gray_mog_cylinder,72,13.3,4.731646331323637
Density,gray_mog_cylinder,73,16.4,6.112706164250223
Density,gray_mog_cylinder,74,19.3,4.44897235606866
Density,gray_mog_cylinder,75,20.8,6.398151102939987
Density,gray_mog_cylinder,76,22.57,7.730051808862656
Density,gray_mog_cylinder,77,22.42,5.590732029562422
Density,gray_mog_cylinder,78,21.46,4.705049733334961
Density,gray_mog_cylinder,79,19.282,9.187878631934836
Density,gray_mog_cylinder,80,13.5336,7.617198381870138
Density,gray_mog_cylinder,81,11.8,15.642738534155697
Density,gray_mog_cylinder,82,11.342,12.518917815925327
Density,gray_mog_cylinder,83,9.807,6.450036639536328
Density,gray_mog_cylinder,84,9.32,8.302501877835091
Density,gray_mog_cylinder,85,7.0,8.002247141673871
Density,gray_mog_cylinder,86,0.00973,11.500011486279746
Density,gray_mog_cylinder,88,5.0,3.6015654109451964
Density,gray_mog_cylinder,89,10.07,12.302708434035047
Density,gray_mog_cylinder,90,11.72,10.952998770855942
Density,gray_mog_cylinder,91,15.37,6.991263840664236
Density,gray_mog_cylinder,92,18.95,8.957397381537037
Density,gray_mog_cylinder,93,20.25,9.37222370840044
Density,gray_mog_cylinder,94,19.84,9.874031576705203
Density,gray_mog_cylinder,95,13.69,7.837027054445998
Density,gray_mog_cylinder,96,13.51,4.588539033385798
Density,gray_mog_cylinder,97,14.0,7.024524988865529
Density,gray_mog_sphere,1,8.988e-05,8.56426355969833
Density,gray_mog_sphere,2,0.0001785,13.317869424518282
Density,gray_mog_sphere,3,0.534,6.442984543463744
Density,gray_mog_sphere,4,1.85,1.2223933671193477
Density,gray_mog_sphere,5,2.37,8.044037009747713
Density,gray_mog_sphere,6,2.267,6.16835463812841
Density,gray_mog_sphere,7,0.0012506,1.8717210102362838
Density,gray_mog_sphere,8,0.001429,6.361802047602046
Density,gray_mog_sphere,9,0.001696,2.928996063145653
Density,gray_mog_sphere,10,0.0008999,7.520633550433184
Density,gray_mog_sphere,11,0.97,0.6815358552158308
Density,gray_mog_sphere,12,1.74,4.447465549408224
Density,gray_mog_sphere,13,2.7,7.131971154643072
Density,gray_mog_sphere,14,2.3296,6.0525385522022415
Density,gray_mog_sphere,15,1.82,5.318758464839922
Density,gray_mog_sphere,16,2.067,5.88923977759225
Density,gray_mog_sphere,17,0.003214,11.469775359448018
Density,gray_mog_sphere,18,0.0017837,6.079590216790485
Density,gray_mog_sphere,19,0.89,9.104486841819694
Density,gray_mog_sphere,20,1.54,8.012042884528286
Density,gray_mog_sphere,21,2.99,1.1809806167193893
Density,gray_mog_sphere,22,4.5,1.41215161212941
Density,gray_mog_sphere,23,6.0,7.686731887027511
Density,gray_mog_sphere,24,7.15,6.028713872989181
Density,gray_mog_sphere,25,7.3,1.7455368764095178
Density,gray_mog_sphere,26,7.874,7.616515013102143
Density,gray_mog_sphere,27,8.86,0.30518717576676924
Density,gray_mog_sphere,28,8.912,5.801580220958609
Density,gray_mog_sphere,29,8.933,7.047949039200531
Density,gray_mog_sphere,30,7.134,4.856467208980794
Density,gray_mog_sphere,31,5.91,6.2929055592417456
Density,gray_mog_sphere,32,5.323,9.715474175859594
Density,gray_mog_sphere,33,5.776,8.611092863050402
Density,gray_mog_sphere,34,4.809,4.496881868719587
Density,gray_mog_sphere,35,3.11,13.585182851847437
Density,gray_mog_sphere,36,0.003733,7.9560542719719
Density,gray_mog_sphere,37,1.53,5.737858114963602
Density,gray_mog_sphere,38,2.64,5.169375033381307
Density,gray_mog_sphere,39,4.47,8.326001763982738
Density,gray_mog_sphere,40,6.52,7.68443405577903
Density,gray_mog_sphere,41,8.57,9.10390245468258
Density,gray_mog_sphere,42,10.2,9.564652683591017
Density,gray_mog_sphere,43,11.0,5.373578559728398
Density,gray_mog_sphere,44,12.1,11.850243826586121
Density,gray_mog_sphere,45,12.4,7.370516395513081
Density,gray_mog_sphere,46,12.0,8.908546635086134
Density,gray_mog_sphere,47,10.501,8.930684128236512
Density,gray_mog_sphere,48,8.69,2.05323551961889
Density,gray_mog_sphere,49,7.31,11.264191077415823
Density,gray_mog_sphere,50,7.287,8.412668719386268
Density,gray_mog_sphere,51,6.685,5.816576491182895
Density,gray_mog_sphere,52,6.232,3.1495912324560598
Density,gray_mog_sphere,53,4.93,8.914080804084948
Density,gray_mog_sphere,54,0.005887,8.743166426190754
Density,gray_mog_sphere,55,1.93,3.031301001394471
Density,gray_mog_sphere,56,3.62,4.16029162137745
Density,gray_mog_sphere,57,6.15,3.627246818445069
Density,gray_mog_sphere,58,6.77,5.8677506079122335
Density,gray_mog_sphere,59,6.77,1.2152022720946656
Density,gray_mog_sphere,60,7.01,6.680523792197061
Density,gray_mog_sphere,61,7.26,5.978998664930556
Density,gray_mog_sphere,62,7.52,8.232719134935099
Density,gray_mog_sphere,63,5.24,3.314063038793451
Density,gray_mog_sphere,64,7.9,9.611288751156186
Density,gray_mog_sphere,65,8.23,8.072452962289761
Density,gray_mog_sphere,66,8.55,8.410193248467085
Density,gray_mog_sphere,67,8.8,6.81908515043452
Density,gray_mog_sphere,68,9.07,7.232167041285837
Density,gray_mog_sphere,69,9.32,4.818881894455738
Density,gray_mog_sphere,70,6.9,6.198299890899292
Density,gray_mog_sphere,71,9.84,6.455257647188363
Density,gray_mog_sphere,72,13.3,4.060243542269571
Density,gray_mog_sphere,73,16.4,7.4244444708124275
Density,gray_mog_sphere,74,19.3,3.600841753668602
Density,gray_mog_sphere,75,20.8,8.217884768232276
Density,gray_mog_sphere,76,22.57,7.910430858226367
Density,gray_mog_sphere,77,22.42,9.493424640194768
Density,gray_mog_sphere,78,21.46,5.664455197918184
Density,gray_mog_sphere,79,19.282,8.703112196207309
Density,gray_mog_sphere,80,13.5336,11.587577523702453
Density,gray_mog_sphere,81,11.8,11.543867967040754
Density,gray_mog_sphere,82,11.342,11.993854394747835
Density,gray_mog_sphere,83,9.807,8.815179222508947
Density,gray_mog_sphere,84,9.32,8.330956987144567
Density,gray_mog_sphere,85,7.0,9.031432861399757
Density,gray_mog_sphere,86,0.00973,10.838256267340793
Density,gray_mog_sphere,88,5.0,2.4075181331840243
Density,gray_mog_sphere,89,10.07,12.714367620729945
Density,gray_mog_sphere,90,11.72,10.52645385979833
Density,gray_mog_sphere,91,15.37,7.039597124376828
Density,gray_mog_sphere,92,18.95,11.295616298011048
Density,gray_mog_sphere,93,20.25,9.487693399478466
Density,gray_mog_sphere,94,19.84,9.568262434368684
Density,gray_mog_sphere,95,13.69,8.101013627917052
Density,gray_mog_sphere,96,13.51,5.583035095505714
Density,gray_mog_sphere,97,14.0,7.417775495643136
Density,random_00,1,8.988e-05,7.588454568724982
Density,random_00,2,0.0001785,4.628919091731773
Density,random_00,3,0.534,8.981482677847875
Density,random_00,4,1.85,8.60239456069333
Density,random_00,5,2.37,3.4626125751380368
Density,random_00,6,2.267,7.289494721702047
Density,random_00,7,0.0012506,8.570463644158592
Density,random_00,8,0.001429,6.167986884830511
Density,random_00,9,0.001696,7.145910282878031
Density,random_00,10,0.0008999,10.21479012977542
Density,random_00,11,0.97,9.292773390962578
Density,random_00,12,1.74,7.644132517567972
Density,random_00,13,2.7,8.753097557012937
Density,random_00,14,2.3296,13.810202474762388
Density,random_00,15,1.82,7.191652327283522
Density,random_00,16,2.067,-1.0784510612377627
Density,random_00,17,0.003214,8.945336265370145
Density,random_00,18,0.0017837,7.344331461281181
Density,random_00,19,0.89,4.625765604348624
Density,random_00,20,1.54,4.1367794647195275
Density,random_00,21,2.99,5.409926005452822
Density,random_00,22,4.5,2.75981176932687
Density,random_00,23,6.0,9.985399589416149
Density,random_00,24,7.15,5.359204794655407
Density,random_00,25,7.3,3.9545997783435185
Density,random_00,26,7.874,8.310977228166715
Density,random_00,27,8.86,6.127944026242709
Density,random_00,28,8.912,5.376855506434715
Density,random_00,29,8.933,8.23880908166124
Density,random_00,30,7.134,6.171033549002942
Density,random_00,31,5.91,10.750291510695083
Density,random_00,32,5.323,2.7541770881419723
Density,random_00,33,5.776,4.1831547926948245
Density,random_00,34,4.809,10.864952545086819
Density,random_00,35,3.11,2.676106362427367
Density,random_00,36,0.003733,6.647169575039161
Density,random_00,37,1.53,4.719787054597837
Density,random_00,38,2.64,3.06612397424104
Density,random_00,39,4.47,10.05211243121856
Density,random_00,40,6.52,4.956303473202352
Density,random_00,41,8.57,7.036671642229104
Density,random_00,42,10.2,7.298913276459464
Density,random_00,43,11.0,7.832340814748605
Density,random_00,44,12.1,5.36874513341065
Density,random_00,45,12.4,8.452764139097516
Density,random_00,46,12.0,8.034669906247677
Density,random_00,47,10.501,10.871659323652564
Density,random_00,48,8.69,2.247090086687428
Density,random_00,49,7.31,4.948369399834661
Density,random_00,50,7.287,6.561509565129767
Density,random_00,51,6.685,3.6574447116647812
Density,random_00,52,6.232,5.326437245280884
Density,random_00,53,4.93,3.3674034749698203
Density,random_00,54,0.005887,5.144132005769818
Density,random_00,55,1.93,10.179329757105592
Density,random_00,56,3.62,2.4999752925140823
Density,random_00,57,6.15,10.601886686373067
Density,random_00,58,6.77,4.7298378203147395
Density,random_00,59,6.77,13.54887186218964
Density,random_00,60,7.01,10.637176807284881
Density,random_00,61,7.26,6.780279596476932
Density,random_00,62,7.52,11.883348890336858
Density,random_00,63,5.24,9.200348723435098
Density,random_00,64,7.9,2.204288240743754
Density,random_00,65,8.23,4.463812250240991
Density,random_00,66,8.55,5.262767030714775
Density,random_00,67,8.8,6.500368596154479
Density,random_00,68,9.07,6.56816981346934
Density,random_00,69,9.32,3.4035739412142543
Density,random_00,70,6.9,9.261834141667507
Density,random_00,71,9.84,5.554192386579384
Density,random_00,72,13.3,5.853828093938924
Density,random_00,73,16.4,6.972858191403822
Density,random_00,74,19.3,6.168526021376085
Density,random_00,75,20.8,10.946136923874466
Density,random_00,76,22.57,5.340436813472602
Density,random_00,77,22.42,10.331267918744466
Density,random_00,78,21.46,10.867980710497074
Density,random_00,79,19.282,9.306366403552186
Density,random_00,80,13.5336,7.443892888473524
Density,random_00,81,11.8,3.0760253024779765
Density,random_00,82,11.342,10.167493068544687
Density,random_00,83,9.807,4.010148686690567
Density,random_00,84,9.32,3.496436859365415
Density,random_00,85,7.0,9.490572824994137
Density,random_00,86,0.00973,5.810671749362916
Density,random_00,88,5.0,9.27862723153804
Density,random_00,89,10.07,7.580582241632512
Density,random_00,90,11.72,8.524748362641157
Density,random_00,91,15.37,12.142851493775604
Density,random_00,92,18.95,6.720759222230536
Density,random_00,93,20.25,11.277392741817323
Density,random_00,94,19.84,11.27870169509306
Density,random_00,95,13.69,10.399611473212332
Density,random_00,96,13.51,4.914189080075149
Density,random_00,97,14.0,10.355557088276129
Density,random_01,1,8.988e-05,10.169473890486673
Density,random_01,2,0.0001785,5.0330862304937725
Density,random_01,3,0.534,3.119247974635301
Density,random_01,4,1.85,8.255972917883412
Density,random_01,5,2.37,2.2333564672608963
Density,random_01,6,2.267,4.608564902428887
Density,random_01,7,0.0012506,6.974219698308085
Density,random_01,8,0.001429,7.747345143411147
Density,random_01,9,0.001696,3.236517940415858
Density,random_01,10,0.0008999,6.613346525531664
Density,random_01,11,0.97,6.310417132570519
Density,random_01,12,1.74,5.341798956465917
Density,random_01,13,2.7,9.972373962664786
Density,random_01,14,2.3296,3.2412478871187727
Density,random_01,15,1.82,11.307885075451818
Density,random_01,16,2.067,5.049259396398847
Density,random_01,17,0.003214,5.595093385992357
Density,random_01,18,0.0017837,4.439207539707916
Density,random_01,19,0.89,7.088979793696452
Density,random_01,20,1.54,9.823771368783037
Density,random_01,21,2.99,3.9395592378982336
Density,random_01,22,4.5,4.731802147704707
Density,random_01,23,6.0,7.185845324170478
Density,random_01,24,7.15,8.261599337849988
Density,random_01,25,7.3,7.183170637837847
Density,random_01,26,7.874,6.550791376676537
Density,random_01,27,8.86,11.14574520850088
Density,random_01,28,8.912,5.168603380285421
Density,random_01,29,8.933,11.116643707693193
Density,random_01,30,7.134,11.266588996846995
Density,random_01,31,5.91,7.46410455191449
Density,random_01,32,5.323,0.3981216974335986
Density,random_01,33,5.776,7.441884793123575
Density,random_01,34,4.809,4.618940237838515
Density,random_01,35,3.11,3.6082095420616067
Density,random_01,36,0.003733,4.3474749561637065
Density,random_01,37,1.53,5.375276706887172
Density,random_01,38,2.64,6.004952930565907
Density,random_01,39,4.47,5.173161539350451
Density,random_01,40,6.52,6.392282521483118
Density,random_01,41,8.57,5.18974291016945
Density,random_01,42,10.2,0.6647523581168473
Density,random_01,43,11.0,8.49892777130612
Density,random_01,44,12.1,2.658556171907035
Density,random_01,45,12.4,7.646672058833195
Density,random_01,46,12.0,10.190616296028216
Density,random_01,47,10.501,3.9440718655685787
Density,random_01,48,8.69,4.300601357095666
Density,random_01,49,7.31,6.374164494856343
Density,random_01,50,7.287,9.340738655558184
Density,random_01,51,6.685,0.9270832058857081
Density,random_01,52,6.232,5.63052668873524
Density,random_01,53,4.93,6.1500397668336575
Density,random_01,54,0.005887,1.226035753118877
Density,random_01,55,1.93,12.078819989324261
Density,random_01,56,3.62,7.488014097943688
Density,random_01,57,6.15,8.862989761432079
Density,random_01,58,6.77,8.390192831751849
Density,random_01,59,6.77,9.435990372840404
Density,random_01,60,7.01,8.838039318321542
Density,random_01,61,7.26,9.166038584245388
Density,random_01,62,7.52,11.409073641874135
Density,random_01,63,5.24,9.997488276036538
Density,random_01,64,7.9,5.341855121266689
Density,random_01,65,8.23,4.731608515328356
Density,random_01,66,8.55,6.9562741691076875
Density,random_01,67,8.8,6.175952221498634
Density,random_01,68,9.07,4.627931451492852
Density,random_01,69,9.32,6.698864655167803
Density,random_01,70,6.9,6.568321885730859
Density,random_01,71,9.84,8.199831514493281
Density,random_01,72,13.3,9.853871564839192
Density,random_01,73,16.4,5.4538765040325945
Density,random_01,74,19.3,6.37260731820528
Density,random_01,75,20.8,10.220019604607124
Density,random_01,76,22.57,4.828685351010714
Density,random_01,77,22.42,11.551206830641533
Density,random_01,78,21.46,12.666531048755779
Density,random_01,79,19.282,6.756269702936353
Density,random_01,80,13.5336,4.030798936727129
Density,random_01,81,11.8,9.475930924591248
Density,random_01,82,11.342,10.951972349517185
Density,random_01,83,9.807,5.48370420093618
Density,random_01,84,9.32,8.467738686996336
Density,random_01,85,7.0,6.393860959657912
Density,random_01,86,0.00973,7.400861411826241
Density,random_01,88,5.0,9.26719182575017
Density,random_01,89,10.07,11.319573254438092
Density,random_01,90,11.72,7.576322231604275
Density,random_01,91,15.37,13.887607724391103
Density,random_01,92,18.95,13.950741162697408
Density,random_01,93,20.25,9.696382305462901
Density,random_01,94,19.84,12.364827247474874
Density,random_01,95,13.69,10.996587272573333
Density,random_01,96,13.51,4.390853930667705
Density,random_01,97,14.0,12.416135157995544
Density,random_02,1,8.988e-05,10.157929313642736
Density,random_02,2,0.0001785,5.885698823809637
Density,random_02,3,0.534,7.1541110969087205
Density,random_02,4,1.85,6.6789966391153355
Density,random_02,5,2.37,3.857998941201302
Density,random_02,6,2.267,4.296802995820901
Density,random_02,7,0.0012506,4.477738782793235
Density,random_02,8,0.001429,8.407806868567942
Density,random_02,9,0.001696,11.672881881256599
Density,random_02,10,0.0008999,5.792602354296234
Density,random_02,11,0.97,11.293848937143201
Density,random_02,12,1.74,9.691354576728033
Density,random_02,13,2.7,7.473635830773609
Density,random_02,14,2.3296,10.717195534075012
Density,random_02,15,1.82,8.520951214424283
Density,random_02,16,2.067,8.403657966711341
Density,random_02,17,0.003214,2.067910599689837
Density,random_02,18,0.0017837,7.738004189779219
Density,random_02,19,0.89,2.145050192622251
Density,random_02,20,1.54,5.639475365714015
Density,random_02,21,2.99,4.630625962944865
Density,random_02,22,4.5,3.479567530220706
Density,random_02,23,6.0,4.886831124038852
Density,random_02,24,7.15,10.363618316335012
Density,random_02,25,7.3,4.846432677062259
Density,random_02,26,7.874,8.910824434787065
Density,random_02,27,8.86,5.875159082809484
Density,random_02,28,8.912,6.529955589771297
Density,random_02,29,8.933,9.676679890942717
Density,random_02,30,7.134,10.935323300314625
Density,random_02,31,5.91,4.596309655447573
Density,random_02,32,5.323,4.498002921893903
Density,random_02,33,5.776,3.3379211647861533
Density,random_02,34,4.809,4.561605746028663
Density,random_02,35,3.11,2.7308417031266083
Density,random_02,36,0.003733,3.4961270570595806
Density,random_02,37,1.53,6.102646941509564
Density,random_02,38,2.64,2.728163036517955
Density,random_02,39,4.47,4.267655903455242
Density,random_02,40,6.52,9.738743728440452
Density,random_02,41,8.57,3.6008960929623983
Density,random_02,42,10.2,5.1605799864201245
Density,random_02,43,11.0,8.347718267669844
Density,random_02,44,12.1,3.3600379041177018
Density,random_02,45,12.4,10.831945414534182
Density,random_02,46,12.0,4.302346285897219
Density,random_02,47,10.501,9.066923406725158
Density,random_02,48,8.69,3.3436005261524313
Density,random_02,49,7.31,2.4838017932621215
Density,random_02,50,7.287,5.073473358294608
Density,random_02,51,6.685,1.1687355259320844
Density,random_02,52,6.232,8.563447147781577
Density,random_02,53,4.93,-0.8437739870256795
Density,random_02,54,0.005887,3.7189183970842477
Density,random_02,55,1.93,10.009871257970872
Density,random_02,56,3.62,4.756009476724986
Density,random_02,57,6.15,10.049980984315326
Density,random_02,58,6.77,8.768795578402042
Density,random_02,59,6.77,8.201897094792818
Density,random_02,60,7.01,11.920811637261473
Density,random_02,61,7.26,4.842050664770239
Density,random_02,62,7.52,10.309267267257718
Density,random_02,63,5.24,7.36073647935717
Density,random_02,64,7.9,6.7523105725834895
Density,random_02,65,8.23,5.063178436430568
Density,random_02,66,8.55,4.942728283241053
Density,random_02,67,8.8,9.605832377023464
Density,random_02,68,9.07,7.12691578583291
Density,random_02,69,9.32,6.138005332784712
Density,random_02,70,6.9,8.83004238277964
Density,random_02,71,9.84,4.566345915019649
Density,random_02,72,13.3,8.437076246361656
Density,random_02,73,16.4,7.975797567623057
Density,random_02,74,19.3,7.587253830473697
Density,random_02,75,20.8,11.05921043488577
Density,random_02,76,22.57,5.537074601705254
Density,random_02,77,22.42,9.5652010000151
Density,random_02,78,21.46,14.6137256289887
Density,random_02,79,19.282,3.7501759850419853
Density,random_02,80,13.5336,4.692122397886341
Density,random_02,81,11.8,8.18722683948392
Density,random_02,82,11.342,8.480518970548182
Density,random_02,83,9.807,5.240666683098263
Density,random_02,84,9.32,2.643221651859095
Density,random_02,85,7.0,11.446976565836508
Density,random_02,86,0.00973,4.233020633932154
Density,random_02,88,5.0,11.673148394674612
Density,random_02,89,10.07,11.001284012474143
Density,random_02,90,11.72,10.183909452217954
Density,random_02,91,15.37,10.615025681541718
Density,random_02,92,18.95,7.955323753791636
Density,random_02,93,20.25,12.378536119894388
Density,random_02,94,19.84,7.563263697525571
Density,random_02,95,13.69,13.884879329349463
Density,random_02,96,13.51,11.210259932344655
Density,random_02,97,14.0,6.7546091893589795
Density,random_03,1,8.988e-05,10.205440658797992
Density,random_03,2,0.0001785,2.371005059897178
Density,random_03,3,0.534,8.624115155299096
Density,random_03,4,1.85,4.619762681295803
Density,random_03,5,2.37,9.62903601115098
Density,random_03,6,2.267,5.222109164611153
Density,random_03,7,0.0012506,4.419827926900195
Density,random_03,8,0.001429,14.093664923370333
Density,random_03,9,0.001696,5.062735538320823
Density,random_03,10,0.0008999,6.115177968517503
Density,random_03,11,0.97,7.79918496545772
Density,random_03,12,1.74,3.0909059182438003
Density,random_03,13,2.7,10.040931532184382
Density,random_03,14,2.3296,2.171519649601513
Density,random_03,15,1.82,12.191165970870454
Density,random_03,16,2.067,6.789902993149883
Density,random_03,17,0.003214,6.231723985727229
Density,random_03,18,0.0017837,3.5265981080479785
Density,random_03,19,0.89,5.443126117185758
Density,random_03,20,1.54,5.110342939391283
Density,random_03,21,2.99,4.25796779597251
Density,random_03,22,4.5,-1.1577558048991534
Density,random_03,23,6.0,10.712162039224603
Density,random_03,24,7.15,3.569751576349228
Density,random_03,25,7.3,8.278776986189207
Density,random_03,26,7.874,4.613239412731067
Density,random_03,27,8.86,8.588518817404129
Density,random_03,28,8.912,6.190272660845233
Density,random_03,29,8.933,8.480623921483263
Density,random_03,30,7.134,7.6942652457642025
Density,random_03,31,5.91,3.1854560722616165
Density,random_03,32,5.323,2.971300678669704
Density,random_03,33,5.776,10.937516426066505
Density,random_03,34,4.809,3.300584681130946
Density,random_03,35,3.11,8.288645931665208
Density,random_03,36,0.003733,8.00545653165457
Density,random_03,37,1.53,4.887629267230761
Density,random_03,38,2.64,5.457159547292288
Density,random_03,39,4.47,7.743822280394887
Density,random_03,40,6.52,5.016423512337165
Density,random_03,41,8.57,8.655157540487009
Density,random_03,42,10.2,7.7178891039568045
Density,random_03,43,11.0,8.618447275377385
Density,random_03,44,12.1,3.323755690005677
Density,random_03,45,12.4,13.475679234149172
Density,random_03,46,12.0,6.535372025373214
Density,random_03,47,10.501,7.076482517498399
Density,random_03,48,8.69,4.898193579559912
Density,random_03,49,7.31,7.550816267208544
Density,random_03,50,7.287,11.22402984873935
Density,random_03,51,6.685,2.832210715914859
Density,random_03,52,6.232,4.502238673971625
Density,random_03,53,4.93,11.446466162343231
Density,random_03,54,0.005887,4.436506993782547
Density,random_03,55,1.93,9.554543281626835
Density,random_03,56,3.62,7.837462527755448
Density,random_03,57,6.15,9.958915602201195
Density,random_03,58,6.77,5.051575754989422
Density,random_03,59,6.77,11.288180061669596
Density,random_03,60,7.01,8.81499778773216
Density,random_03,61,7.26,8.327738015105709
Density,random_03,62,7.52,10.774067953143513
Density,random_03,63,5.24,8.016536671081663
Density,random_03,64,7.9,3.7406403512445507
Density,random_03,65,8.23,8.09279564068408
Density,random_03,66,8.55,5.378974681114851
Density,random_03,67,8.8,5.56434530877436
Density,random_03,68,9.07,6.622014078905426
Density,random_03,69,9.32,4.1609631388321
Density,random_03,70,6.9,6.69200185252056
Density,random_03,71,9.84,6.539152266922715
Density,random_03,72,13.3,8.570141414755252
Density,random_03,73,16.4,5.33899498246935
Density,random_03,74,19.3,6.913531962785322
Density,random_03,75,20.8,9.23788662962944
Density,random_03,76,22.57,5.804913876485134
Density,random_03,77,22.42,10.764149133012342
Density,random_03,78,21.46,7.480452828750739
Density,random_03,79,19.282,7.907987387939145
Density,random_03,80,13.5336,5.36406844267952
Density,random_03,81,11.8,8.455074076467165
Density,random_03,82,11.342,8.246981432927551
Density,random_03,83,9.807,7.076488718927905
Density,random_03,84,9.32,5.379637316098239
Density,random_03,85,7.0,9.969983309023467
Density,random_03,86,0.00973,2.7911150496234853
Density,random_03,88,5.0,7.092538969164017
Density,random_03,89,10.07,13.818503579766196
Density,random_03,90,11.72,5.150535248324321
Density,random_03,91,15.37,11.87158779240464
Density,random_03,92,18.95,9.28652424240783
Density,random_03,93,20.25,8.894239357442501
Density,random_03,94,19.84,11.45102821473018
Density,random_03,95,13.69,9.084793171045067
Density,random_03,96,13.51,4.424783992080868
Density,random_03,97,14.0,12.505132532811864
Density,random_04,1,8.988e-05,12.144700024319864
Density,random_04,2,0.0001785,9.793036800019557
Density,random_04,3,0.534,4.512838147973577
Density,random_04,4,1.85,7.104431892827449
Density,random_04,5,2.37,4.903525660769812
Density,random_04,6,2.267,3.441243566889794
Density,random_04,7,0.0012506,9.114117368412897
Density,random_04,8,0.001429,7.268036173739937
Density,random_04,9,0.001696,8.623839157266078
Density,random_04,10,0.0008999,7.458332696038365
Density,random_04,11,0.97,9.166425287845948
Density,random_04,12,1.74,8.448662116398348
Density,random_04,13,2.7,8.078796782540737
Density,random_04,14,2.3296,7.663953861391785
Density,random_04,15,1.82,7.732539696965196
Density,random_04,16,2.067,4.886405881253363
Density,random_04,17,0.003214,7.774180940433183
Density,random_04,18,0.0017837,8.291907493482986
Density,random_04,19,0.89,4.849695514956914
Density,random_04,20,1.54,8.983787175404741
Density,random_04,21,2.99,3.9668721510029323
Density,random_04,22,4.5,3.8405990755988153
Density,random_04,23,6.0,7.472048633213706
Density,random_04,24,7.15,11.046231772507799
Density,random_04,25,7.3,6.038241836088676
Density,random_04,26,7.874,10.52197252368762
Density,random_04,27,8.86,4.768055575977696
Density,random_04,28,8.912,5.807238110798764
Density,random_04,29,8.933,10.232876756117212
Density,random_04,30,7.134,9.653825719752323
Density,random_04,31,5.91,7.753504480782621
Density,random_04,32,5.323,5.915165501523845
Density,random_04,33,5.776,6.012861890744626
Density,random_04,34,4.809,8.527557466086773
Density,random_04,35,3.11,3.4018335489284155
Density,random_04,36,0.003733,6.50210568443738
Density,random_04,37,1.53,5.999423646342384
Density,random_04,38,2.64,0.6525145482859998
Density,random_04,39,4.47,9.419690902762817
Density,random_04,40,6.52,5.708296743133445
Density,random_04,41,8.57,7.19296921970758
Density,random_04,42,10.2,2.6921111530371595
Density,random_04,43,11.0,9.939089324609585
Density,random_04,44,12.1,4.243936257263598
Density,random_04,45,12.4,10.006080042192233
Density,random_04,46,12.0,5.469095076947172
Density,random_04,47,10.501,7.576838642343064
Density,random_04,48,8.69,4.051727112908311
Density,random_04,49,7.31,7.821507707398185
Density,random_04,50,7.287,10.007140560592639
Density,random_04,51,6.685,2.1852031536081
Density,random_04,52,6.232,12.332923617541965
Density,random_04,53,4.93,0.7318181751222701
Density,random_04,54,0.005887,5.2711630719953755
Density,random_04,55,1.93,9.096268704613578
Density,random_04,56,3.62,7.862299947303941
Density,random_04,57,6.15,12.275046225652378
Density,random_04,58,6.77,8.778406554219703
Density,random_04,59,6.77,9.490082252483347
Density,random_04,60,7.01,12.530402561132497
Density,random_04,61,7.26,6.073956733522566
Density,random_04,62,7.52,9.101440590284927
Density,random_04,63,5.24,11.243470765713308
Density,random_04,64,7.9,5.727760763139064
Density,random_04,65,8.23,3.3457603243075695
Density,random_04,66,8.55,3.211266341336368
Density,random_04,67,8.8,4.320964574257356
Density,random_04,68,9.07,2.9149131101843637
Density,random_04,69,9.32,4.8315363350916956
Density,random_04,70,6.9,8.28579467588228
Density,random_04,71,9.84,0.8253846885358325
Density,random_04,72,13.3,9.212636693419668
Density,random_04,73,16.4,3.9121519757821215
Density,random_04,74,19.3,3.4917449936846836
Density,random_04,75,20.8,10.929173977582167
Density,random_04,76,22.57,4.397896872402375
Density,random_04,77,22.42,10.13934331790901
Density,random_04,78,21.46,10.063352382145112
Density,random_04,79,19.282,2.988387382955742
Density,random_04,80,13.5336,6.606587380564341
Density,random_04,81,11.8,4.644505045465584
Density,random_04,82,11.342,7.572061829398243
Density,random_04,83,9.807,4.283644444525445
Density,random_04,84,9.32,5.368637667459566
Density,random_04,85,7.0,7.512349394005741
Density,random_04,86,0.00973,3.7976037504072075
Density,random_04,88,5.0,9.060432920567946
Density,random_04,89,10.07,8.636686299084657
Density,random_04,90,11.72,6.493516107447691
Density,random_04,91,15.37,11.730589705201115
Density,random_04,92,18.95,5.100812752376773
Density,random_04,93,20.25,13.138356156550948
Density,random_04,94,19.84,8.533499455424145
Density,random_04,95,13.69,9.2856450851822
Density,random_04,96,13.51,8.046212113742062
Density,random_04,97,14.0,6.6283344098555945
Density,random_05,1,8.988e-05,9.417654285948844
Density,random_05,2,0.0001785,4.930629721948808
Density,random_05,3,0.534,5.19028142665675
Density,random_05,4,1.85,8.432228848115136
Density,random_05,5,2.37,0.5812812477773006
Density,random_05,6,2.267,4.338673767429656
Density,random_05,7,0.0012506,3.5376392368073297
Density,random_05,8,0.001429,9.804388495333635
Density,random_05,9,0.001696,11.140675140591044
Density,random_05,10,0.0008999,10.841757337086795
Density,random_05,11,0.97,6.757345533482679
Density,random_05,12,1.74,11.300358751678974
Density,random_05,13,2.7,7.386894156257028
Density,random_05,14,2.3296,8.21170772085622
Density,random_05,15,1.82,6.088408262293122
Density,random_05,16,2.067,5.121835990730878
Density,random_05,17,0.003214,10.178460050012738
Density,random_05,18,0.0017837,7.474387418139504
Density,random_05,19,0.89,1.5323548900387811
Density,random_05,20,1.54,3.818572607351717
Density,random_05,21,2.99,5.083182441381121
Density,random_05,22,4.5,1.2693958532202014
Density,random_05,23,6.0,6.767271933969836
Density,random_05,24,7.15,10.700180820926663
Density,random_05,25,7.3,8.514634060132689
Density,random_05,26,7.874,12.658682793687753
Density,random_05,27,8.86,4.967284599113711
Density,random_05,28,8.912,9.748391977010835
Density,random_05,29,8.933,9.561880934562545
Density,random_05,30,7.134,9.079760751379204
Density,random_05,31,5.91,7.553077900993693
Density,random_05,32,5.323,7.999629262102506
Density,random_05,33,5.776,2.4460285113034805
Density,random_05,34,4.809,7.37522621874179
Density,random_05,35,3.11,-0.09498679510411101
Density,random_05,36,0.003733,3.9398996785406606
Density,random_05,37,1.53,1.3442866140528489
Density,random_05,38,2.64,-1.0212731193825784
Density,random_05,39,4.47,3.961893235340928
Density,random_05,40,6.52,7.054705125696948
Density,random_05,41,8.57,6.916351759515804
Density,random_05,42,10.2,7.034332560450721
Density,random_05,43,11.0,5.891541881462453
Density,random_05,44,12.1,6.593117249263777
Density,random_05,45,12.4,4.839232918775465
Density,random_05,46,12.0,0.7641697419665325
Density,random_05,47,10.501,9.343351719905396
Density,random_05,48,8.69,4.1004565200432035
Density,random_05,49,7.31,5.3204297335719914
Density,random_05,50,7.287,5.168002031605603
Density,random_05,51,6.685,1.7780658713573096
Density,random_05,52,6.232,7.505993555482933
Density,random_05,53,4.93,0.2056597390390449
Density,random_05,54,0.005887,1.4552862635437869
Density,random_05,55,1.93,8.620395229128924
Density,random_05,56,3.62,5.377501163222704
Density,random_05,57,6.15,11.939717036576615
Density,random_05,58,6.77,7.644314034582482
Density,random_05,59,6.77,11.299000062584536
Density,random_05,60,7.01,11.053857598766193
Density,random_05,61,7.26,6.960592607774089
Density,random_05,62,7.52,10.46723725484809
Density,random_05,63,5.24,8.422048916218042
Density,random_05,64,7.9,6.08266559366182
Density,random_05,65,8.23,3.7010571403707675
Density,random_05,66,8.55,5.1422649436355705
Density,random_05,67,8.8,6.91090303144172
Density,random_05,68,9.07,5.137152404038656
Density,random_05,69,9.32,3.716830989557139
Density,random_05,70,6.9,7.949408055194215
Density,random_05,71,9.84,3.6992034017345135
Density,random_05,72,13.3,6.603349990401149
Density,random_05,73,16.4,9.933482719256801
Density,random_05,74,19.3,6.666379427650303
Density,random_05,75,20.8,10.8987060593258
Density,random_05,76,22.57,6.647523145224749
Density,random_05,77,22.42,9.91523494600396
Density,random_05,78,21.46,12.52680461120795
Density,random_05,79,19.282,5.845341745963172
Density,random_05,80,13.5336,9.173619820294931
Density,random_05,81,11.8,5.821656794274422
Density,random_05,82,11.342,12.340471116243373
Density,random_05,83,9.807,4.941227820991104
Density,random_05,84,9.32,4.746589800034768
Density,random_05,85,7.0,10.56362280382492
Density,random_05,86,0.00973,9.428050421188408
Density,random_05,88,5.0,12.23045564401785
Density,random_05,89,10.07,11.297920425808586
Density,random_05,90,11.72,9.099978548935127
Density,random_05,91,15.37,13.412255951329568
Density,random_05,92,18.95,10.111484912059275
Density,random_05,93,20.25,12.47219449547331
Density,random_05,94,19.84,12.400288579311052
Density,random_05,95,13.69,9.75648980631899
Density,random_05,96,13.51,7.611881732385664
Density,random_05,97,14.0,6.373159594935336
Density,random_06,1,8.988e-05,10.446078362155477
Density,random_06,2,0.0001785,-2.1783307927906446
Density,random_06,3,0.534,5.627760182103996
Density,random_06,4,1.85,8.137007554168301
Density,random_06,5,2.37,0.14281932374577622
Density,random_06,6,2.267,6.4536470039333675
Density,random_06,7,0.0012506,1.4438504467018047
Density,random_06,8,0.001429,7.462421746231948
Density,random_06,9,0.001696,6.201504049570433
Density,random_06,10,0.0008999,5.15848581575395
Density,random_06,11,0.97,8.9273717417477
Density,random_06,12,1.74,3.6426650607758475
Density,random_06,13,2.7,11.574914108738984
Density,random_06,14,2.3296,9.036445831903563
Density,random_06,15,1.82,2.7319597382397633
Density,random_06,16,2.067,3.774113008732188
Density,random_06,17,0.003214,6.341281327063221
Density,random_06,18,0.0017837,7.590121476522748
Density,random_06,19,0.89,0.8934354114752221
Density,random_06,20,1.54,6.261872672239332
Density,random_06,21,2.99,6.51763715408711
Density,random_06,22,4.5,0.6521304071294107
Density,random_06,23,6.0,5.49346182391915
Density,random_06,24,7.15,10.143743413059262
Density,random_06,25,7.3,2.7406304904886465
Density,random_06,26,7.874,6.237525227330686
Density,random_06,27,8.86,0.2009644255115175
Density,random_06,28,8.912,1.7522530987096019
Density,random_06,29,8.933,9.376985644441973
Density,random_06,30,7.134,6.871889867772397
Density,random_06,31,5.91,5.637144608786495
Density,random_06,32,5.323,7.787518571374043
Density,random_06,33,5.776,4.971710359381845
Density,random_06,34,4.809,7.718201328781193
Density,random_06,35,3.11,4.197450947786052
Density,random_06,36,0.003733,9.402837057594573
Density,random_06,37,1.53,7.161191989788699
Density,random_06,38,2.64,1.1763230865612746
Density,random_06,39,4.47,11.155466354675903
Density,random_06,40,6.52,10.465134477218268
Density,random_06,41,8.57,7.381789585119317
Density,random_06,42,10.2,6.116833089804237
Density,random_06,43,11.0,7.755658467285711
Density,random_06,44,12.1,4.626271986160768
Density,random_06,45,12.4,12.557426266762878
Density,random_06,46,12.0,7.902441567315248
Density,random_06,47,10.501,10.433565324556128
Density,random_06,48,8.69,6.649788693588997
Density,random_06,49,7.31,9.01435538561092
Density,random_06,50,7.287,6.506834289114639
Density,random_06,51,6.685,5.0962049281220185
Density,random_06,52,6.232,8.881762233704976
Density,random_06,53,4.93,7.133864153784538
Density,random_06,54,0.005887,8.073960138844924
Density,random_06,55,1.93,7.900499450810307
Density,random_06,56,3.62,8.115682424455832
Density,random_06,57,6.15,9.468170675045604
Density,random_06,58,6.77,3.0675982494510983
Density,random_06,59,6.77,15.145540424897272
Density,random_06,60,7.01,12.134985240458164
Density,random_06,61,7.26,7.379919101774635
Density,random_06,62,7.52,11.054902676867435
Density,random_06,63,5.24,9.20396712951938
Density,random_06,64,7.9,1.5676385634767716
Density,random_06,65,8.23,9.335854201691834
Density,random_06,66,8.55,6.962174046555927
Density,random_06,67,8.8,4.365400600748626
Density,random_06,68,9.07,6.794883210515076
Density,random_06,69,9.32,4.986271339946606
Density,random_06,70,6.9,8.882884450485525
Density,random_06,71,9.84,4.399107044190374
Density,random_06,72,13.3,6.886277658839916
Density,random_06,73,16.4,8.322742183878624
Density,random_06,74,19.3,5.272750957662153
Density,random_06,75,20.8,10.926040080678657
Density,random_06,76,22.57,8.628755519869902
Density,random_06,77,22.42,8.664630179980001
Density,random_06,78,21.46,9.586234128260413
Density,random_06,79,19.282,8.518493780565956
Density,random_06,80,13.5336,10.38892664142136
Density,random_06,81,11.8,6.353219684448982
Density,random_06,82,11.342,11.094909734978906
Density,random_06,83,9.807,6.3642537806155275
Density,random_06,84,9.32,7.465621610732167
Density,random_06,85,7.0,10.39961611734381
Density,random_06,86,0.00973,4.7257039459430725
Density,random_06,88,5.0,10.788585982792817
Density,random_06,89,10.07,10.589251818647375
Density,random_06,90,11.72,8.977417709998468
Density,random_06,91,15.37,11.181727036858135
Density,random_06,92,18.95,8.496957737325788
Density,random_06,93,20.25,14.885881291620988
Density,random_06,94,19.84,10.526880165132779
Density,random_06,95,13.69,9.864703462704588
Density,random_06,96,13.51,9.79540497939337
Density,random_06,97,14.0,11.20646294812336
Density,random_07,1,8.988e-05,6.34116412961443
Density,random_07,2,0.0001785,4.636285845514795
Density,random_07,3,0.534,6.243595329758533
Density,random_07,4,1.85,7.898955455260393
Density,random_07,5,2.37,0.3028764390305252
Density,random_07,6,2.267,1.2985323855744086
Density,random_07,7,0.0012506,5.752726801424178
Density,random_07,8,0.001429,7.951293423994051
Density,random_07,9,0.001696,8.899451567974266
Density,random_07,10,0.0008999,7.780734139430231
Density,random_07,11,0.97,10.630084195930829
Density,random_07,12,1.74,4.851074062328028
Density,random_07,13,2.7,10.218068992440775
Density,random_07,14,2.3296,7.404921456030472
Density,random_07,15,1.82,9.46728767066307
Density,random_07,16,2.067,6.567141131934421
Density,random_07,17,0.003214,4.3773670941896
Density,random_07,18,0.0017837,8.606330116858075
Density,random_07,19,0.89,0.055149204258734486
Density,random_07,20,1.54,7.2965117165197855
Density,random_07,21,2.99,0.28389336186988423
Density,random_07,22,4.5,5.07834164096532
Density,random_07,23,6.0,5.230103319387922
Density,random_07,24,7.15,11.094574625306336
Density,random_07,25,7.3,4.669657188150447
Density,random_07,26,7.874,7.629079243238268
Density,random_07,27,8.86,10.285975399165395
Density,random_07,28,8.912,9.709694974652969
Density,random_07,29,8.933,7.06570163787896
Density,random_07,30,7.134,9.418001187689683
Density,random_07,31,5.91,5.330607694073157
Density,random_07,32,5.323,1.5937583339915111
Density,random_07,33,5.776,9.73094864141243
Density,random_07,34,4.809,4.683068621204571
Density,random_07,35,3.11,4.090772150754398
Density,random_07,36,0.003733,5.166568185607289
Density,random_07,37,1.53,3.1494093286839764
Density,random_07,38,2.64,1.2475022592659508
Density,random_07,39,4.47,7.90264289974147
Density,random_07,40,6.52,7.408542917330625
Density,random_07,41,8.57,6.61149178411748
Density,random_07,42,10.2,8.144303360962462
Density,random_07,43,11.0,9.597281619104335
Density,random_07,44,12.1,3.529386131593709
Density,random_07,45,12.4,12.028758728714891
Density,random_07,46,12.0,8.596263132394249
Density,random_07,47,10.501,6.50937780762481
Density,random_07,48,8.69,3.1238092265083903
Density,random_07,49,7.31,6.2660202289486815
Density,random_07,50,7.287,10.541749576308344
Density,random_07,51,6.685,1.5495120609489952
Density,random_07,52,6.232,6.52911608906916
Density,random_07,53,4.93,2.4459175482188726
Density,random_07,54,0.005887,4.53531169330892
Density,random_07,55,1.93,8.985349352465391
Density,random_07,56,3.62,9.187506781973681
Density,random_07,57,6.15,11.245074359801613
Density,random_07,58,6.77,8.594233335251712
Density,random_07,59,6.77,10.251844846781697
Density,random_07,60,7.01,11.267799235169772
Density,random_07,61,7.26,5.950604389428965
Density,random_07,62,7.52,14.80877608201333
Density,random_07,63,5.24,8.442350680267516
Density,random_07,64,7.9,7.20901985916454
Density,random_07,65,8.23,4.716848614047688
Density,random_07,66,8.55,6.477170925667599
Density,random_07,67,8.8,4.555535981041989
Density,random_07,68,9.07,6.247191666700928
Density,random_07,69,9.32,3.2320731667334925
Density,random_07,70,6.9,8.197723275141048
Density,random_07,71,9.84,5.66595432061543
Density,random_07,72,13.3,9.648983714342219
Density,random_07,73,16.4,3.9716687845503555
Density,random_07,74,19.3,8.160234004015745
Density,random_07,75,20.8,11.66216119074993
Density,random_07,76,22.57,9.227424084082793
Density,random_07,77,22.42,9.212691977472616
Density,random_07,78,21.46,10.559237629238954
Density,random_07,79,19.282,5.327884163027987
Density,random_07,80,13.5336,7.824848691712972
Density,random_07,81,11.8,5.237074220274301
Density,random_07,82,11.342,10.589864704194746
Density,random_07,83,9.807,7.973557100857699
Density,random_07,84,9.32,6.212347844328133
Density,random_07,85,7.0,10.314083566461868
Density,random_07,86,0.00973,3.8149235587822306
Density,random_07,88,5.0,12.125518868558938
Density,random_07,89,10.07,11.585651438848473
Density,random_07,90,11.72,8.333870324193608
Density,random_07,91,15.37,14.624421942099847
Density,random_07,92,18.95,10.020524917331006
Density,random_07,93,20.25,10.299365520576092
Density,random_07,94,19.84,12.788900298583162
Density,random_07,95,13.69,12.10299788367162
Density,random_07,96,13.51,5.903650582600045
Density,random_07,97,14.0,8.985776925808572
