held_out_element,species,configuration,observed_kJ_mol,predicted_kJ_mol,error_kJ_mol
H,H2,mean_only,432.1,442.13428571428574,10.034285714285716
H,LiH,mean_only,233.0,442.13428571428574,209.13428571428574
H,BeH,mean_only,216.8,442.13428571428574,225.33428571428573
H,BH,mean_only,336.4,442.13428571428574,105.73428571428576
H,CH,mean_only,334.7,442.13428571428574,107.43428571428575
H,NH,mean_only,328.5,442.13428571428574,113.63428571428574
H,OH,mean_only,425.8,442.13428571428574,16.334285714285727
H,HF,mean_only,566.6,442.13428571428574,-124.46571428571428
H,NaH,mean_only,197.6,442.13428571428574,244.53428571428574
H,MgH,mean_only,131.6,442.13428571428574,310.5342857142857
H,AlH,mean_only,294.3,442.13428571428574,147.83428571428573
H,SiH,mean_only,294.8,442.13428571428574,147.33428571428573
H,PH,mean_only,277.2,442.13428571428574,164.93428571428575
H,HS,mean_only,351.0,442.13428571428574,91.13428571428574
H,HCl,mean_only,427.8,442.13428571428574,14.334285714285727
H,HBr,mean_only,362.4,442.13428571428574,79.73428571428576
H,HI,mean_only,294.5,442.13428571428574,147.63428571428574
H,H2,raw_properties_ABC,432.1,414.68730672423203,-17.412693275767992
H,LiH,raw_properties_ABC,233.0,407.2460872996137,174.2460872996137
H,BeH,raw_properties_ABC,216.8,480.88595819848945,264.08595819848944
H,BH,raw_properties_ABC,336.4,671.554929419349,335.15492941934906
H,CH,raw_properties_ABC,334.7,746.7263573703494,412.02635737034944
H,NH,raw_properties_ABC,328.5,462.5780152064454,134.0780152064454
H,OH,raw_properties_ABC,425.8,466.318556159323,40.518556159323
H,HF,raw_properties_ABC,566.6,342.2155413143033,-224.3844586856967
H,NaH,raw_properties_ABC,197.6,462.8629689690329,265.26296896903295
H,MgH,raw_properties_ABC,131.6,389.9863006960584,258.38630069605836
H,AlH,raw_properties_ABC,294.3,445.822431942662,151.52243194266197
H,SiH,raw_properties_ABC,294.8,626.6592417613014,331.85924176130135
H,PH,raw_properties_ABC,277.2,469.3089033352848,192.10890333528482
H,HS,raw_properties_ABC,351.0,438.86188311939304,87.86188311939304
H,HCl,raw_properties_ABC,427.8,428.33008199940303,0.5300819994030235
H,HBr,raw_properties_ABC,362.4,318.2253471158033,-44.17465288419669
H,HI,raw_properties_ABC,294.5,236.23937344039092,-58.26062655960908
H,H2,ubp_invariants,432.1,176.71257428950508,-255.38742571049494
H,LiH,ubp_invariants,233.0,289.48141892493857,56.481418924938566
H,BeH,ubp_invariants,216.8,289.48141892493857,72.68141892493855
H,BH,ubp_invariants,336.4,289.48141892493857,-46.91858107506141
H,CH,ubp_invariants,334.7,289.48141892493857,-45.21858107506142
H,NH,ubp_invariants,328.5,289.48141892493857,-39.018581075061434
H,OH,ubp_invariants,425.8,289.48141892493857,-136.31858107506145
H,HF,ubp_invariants,566.6,289.48141892493857,-277.11858107506146
H,NaH,ubp_invariants,197.6,329.7036957944248,132.1036957944248
H,MgH,ubp_invariants,131.6,289.48141892493857,157.88141892493857
H,AlH,ubp_invariants,294.3,289.48141892493857,-4.818581075061445
H,SiH,ubp_invariants,294.8,289.48141892493857,-5.318581075061445
H,PH,ubp_invariants,277.2,289.48141892493857,12.281418924938578
H,HS,ubp_invariants,351.0,289.48141892493857,-61.518581075061434
H,HCl,ubp_invariants,427.8,289.48141892493857,-138.31858107506145
H,HBr,ubp_invariants,362.4,277.13382114560477,-85.2661788543952
H,HI,ubp_invariants,294.5,277.13382114560477,-17.36617885439523
H,H2,ubp_fixed_mog_hex,432.1,685.3001887747965,253.20018877479652
H,LiH,ubp_fixed_mog_hex,233.0,196.25800306451774,-36.74199693548226
H,BeH,ubp_fixed_mog_hex,216.8,358.08141028893897,141.28141028893896
H,BH,ubp_fixed_mog_hex,336.4,75.95915534072356,-260.4408446592764
H,CH,ubp_fixed_mog_hex,334.7,507.7443290827224,173.0443290827224
H,NH,ubp_fixed_mog_hex,328.5,379.41426680250834,50.91426680250834
H,OH,ubp_fixed_mog_hex,425.8,478.5183639549564,52.718363954956374
H,HF,ubp_fixed_mog_hex,566.6,194.8754984450269,-371.72450155497313
H,NaH,ubp_fixed_mog_hex,197.6,183.06347716564943,-14.536522834350563
H,MgH,ubp_fixed_mog_hex,131.6,435.61645274621435,304.0164527462143
H,AlH,ubp_fixed_mog_hex,294.3,307.5005151699478,13.200515169947778
H,SiH,ubp_fixed_mog_hex,294.8,411.5540255113186,116.75402551131862
H,PH,ubp_fixed_mog_hex,277.2,411.6305231298635,134.4305231298635
H,HS,ubp_fixed_mog_hex,351.0,402.45908353884727,51.45908353884727
H,HCl,ubp_fixed_mog_hex,427.8,165.55437758494747,-262.24562241505254
H,HBr,ubp_fixed_mog_hex,362.4,686.7813897916024,324.3813897916024
H,HI,ubp_fixed_mog_hex,294.5,442.3289876506729,147.8289876506729
H,H2,raw_plus_ubp_fixed,432.1,125.87777813525628,-306.22222186474374
H,LiH,raw_plus_ubp_fixed,233.0,168.88443955192758,-64.11556044807242
H,BeH,raw_plus_ubp_fixed,216.8,261.6495614555044,44.849561455504386
H,BH,raw_plus_ubp_fixed,336.4,106.86566314059974,-229.53433685940024
H,CH,raw_plus_ubp_fixed,334.7,435.1256750183115,100.4256750183115
H,NH,raw_plus_ubp_fixed,328.5,265.39730662588397,-63.10269337411603
H,OH,raw_plus_ubp_fixed,425.8,207.60539509571964,-218.19460490428037
H,HF,raw_plus_ubp_fixed,566.6,-10.045438096731516,-576.6454380967316
H,NaH,raw_plus_ubp_fixed,197.6,218.64952155762018,21.04952155762018
H,MgH,raw_plus_ubp_fixed,131.6,301.68660517146844,170.08660517146845
H,AlH,raw_plus_ubp_fixed,294.3,161.99558247557843,-132.30441752442158
H,SiH,raw_plus_ubp_fixed,294.8,427.79982281724944,132.99982281724942
H,PH,raw_plus_ubp_fixed,277.2,305.49161447880505,28.29161447880506
H,HS,raw_plus_ubp_fixed,351.0,192.10890585952546,-158.89109414047454
H,HCl,raw_plus_ubp_fixed,427.8,112.58445935002561,-315.2155406499744
H,HBr,raw_plus_ubp_fixed,362.4,323.4116734041893,-38.98832659581069
H,HI,raw_plus_ubp_fixed,294.5,-128.70243242451983,-423.2024324245198
H,H2,ubp_random_mog_00,432.1,471.4397283390171,39.339728339017086
H,LiH,ubp_random_mog_00,233.0,203.8986067627635,-29.101393237236493
H,BeH,ubp_random_mog_00,216.8,133.86053996105522,-82.93946003894479
H,BH,ubp_random_mog_00,336.4,156.8629550403685,-179.5370449596315
H,CH,ubp_random_mog_00,334.7,400.8057670538595,66.1057670538595
H,NH,ubp_random_mog_00,328.5,480.474921144409,151.974921144409
H,OH,ubp_random_mog_00,425.8,416.8219875165699,-8.97801248343012
H,HF,ubp_random_mog_00,566.6,68.99072413734046,-497.60927586265956
H,NaH,ubp_random_mog_00,197.6,339.458989901635,141.858989901635
H,MgH,ubp_random_mog_00,131.6,62.102336462681706,-69.49766353731829
H,AlH,ubp_random_mog_00,294.3,212.45199449275626,-81.84800550724376
H,SiH,ubp_random_mog_00,294.8,309.0796995887345,14.279699588734502
H,PH,ubp_random_mog_00,277.2,428.311910473495,151.11191047349502
H,HS,ubp_random_mog_00,351.0,332.8341570515488,-18.1658429484512
H,HCl,ubp_random_mog_00,427.8,-59.87264420290808,-487.6726442029081
H,HBr,ubp_random_mog_00,362.4,524.3183517337557,161.91835173375569
H,HI,ubp_random_mog_00,294.5,286.1719583419431,-8.328041658056918
H,H2,ubp_random_mog_01,432.1,433.7479021257973,1.647902125797259
H,LiH,ubp_random_mog_01,233.0,130.72789146279746,-102.27210853720254
H,BeH,ubp_random_mog_01,216.8,387.8740954966494,171.07409549664936
H,BH,ubp_random_mog_01,336.4,169.56352185542318,-166.8364781445768
H,CH,ubp_random_mog_01,334.7,610.0383116938199,275.3383116938199
H,NH,ubp_random_mog_01,328.5,552.4297522763445,223.92975227634452
H,OH,ubp_random_mog_01,425.8,367.1808885624243,-58.619111437575725
H,HF,ubp_random_mog_01,566.6,199.80908943626932,-366.7909105637307
H,NaH,ubp_random_mog_01,197.6,240.0419464065636,42.4419464065636
H,MgH,ubp_random_mog_01,131.6,572.2121609046553,440.6121609046553
H,AlH,ubp_random_mog_01,294.3,12.520120445927262,-281.77987955407275
H,SiH,ubp_random_mog_01,294.8,331.2337318927778,36.433731892777814
H,PH,ubp_random_mog_01,277.2,527.1802283844221,249.9802283844221
H,HS,ubp_random_mog_01,351.0,470.63270682415043,119.63270682415043
H,HCl,ubp_random_mog_01,427.8,224.25038855319585,-203.54961144680416
H,HBr,ubp_random_mog_01,362.4,502.3039788013209,139.90397880132093
H,HI,ubp_random_mog_01,294.5,270.2036632822866,-24.296336717713416
H,H2,ubp_random_mog_02,432.1,477.2873106224433,45.18731062244325
H,LiH,ubp_random_mog_02,233.0,347.26034335840427,114.26034335840427
H,BeH,ubp_random_mog_02,216.8,162.33068736341863,-54.46931263658138
H,BH,ubp_random_mog_02,336.4,84.0826879618158,-252.31731203818418
H,CH,ubp_random_mog_02,334.7,267.9252321962805,-66.7747678037195
H,NH,ubp_random_mog_02,328.5,508.42599244345365,179.92599244345365
H,OH,ubp_random_mog_02,425.8,384.2449608174697,-41.55503918253032
H,HF,ubp_random_mog_02,566.6,23.532090373549465,-543.0679096264505
H,NaH,ubp_random_mog_02,197.6,316.4218509111259,118.82185091112589
H,MgH,ubp_random_mog_02,131.6,246.48600160419335,114.88600160419335
H,AlH,ubp_random_mog_02,294.3,325.70323418649764,31.403234186497627
H,SiH,ubp_random_mog_02,294.8,376.5416778080827,81.74167780808267
H,PH,ubp_random_mog_02,277.2,409.19168086904494,131.99168086904496
H,HS,ubp_random_mog_02,351.0,274.3692565334695,-76.63074346653048
H,HCl,ubp_random_mog_02,427.8,-150.33776455358048,-578.1377645535805
H,HBr,ubp_random_mog_02,362.4,613.9105072791299,251.5105072791299
H,HI,ubp_random_mog_02,294.5,206.41256243010827,-88.08743756989173
H,H2,ubp_random_mog_03,432.1,443.08587746893676,10.985877468936735
H,LiH,ubp_random_mog_03,233.0,184.79416363686005,-48.20583636313995
H,BeH,ubp_random_mog_03,216.8,377.0264031917127,160.22640319171268
H,BH,ubp_random_mog_03,336.4,241.3784261687565,-95.02157383124347
H,CH,ubp_random_mog_03,334.7,494.37635766928264,159.67635766928265
H,NH,ubp_random_mog_03,328.5,530.6570033015375,202.15700330153754
H,OH,ubp_random_mog_03,425.8,451.74868610214924,25.948686102149225
H,HF,ubp_random_mog_03,566.6,116.30557833686072,-450.2944216631393
H,NaH,ubp_random_mog_03,197.6,259.4682725489266,61.868272548926626
H,MgH,ubp_random_mog_03,131.6,285.6920977252166,154.09209772521663
H,AlH,ubp_random_mog_03,294.3,122.47290139816283,-171.82709860183718
H,SiH,ubp_random_mog_03,294.8,407.8690933990953,113.06909339909527
H,PH,ubp_random_mog_03,277.2,547.3641402226572,270.1641402226572
H,HS,ubp_random_mog_03,351.0,349.5334779347186,-1.4665220652814241
H,HCl,ubp_random_mog_03,427.8,178.02312985252075,-249.77687014747926
H,HBr,ubp_random_mog_03,362.4,635.3953042163586,272.9953042163586
H,HI,ubp_random_mog_03,294.5,340.86620151772934,46.36620151772934
H,H2,ubp_random_mog_04,432.1,512.0867220170621,79.9867220170621
H,LiH,ubp_random_mog_04,233.0,179.77810562450532,-53.221894375494685
H,BeH,ubp_random_mog_04,216.8,493.3704789395019,276.57047893950187
H,BH,ubp_random_mog_04,336.4,182.4472516495569,-153.95274835044307
H,CH,ubp_random_mog_04,334.7,396.7976086881244,62.09760868812441
H,NH,ubp_random_mog_04,328.5,608.9169387298839,280.4169387298839
H,OH,ubp_random_mog_04,425.8,469.8261567381261,44.026156738126076
H,HF,ubp_random_mog_04,566.6,178.6607350756567,-387.9392649243433
H,NaH,ubp_random_mog_04,197.6,283.97941852881024,86.37941852881025
H,MgH,ubp_random_mog_04,131.6,470.1659507494533,338.56595074945335
H,AlH,ubp_random_mog_04,294.3,260.72070737922775,-33.579292620772264
H,SiH,ubp_random_mog_04,294.8,481.34102766274196,186.54102766274195
H,PH,ubp_random_mog_04,277.2,605.3136255078181,328.1136255078181
H,HS,ubp_random_mog_04,351.0,381.34172762505636,30.341727625056365
H,HCl,ubp_random_mog_04,427.8,206.61403768676158,-221.18596231323843
H,HBr,ubp_random_mog_04,362.4,691.583855701607,329.18385570160706
H,HI,ubp_random_mog_04,294.5,331.416711828136,36.91671182813599
H,H2,ubp_random_mog_05,432.1,338.04717456090106,-94.05282543909897
H,LiH,ubp_random_mog_05,233.0,245.51581554505034,12.515815545050344
H,BeH,ubp_random_mog_05,216.8,249.7130526495631,32.9130526495631
H,BH,ubp_random_mog_05,336.4,152.31097019145938,-184.0890298085406
H,CH,ubp_random_mog_05,334.7,332.0969662810322,-2.6030337189677653
H,NH,ubp_random_mog_05,328.5,527.3783464031555,198.87834640315555
H,OH,ubp_random_mog_05,425.8,358.94527214676395,-66.85472785323606
H,HF,ubp_random_mog_05,566.6,112.84936926258774,-453.7506307374123
H,NaH,ubp_random_mog_05,197.6,164.59794798052678,-33.00205201947321
H,MgH,ubp_random_mog_05,131.6,32.50981567337095,-99.09018432662904
H,AlH,ubp_random_mog_05,294.3,151.7705842338206,-142.5294157661794
H,SiH,ubp_random_mog_05,294.8,222.545010847571,-72.254989152429
H,PH,ubp_random_mog_05,277.2,365.3798250021155,88.17982500211554
H,HS,ubp_random_mog_05,351.0,407.9183678982029,56.918367898202916
H,HCl,ubp_random_mog_05,427.8,-77.70047189396172,-505.50047189396173
H,HBr,ubp_random_mog_05,362.4,614.778960811858,252.37896081185806
H,HI,ubp_random_mog_05,294.5,131.497513928859,-163.002486071141
H,H2,ubp_random_mog_06,432.1,1011.3601615846655,579.2601615846655
H,LiH,ubp_random_mog_06,233.0,499.7751421441162,266.7751421441162
H,BeH,ubp_random_mog_06,216.8,629.7608305616641,412.96083056166407
H,BH,ubp_random_mog_06,336.4,346.93117059934593,10.531170599345955
H,CH,ubp_random_mog_06,334.7,804.8040709362646,470.1040709362646
H,NH,ubp_random_mog_06,328.5,693.3094059542716,364.8094059542716
H,OH,ubp_random_mog_06,425.8,619.2241682798651,193.4241682798651
H,HF,ubp_random_mog_06,566.6,389.21830373208627,-177.38169626791375
H,NaH,ubp_random_mog_06,197.6,580.9523793178935,383.35237931789345
H,MgH,ubp_random_mog_06,131.6,587.6962932070736,456.0962932070736
H,AlH,ubp_random_mog_06,294.3,569.1895595639364,274.8895595639364
H,SiH,ubp_random_mog_06,294.8,610.4702014909192,315.67020149091917
H,PH,ubp_random_mog_06,277.2,835.7763930041115,558.5763930041114
H,HS,ubp_random_mog_06,351.0,626.4693115623375,275.46931156233745
H,HCl,ubp_random_mog_06,427.8,252.06421798485954,-175.73578201514047
H,HBr,ubp_random_mog_06,362.4,790.3292828667416,427.9292828667416
H,HI,ubp_random_mog_06,294.5,437.17442755749727,142.67442755749727
H,H2,ubp_random_mog_07,432.1,110.78529129481461,-321.3147087051854
H,LiH,ubp_random_mog_07,233.0,41.278609488120765,-191.72139051187924
H,BeH,ubp_random_mog_07,216.8,250.97804045712954,34.178040457129526
H,BH,ubp_random_mog_07,336.4,86.95603491497275,-249.44396508502723
H,CH,ubp_random_mog_07,334.7,259.87440199433286,-74.82559800566713
H,NH,ubp_random_mog_07,328.5,468.1539940413807,139.6539940413807
H,OH,ubp_random_mog_07,425.8,432.57569016143816,6.775690161438149
H,HF,ubp_random_mog_07,566.6,-57.07895865877185,-623.6789586587719
H,NaH,ubp_random_mog_07,197.6,234.94287557256303,37.34287557256303
H,MgH,ubp_random_mog_07,131.6,461.90320560463704,330.303205604637
H,AlH,ubp_random_mog_07,294.3,19.145781803174998,-275.154218196825
H,SiH,ubp_random_mog_07,294.8,291.7887330243633,-3.0112669756367154
H,PH,ubp_random_mog_07,277.2,543.6022889892844,266.4022889892844
H,HS,ubp_random_mog_07,351.0,321.44426490582157,-29.55573509417843
H,HCl,ubp_random_mog_07,427.8,-181.34670229009623,-609.1467022900963
H,HBr,ubp_random_mog_07,362.4,442.7283026640577,80.32830266405773
H,HI,ubp_random_mog_07,294.5,138.31539991571606,-156.18460008428394
H,H2,ubp_random_mog_08,432.1,824.5301932620054,392.43019326200533
H,LiH,ubp_random_mog_08,233.0,649.5149691441011,416.5149691441011
H,BeH,ubp_random_mog_08,216.8,450.68407233813906,233.88407233813905
H,BH,ubp_random_mog_08,336.4,379.06774572675243,42.66774572675246
H,CH,ubp_random_mog_08,334.7,661.0889581294931,326.3889581294931
H,NH,ubp_random_mog_08,328.5,828.2033043701234,499.7033043701234
H,OH,ubp_random_mog_08,425.8,709.9514074261137,284.15140742611374
H,HF,ubp_random_mog_08,566.6,376.1382794961097,-190.46172050389032
H,NaH,ubp_random_mog_08,197.6,514.859767739497,317.25976773949697
H,MgH,ubp_random_mog_08,131.6,593.1607352298809,461.56073522988083
H,AlH,ubp_random_mog_08,294.3,277.03122735663567,-17.268772643364343
H,SiH,ubp_random_mog_08,294.8,479.20797384528225,184.40797384528224
H,PH,ubp_random_mog_08,277.2,655.6810387887409,378.48103878874093
H,HS,ubp_random_mog_08,351.0,513.9200423461025,162.9200423461025
H,HCl,ubp_random_mog_08,427.8,306.4008283867601,-121.3991716132399
H,HBr,ubp_random_mog_08,362.4,787.805139815276,425.405139815276
H,HI,ubp_random_mog_08,294.5,580.6481115148501,286.14811151485014
H,H2,ubp_random_mog_09,432.1,796.8602336172213,364.7602336172213
H,LiH,ubp_random_mog_09,233.0,519.2297250398374,286.2297250398374
H,BeH,ubp_random_mog_09,216.8,551.5615247490045,334.76152474900454
H,BH,ubp_random_mog_09,336.4,379.58467737243643,43.184677372436454
H,CH,ubp_random_mog_09,334.7,681.536879671939,346.836879671939
H,NH,ubp_random_mog_09,328.5,797.2540926484978,468.7540926484978
H,OH,ubp_random_mog_09,425.8,694.6029029768947,268.8029029768947
H,HF,ubp_random_mog_09,566.6,341.16909481683575,-225.43090518316427
H,NaH,ubp_random_mog_09,197.6,413.02733326986413,215.42733326986414
H,MgH,ubp_random_mog_09,131.6,474.78101409253213,343.1810140925321
H,AlH,ubp_random_mog_09,294.3,346.96170551024625,52.661705510246236
H,SiH,ubp_random_mog_09,294.8,435.5997152638408,140.79971526384077
H,PH,ubp_random_mog_09,277.2,764.4786430857571,487.2786430857571
H,HS,ubp_random_mog_09,351.0,503.9319168774042,152.9319168774042
H,HCl,ubp_random_mog_09,427.8,476.1059878361287,48.30598783612868
H,HBr,ubp_random_mog_09,362.4,839.3116528067386,476.91165280673863
H,HI,ubp_random_mog_09,294.5,582.2311555652209,287.7311555652209
H,H2,ubp_random_mog_10,432.1,481.6908110724915,49.590811072491476
H,LiH,ubp_random_mog_10,233.0,304.4329312009136,71.43293120091357
H,BeH,ubp_random_mog_10,216.8,390.6934440771749,173.89344407717488
H,BH,ubp_random_mog_10,336.4,433.05290655742493,96.65290655742496
H,CH,ubp_random_mog_10,334.7,692.4080440879063,357.70804408790633
H,NH,ubp_random_mog_10,328.5,699.181139109495,370.681139109495
H,OH,ubp_random_mog_10,425.8,601.8916194558167,176.09161945581667
H,HF,ubp_random_mog_10,566.6,348.4517325542606,-218.1482674457394
H,NaH,ubp_random_mog_10,197.6,200.69067738924159,3.0906773892415913
H,MgH,ubp_random_mog_10,131.6,444.9452132168429,313.3452132168429
H,AlH,ubp_random_mog_10,294.3,326.16208438637545,31.862084386375443
H,SiH,ubp_random_mog_10,294.8,645.9304896212901,351.1304896212901
H,PH,ubp_random_mog_10,277.2,434.7260042580349,157.5260042580349
H,HS,ubp_random_mog_10,351.0,556.1083722086511,205.10837220865108
H,HCl,ubp_random_mog_10,427.8,225.16095757083332,-202.6390424291667
H,HBr,ubp_random_mog_10,362.4,734.3688877905381,371.96888779053813
H,HI,ubp_random_mog_10,294.5,347.7198233462882,53.219823346288194
H,H2,ubp_random_mog_11,432.1,591.2756059968809,159.1756059968809
H,LiH,ubp_random_mog_11,233.0,402.2465185822882,169.24651858228822
H,BeH,ubp_random_mog_11,216.8,497.5799632714972,280.7799632714972
H,BH,ubp_random_mog_11,336.4,341.097877001154,4.6978770011540405
H,CH,ubp_random_mog_11,334.7,758.6671772117282,423.96717721172826
H,NH,ubp_random_mog_11,328.5,529.269356875964,200.76935687596404
H,OH,ubp_random_mog_11,425.8,666.480528479002,240.68052847900202
H,HF,ubp_random_mog_11,566.6,390.5119706235244,-176.08802937647562
H,NaH,ubp_random_mog_11,197.6,286.70153357419406,89.10153357419406
H,MgH,ubp_random_mog_11,131.6,369.5813258891934,237.9813258891934
H,AlH,ubp_random_mog_11,294.3,440.36011862832373,146.06011862832372
H,SiH,ubp_random_mog_11,294.8,541.1446337325174,246.34463373251737
H,PH,ubp_random_mog_11,277.2,824.565738020322,547.3657380203219
H,HS,ubp_random_mog_11,351.0,413.7646490347109,62.764649034710885
H,HCl,ubp_random_mog_11,427.8,349.81984068602793,-77.98015931397208
H,HBr,ubp_random_mog_11,362.4,682.701211911658,320.301211911658
H,HI,ubp_random_mog_11,294.5,312.75963038662496,18.259630386624963
H,H2,ubp_random_mog_12,432.1,1126.1640073939473,694.0640073939472
H,LiH,ubp_random_mog_12,233.0,196.31397355473854,-36.68602644526146
H,BeH,ubp_random_mog_12,216.8,446.124349670771,229.32434967077097
H,BH,ubp_random_mog_12,336.4,556.9151789792083,220.51517897920837
H,CH,ubp_random_mog_12,334.7,746.2573912400949,411.5573912400949
H,NH,ubp_random_mog_12,328.5,732.0961465893017,403.5961465893017
H,OH,ubp_random_mog_12,425.8,726.730640668204,300.93064066820403
H,HF,ubp_random_mog_12,566.6,313.0787791671511,-253.52122083284894
H,NaH,ubp_random_mog_12,197.6,273.3059135783347,75.7059135783347
H,MgH,ubp_random_mog_12,131.6,433.03183685128425,301.4318368512843
H,AlH,ubp_random_mog_12,294.3,288.56473303508096,-5.735266964919049
H,SiH,ubp_random_mog_12,294.8,678.3297641941172,383.52976419411715
H,PH,ubp_random_mog_12,277.2,511.29889606550154,234.09889606550155
H,HS,ubp_random_mog_12,351.0,555.986177960149,204.986177960149
H,HCl,ubp_random_mog_12,427.8,160.17169302554618,-267.62830697445384
H,HBr,ubp_random_mog_12,362.4,774.524833024954,412.124833024954
H,HI,ubp_random_mog_12,294.5,582.0482580322503,287.54825803225026
H,H2,ubp_random_mog_13,432.1,593.158220712428,161.058220712428
H,LiH,ubp_random_mog_13,233.0,411.5149609945263,178.5149609945263
H,BeH,ubp_random_mog_13,216.8,549.7808704762664,332.9808704762664
H,BH,ubp_random_mog_13,336.4,306.3755201044113,-30.024479895588684
H,CH,ubp_random_mog_13,334.7,561.90109883209,227.20109883209005
H,NH,ubp_random_mog_13,328.5,644.052087834244,315.55208783424405
H,OH,ubp_random_mog_13,425.8,551.0459305531159,125.2459305531159
H,HF,ubp_random_mog_13,566.6,351.8034498063995,-214.79655019360052
H,NaH,ubp_random_mog_13,197.6,435.0292913397139,237.4292913397139
H,MgH,ubp_random_mog_13,131.6,576.6145160399868,445.0145160399868
H,AlH,ubp_random_mog_13,294.3,445.72034035131884,151.42034035131883
H,SiH,ubp_random_mog_13,294.8,610.9304753505162,316.1304753505162
H,PH,ubp_random_mog_13,277.2,768.9310449079828,491.73104490798283
H,HS,ubp_random_mog_13,351.0,463.726098451989,112.726098451989
H,HCl,ubp_random_mog_13,427.8,330.93666626722,-96.86333373278
H,HBr,ubp_random_mog_13,362.4,699.1906819045523,336.79068190455234
H,HI,ubp_random_mog_13,294.5,485.1970418021449,190.6970418021449
H,H2,ubp_random_mog_14,432.1,638.1196672377168,206.01966723771682
H,LiH,ubp_random_mog_14,233.0,294.5142186605955,61.514218660595475
H,BeH,ubp_random_mog_14,216.8,262.47716970131944,45.67716970131943
H,BH,ubp_random_mog_14,336.4,341.0345951549082,4.634595154908197
H,CH,ubp_random_mog_14,334.7,499.9915095535864,165.29150955358642
H,NH,ubp_random_mog_14,328.5,574.7022444483775,246.20224444837754
H,OH,ubp_random_mog_14,425.8,473.9268937972315,48.1268937972315
H,HF,ubp_random_mog_14,566.6,4.8275017655971055,-561.772498234403
H,NaH,ubp_random_mog_14,197.6,291.15167711715964,93.55167711715964
H,MgH,ubp_random_mog_14,131.6,385.3273182821591,253.72731828215913
H,AlH,ubp_random_mog_14,294.3,254.63221584910355,-39.667784150896466
H,SiH,ubp_random_mog_14,294.8,472.87725072917186,178.07725072917185
H,PH,ubp_random_mog_14,277.2,560.018535292033,282.818535292033
H,HS,ubp_random_mog_14,351.0,318.4558962369925,-32.54410376300751
H,HCl,ubp_random_mog_14,427.8,126.96377869687865,-300.83622130312136
H,HBr,ubp_random_mog_14,362.4,708.0642258409973,345.66422584099735
H,HI,ubp_random_mog_14,294.5,318.7885886844043,24.288588684404317
H,H2,ubp_random_mog_15,432.1,179.22540055658203,-252.874599443418
H,LiH,ubp_random_mog_15,233.0,67.61771179819152,-165.38228820180848
H,BeH,ubp_random_mog_15,216.8,42.659259926921095,-174.14074007307892
H,BH,ubp_random_mog_15,336.4,145.93689247568784,-190.46310752431214
H,CH,ubp_random_mog_15,334.7,337.10338995456254,2.403389954562556
H,NH,ubp_random_mog_15,328.5,486.85912830773395,158.35912830773395
H,OH,ubp_random_mog_15,425.8,309.1443342938835,-116.65566570611651
H,HF,ubp_random_mog_15,566.6,143.1147761290341,-423.4852238709659
H,NaH,ubp_random_mog_15,197.6,9.374568638531969,-188.22543136146803
H,MgH,ubp_random_mog_15,131.6,208.28929696466966,76.68929696466967
H,AlH,ubp_random_mog_15,294.3,28.239356319347053,-266.06064368065296
H,SiH,ubp_random_mog_15,294.8,286.45808860074897,-8.341911399251046
H,PH,ubp_random_mog_15,277.2,423.95349069914863,146.75349069914864
H,HS,ubp_random_mog_15,351.0,366.2099493496038,15.20994934960379
H,HCl,ubp_random_mog_15,427.8,-21.681079111705174,-449.4810791117052
H,HBr,ubp_random_mog_15,362.4,559.173864267639,196.77386426763906
H,HI,ubp_random_mog_15,294.5,143.51547944780276,-150.98452055219724
Li,LiH,mean_only,233.0,412.936,179.93599999999998
Li,Li2,mean_only,100.0,412.936,312.936
Li,LiH,raw_properties_ABC,233.0,210.4274144425134,-22.572585557486605
Li,Li2,raw_properties_ABC,100.0,130.4954450194025,30.495445019402496
Li,LiH,ubp_invariants,233.0,319.92549695376647,86.92549695376647
Li,Li2,ubp_invariants,100.0,429.35123055332303,329.35123055332303
Li,LiH,ubp_fixed_mog_hex,233.0,468.1257331566526,235.1257331566526
Li,Li2,ubp_fixed_mog_hex,100.0,797.1301975637291,697.1301975637291
Li,LiH,raw_plus_ubp_fixed,233.0,224.72537400817444,-8.274625991825559
Li,Li2,raw_plus_ubp_fixed,100.0,398.11818816082825,298.11818816082825
Li,LiH,ubp_random_mog_00,233.0,423.80929842927645,190.80929842927645
Li,Li2,ubp_random_mog_00,100.0,517.6726920892352,417.67269208923517
Li,LiH,ubp_random_mog_01,233.0,456.5094490707548,223.50944907075478
Li,Li2,ubp_random_mog_01,100.0,868.7758938460665,768.7758938460665
Li,LiH,ubp_random_mog_02,233.0,486.2010695074209,253.20106950742093
Li,Li2,ubp_random_mog_02,100.0,741.574216814555,641.574216814555
Li,LiH,ubp_random_mog_03,233.0,242.54376683283994,9.543766832839935
Li,Li2,ubp_random_mog_03,100.0,618.803510052942,518.803510052942
Li,LiH,ubp_random_mog_04,233.0,375.61778803304895,142.61778803304895
Li,Li2,ubp_random_mog_04,100.0,482.87093667729283,382.87093667729283
Li,LiH,ubp_random_mog_05,233.0,431.244523987692,198.244523987692
Li,Li2,ubp_random_mog_05,100.0,515.4987239963488,415.49872399634876
Li,LiH,ubp_random_mog_06,233.0,333.38773518638584,100.38773518638584
Li,Li2,ubp_random_mog_06,100.0,638.9371354735108,538.9371354735108
Li,LiH,ubp_random_mog_07,233.0,376.46030214577354,143.46030214577354
Li,Li2,ubp_random_mog_07,100.0,579.4102569459195,479.4102569459195
Li,LiH,ubp_random_mog_08,233.0,531.2916181296775,298.29161812967754
Li,Li2,ubp_random_mog_08,100.0,569.8408552546462,469.84085525464616
Li,LiH,ubp_random_mog_09,233.0,355.2249672599786,122.2249672599786
Li,Li2,ubp_random_mog_09,100.0,478.39753620389445,378.39753620389445
Li,LiH,ubp_random_mog_10,233.0,214.25380644171332,-18.746193558286677
Li,Li2,ubp_random_mog_10,100.0,437.2441818543952,337.2441818543952
Li,LiH,ubp_random_mog_11,233.0,372.307473258783,139.30747325878298
Li,Li2,ubp_random_mog_11,100.0,453.95257704536067,353.95257704536067
Li,LiH,ubp_random_mog_12,233.0,334.6233250964552,101.62332509645518
Li,Li2,ubp_random_mog_12,100.0,654.1058498958934,554.1058498958934
Li,LiH,ubp_random_mog_13,233.0,359.63207073204313,126.63207073204313
Li,Li2,ubp_random_mog_13,100.0,625.2087864098834,525.2087864098834
Li,LiH,ubp_random_mog_14,233.0,302.98617285024164,69.98617285024164
Li,Li2,ubp_random_mog_14,100.0,309.93247721008424,209.93247721008424
Li,LiH,ubp_random_mog_15,233.0,366.61866659040925,133.61866659040925
Li,Li2,ubp_random_mog_15,100.0,651.4568226010744,551.4568226010744
Be,BeH,mean_only,216.8,407.11764705882354,190.31764705882352
Be,BeH,raw_properties_ABC,216.8,365.7007735932554,148.9007735932554
Be,BeH,ubp_invariants,216.8,319.9909218449384,103.19092184493837
Be,BeH,ubp_fixed_mog_hex,216.8,315.1276430542889,98.3276430542889
Be,BeH,raw_plus_ubp_fixed,216.8,302.5990544289814,85.79905442898138
Be,BeH,ubp_random_mog_00,216.8,172.7471643831207,-44.05283561687932
Be,BeH,ubp_random_mog_01,216.8,265.9429570718439,49.14295707184391
Be,BeH,ubp_random_mog_02,216.8,288.3856845020176,71.58568450201761
Be,BeH,ubp_random_mog_03,216.8,354.463650383333,137.663650383333
Be,BeH,ubp_random_mog_04,216.8,470.95664765662457,254.15664765662456
Be,BeH,ubp_random_mog_05,216.8,317.3143756887347,100.51437568873467
Be,BeH,ubp_random_mog_06,216.8,359.0412328787619,142.24123287876188
Be,BeH,ubp_random_mog_07,216.8,365.022107422025,148.22210742202498
Be,BeH,ubp_random_mog_08,216.8,336.8231050250642,120.02310502506418
Be,BeH,ubp_random_mog_09,216.8,230.40444776696415,13.604447766964142
Be,BeH,ubp_random_mog_10,216.8,325.36621902572824,108.56621902572823
Be,BeH,ubp_random_mog_11,216.8,356.6505443941584,139.85054439415836
Be,BeH,ubp_random_mog_12,216.8,342.9066065147153,126.10660651471528
Be,BeH,ubp_random_mog_13,216.8,378.844434805392,162.04443480539197
Be,BeH,ubp_random_mog_14,216.8,230.9377184694671,14.137718469467075
Be,BeH,ubp_random_mog_15,216.8,198.10009465455167,-18.699905345448343
B,BH,mean_only,336.4,390.131914893617,53.731914893617045
B,B2,mean_only,290.0,390.131914893617,100.13191489361702
B,BN,mean_only,470.0,390.131914893617,-79.86808510638298
B,BO,mean_only,800.0,390.131914893617,-409.868085106383
B,BF,mean_only,747.2,390.131914893617,-357.068085106383
B,BH,raw_properties_ABC,336.4,415.8385058145284,79.43850581452841
B,B2,raw_properties_ABC,290.0,366.3752788489524,76.3752788489524
B,BN,raw_properties_ABC,470.0,553.1447034332452,83.14470343324524
B,BO,raw_properties_ABC,800.0,575.6952251401568,-224.30477485984318
B,BF,raw_properties_ABC,747.2,587.5959004263096,-159.6040995736904
B,BH,ubp_invariants,336.4,312.8945378203974,-23.505462179602603
B,B2,ubp_invariants,290.0,405.78226775994443,115.78226775994443
B,BN,ubp_invariants,470.0,472.429573841296,2.429573841296019
B,BO,ubp_invariants,800.0,472.429573841296,-327.570426158704
B,BF,ubp_invariants,747.2,472.429573841296,-274.770426158704
B,BH,ubp_fixed_mog_hex,336.4,210.36224158411747,-126.03775841588251
B,B2,ubp_fixed_mog_hex,290.0,-111.80569589289411,-401.8056958928941
B,BN,ubp_fixed_mog_hex,470.0,411.14849347563245,-58.85150652436755
B,BO,ubp_fixed_mog_hex,800.0,277.8272133611903,-522.1727866388097
B,BF,ubp_fixed_mog_hex,747.2,13.128570915081752,-734.0714290849182
B,BH,raw_plus_ubp_fixed,336.4,291.50715167600833,-44.89284832399164
B,B2,raw_plus_ubp_fixed,290.0,101.30697023026954,-188.69302976973046
B,BN,raw_plus_ubp_fixed,470.0,549.1714392504066,79.17143925040659
B,BO,raw_plus_ubp_fixed,800.0,464.4521350379372,-335.5478649620628
B,BF,raw_plus_ubp_fixed,747.2,364.67292689790753,-382.5270731020925
B,BH,ubp_random_mog_00,336.4,300.1985389708195,-36.20146102918045
B,B2,ubp_random_mog_00,290.0,163.44252847112188,-126.55747152887812
B,BN,ubp_random_mog_00,470.0,437.9177238710813,-32.08227612891869
B,BO,ubp_random_mog_00,800.0,603.4296492803851,-196.5703507196149
B,BF,ubp_random_mog_00,747.2,90.80996547758213,-656.3900345224179
B,BH,ubp_random_mog_01,336.4,420.3863883034022,83.98638830340224
B,B2,ubp_random_mog_01,290.0,349.7117371159395,59.71173711593951
B,BN,ubp_random_mog_01,470.0,478.8534986266427,8.853498626642704
B,BO,ubp_random_mog_01,800.0,435.351812159726,-364.648187840274
B,BF,ubp_random_mog_01,747.2,245.5051421399428,-501.69485786005725
B,BH,ubp_random_mog_02,336.4,265.9543583534482,-70.44564164655179
B,B2,ubp_random_mog_02,290.0,43.15675745299518,-246.84324254700482
B,BN,ubp_random_mog_02,470.0,449.60497886177427,-20.39502113822573
B,BO,ubp_random_mog_02,800.0,261.986377895553,-538.013622104447
B,BF,ubp_random_mog_02,747.2,-45.825331173353106,-793.0253311733532
B,BH,ubp_random_mog_03,336.4,246.86749132343488,-89.5325086765651
B,B2,ubp_random_mog_03,290.0,81.57285481267968,-208.42714518732032
B,BN,ubp_random_mog_03,470.0,298.4655319551116,-171.5344680448884
B,BO,ubp_random_mog_03,800.0,269.34904061755685,-530.6509593824431
B,BF,ubp_random_mog_03,747.2,142.6890539360764,-604.5109460639237
B,BH,ubp_random_mog_04,336.4,341.1717077916807,4.77170779168074
B,B2,ubp_random_mog_04,290.0,361.8614190326268,71.86141903262683
B,BN,ubp_random_mog_04,470.0,480.7397041468855,10.739704146885515
B,BO,ubp_random_mog_04,800.0,331.8868317328452,-468.1131682671548
B,BF,ubp_random_mog_04,747.2,268.7243227184765,-478.47567728152353
B,BH,ubp_random_mog_05,336.4,354.419193150086,18.01919315008604
B,B2,ubp_random_mog_05,290.0,195.76680051973742,-94.23319948026258
B,BN,ubp_random_mog_05,470.0,470.86270406148196,0.8627040614819634
B,BO,ubp_random_mog_05,800.0,384.4895275870788,-415.5104724129212
B,BF,ubp_random_mog_05,747.2,236.55937404689047,-510.6406259531096
B,BH,ubp_random_mog_06,336.4,321.53895329117665,-14.861046708823324
B,B2,ubp_random_mog_06,290.0,204.9826021081838,-85.01739789181619
B,BN,ubp_random_mog_06,470.0,448.4543130598469,-21.545686940153075
B,BO,ubp_random_mog_06,800.0,359.47808915495614,-440.52191084504386
B,BF,ubp_random_mog_06,747.2,45.506914438546175,-701.6930855614539
B,BH,ubp_random_mog_07,336.4,313.39067550174923,-23.00932449825075
B,B2,ubp_random_mog_07,290.0,203.39824038464062,-86.60175961535938
B,BN,ubp_random_mog_07,470.0,345.13682601240714,-124.86317398759286
B,BO,ubp_random_mog_07,800.0,349.4968138959722,-450.5031861040278
B,BF,ubp_random_mog_07,747.2,139.9351116890211,-607.2648883109789
B,BH,ubp_random_mog_08,336.4,308.5024296039841,-27.89757039601585
B,B2,ubp_random_mog_08,290.0,315.28246751306125,25.28246751306125
B,BN,ubp_random_mog_08,470.0,343.4474285479697,-126.55257145203029
B,BO,ubp_random_mog_08,800.0,437.503664810739,-362.496335189261
B,BF,ubp_random_mog_08,747.2,74.14263513736682,-673.0573648626332
B,BH,ubp_random_mog_09,336.4,244.4454418433558,-91.95455815664417
B,B2,ubp_random_mog_09,290.0,283.8667450749568,-6.133254925043218
B,BN,ubp_random_mog_09,470.0,405.53889989538766,-64.46110010461234
B,BO,ubp_random_mog_09,800.0,275.05141821572045,-524.9485817842796
B,BF,ubp_random_mog_09,747.2,69.30325009043975,-677.8967499095603
B,BH,ubp_random_mog_10,336.4,235.04991081137985,-101.35008918862013
B,B2,ubp_random_mog_10,290.0,248.5369698771149,-41.4630301228851
B,BN,ubp_random_mog_10,470.0,365.62053665255473,-104.37946334744527
B,BO,ubp_random_mog_10,800.0,402.0900692155239,-397.9099307844761
B,BF,ubp_random_mog_10,747.2,203.89307270115052,-543.3069272988496
B,BH,ubp_random_mog_11,336.4,439.10563658787316,102.70563658787319
B,B2,ubp_random_mog_11,290.0,375.1728733178355,85.17287331783552
B,BN,ubp_random_mog_11,470.0,485.3037376961694,15.303737696169378
B,BO,ubp_random_mog_11,800.0,610.0315089892545,-189.96849101074554
B,BF,ubp_random_mog_11,747.2,172.46570617618016,-574.7342938238198
B,BH,ubp_random_mog_12,336.4,374.2458782628994,37.84587826289942
B,B2,ubp_random_mog_12,290.0,350.09776387744887,60.09776387744887
B,BN,ubp_random_mog_12,470.0,555.4302739403718,85.43027394037176
B,BO,ubp_random_mog_12,800.0,495.87389293980596,-304.12610706019404
B,BF,ubp_random_mog_12,747.2,161.0381942911728,-586.1618057088273
B,BH,ubp_random_mog_13,336.4,330.88361110734604,-5.516388892653936
B,B2,ubp_random_mog_13,290.0,197.70942938735047,-92.29057061264953
B,BN,ubp_random_mog_13,470.0,437.27102030758516,-32.72897969241484
B,BO,ubp_random_mog_13,800.0,405.42521706907365,-394.57478293092635
B,BF,ubp_random_mog_13,747.2,115.1431910569051,-632.0568089430949
B,BH,ubp_random_mog_14,336.4,257.2813622926085,-79.11863770739149
B,B2,ubp_random_mog_14,290.0,208.89728652572097,-81.10271347427903
B,BN,ubp_random_mog_14,470.0,396.1346803879495,-73.86531961205048
B,BO,ubp_random_mog_14,800.0,280.3248040173303,-519.6751959826697
B,BF,ubp_random_mog_14,747.2,70.06714129162697,-677.1328587083731
B,BH,ubp_random_mog_15,336.4,171.52561681554926,-164.87438318445072
B,B2,ubp_random_mog_15,290.0,65.06096092862907,-224.93903907137093
B,BN,ubp_random_mog_15,470.0,340.02046998943854,-129.97953001056146
B,BO,ubp_random_mog_15,800.0,248.82686938698566,-551.1731306130143
B,BF,ubp_random_mog_15,747.2,140.9458046871232,-606.2541953128768
C,CH,mean_only,334.7,376.4127659574468,41.712765957446834
C,C2,mean_only,600.0,376.4127659574468,-223.58723404255318
C,CN,mean_only,745.0,376.4127659574468,-368.5872340425532
C,CO,mean_only,1071.8,376.4127659574468,-695.3872340425531
C,CF,mean_only,536.9,376.4127659574468,-160.48723404255315
C,CH,raw_properties_ABC,334.7,521.394185272316,186.69418527231602
C,C2,raw_properties_ABC,600.0,343.4592250338668,-256.5407749661332
C,CN,raw_properties_ABC,745.0,622.8249473636444,-122.17505263635564
C,CO,raw_properties_ABC,1071.8,636.2742495697571,-435.52575043024285
C,CF,raw_properties_ABC,536.9,573.4946409224073,36.59464092240728
C,CH,ubp_invariants,334.7,312.58002417598266,-22.11997582401733
C,C2,ubp_invariants,600.0,382.90881798678447,-217.09118201321553
C,CN,ubp_invariants,745.0,474.78435440859755,-270.21564559140245
C,CO,ubp_invariants,1071.8,449.98324936425894,-621.8167506357411
C,CF,ubp_invariants,536.9,449.98324936425894,-86.91675063574104
C,CH,ubp_fixed_mog_hex,334.7,286.5075367253779,-48.19246327462207
C,C2,ubp_fixed_mog_hex,600.0,228.68038180394234,-371.31961819605766
C,CN,ubp_fixed_mog_hex,745.0,254.13541886543658,-490.8645811345634
C,CO,ubp_fixed_mog_hex,1071.8,448.885085256798,-622.914914743202
C,CF,ubp_fixed_mog_hex,536.9,346.7304134379311,-190.1695865620689
C,CH,raw_plus_ubp_fixed,334.7,466.5181627580873,131.81816275808734
C,C2,raw_plus_ubp_fixed,600.0,424.7271103017875,-175.2728896982125
C,CN,raw_plus_ubp_fixed,745.0,525.462722506637,-219.53727749336304
C,CO,raw_plus_ubp_fixed,1071.8,717.1240769320827,-354.6759230679172
C,CF,raw_plus_ubp_fixed,536.9,620.1145358906193,83.21453589061935
C,CH,ubp_random_mog_00,334.7,383.11667746302703,48.41667746302704
C,C2,ubp_random_mog_00,600.0,408.9575944396987,-191.0424055603013
C,CN,ubp_random_mog_00,745.0,375.2667007797431,-369.7332992202569
C,CO,ubp_random_mog_00,1071.8,517.1702853043695,-554.6297146956305
C,CF,ubp_random_mog_00,536.9,324.44712617183336,-212.45287382816662
C,CH,ubp_random_mog_01,334.7,516.3772080314693,181.67720803146932
C,C2,ubp_random_mog_01,600.0,231.8032522497409,-368.1967477502591
C,CN,ubp_random_mog_01,745.0,211.51765085335288,-533.4823491466472
C,CO,ubp_random_mog_01,1071.8,317.8171144690921,-753.9828855309079
C,CF,ubp_random_mog_01,536.9,330.79281960424015,-206.10718039575983
C,CH,ubp_random_mog_02,334.7,198.8741552606227,-135.8258447393773
C,C2,ubp_random_mog_02,600.0,109.38921912673953,-490.61078087326047
C,CN,ubp_random_mog_02,745.0,50.16414893957261,-694.8358510604273
C,CO,ubp_random_mog_02,1071.8,296.6408191297066,-775.1591808702933
C,CF,ubp_random_mog_02,536.9,230.6498456584891,-306.2501543415109
C,CH,ubp_random_mog_03,334.7,429.46681568119817,94.76681568119818
C,C2,ubp_random_mog_03,600.0,316.4531988460239,-283.5468011539761
C,CN,ubp_random_mog_03,745.0,295.40140396240224,-449.59859603759776
C,CO,ubp_random_mog_03,1071.8,405.28998541617153,-666.5100145838285
C,CF,ubp_random_mog_03,536.9,470.04017904047055,-66.85982095952943
C,CH,ubp_random_mog_04,334.7,246.36566528907812,-88.33433471092187
C,C2,ubp_random_mog_04,600.0,423.49500642636656,-176.50499357363344
C,CN,ubp_random_mog_04,745.0,371.3005030089625,-373.6994969910375
C,CO,ubp_random_mog_04,1071.8,454.8911002289621,-616.9088997710378
C,CF,ubp_random_mog_04,536.9,223.7165284542365,-313.1834715457635
C,CH,ubp_random_mog_05,334.7,283.39314333953905,-51.30685666046094
C,C2,ubp_random_mog_05,600.0,274.16849226207967,-325.83150773792033
C,CN,ubp_random_mog_05,745.0,215.63187877773925,-529.3681212222607
C,CO,ubp_random_mog_05,1071.8,424.95477739838236,-646.8452226016176
C,CF,ubp_random_mog_05,536.9,337.6876414991948,-199.21235850080518
C,CH,ubp_random_mog_06,334.7,413.85955204815804,79.15955204815805
C,C2,ubp_random_mog_06,600.0,432.963760095672,-167.036239904328
C,CN,ubp_random_mog_06,745.0,341.26283948365,-403.73716051635
C,CO,ubp_random_mog_06,1071.8,386.9792769964371,-684.8207230035629
C,CF,ubp_random_mog_06,536.9,409.25281181227706,-127.64718818772292
C,CH,ubp_random_mog_07,334.7,294.950984700806,-39.74901529919401
C,C2,ubp_random_mog_07,600.0,280.1838392529413,-319.8161607470587
C,CN,ubp_random_mog_07,745.0,97.61217279053164,-647.3878272094684
C,CO,ubp_random_mog_07,1071.8,359.0701719168063,-712.7298280831936
C,CF,ubp_random_mog_07,536.9,348.83552408604237,-188.0644759139576
C,CH,ubp_random_mog_08,334.7,265.87798653408424,-68.82201346591575
C,C2,ubp_random_mog_08,600.0,236.74024471387332,-363.2597552861267
C,CN,ubp_random_mog_08,745.0,217.69069132799746,-527.3093086720025
C,CO,ubp_random_mog_08,1071.8,396.45113513819706,-675.3488648618029
C,CF,ubp_random_mog_08,536.9,337.03796034887756,-199.86203965112242
C,CH,ubp_random_mog_09,334.7,380.2840651659762,45.5840651659762
C,C2,ubp_random_mog_09,600.0,498.10050183742806,-101.89949816257194
C,CN,ubp_random_mog_09,745.0,384.1200558766419,-360.8799441233581
C,CO,ubp_random_mog_09,1071.8,522.3913147925377,-549.4086852074622
C,CF,ubp_random_mog_09,536.9,395.47434981154004,-141.42565018845994
C,CH,ubp_random_mog_10,334.7,374.23809387268034,39.53809387268035
C,C2,ubp_random_mog_10,600.0,320.24946500259995,-279.75053499740005
C,CN,ubp_random_mog_10,745.0,329.6967725002593,-415.3032274997407
C,CO,ubp_random_mog_10,1071.8,549.1400469298095,-522.6599530701905
C,CF,ubp_random_mog_10,536.9,407.26726745814256,-129.63273254185742
C,CH,ubp_random_mog_11,334.7,350.17781331576094,15.477813315760955
C,C2,ubp_random_mog_11,600.0,333.9275700712169,-266.0724299287831
C,CN,ubp_random_mog_11,745.0,284.65827865542684,-460.34172134457316
C,CO,ubp_random_mog_11,1071.8,492.27491497674623,-579.5250850232537
C,CF,ubp_random_mog_11,536.9,498.93147729927273,-37.96852270072725
C,CH,ubp_random_mog_12,334.7,412.5032503692503,77.80325036925029
C,C2,ubp_random_mog_12,600.0,247.16209055254248,-352.8379094474575
C,CN,ubp_random_mog_12,745.0,285.38999992745363,-459.61000007254637
C,CO,ubp_random_mog_12,1071.8,370.1368871825532,-701.6631128174467
C,CF,ubp_random_mog_12,536.9,330.3886073529561,-206.51139264704386
C,CH,ubp_random_mog_13,334.7,225.94061795789304,-108.75938204210695
C,C2,ubp_random_mog_13,600.0,306.5531889154224,-293.4468110845776
C,CN,ubp_random_mog_13,745.0,127.18907373248368,-617.8109262675164
C,CO,ubp_random_mog_13,1071.8,409.4699051287223,-662.3300948712777
C,CF,ubp_random_mog_13,536.9,388.9780097584033,-147.9219902415967
C,CH,ubp_random_mog_14,334.7,448.08008437012984,113.38008437012985
C,C2,ubp_random_mog_14,600.0,402.61421176899967,-197.38578823100033
C,CN,ubp_random_mog_14,745.0,249.74698049274662,-495.2530195072534
C,CO,ubp_random_mog_14,1071.8,493.8659912018563,-577.9340087981436
C,CF,ubp_random_mog_14,536.9,433.10247811455594,-103.79752188544404
C,CH,ubp_random_mog_15,334.7,316.1167956059441,-18.583204394055883
C,C2,ubp_random_mog_15,600.0,257.88229161878564,-342.11770838121436
C,CN,ubp_random_mog_15,745.0,226.28156657661975,-518.7184334233802
C,CO,ubp_random_mog_15,1071.8,411.0181738046076,-660.7818261953923
C,CF,ubp_random_mog_15,536.9,261.159747984638,-275.740252015362
N,NH,mean_only,328.5,373.28409090909093,44.784090909090935
N,BN,mean_only,470.0,373.28409090909093,-96.71590909090907
N,CN,mean_only,745.0,373.28409090909093,-371.71590909090907
N,N2,mean_only,941.6,373.28409090909093,-568.3159090909091
N,NO,mean_only,627.1,373.28409090909093,-253.8159090909091
N,NF,mean_only,315.1,373.28409090909093,58.18409090909091
N,SiN,mean_only,514.0,373.28409090909093,-140.71590909090907
N,PN,mean_only,614.0,373.28409090909093,-240.71590909090907
N,NH,raw_properties_ABC,328.5,385.94017304223013,57.44017304223013
N,BN,raw_properties_ABC,470.0,576.7826198765042,106.78261987650421
N,CN,raw_properties_ABC,745.0,641.9994781676589,-103.00052183234106
N,N2,raw_properties_ABC,941.6,437.5319283124811,-504.0680716875189
N,NO,raw_properties_ABC,627.1,444.5324132830232,-182.56758671697685
N,NF,raw_properties_ABC,315.1,382.5174367263816,67.4174367263816
N,SiN,raw_properties_ABC,514.0,503.62138112654605,-10.378618873453945
N,PN,raw_properties_ABC,614.0,396.83379034082554,-217.16620965917446
N,NH,ubp_invariants,328.5,312.0446403303127,-16.45535966968731
N,BN,ubp_invariants,470.0,467.16258008031383,-2.8374199196861696
N,CN,ubp_invariants,745.0,507.24574573532936,-237.75425426467064
N,N2,ubp_invariants,941.6,362.6309975991503,-578.9690024008497
N,NO,ubp_invariants,627.1,467.16258008031383,-159.9374199196862
N,NF,ubp_invariants,315.1,467.16258008031383,152.0625800803138
N,SiN,ubp_invariants,514.0,467.16258008031383,-46.83741991968617
N,PN,ubp_invariants,614.0,467.16258008031383,-146.83741991968617
N,NH,ubp_fixed_mog_hex,328.5,199.1133883093623,-129.3866116906377
N,BN,ubp_fixed_mog_hex,470.0,529.8533519382572,59.85335193825722
N,CN,ubp_fixed_mog_hex,745.0,311.477869252227,-433.522130747773
N,N2,ubp_fixed_mog_hex,941.6,130.10103520564493,-811.4989647943551
N,NO,ubp_fixed_mog_hex,627.1,421.34650420369417,-205.75349579630586
N,NF,ubp_fixed_mog_hex,315.1,301.3527335016985,-13.747266498301542
N,SiN,ubp_fixed_mog_hex,514.0,439.72721908643246,-74.27278091356754
N,PN,ubp_fixed_mog_hex,614.0,618.9806853515696,4.980685351569605
N,NH,raw_plus_ubp_fixed,328.5,314.356981834664,-14.143018165336002
N,BN,raw_plus_ubp_fixed,470.0,638.1798129011312,168.17981290113119
N,CN,raw_plus_ubp_fixed,745.0,408.7158501842813,-336.2841498157187
N,N2,raw_plus_ubp_fixed,941.6,356.398046796945,-585.201953203055
N,NO,raw_plus_ubp_fixed,627.1,372.18920033195826,-254.91079966804176
N,NF,raw_plus_ubp_fixed,315.1,465.8340068856043,150.7340068856043
N,SiN,raw_plus_ubp_fixed,514.0,532.4465525343851,18.44655253438509
N,PN,raw_plus_ubp_fixed,614.0,490.82843489725894,-123.17156510274106
N,NH,ubp_random_mog_00,328.5,147.47451491771864,-181.02548508228136
N,BN,ubp_random_mog_00,470.0,471.16381063270114,1.1638106327011428
N,CN,ubp_random_mog_00,745.0,386.65577865756796,-358.34422134243204
N,N2,ubp_random_mog_00,941.6,354.8814150714816,-586.7185849285183
N,NO,ubp_random_mog_00,627.1,492.5607616882877,-134.53923831171232
N,NF,ubp_random_mog_00,315.1,339.77063486216167,24.67063486216165
N,SiN,ubp_random_mog_00,514.0,541.5631222663003,27.563122266300297
N,PN,ubp_random_mog_00,614.0,479.22839691853,-134.77160308147
N,NH,ubp_random_mog_01,328.5,399.4519171473632,70.95191714736319
N,BN,ubp_random_mog_01,470.0,549.9980754318224,79.99807543182237
N,CN,ubp_random_mog_01,745.0,470.64273859019346,-274.35726140980654
N,N2,ubp_random_mog_01,941.6,399.43426976850276,-542.1657302314973
N,NO,ubp_random_mog_01,627.1,551.8054050325234,-75.29459496747666
N,NF,ubp_random_mog_01,315.1,584.2324619865652,269.1324619865652
N,SiN,ubp_random_mog_01,514.0,594.2779579969736,80.27795799697356
N,PN,ubp_random_mog_01,614.0,599.7235177824239,-14.276482217576131
N,NH,ubp_random_mog_02,328.5,249.030538508733,-79.469461491267
N,BN,ubp_random_mog_02,470.0,262.1795340541644,-207.82046594583562
N,CN,ubp_random_mog_02,745.0,99.14281063128306,-645.857189368717
N,N2,ubp_random_mog_02,941.6,140.34842445743,-801.25157554257
N,NO,ubp_random_mog_02,627.1,363.21220012561184,-263.8877998743882
N,NF,ubp_random_mog_02,315.1,333.6122813584785,18.512281358478504
N,SiN,ubp_random_mog_02,514.0,286.7087470338091,-227.29125296619088
N,PN,ubp_random_mog_02,614.0,466.6070220069255,-147.3929779930745
N,NH,ubp_random_mog_03,328.5,274.2354518145959,-54.264548185404124
N,BN,ubp_random_mog_03,470.0,485.30254261994185,15.302542619941846
N,CN,ubp_random_mog_03,745.0,394.79963925716254,-350.20036074283746
N,N2,ubp_random_mog_03,941.6,334.39706719614287,-607.2029328038572
N,NO,ubp_random_mog_03,627.1,328.3728234286846,-298.7271765713154
N,NF,ubp_random_mog_03,315.1,583.7803528426879,268.68035284268785
N,SiN,ubp_random_mog_03,514.0,434.56240730978135,-79.43759269021865
N,PN,ubp_random_mog_03,614.0,638.3869315946779,24.38693159467789
N,NH,ubp_random_mog_04,328.5,395.85983907850255,67.35983907850255
N,BN,ubp_random_mog_04,470.0,623.8525928301718,153.85259283017183
N,CN,ubp_random_mog_04,745.0,587.6589796542181,-157.34102034578189
N,N2,ubp_random_mog_04,941.6,481.16598346922655,-460.4340165307735
N,NO,ubp_random_mog_04,627.1,669.4823875107252,42.38238751072515
N,NF,ubp_random_mog_04,315.1,574.2993458667421,259.1993458667421
N,SiN,ubp_random_mog_04,514.0,684.779684052708,170.77968405270803
N,PN,ubp_random_mog_04,614.0,752.0870410035543,138.0870410035543
N,NH,ubp_random_mog_05,328.5,362.373367790238,33.87336779023798
N,BN,ubp_random_mog_05,470.0,571.1839519541164,101.18395195411642
N,CN,ubp_random_mog_05,745.0,459.38679053654204,-285.61320946345796
N,N2,ubp_random_mog_05,941.6,301.95077743019,-639.64922256981
N,NO,ubp_random_mog_05,627.1,554.6634433016295,-72.43655669837051
N,NF,ubp_random_mog_05,315.1,528.649411567728,213.54941156772793
N,SiN,ubp_random_mog_05,514.0,550.0640429828117,36.06404298281166
N,PN,ubp_random_mog_05,614.0,611.2474866167497,-2.752513383250289
N,NH,ubp_random_mog_06,328.5,332.8572902962839,4.357290296283907
N,BN,ubp_random_mog_06,470.0,396.45368368639356,-73.54631631360644
N,CN,ubp_random_mog_06,745.0,335.7064872029956,-409.2935127970044
N,N2,ubp_random_mog_06,941.6,374.0461518252978,-567.5538481747022
N,NO,ubp_random_mog_06,627.1,567.8789158432306,-59.22108415676939
N,NF,ubp_random_mog_06,315.1,528.5294970296184,213.42949702961835
N,SiN,ubp_random_mog_06,514.0,519.4981938392714,5.49819383927138
N,PN,ubp_random_mog_06,614.0,646.9982412629895,32.998241262989495
N,NH,ubp_random_mog_07,328.5,241.4241314272427,-87.07586857275729
N,BN,ubp_random_mog_07,470.0,574.0026083065792,104.00260830657919
N,CN,ubp_random_mog_07,745.0,294.20179727843987,-450.79820272156013
N,N2,ubp_random_mog_07,941.6,415.4714224654357,-526.1285775345643
N,NO,ubp_random_mog_07,627.1,603.3463815413185,-23.753618458681558
N,NF,ubp_random_mog_07,315.1,604.37969424946,289.27969424946
N,SiN,ubp_random_mog_07,514.0,592.1349094229028,78.13490942290275
N,PN,ubp_random_mog_07,614.0,687.9597891288263,73.95978912882629
N,NH,ubp_random_mog_08,328.5,371.8293589642737,43.329358964273695
N,BN,ubp_random_mog_08,470.0,530.1806616702115,60.18066167021152
N,CN,ubp_random_mog_08,745.0,376.08347404268784,-368.91652595731216
N,N2,ubp_random_mog_08,941.6,304.5870461856482,-637.0129538143518
N,NO,ubp_random_mog_08,627.1,540.7458663938314,-86.3541336061686
N,NF,ubp_random_mog_08,315.1,532.2310922131915,217.13109221319144
N,SiN,ubp_random_mog_08,514.0,435.0524974888604,-78.94750251113959
N,PN,ubp_random_mog_08,614.0,614.9837622657243,0.9837622657242946
N,NH,ubp_random_mog_09,328.5,416.58845857717,88.08845857717
N,BN,ubp_random_mog_09,470.0,404.3045755817261,-65.69542441827389
N,CN,ubp_random_mog_09,745.0,341.40621992961076,-403.59378007038924
N,N2,ubp_random_mog_09,941.6,222.0358199134065,-719.5641800865935
N,NO,ubp_random_mog_09,627.1,473.02180966371856,-154.07819033628147
N,NF,ubp_random_mog_09,315.1,451.1029811393148,136.00298113931478
N,SiN,ubp_random_mog_09,514.0,468.72328379837575,-45.276716201624254
N,PN,ubp_random_mog_09,614.0,583.0427758203473,-30.957224179652712
N,NH,ubp_random_mog_10,328.5,316.2052360578748,-12.2947639421252
N,BN,ubp_random_mog_10,470.0,529.9017039349093,59.90170393490928
N,CN,ubp_random_mog_10,745.0,393.7588444563066,-351.2411555436934
N,N2,ubp_random_mog_10,941.6,288.96483337176676,-652.6351666282333
N,NO,ubp_random_mog_10,627.1,548.1714311750198,-78.92856882498018
N,NF,ubp_random_mog_10,315.1,514.6719204405132,199.57192044051317
N,SiN,ubp_random_mog_10,514.0,509.74224301055256,-4.257756989447444
N,PN,ubp_random_mog_10,614.0,660.3241740193034,46.32417401930343
N,NH,ubp_random_mog_11,328.5,243.45181624723173,-85.04818375276827
N,BN,ubp_random_mog_11,470.0,406.1720087443192,-63.827991255680786
N,CN,ubp_random_mog_11,745.0,238.46741124700512,-506.5325887529949
N,N2,ubp_random_mog_11,941.6,316.102148022694,-625.497851977306
N,NO,ubp_random_mog_11,627.1,363.2949402393521,-263.8050597606479
N,NF,ubp_random_mog_11,315.1,400.3755343433109,85.27553434331088
N,SiN,ubp_random_mog_11,514.0,399.95723955637925,-114.04276044362075
N,PN,ubp_random_mog_11,614.0,463.4241763768828,-150.57582362311717
N,NH,ubp_random_mog_12,328.5,348.10329872698014,19.603298726980142
N,BN,ubp_random_mog_12,470.0,654.231465145707,184.23146514570703
N,CN,ubp_random_mog_12,745.0,381.94253765394916,-363.05746234605084
N,N2,ubp_random_mog_12,941.6,341.7196462309844,-599.8803537690156
N,NO,ubp_random_mog_12,627.1,494.48906892967045,-132.61093107032957
N,NF,ubp_random_mog_12,315.1,575.2958265033722,260.19582650337213
N,SiN,ubp_random_mog_12,514.0,474.9905029627533,-39.00949703724672
N,PN,ubp_random_mog_12,614.0,587.8194933676544,-26.180506632345555
N,NH,ubp_random_mog_13,328.5,348.77108905473074,20.271089054730737
N,BN,ubp_random_mog_13,470.0,645.980457828688,175.98045782868803
N,CN,ubp_random_mog_13,745.0,260.7769031992698,-484.2230968007302
N,N2,ubp_random_mog_13,941.6,361.84628340124107,-579.753716598759
N,NO,ubp_random_mog_13,627.1,501.7718979076304,-125.32810209236965
N,NF,ubp_random_mog_13,315.1,485.21015067541595,170.11015067541592
N,SiN,ubp_random_mog_13,514.0,490.9414288970046,-23.058571102995415
N,PN,ubp_random_mog_13,614.0,665.5195563029426,51.51955630294265
N,NH,ubp_random_mog_14,328.5,447.63063556084137,119.13063556084137
N,BN,ubp_random_mog_14,470.0,556.6554499460785,86.65544994607853
N,CN,ubp_random_mog_14,745.0,286.64187103890373,-458.35812896109627
N,N2,ubp_random_mog_14,941.6,482.9870085978532,-458.6129914021468
N,NO,ubp_random_mog_14,627.1,599.2421317549931,-27.857868245006898
N,NF,ubp_random_mog_14,315.1,617.7752189933201,302.6752189933201
N,SiN,ubp_random_mog_14,514.0,460.9197747200823,-53.08022527991773
N,PN,ubp_random_mog_14,614.0,755.9100549058296,141.9100549058296
N,NH,ubp_random_mog_15,328.5,262.56119773220297,-65.93880226779703
N,BN,ubp_random_mog_15,470.0,466.91841850864637,-3.0815814913536315
N,CN,ubp_random_mog_15,745.0,387.0285702696118,-357.9714297303882
N,N2,ubp_random_mog_15,941.6,279.62559822903677,-661.9744017709633
N,NO,ubp_random_mog_15,627.1,619.7541820198194,-7.345817980180641
N,NF,ubp_random_mog_15,315.1,627.43343583466,312.33343583466
N,SiN,ubp_random_mog_15,514.0,445.8691891812892,-68.13081081871081
N,PN,ubp_random_mog_15,614.0,777.1988198512612,163.1988198512612
O,OH,mean_only,425.8,366.28205128205127,-59.51794871794874
O,BO,mean_only,800.0,366.28205128205127,-433.71794871794873
O,CO,mean_only,1071.8,366.28205128205127,-705.5179487179487
O,NO,mean_only,627.1,366.28205128205127,-260.81794871794875
O,O2,mean_only,493.7,366.28205128205127,-127.41794871794872
O,FO,mean_only,215.7,366.28205128205127,150.58205128205128
O,MgO,mean_only,241.7,366.28205128205127,124.58205128205128
O,AlO,mean_only,507.5,366.28205128205127,-141.21794871794873
O,SiO,mean_only,794.1,366.28205128205127,-427.81794871794875
O,PO,mean_only,590.0,366.28205128205127,-223.71794871794873
O,ClO,mean_only,265.2,366.28205128205127,101.08205128205128
O,CaO,mean_only,385.0,366.28205128205127,-18.71794871794873
O,CuO,mean_only,277.2,366.28205128205127,89.08205128205128
O,OH,raw_properties_ABC,425.8,434.4393824380511,8.639382438051086
O,BO,raw_properties_ABC,800.0,504.61679027218474,-295.38320972781526
O,CO,raw_properties_ABC,1071.8,561.626827539481,-510.1731724605189
O,NO,raw_properties_ABC,627.1,511.6387786958876,-115.46122130411243
O,O2,raw_properties_ABC,493.7,503.72272043003045,10.02272043003046
O,FO,raw_properties_ABC,215.7,425.9945464930155,210.2945464930155
O,MgO,raw_properties_ABC,241.7,494.0602563078446,252.36025630784462
O,AlO,raw_properties_ABC,507.5,465.19807925860044,-42.301920741399556
O,SiO,raw_properties_ABC,794.1,474.76197101922025,-319.33802898077977
O,PO,raw_properties_ABC,590.0,467.1420560369785,-122.85794396302151
O,ClO,raw_properties_ABC,265.2,433.21333425725805,168.01333425725807
O,CaO,raw_properties_ABC,385.0,427.6198733832071,42.61987338320711
O,CuO,raw_properties_ABC,277.2,423.6292529433757,146.42925294337573
O,OH,ubp_invariants,425.8,300.97038363406926,-124.82961636593075
O,BO,ubp_invariants,800.0,469.7797921579915,-330.2202078420085
O,CO,ubp_invariants,1071.8,469.7797921579915,-602.0202078420084
O,NO,ubp_invariants,627.1,469.7797921579915,-157.32020784200853
O,O2,ubp_invariants,493.7,381.1339322983062,-112.56606770169378
O,FO,ubp_invariants,215.7,506.1587770071667,290.4587770071667
O,MgO,ubp_invariants,241.7,469.7797921579915,228.0797921579915
O,AlO,ubp_invariants,507.5,469.7797921579915,-37.720207842008506
O,SiO,ubp_invariants,794.1,469.7797921579915,-324.32020784200853
O,PO,ubp_invariants,590.0,469.7797921579915,-120.2202078420085
O,ClO,ubp_invariants,265.2,469.7797921579915,204.5797921579915
O,CaO,ubp_invariants,385.0,300.97038363406926,-84.02961636593074
O,CuO,ubp_invariants,277.2,469.7797921579915,192.5797921579915
O,OH,ubp_fixed_mog_hex,425.8,270.26317699179447,-155.53682300820554
O,BO,ubp_fixed_mog_hex,800.0,289.6335278323835,-510.3664721676165
O,CO,ubp_fixed_mog_hex,1071.8,416.4288239448646,-655.3711760551354
O,NO,ubp_fixed_mog_hex,627.1,669.9259161714538,42.82591617145374
O,O2,ubp_fixed_mog_hex,493.7,488.5701821410589,-5.129817858941067
O,FO,ubp_fixed_mog_hex,215.7,593.073711931157,377.37371193115706
O,MgO,ubp_fixed_mog_hex,241.7,660.7443917087921,419.04439170879215
O,AlO,ubp_fixed_mog_hex,507.5,274.7546924210971,-232.7453075789029
O,SiO,ubp_fixed_mog_hex,794.1,347.0323588568169,-447.0676411431831
O,PO,ubp_fixed_mog_hex,590.0,542.9499431296242,-47.05005687037578
O,ClO,ubp_fixed_mog_hex,265.2,568.6702047693552,303.47020476935523
O,CaO,ubp_fixed_mog_hex,385.0,238.86003037200786,-146.13996962799214
O,CuO,ubp_fixed_mog_hex,277.2,538.6262561750476,261.4262561750476
O,OH,raw_plus_ubp_fixed,425.8,268.9164093934686,-156.8835906065314
O,BO,raw_plus_ubp_fixed,800.0,342.5304540257542,-457.4695459742458
O,CO,raw_plus_ubp_fixed,1071.8,478.90737503851443,-592.8926249614856
O,NO,raw_plus_ubp_fixed,627.1,590.8086311703266,-36.29136882967339
O,O2,raw_plus_ubp_fixed,493.7,517.2917287440107,23.59172874401071
O,FO,raw_plus_ubp_fixed,215.7,473.2739655600426,257.5739655600426
O,MgO,raw_plus_ubp_fixed,241.7,621.9392577992642,380.2392577992642
O,AlO,raw_plus_ubp_fixed,507.5,348.40228531044227,-159.09771468955773
O,SiO,raw_plus_ubp_fixed,794.1,422.3616288353774,-371.7383711646226
O,PO,raw_plus_ubp_fixed,590.0,545.84993468718,-44.15006531281995
O,ClO,raw_plus_ubp_fixed,265.2,384.1959803571334,118.99598035713342
O,CaO,raw_plus_ubp_fixed,385.0,362.4557125021404,-22.544287497859614
O,CuO,raw_plus_ubp_fixed,277.2,487.77345001453506,210.57345001453507
O,OH,ubp_random_mog_00,425.8,502.0170104032151,76.21701040321511
O,BO,ubp_random_mog_00,800.0,576.843487270635,-223.15651272936498
O,CO,ubp_random_mog_00,1071.8,527.0780831597821,-544.7219168402179
O,NO,ubp_random_mog_00,627.1,772.9182487357209,145.81824873572089
O,O2,ubp_random_mog_00,493.7,661.8293281965173,168.1293281965173
O,FO,ubp_random_mog_00,215.7,608.485786389973,392.785786389973
O,MgO,ubp_random_mog_00,241.7,637.5267978242189,395.8267978242189
O,AlO,ubp_random_mog_00,507.5,368.26757356486286,-139.23242643513714
O,SiO,ubp_random_mog_00,794.1,515.1930434549067,-278.9069565450933
O,PO,ubp_random_mog_00,590.0,592.1257835877573,2.125783587757269
O,ClO,ubp_random_mog_00,265.2,730.9039958942881,465.7039958942881
O,CaO,ubp_random_mog_00,385.0,394.7899628578681,9.78996285786809
O,CuO,ubp_random_mog_00,277.2,587.356268863118,310.156268863118
O,OH,ubp_random_mog_01,425.8,303.89804717167414,-121.90195282832588
O,BO,ubp_random_mog_01,800.0,334.253446929411,-465.746553070589
O,CO,ubp_random_mog_01,1071.8,380.89641909224866,-690.9035809077513
O,NO,ubp_random_mog_01,627.1,682.1916234565747,55.091623456574666
O,O2,ubp_random_mog_01,493.7,509.51191606600713,15.811916066007143
O,FO,ubp_random_mog_01,215.7,682.6622038636953,466.96220386369527
O,MgO,ubp_random_mog_01,241.7,587.4608865736756,345.7608865736756
O,AlO,ubp_random_mog_01,507.5,261.6320977832795,-245.8679022167205
O,SiO,ubp_random_mog_01,794.1,395.0643612546625,-399.0356387453375
O,PO,ubp_random_mog_01,590.0,568.9846894064287,-21.015310593571257
O,ClO,ubp_random_mog_01,265.2,575.6671675071145,310.46716750711454
O,CaO,ubp_random_mog_01,385.0,248.11364535420427,-136.88635464579573
O,CuO,ubp_random_mog_01,277.2,736.2489063801656,459.04890638016565
O,OH,ubp_random_mog_02,425.8,374.2845786295317,-51.51542137046829
O,BO,ubp_random_mog_02,800.0,334.20571534724087,-465.79428465275913
O,CO,ubp_random_mog_02,1071.8,418.29448417730026,-653.5055158226996
O,NO,ubp_random_mog_02,627.1,586.4094473878813,-40.69055261211872
O,O2,ubp_random_mog_02,493.7,449.81007846159935,-43.88992153840064
O,FO,ubp_random_mog_02,215.7,572.8667201635296,357.16672016352965
O,MgO,ubp_random_mog_02,241.7,607.1989508305119,365.4989508305119
O,AlO,ubp_random_mog_02,507.5,247.69592726613456,-259.80407273386544
O,SiO,ubp_random_mog_02,794.1,290.00430297627435,-504.0956970237257
O,PO,ubp_random_mog_02,590.0,589.1893670044956,-0.8106329955044203
O,ClO,ubp_random_mog_02,265.2,640.0744461156052,374.87444611560517
O,CaO,ubp_random_mog_02,385.0,215.46646824302198,-169.53353175697802
O,CuO,ubp_random_mog_02,277.2,608.8833963917912,331.6833963917912
O,OH,ubp_random_mog_03,425.8,336.80442202251373,-88.99557797748628
O,BO,ubp_random_mog_03,800.0,420.0851305466361,-379.9148694533639
O,CO,ubp_random_mog_03,1071.8,397.5053935792514,-674.2946064207486
O,NO,ubp_random_mog_03,627.1,601.1022814536847,-25.997718546315355
O,O2,ubp_random_mog_03,493.7,493.15679676511667,-0.5432032348833218
O,FO,ubp_random_mog_03,215.7,524.5779256291117,308.87792562911176
O,MgO,ubp_random_mog_03,241.7,503.22217953887207,261.5221795388721
O,AlO,ubp_random_mog_03,507.5,256.4668621832726,-251.0331378167274
O,SiO,ubp_random_mog_03,794.1,399.51112525781866,-394.58887474218136
O,PO,ubp_random_mog_03,590.0,456.3649550029661,-133.6350449970339
O,ClO,ubp_random_mog_03,265.2,660.8676286102142,395.6676286102142
O,CaO,ubp_random_mog_03,385.0,226.85822828728394,-158.14177171271606
O,CuO,ubp_random_mog_03,277.2,635.0665247199593,357.8665247199593
O,OH,ubp_random_mog_04,425.8,275.7647878050989,-150.03521219490113
O,BO,ubp_random_mog_04,800.0,358.278590590795,-441.721409409205
O,CO,ubp_random_mog_04,1071.8,478.64488062084877,-593.1551193791512
O,NO,ubp_random_mog_04,627.1,709.2865442286508,82.18654422865075
O,O2,ubp_random_mog_04,493.7,510.66180070619623,16.961800706196243
O,FO,ubp_random_mog_04,215.7,497.45032688571655,281.75032688571656
O,MgO,ubp_random_mog_04,241.7,445.5132625936021,203.81326259360213
O,AlO,ubp_random_mog_04,507.5,251.9794261065466,-255.5205738934534
O,SiO,ubp_random_mog_04,794.1,375.49310402318616,-418.60689597681386
O,PO,ubp_random_mog_04,590.0,489.279190463315,-100.72080953668501
O,ClO,ubp_random_mog_04,265.2,467.91679565484316,202.71679565484317
O,CaO,ubp_random_mog_04,385.0,223.15824514646727,-161.84175485353273
O,CuO,ubp_random_mog_04,277.2,668.3057175644436,391.10571756444364
O,OH,ubp_random_mog_05,425.8,514.3374114511605,88.5374114511605
O,BO,ubp_random_mog_05,800.0,545.8711856135928,-254.12881438640716
O,CO,ubp_random_mog_05,1071.8,557.7885040976855,-514.0114959023144
O,NO,ubp_random_mog_05,627.1,868.0200761296753,240.9200761296753
O,O2,ubp_random_mog_05,493.7,757.8507457406347,264.1507457406347
O,FO,ubp_random_mog_05,215.7,721.3182597446107,505.6182597446107
O,MgO,ubp_random_mog_05,241.7,639.4782017608352,397.7782017608352
O,AlO,ubp_random_mog_05,507.5,471.9795178480565,-35.5204821519435
O,SiO,ubp_random_mog_05,794.1,439.2884784582269,-354.8115215417731
O,PO,ubp_random_mog_05,590.0,733.8582057950706,143.8582057950706
O,ClO,ubp_random_mog_05,265.2,692.5454694108146,427.3454694108146
O,CaO,ubp_random_mog_05,385.0,452.1958740709588,67.19587407095878
O,CuO,ubp_random_mog_05,277.2,757.1336650429776,479.93366504297757
O,OH,ubp_random_mog_06,425.8,356.9748463555015,-68.82515364449853
O,BO,ubp_random_mog_06,800.0,346.31253455058726,-453.68746544941274
O,CO,ubp_random_mog_06,1071.8,405.8299851800681,-665.9700148199319
O,NO,ubp_random_mog_06,627.1,632.9143615426701,5.814361542670099
O,O2,ubp_random_mog_06,493.7,531.0212014700206,37.32120147002064
O,FO,ubp_random_mog_06,215.7,549.9637690078032,334.2637690078032
O,MgO,ubp_random_mog_06,241.7,455.1529346979046,213.4529346979046
O,AlO,ubp_random_mog_06,507.5,443.27537418873465,-64.22462581126535
O,SiO,ubp_random_mog_06,794.1,417.90801779699177,-376.19198220300825
O,PO,ubp_random_mog_06,590.0,467.72558623232203,-122.27441376767797
O,ClO,ubp_random_mog_06,265.2,515.1255249619626,249.9255249619626
O,CaO,ubp_random_mog_06,385.0,136.4118546322468,-248.5881453677532
O,CuO,ubp_random_mog_06,277.2,707.4633846774373,430.2633846774373
O,OH,ubp_random_mog_07,425.8,244.22768190053768,-181.57231809946234
O,BO,ubp_random_mog_07,800.0,360.56114399319773,-439.43885600680227
O,CO,ubp_random_mog_07,1071.8,449.5492615499817,-622.2507384500183
O,NO,ubp_random_mog_07,627.1,833.9847787337465,206.88477873374643
O,O2,ubp_random_mog_07,493.7,706.2041761825496,212.50417618254966
O,FO,ubp_random_mog_07,215.7,616.5863164525599,400.8863164525599
O,MgO,ubp_random_mog_07,241.7,707.2342281971606,465.53422819716064
O,AlO,ubp_random_mog_07,507.5,209.30281736007422,-298.1971826399258
O,SiO,ubp_random_mog_07,794.1,499.4867413177534,-294.6132586822466
O,PO,ubp_random_mog_07,590.0,575.4307853636956,-14.569214636304423
O,ClO,ubp_random_mog_07,265.2,617.3688144606681,352.1688144606681
O,CaO,ubp_random_mog_07,385.0,238.12044965654113,-146.87955034345887
O,CuO,ubp_random_mog_07,277.2,614.3267453065181,337.1267453065181
O,OH,ubp_random_mog_08,425.8,422.5616697735018,-3.238330226498192
O,BO,ubp_random_mog_08,800.0,362.9383415990245,-437.0616584009755
O,CO,ubp_random_mog_08,1071.8,481.99375251777184,-589.8062474822282
O,NO,ubp_random_mog_08,627.1,764.3246070448649,137.2246070448649
O,O2,ubp_random_mog_08,493.7,651.6601577376339,157.9601577376339
O,FO,ubp_random_mog_08,215.7,733.7013341375907,518.0013341375907
O,MgO,ubp_random_mog_08,241.7,573.0517981302379,331.3517981302379
O,AlO,ubp_random_mog_08,507.5,302.5508864319749,-204.9491135680251
O,SiO,ubp_random_mog_08,794.1,401.42335309347527,-392.67664690652475
O,PO,ubp_random_mog_08,590.0,637.6079759209558,47.60797592095582
O,ClO,ubp_random_mog_08,265.2,676.3337969507998,411.13379695079976
O,CaO,ubp_random_mog_08,385.0,315.9006102440023,-69.09938975599772
O,CuO,ubp_random_mog_08,277.2,620.0767026494661,342.87670264946615
O,OH,ubp_random_mog_09,425.8,356.8745015852406,-68.92549841475943
O,BO,ubp_random_mog_09,800.0,363.84409293165385,-436.15590706834615
O,CO,ubp_random_mog_09,1071.8,429.29673921079734,-642.5032607892026
O,NO,ubp_random_mog_09,627.1,611.3568609125267,-15.74313908747331
O,O2,ubp_random_mog_09,493.7,461.3915749469486,-32.308425053051394
O,FO,ubp_random_mog_09,215.7,564.2493638345317,348.5493638345317
O,MgO,ubp_random_mog_09,241.7,557.0386985890652,315.33869858906525
O,AlO,ubp_random_mog_09,507.5,329.3909333859324,-178.10906661406761
O,SiO,ubp_random_mog_09,794.1,358.1022935801246,-435.99770641987544
O,PO,ubp_random_mog_09,590.0,495.0913650854401,-94.90863491455991
O,ClO,ubp_random_mog_09,265.2,561.5145094208515,296.3145094208515
O,CaO,ubp_random_mog_09,385.0,178.29074985936015,-206.70925014063985
O,CuO,ubp_random_mog_09,277.2,559.7575315325957,282.55753153259576
O,OH,ubp_random_mog_10,425.8,303.84123285109325,-121.95876714890676
O,BO,ubp_random_mog_10,800.0,341.1177591536092,-458.8822408463908
O,CO,ubp_random_mog_10,1071.8,284.4623774536031,-787.3376225463969
O,NO,ubp_random_mog_10,627.1,590.9767168685869,-36.12328313141313
O,O2,ubp_random_mog_10,493.7,460.5259400876474,-33.17405991235256
O,FO,ubp_random_mog_10,215.7,572.5051598190491,356.80515981904915
O,MgO,ubp_random_mog_10,241.7,530.525358556428,288.82535855642806
O,AlO,ubp_random_mog_10,507.5,245.4219664110061,-262.0780335889939
O,SiO,ubp_random_mog_10,794.1,222.01072913261578,-572.0892708673842
O,PO,ubp_random_mog_10,590.0,411.6578464998652,-178.34215350013483
O,ClO,ubp_random_mog_10,265.2,451.68637672176084,186.48637672176085
O,CaO,ubp_random_mog_10,385.0,166.05680140344458,-218.94319859655542
O,CuO,ubp_random_mog_10,277.2,526.9182103510952,249.71821035109525
O,OH,ubp_random_mog_11,425.8,448.6581487819715,22.858148781971465
O,BO,ubp_random_mog_11,800.0,478.05947862115363,-321.94052137884637
O,CO,ubp_random_mog_11,1071.8,564.6937021095955,-507.10629789040445
O,NO,ubp_random_mog_11,627.1,588.8547020790793,-38.245297920920734
O,O2,ubp_random_mog_11,493.7,598.8316816148912,105.13168161489119
O,FO,ubp_random_mog_11,215.7,694.4661640851425,478.7661640851425
O,MgO,ubp_random_mog_11,241.7,554.4730790880147,312.77307908801475
O,AlO,ubp_random_mog_11,507.5,423.1346231485665,-84.3653768514335
O,SiO,ubp_random_mog_11,794.1,497.3792373594407,-296.7207626405593
O,PO,ubp_random_mog_11,590.0,620.7911282642522,30.791128264252166
O,ClO,ubp_random_mog_11,265.2,654.6378205030769,389.4378205030769
O,CaO,ubp_random_mog_11,385.0,317.00947999467087,-67.99052000532913
O,CuO,ubp_random_mog_11,277.2,685.4366849236548,408.23668492365476
O,OH,ubp_random_mog_12,425.8,357.35053507564356,-68.44946492435645
O,BO,ubp_random_mog_12,800.0,410.08561003565603,-389.91438996434397
O,CO,ubp_random_mog_12,1071.8,398.4461959873573,-673.3538040126426
O,NO,ubp_random_mog_12,627.1,739.6676753965232,112.56767539652321
O,O2,ubp_random_mog_12,493.7,552.2091481225827,58.50914812258276
O,FO,ubp_random_mog_12,215.7,600.2414873812966,384.5414873812966
O,MgO,ubp_random_mog_12,241.7,602.4332267322756,360.73322673227557
O,AlO,ubp_random_mog_12,507.5,314.1931789977503,-193.3068210022497
O,SiO,ubp_random_mog_12,794.1,454.15855036320454,-339.9414496367955
O,PO,ubp_random_mog_12,590.0,516.1131563321167,-73.88684366788334
O,ClO,ubp_random_mog_12,265.2,581.6394217669514,316.4394217669514
O,CaO,ubp_random_mog_12,385.0,59.080403832467084,-325.9195961675329
O,CuO,ubp_random_mog_12,277.2,757.5161234368252,480.3161234368252
O,OH,ubp_random_mog_13,425.8,309.85074512609395,-115.94925487390606
O,BO,ubp_random_mog_13,800.0,308.95563053856296,-491.04436946143704
O,CO,ubp_random_mog_13,1071.8,435.9389332169925,-635.8610667830075
O,NO,ubp_random_mog_13,627.1,659.312389521756,32.212389521755995
O,O2,ubp_random_mog_13,493.7,568.6199598046317,74.91995980463167
O,FO,ubp_random_mog_13,215.7,711.4327121710636,495.7327121710636
O,MgO,ubp_random_mog_13,241.7,502.5302636191425,260.8302636191425
O,AlO,ubp_random_mog_13,507.5,291.64589441264684,-215.85410558735316
O,SiO,ubp_random_mog_13,794.1,377.7978768809961,-416.3021231190039
O,PO,ubp_random_mog_13,590.0,659.1170719499535,69.11707194995347
O,ClO,ubp_random_mog_13,265.2,626.9208617889684,361.7208617889684
O,CaO,ubp_random_mog_13,385.0,290.779316086882,-94.22068391311802
O,CuO,ubp_random_mog_13,277.2,525.1054260518906,247.90542605189063
O,OH,ubp_random_mog_14,425.8,315.4606306825564,-110.33936931744358
O,BO,ubp_random_mog_14,800.0,430.7823093035065,-369.2176906964935
O,CO,ubp_random_mog_14,1071.8,438.93154655995374,-632.8684534400462
O,NO,ubp_random_mog_14,627.1,741.7349379216244,114.63493792162433
O,O2,ubp_random_mog_14,493.7,597.8397626564,104.13976265640002
O,FO,ubp_random_mog_14,215.7,644.0113034968858,428.31130349688584
O,MgO,ubp_random_mog_14,241.7,613.961833353623,372.261833353623
O,AlO,ubp_random_mog_14,507.5,431.89805297790633,-75.60194702209367
O,SiO,ubp_random_mog_14,794.1,359.15018928177943,-434.9498107182206
O,PO,ubp_random_mog_14,590.0,563.7301307668045,-26.26986923319555
O,ClO,ubp_random_mog_14,265.2,569.3040815497764,304.10408154977637
O,CaO,ubp_random_mog_14,385.0,233.94024922931177,-151.05975077068823
O,CuO,ubp_random_mog_14,277.2,637.689558481042,360.489558481042
O,OH,ubp_random_mog_15,425.8,375.7228544735895,-50.077145526410504
O,BO,ubp_random_mog_15,800.0,245.7718146450023,-554.2281853549977
O,CO,ubp_random_mog_15,1071.8,405.2148010117386,-666.5851989882614
O,NO,ubp_random_mog_15,627.1,667.5766952435108,40.47669524351079
O,O2,ubp_random_mog_15,493.7,499.049454315253,5.349454315253013
O,FO,ubp_random_mog_15,215.7,616.0849864734162,400.3849864734162
O,MgO,ubp_random_mog_15,241.7,619.8748958298665,378.17489582986656
O,AlO,ubp_random_mog_15,507.5,291.86573520527094,-215.63426479472906
O,SiO,ubp_random_mog_15,794.1,397.67728663556125,-396.4227133644388
O,PO,ubp_random_mog_15,590.0,499.46281519498393,-90.53718480501607
O,ClO,ubp_random_mog_15,265.2,608.1489683190055,342.9489683190055
O,CaO,ubp_random_mog_15,385.0,321.9164600936035,-63.08353990639648
O,CuO,ubp_random_mog_15,277.2,681.8522760870192,404.6522760870192
F,HF,mean_only,566.6,404.37111111111113,-162.2288888888889
F,BF,mean_only,747.2,404.37111111111113,-342.8288888888889
F,CF,mean_only,536.9,404.37111111111113,-132.52888888888884
F,F2,mean_only,154.5,404.37111111111113,249.87111111111113
F,FO,mean_only,215.7,404.37111111111113,188.67111111111114
F,NF,mean_only,315.1,404.37111111111113,89.27111111111111
F,ClF,mean_only,247.1,404.37111111111113,157.27111111111114
F,HF,raw_properties_ABC,566.6,552.7444739271546,-13.855526072845464
F,BF,raw_properties_ABC,747.2,685.0415059463344,-62.15849405366566
F,CF,raw_properties_ABC,536.9,729.8279506392728,192.9279506392728
F,F2,raw_properties_ABC,154.5,546.7771210173328,392.2771210173328
F,FO,raw_properties_ABC,215.7,590.3318972910574,374.63189729105744
F,NF,raw_properties_ABC,315.1,610.0811325697832,294.9811325697832
F,ClF,raw_properties_ABC,247.1,376.59840441543867,129.49840441543867
F,HF,ubp_invariants,566.6,298.07609248001455,-268.52390751998547
F,BF,ubp_invariants,747.2,527.3794988974931,-219.8205011025069
F,CF,ubp_invariants,536.9,527.3794988974931,-9.520501102506842
F,F2,ubp_invariants,154.5,423.3512397415438,268.8512397415438
F,FO,ubp_invariants,215.7,569.4490664357617,353.7490664357617
F,NF,ubp_invariants,315.1,527.3794988974931,212.2794988974931
F,ClF,ubp_invariants,247.1,527.3794988974931,280.2794988974931
F,HF,ubp_fixed_mog_hex,566.6,410.04027857667666,-156.55972142332337
F,BF,ubp_fixed_mog_hex,747.2,344.941007556116,-402.25899244388404
F,CF,ubp_fixed_mog_hex,536.9,671.0817806578265,134.1817806578265
F,F2,ubp_fixed_mog_hex,154.5,588.7326489283985,434.2326489283985
F,FO,ubp_fixed_mog_hex,215.7,636.5953531362327,420.8953531362327
F,NF,ubp_fixed_mog_hex,315.1,631.8012387040759,316.7012387040759
F,ClF,ubp_fixed_mog_hex,247.1,581.1327804833634,334.03278048336335
F,HF,raw_plus_ubp_fixed,566.6,537.974800254321,-28.62519974567897
F,BF,raw_plus_ubp_fixed,747.2,677.8269245570096,-69.3730754429904
F,CF,raw_plus_ubp_fixed,536.9,828.2511704955075,291.3511704955075
F,F2,raw_plus_ubp_fixed,154.5,653.4293660284408,498.92936602844077
F,FO,raw_plus_ubp_fixed,215.7,653.8477253984585,438.1477253984585
F,NF,raw_plus_ubp_fixed,315.1,782.8731892774044,467.7731892774044
F,ClF,raw_plus_ubp_fixed,247.1,472.0892838217784,224.9892838217784
F,HF,ubp_random_mog_00,566.6,324.5751166185105,-242.02488338148953
F,BF,ubp_random_mog_00,747.2,181.29483475354687,-565.9051652464532
F,CF,ubp_random_mog_00,536.9,348.9125213098978,-187.9874786901022
F,F2,ubp_random_mog_00,154.5,248.51099590108817,94.01099590108817
F,FO,ubp_random_mog_00,215.7,482.63649404284064,266.93649404284065
F,NF,ubp_random_mog_00,315.1,431.85882541275816,116.75882541275814
F,ClF,ubp_random_mog_00,247.1,383.7871225791075,136.68712257910752
F,HF,ubp_random_mog_01,566.6,348.68488141409483,-217.9151185859052
F,BF,ubp_random_mog_01,747.2,473.2900410199534,-273.90995898004667
F,CF,ubp_random_mog_01,536.9,659.8688783284397,122.9688783284397
F,F2,ubp_random_mog_01,154.5,608.5047119921619,454.0047119921619
F,FO,ubp_random_mog_01,215.7,708.3972790245773,492.6972790245773
F,NF,ubp_random_mog_01,315.1,742.8806504606986,427.78065046069855
F,ClF,ubp_random_mog_01,247.1,612.9642026517288,365.86420265172876
F,HF,ubp_random_mog_02,566.6,328.6156325409131,-237.9843674590869
F,BF,ubp_random_mog_02,747.2,491.4350429069257,-255.76495709307437
F,CF,ubp_random_mog_02,536.9,749.03862196869,212.13862196869002
F,F2,ubp_random_mog_02,154.5,630.8600522594152,476.36005225941517
F,FO,ubp_random_mog_02,215.7,723.3855396598397,507.68553965983966
F,NF,ubp_random_mog_02,315.1,709.2091707364104,394.1091707364104
F,ClF,ubp_random_mog_02,247.1,702.8392446690794,455.7392446690794
F,HF,ubp_random_mog_03,566.6,304.72886854032697,-261.87113145967305
F,BF,ubp_random_mog_03,747.2,472.1991755603477,-275.0008244396523
F,CF,ubp_random_mog_03,536.9,779.8389577867982,242.93895778679826
F,F2,ubp_random_mog_03,154.5,528.9368443058927,374.4368443058927
F,FO,ubp_random_mog_03,215.7,635.9352038256468,420.2352038256468
F,NF,ubp_random_mog_03,315.1,748.6738061643493,433.5738061643493
F,ClF,ubp_random_mog_03,247.1,532.7399020629234,285.6399020629234
F,HF,ubp_random_mog_04,566.6,322.9523221870572,-243.64767781294285
F,BF,ubp_random_mog_04,747.2,424.7013999760189,-322.49860002398117
F,CF,ubp_random_mog_04,536.9,487.8879409526448,-49.012059047355194
F,F2,ubp_random_mog_04,154.5,403.90762213659934,249.40762213659934
F,FO,ubp_random_mog_04,215.7,618.5138648153211,402.8138648153211
F,NF,ubp_random_mog_04,315.1,720.7853733359967,405.6853733359967
F,ClF,ubp_random_mog_04,247.1,519.0413392354388,271.9413392354388
F,HF,ubp_random_mog_05,566.6,373.42033009308534,-193.17966990691468
F,BF,ubp_random_mog_05,747.2,492.7223702295555,-254.47762977044454
F,CF,ubp_random_mog_05,536.9,635.0260273201375,98.1260273201375
F,F2,ubp_random_mog_05,154.5,539.3084446599476,384.80844465994755
F,FO,ubp_random_mog_05,215.7,701.0229798853563,485.32297988535635
F,NF,ubp_random_mog_05,315.1,783.2168420536555,468.11684205365543
F,ClF,ubp_random_mog_05,247.1,527.7384436711963,280.6384436711962
F,HF,ubp_random_mog_06,566.6,354.7215455254786,-211.87845447452145
F,BF,ubp_random_mog_06,747.2,351.6916705905063,-395.50832940949374
F,CF,ubp_random_mog_06,536.9,728.6941440501148,191.79414405011482
F,F2,ubp_random_mog_06,154.5,537.0995301632288,382.5995301632288
F,FO,ubp_random_mog_06,215.7,689.0288565994974,473.32885659949744
F,NF,ubp_random_mog_06,315.1,701.6194741916638,386.5194741916638
F,ClF,ubp_random_mog_06,247.1,603.0494023294509,355.9494023294509
F,HF,ubp_random_mog_07,566.6,345.31403072554696,-221.28596927445307
F,BF,ubp_random_mog_07,747.2,303.06118582181,-444.13881417819005
F,CF,ubp_random_mog_07,536.9,603.2024307692335,66.30243076923352
F,F2,ubp_random_mog_07,154.5,450.53804472863067,296.03804472863067
F,FO,ubp_random_mog_07,215.7,631.2289161887472,415.52891618874725
F,NF,ubp_random_mog_07,315.1,724.7041810112312,409.60418101123116
F,ClF,ubp_random_mog_07,247.1,520.629485926476,273.529485926476
F,HF,ubp_random_mog_08,566.6,375.89041875252457,-190.70958124747546
F,BF,ubp_random_mog_08,747.2,345.1345322174203,-402.06546778257973
F,CF,ubp_random_mog_08,536.9,716.4277202036626,179.52772020366262
F,F2,ubp_random_mog_08,154.5,665.2674642879952,510.76746428799515
F,FO,ubp_random_mog_08,215.7,528.77648507283,313.07648507283005
F,NF,ubp_random_mog_08,315.1,831.885072142634,516.785072142634
F,ClF,ubp_random_mog_08,247.1,510.20663142253136,263.10663142253134
F,HF,ubp_random_mog_09,566.6,342.1740375182055,-224.4259624817945
F,BF,ubp_random_mog_09,747.2,392.74730673528893,-354.4526932647111
F,CF,ubp_random_mog_09,536.9,586.169053913173,49.269053913173025
F,F2,ubp_random_mog_09,154.5,464.71079450068356,310.21079450068356
F,FO,ubp_random_mog_09,215.7,583.1256749493541,367.4256749493541
F,NF,ubp_random_mog_09,315.1,735.1869197064573,420.08691970645725
F,ClF,ubp_random_mog_09,247.1,512.2673167790692,265.1673167790692
F,HF,ubp_random_mog_10,566.6,387.723123906001,-178.87687609399904
F,BF,ubp_random_mog_10,747.2,399.79107837156363,-347.4089216284364
F,CF,ubp_random_mog_10,536.9,556.0734446823344,19.173444682334434
F,F2,ubp_random_mog_10,154.5,499.15261503777634,344.65261503777634
F,FO,ubp_random_mog_10,215.7,612.0253736816716,396.3253736816716
F,NF,ubp_random_mog_10,315.1,772.9732789867279,457.8732789867279
F,ClF,ubp_random_mog_10,247.1,461.64738443654943,214.54738443654944
F,HF,ubp_random_mog_11,566.6,389.07649253123685,-177.52350746876317
F,BF,ubp_random_mog_11,747.2,358.3578448194916,-388.8421551805084
F,CF,ubp_random_mog_11,536.9,696.642154784075,159.74215478407507
F,F2,ubp_random_mog_11,154.5,409.1738473058779,254.67384730587793
F,FO,ubp_random_mog_11,215.7,656.6153284436426,440.91532844364264
F,NF,ubp_random_mog_11,315.1,634.6634962786534,319.56349627865336
F,ClF,ubp_random_mog_11,247.1,328.28212563745194,81.18212563745195
F,HF,ubp_random_mog_12,566.6,317.67044382709616,-248.92955617290386
F,BF,ubp_random_mog_12,747.2,309.123085235119,-438.07691476488105
F,CF,ubp_random_mog_12,536.9,563.300190409979,26.400190409979018
F,F2,ubp_random_mog_12,154.5,567.702764046416,413.20276404641595
F,FO,ubp_random_mog_12,215.7,638.1947080756186,422.4947080756186
F,NF,ubp_random_mog_12,315.1,729.8161523632651,414.7161523632651
F,ClF,ubp_random_mog_12,247.1,651.3850062051857,404.2850062051857
F,HF,ubp_random_mog_13,566.6,284.5741788501121,-282.0258211498879
F,BF,ubp_random_mog_13,747.2,320.9244776113133,-426.27552238868674
F,CF,ubp_random_mog_13,536.9,647.0979491573995,110.19794915739953
F,F2,ubp_random_mog_13,154.5,501.4582793718305,346.9582793718305
F,FO,ubp_random_mog_13,215.7,683.3045535400158,467.60455354001584
F,NF,ubp_random_mog_13,315.1,703.9489129142117,388.8489129142117
F,ClF,ubp_random_mog_13,247.1,549.2984303875521,302.1984303875521
F,HF,ubp_random_mog_14,566.6,269.3573590091634,-297.2426409908366
F,BF,ubp_random_mog_14,747.2,451.22567055292325,-295.9743294470768
F,CF,ubp_random_mog_14,536.9,686.3381818879091,149.43818188790908
F,F2,ubp_random_mog_14,154.5,652.2733059327965,497.77330593279646
F,FO,ubp_random_mog_14,215.7,647.4730892071652,431.77308920716524
F,NF,ubp_random_mog_14,315.1,814.4704165672733,499.3704165672733
F,ClF,ubp_random_mog_14,247.1,486.9263582543499,239.8263582543499
F,HF,ubp_random_mog_15,566.6,425.97528248757897,-140.62471751242106
F,BF,ubp_random_mog_15,747.2,545.3434132314092,-201.8565867685909
F,CF,ubp_random_mog_15,536.9,599.9350135519583,63.035013551958286
F,F2,ubp_random_mog_15,154.5,719.2949680283455,564.7949680283455
F,FO,ubp_random_mog_15,215.7,702.6986724165773,486.99867241657734
F,NF,ubp_random_mog_15,315.1,934.0599952807853,618.9599952807853
F,ClF,ubp_random_mog_15,247.1,453.33442671088704,206.23442671088705
Na,NaH,mean_only,197.6,414.365306122449,216.765306122449
Na,Na2,mean_only,70.9,414.365306122449,343.46530612244896
Na,NaCl,mean_only,407.4,414.365306122449,6.965306122449022
Na,NaH,raw_properties_ABC,197.6,203.10950131963844,5.509501319638446
Na,Na2,raw_properties_ABC,70.9,82.67524129734704,11.775241297347037
Na,NaCl,raw_properties_ABC,407.4,406.4814247396272,-0.9185752603727906
Na,NaH,ubp_invariants,197.6,357.1238368287646,159.5238368287646
Na,Na2,ubp_invariants,70.9,425.489415927887,354.589415927887
Na,NaCl,ubp_invariants,407.4,541.9564290456498,134.5564290456498
Na,NaH,ubp_fixed_mog_hex,197.6,78.86338385364462,-118.73661614635537
Na,Na2,ubp_fixed_mog_hex,70.9,352.15146005306383,281.25146005306385
Na,NaCl,ubp_fixed_mog_hex,407.4,284.2070195333472,-123.19298046665278
Na,NaH,raw_plus_ubp_fixed,197.6,111.62479530524604,-85.97520469475396
Na,Na2,raw_plus_ubp_fixed,70.9,72.72944192341635,1.82944192341634
Na,NaCl,raw_plus_ubp_fixed,407.4,386.79014543306175,-20.609854566938225
Na,NaH,ubp_random_mog_00,197.6,367.54814109557105,169.94814109557106
Na,Na2,ubp_random_mog_00,70.9,420.5783385364439,349.6783385364439
Na,NaCl,ubp_random_mog_00,407.4,385.61029363038875,-21.789706369611224
Na,NaH,ubp_random_mog_01,197.6,63.528251775236356,-134.07174822476364
Na,Na2,ubp_random_mog_01,70.9,131.9620354666239,61.06203546662388
Na,NaCl,ubp_random_mog_01,407.4,80.00915741790857,-327.3908425820914
Na,NaH,ubp_random_mog_02,197.6,371.9232515040726,174.3232515040726
Na,Na2,ubp_random_mog_02,70.9,479.70406316897356,408.8040631689736
Na,NaCl,ubp_random_mog_02,407.4,347.4614046880475,-59.9385953119525
Na,NaH,ubp_random_mog_03,197.6,203.68864403414497,6.088644034144977
Na,Na2,ubp_random_mog_03,70.9,409.7672149665934,338.86721496659334
Na,NaCl,ubp_random_mog_03,407.4,434.340557689922,26.940557689922002
Na,NaH,ubp_random_mog_04,197.6,63.7016894787115,-133.8983105212885
Na,Na2,ubp_random_mog_04,70.9,162.64818097592908,91.74818097592907
Na,NaCl,ubp_random_mog_04,407.4,181.67242987813648,-225.7275701218635
Na,NaH,ubp_random_mog_05,197.6,183.5656190340822,-14.03438096591779
Na,Na2,ubp_random_mog_05,70.9,599.8459739310287,528.9459739310287
Na,NaCl,ubp_random_mog_05,407.4,203.65841571980985,-203.74158428019012
Na,NaH,ubp_random_mog_06,197.6,220.39559085811135,22.795590858111353
Na,Na2,ubp_random_mog_06,70.9,290.82069610448644,219.92069610448644
Na,NaCl,ubp_random_mog_06,407.4,315.2168654222341,-92.18313457776588
Na,NaH,ubp_random_mog_07,197.6,315.95812825118026,118.35812825118026
Na,Na2,ubp_random_mog_07,70.9,311.6819479743208,240.7819479743208
Na,NaCl,ubp_random_mog_07,407.4,284.7023714849638,-122.69762851503617
Na,NaH,ubp_random_mog_08,197.6,110.2453148462348,-87.35468515376519
Na,Na2,ubp_random_mog_08,70.9,239.3452254926574,168.44522549265739
Na,NaCl,ubp_random_mog_08,407.4,58.21847279606237,-349.1815272039376
Na,NaH,ubp_random_mog_09,197.6,160.1292130349889,-37.47078696501109
Na,Na2,ubp_random_mog_09,70.9,210.4776664126436,139.5776664126436
Na,NaCl,ubp_random_mog_09,407.4,156.40920347431205,-250.99079652568793
Na,NaH,ubp_random_mog_10,197.6,24.839043559725553,-172.76095644027444
Na,Na2,ubp_random_mog_10,70.9,156.3110239163002,85.4110239163002
Na,NaCl,ubp_random_mog_10,407.4,16.334705140391122,-391.06529485960885
Na,NaH,ubp_random_mog_11,197.6,-1.907966591224465,-199.50796659122446
Na,Na2,ubp_random_mog_11,70.9,192.85687351133726,121.95687351133725
Na,NaCl,ubp_random_mog_11,407.4,172.2571849769163,-235.14281502308367
Na,NaH,ubp_random_mog_12,197.6,44.287981054370164,-153.31201894562983
Na,Na2,ubp_random_mog_12,70.9,54.04011536094282,-16.859884639057185
Na,NaCl,ubp_random_mog_12,407.4,162.54063472746188,-244.8593652725381
Na,NaH,ubp_random_mog_13,197.6,276.28104670822904,78.68104670822905
Na,Na2,ubp_random_mog_13,70.9,399.04456132178336,328.1445613217834
Na,NaCl,ubp_random_mog_13,407.4,346.59305860263134,-60.80694139736863
Na,NaH,ubp_random_mog_14,197.6,169.63069567368782,-27.96930432631217
Na,Na2,ubp_random_mog_14,70.9,111.82304826540746,40.92304826540746
Na,NaCl,ubp_random_mog_14,407.4,221.42643373512365,-185.97356626487633
Na,NaH,ubp_random_mog_15,197.6,37.818413252701134,-159.78158674729886
Na,Na2,ubp_random_mog_15,70.9,145.43299264683867,74.53299264683866
Na,NaCl,ubp_random_mog_15,407.4,258.92827097439533,-148.47172902560465
Mg,MgH,mean_only,131.6,412.13,280.53
Mg,MgO,mean_only,241.7,412.13,170.43
Mg,MgH,raw_properties_ABC,131.6,278.06552424997494,146.46552424997495
Mg,MgO,raw_properties_ABC,241.7,570.9593927271817,329.2593927271817
Mg,MgH,ubp_invariants,131.6,325.4745557184202,193.87455571842023
Mg,MgO,ubp_invariants,241.7,506.0419891348618,264.3419891348618
Mg,MgH,ubp_fixed_mog_hex,131.6,371.42248046521007,239.82248046521008
Mg,MgO,ubp_fixed_mog_hex,241.7,476.4190518592721,234.7190518592721
Mg,MgH,raw_plus_ubp_fixed,131.6,354.73083563092683,223.13083563092684
Mg,MgO,raw_plus_ubp_fixed,241.7,600.1754325907896,358.4754325907896
Mg,MgH,ubp_random_mog_00,131.6,142.363591185119,10.763591185118997
Mg,MgO,ubp_random_mog_00,241.7,441.8172665663043,200.1172665663043
Mg,MgH,ubp_random_mog_01,131.6,436.0873961311728,304.4873961311728
Mg,MgO,ubp_random_mog_01,241.7,455.95577325295835,214.25577325295836
Mg,MgH,ubp_random_mog_02,131.6,304.1343924928658,172.5343924928658
Mg,MgO,ubp_random_mog_02,241.7,670.2992587199342,428.5992587199342
Mg,MgH,ubp_random_mog_03,131.6,249.32894687985086,117.72894687985087
Mg,MgO,ubp_random_mog_03,241.7,367.77037776045256,126.07037776045257
Mg,MgH,ubp_random_mog_04,131.6,274.61523151136765,143.01523151136766
Mg,MgO,ubp_random_mog_04,241.7,350.61984288079447,108.91984288079448
Mg,MgH,ubp_random_mog_05,131.6,132.35978039874334,0.7597803987433451
Mg,MgO,ubp_random_mog_05,241.7,370.1683223166,128.4683223166
Mg,MgH,ubp_random_mog_06,131.6,332.69987442049086,201.09987442049086
Mg,MgO,ubp_random_mog_06,241.7,426.5204948396196,184.82049483961958
Mg,MgH,ubp_random_mog_07,131.6,333.2554516001161,201.6554516001161
Mg,MgO,ubp_random_mog_07,241.7,603.3824680039696,361.68246800396963
Mg,MgH,ubp_random_mog_08,131.6,379.9780520503368,248.37805205033683
Mg,MgO,ubp_random_mog_08,241.7,512.8795438224278,271.1795438224278
Mg,MgH,ubp_random_mog_09,131.6,286.69680803857335,155.09680803857336
Mg,MgO,ubp_random_mog_09,241.7,339.8489556550789,98.14895565507891
Mg,MgH,ubp_random_mog_10,131.6,327.06028007505955,195.46028007505956
Mg,MgO,ubp_random_mog_10,241.7,405.5207044256149,163.8207044256149
Mg,MgH,ubp_random_mog_11,131.6,311.7860501292241,180.18605012922413
Mg,MgO,ubp_random_mog_11,241.7,468.18723605138916,226.48723605138917
Mg,MgH,ubp_random_mog_12,131.6,338.8031901067874,207.2031901067874
Mg,MgO,ubp_random_mog_12,241.7,484.44220204340183,242.74220204340185
Mg,MgH,ubp_random_mog_13,131.6,260.41022243914597,128.81022243914597
Mg,MgO,ubp_random_mog_13,241.7,276.51504340473093,34.81504340473094
Mg,MgH,ubp_random_mog_14,131.6,356.49831786507673,224.89831786507673
Mg,MgO,ubp_random_mog_14,241.7,541.427457844462,299.727457844462
Mg,MgH,ubp_random_mog_15,131.6,330.0872677193596,198.4872677193596
Mg,MgO,ubp_random_mog_15,241.7,456.11194988126255,214.41194988126256
Al,AlH,mean_only,294.3,403.56,109.25999999999999
Al,AlO,mean_only,507.5,403.56,-103.94
Al,AlH,raw_properties_ABC,294.3,247.1180984423895,-47.1819015576105
Al,AlO,raw_properties_ABC,507.5,468.82849359001807,-38.67150640998193
Al,AlH,ubp_invariants,294.3,315.08286558095017,20.78286558095016
Al,AlO,ubp_invariants,507.5,494.8227049870931,-12.677295012906882
Al,AlH,ubp_fixed_mog_hex,294.3,413.8667331667961,119.5667331667961
Al,AlO,ubp_fixed_mog_hex,507.5,465.7487006231668,-41.751299376833174
Al,AlH,raw_plus_ubp_fixed,294.3,336.08183209415995,41.78183209415994
Al,AlO,raw_plus_ubp_fixed,507.5,477.4009577700879,-30.099042229912072
Al,AlH,ubp_random_mog_00,294.3,268.144966455614,-26.155033544386015
Al,AlO,ubp_random_mog_00,507.5,406.3023909941254,-101.1976090058746
Al,AlH,ubp_random_mog_01,294.3,240.03182232116575,-54.26817767883426
Al,AlO,ubp_random_mog_01,507.5,365.3285738589602,-142.17142614103977
Al,AlH,ubp_random_mog_02,294.3,403.7079923839877,109.40799238398768
Al,AlO,ubp_random_mog_02,507.5,493.8126769722265,-13.687323027773516
Al,AlH,ubp_random_mog_03,294.3,226.41257964747578,-67.88742035252423
Al,AlO,ubp_random_mog_03,507.5,417.7875870664532,-89.71241293354677
Al,AlH,ubp_random_mog_04,294.3,395.8284522220138,101.52845222201381
Al,AlO,ubp_random_mog_04,507.5,397.32375371657366,-110.17624628342634
Al,AlH,ubp_random_mog_05,294.3,289.7588986250779,-4.541101374922107
Al,AlO,ubp_random_mog_05,507.5,480.9612953538238,-26.5387046461762
Al,AlH,ubp_random_mog_06,294.3,326.82466607250547,32.524666072505454
Al,AlO,ubp_random_mog_06,507.5,513.6303089489747,6.1303089489747435
Al,AlH,ubp_random_mog_07,294.3,237.53711930583637,-56.76288069416364
Al,AlO,ubp_random_mog_07,507.5,300.60848249237586,-206.89151750762414
Al,AlH,ubp_random_mog_08,294.3,239.19286394048956,-55.10713605951045
Al,AlO,ubp_random_mog_08,507.5,508.19527509176004,0.6952750917600383
Al,AlH,ubp_random_mog_09,294.3,210.44098595891685,-83.85901404108316
Al,AlO,ubp_random_mog_09,507.5,378.34291592744785,-129.15708407255215
Al,AlH,ubp_random_mog_10,294.3,350.62358467003764,56.32358467003763
Al,AlO,ubp_random_mog_10,507.5,575.5641704130353,68.0641704130353
Al,AlH,ubp_random_mog_11,294.3,274.29296129083076,-20.00703870916925
Al,AlO,ubp_random_mog_11,507.5,427.60876714040546,-79.89123285959454
Al,AlH,ubp_random_mog_12,294.3,263.03853032729785,-31.261469672702162
Al,AlO,ubp_random_mog_12,507.5,424.4554587261132,-83.04454127388681
Al,AlH,ubp_random_mog_13,294.3,267.8145539110152,-26.485446088984816
Al,AlO,ubp_random_mog_13,507.5,502.7980732230639,-4.701926776936091
Al,AlH,ubp_random_mog_14,294.3,343.93958737935054,49.63958737935053
Al,AlO,ubp_random_mog_14,507.5,496.3390986816531,-11.160901318346873
Al,AlH,ubp_random_mog_15,294.3,267.2783014269245,-27.021698573075525
Al,AlO,ubp_random_mog_15,507.5,516.5938654789629,9.093865478962925
Si,SiH,mean_only,294.8,397.2,102.39999999999998
Si,Si2,mean_only,311.3,397.2,85.89999999999998
Si,SiN,mean_only,514.0,397.2,-116.80000000000001
Si,SiO,mean_only,794.1,397.2,-396.90000000000003
Si,SiH,raw_properties_ABC,294.8,385.46618178181234,90.66618178181233
Si,Si2,raw_properties_ABC,311.3,364.14440320663493,52.84440320663492
Si,SiN,raw_properties_ABC,514.0,504.47805033509843,-9.52194966490157
Si,SiO,raw_properties_ABC,794.1,535.024920566005,-259.07507943399503
Si,SiH,ubp_invariants,294.8,315.44247243841676,20.642472438416746
Si,Si2,ubp_invariants,311.3,407.7014318952035,96.40143189520347
Si,SiN,ubp_invariants,514.0,482.6725552572848,-31.327444742715215
Si,SiO,ubp_invariants,794.1,482.6725552572848,-311.42744474271524
Si,SiH,ubp_fixed_mog_hex,294.8,223.77018549981958,-71.02981450018044
Si,Si2,ubp_fixed_mog_hex,311.3,176.58699176074856,-134.71300823925145
Si,SiN,ubp_fixed_mog_hex,514.0,498.94975074282854,-15.050249257171458
Si,SiO,ubp_fixed_mog_hex,794.1,385.0272419920042,-409.07275800799584
Si,SiH,raw_plus_ubp_fixed,294.8,328.0144833047036,33.214483304703606
Si,Si2,raw_plus_ubp_fixed,311.3,212.93456582848512,-98.36543417151489
Si,SiN,raw_plus_ubp_fixed,514.0,581.6449804243438,67.64498042434377
Si,SiO,raw_plus_ubp_fixed,794.1,563.62430565078,-230.47569434922002
Si,SiH,ubp_random_mog_00,294.8,293.49473192712844,-1.30526807287157
Si,Si2,ubp_random_mog_00,311.3,378.17865957705675,66.87865957705674
Si,SiN,ubp_random_mog_00,514.0,620.1842556975955,106.18425569759552
Si,SiO,ubp_random_mog_00,794.1,575.1533829196292,-218.94661708037086
Si,SiH,ubp_random_mog_01,294.8,278.91880732582945,-15.881192674170563
Si,Si2,ubp_random_mog_01,311.3,340.1491589427169,28.849158942716883
Si,SiN,ubp_random_mog_01,514.0,624.8886328620188,110.88863286201877
Si,SiO,ubp_random_mog_01,794.1,520.1522983356067,-273.9477016643933
Si,SiH,ubp_random_mog_02,294.8,243.13862468453152,-51.66137531546849
Si,Si2,ubp_random_mog_02,311.3,50.34189343922213,-260.9581065607779
Si,SiN,ubp_random_mog_02,514.0,421.0067087168431,-92.9932912831569
Si,SiO,ubp_random_mog_02,794.1,303.9120200533881,-490.1879799466119
Si,SiH,ubp_random_mog_03,294.8,378.450278240884,83.650278240884
Si,Si2,ubp_random_mog_03,311.3,240.96873870096366,-70.33126129903636
Si,SiN,ubp_random_mog_03,514.0,524.8895314256223,10.889531425622295
Si,SiO,ubp_random_mog_03,794.1,577.8182772024179,-216.28172279758212
Si,SiH,ubp_random_mog_04,294.8,391.11904267002666,96.31904267002665
Si,Si2,ubp_random_mog_04,311.3,363.9246006031534,52.6246006031534
Si,SiN,ubp_random_mog_04,514.0,672.1571138153927,158.15711381539268
Si,SiO,ubp_random_mog_04,794.1,535.4069376597863,-258.6930623402137
Si,SiH,ubp_random_mog_05,294.8,416.21887104410854,121.41887104410853
Si,Si2,ubp_random_mog_05,311.3,417.76951356549483,106.46951356549482
Si,SiN,ubp_random_mog_05,514.0,650.1409593951927,136.14095939519268
Si,SiO,ubp_random_mog_05,794.1,520.0433100879361,-274.0566899120639
Si,SiH,ubp_random_mog_06,294.8,298.9247960713036,4.124796071303592
Si,Si2,ubp_random_mog_06,311.3,159.8456283337653,-151.45437166623472
Si,SiN,ubp_random_mog_06,514.0,548.904379682087,34.90437968208698
Si,SiO,ubp_random_mog_06,794.1,434.12685952055364,-359.9731404794464
Si,SiH,ubp_random_mog_07,294.8,370.2088021805885,75.40880218058851
Si,Si2,ubp_random_mog_07,311.3,331.7097507115993,20.409750711599315
Si,SiN,ubp_random_mog_07,514.0,621.4090254717328,107.40902547173278
Si,SiO,ubp_random_mog_07,794.1,610.9442759505368,-183.15572404946317
Si,SiH,ubp_random_mog_08,294.8,215.87300442810832,-78.9269955718917
Si,Si2,ubp_random_mog_08,311.3,411.2818459815705,99.98184598157047
Si,SiN,ubp_random_mog_08,514.0,451.19409289746943,-62.80590710253057
Si,SiO,ubp_random_mog_08,794.1,451.29837691916623,-342.8016230808338
Si,SiH,ubp_random_mog_09,294.8,255.08980820997502,-39.71019179002499
Si,Si2,ubp_random_mog_09,311.3,205.05073288490954,-106.24926711509048
Si,SiN,ubp_random_mog_09,514.0,528.4844392738202,14.484439273820158
Si,SiO,ubp_random_mog_09,794.1,445.0607965634238,-349.0392034365762
Si,SiH,ubp_random_mog_10,294.8,565.0184827765834,270.21848277658336
Si,Si2,ubp_random_mog_10,311.3,532.2680030272606,220.96800302726064
Si,SiN,ubp_random_mog_10,514.0,627.6156640403957,113.6156640403957
Si,SiO,ubp_random_mog_10,794.1,616.4209168450172,-177.67908315498278
Si,SiH,ubp_random_mog_11,294.8,407.3090884288502,112.50908842885019
Si,Si2,ubp_random_mog_11,311.3,330.73177396947693,19.43177396947692
Si,SiN,ubp_random_mog_11,514.0,585.7755868682974,71.77558686829741
Si,SiO,ubp_random_mog_11,794.1,625.613999131496,-168.486000868504
Si,SiH,ubp_random_mog_12,294.8,472.49215733915526,177.69215733915524
Si,Si2,ubp_random_mog_12,311.3,604.6123234803435,293.31232348034354
Si,SiN,ubp_random_mog_12,514.0,636.7197231530354,122.71972315303537
Si,SiO,ubp_random_mog_12,794.1,629.052377838616,-165.04762216138397
Si,SiH,ubp_random_mog_13,294.8,312.72112874387074,17.921128743870725
Si,Si2,ubp_random_mog_13,311.3,289.53833786868273,-21.76166213131728
Si,SiN,ubp_random_mog_13,514.0,526.2122603006429,12.212260300642924
Si,SiO,ubp_random_mog_13,794.1,393.423477447055,-400.676522552945
Si,SiH,ubp_random_mog_14,294.8,612.0488112428174,317.24881124281734
Si,Si2,ubp_random_mog_14,311.3,599.1648134037199,287.8648134037199
Si,SiN,ubp_random_mog_14,514.0,619.7939280900194,105.79392809001945
Si,SiO,ubp_random_mog_14,794.1,653.228082599745,-140.87191740025503
Si,SiH,ubp_random_mog_15,294.8,470.43109692364976,175.63109692364975
Si,Si2,ubp_random_mog_15,311.3,418.33288322518854,107.03288322518853
Si,SiN,ubp_random_mog_15,514.0,612.2695351635665,98.2695351635665
Si,SiO,ubp_random_mog_15,794.1,600.2616825385444,-193.83831746145563
P,PH,mean_only,277.2,395.1723404255319,117.97234042553191
P,P2,mean_only,485.5,395.1723404255319,-90.3276595744681
P,PN,mean_only,614.0,395.1723404255319,-218.8276595744681
P,PO,mean_only,590.0,395.1723404255319,-194.8276595744681
P,PS,mean_only,440.0,395.1723404255319,-44.8276595744681
P,PH,raw_properties_ABC,277.2,290.0604082133794,12.8604082133794
P,P2,raw_properties_ABC,485.5,403.38253752793656,-82.11746247206344
P,PN,raw_properties_ABC,614.0,419.3716341503335,-194.62836584966652
P,PO,raw_properties_ABC,590.0,447.0567780755272,-142.94322192447282
P,PS,raw_properties_ABC,440.0,428.2483316123581,-11.751668387641928
P,PH,ubp_invariants,277.2,316.0974568577657,38.89745685776569
P,P2,ubp_invariants,485.5,396.17675850620844,-89.32324149379156
P,PN,ubp_invariants,614.0,486.6246704332413,-127.3753295667587
P,PO,ubp_invariants,590.0,486.6246704332413,-103.3753295667587
P,PS,ubp_invariants,440.0,486.6246704332413,46.624670433241306
P,PH,ubp_fixed_mog_hex,277.2,211.3073968866347,-65.89260311336528
P,P2,ubp_fixed_mog_hex,485.5,282.24449863787333,-203.25550136212667
P,PN,ubp_fixed_mog_hex,614.0,793.4900936640254,179.49009366402538
P,PO,ubp_fixed_mog_hex,590.0,487.75017775759875,-102.24982224240125
P,PS,ubp_fixed_mog_hex,440.0,661.7122555257918,221.71225552579176
P,PH,raw_plus_ubp_fixed,277.2,132.44760586204535,-144.75239413795464
P,P2,raw_plus_ubp_fixed,485.5,355.1050450864478,-130.39495491355223
P,PN,raw_plus_ubp_fixed,614.0,619.5268756595731,5.526875659573079
P,PO,raw_plus_ubp_fixed,590.0,419.2800326013126,-170.7199673986874
P,PS,raw_plus_ubp_fixed,440.0,492.6633538292188,52.663353829218806
P,PH,ubp_random_mog_00,277.2,347.30638777004424,70.10638777004425
P,P2,ubp_random_mog_00,485.5,179.5833745995689,-305.9166254004311
P,PN,ubp_random_mog_00,614.0,565.7859862324394,-48.21401376756057
P,PO,ubp_random_mog_00,590.0,474.0835082584071,-115.91649174159289
P,PS,ubp_random_mog_00,440.0,360.8968656423109,-79.1031343576891
P,PH,ubp_random_mog_01,277.2,298.71071708992247,21.51071708992248
P,P2,ubp_random_mog_01,485.5,308.2352271191339,-177.26477288086608
P,PN,ubp_random_mog_01,614.0,633.5479648704124,19.547964870412443
P,PO,ubp_random_mog_01,590.0,416.7229494777263,-173.27705052227373
P,PS,ubp_random_mog_01,440.0,635.7506310704939,195.7506310704939
P,PH,ubp_random_mog_02,277.2,294.4609037703882,17.26090377038821
P,P2,ubp_random_mog_02,485.5,316.5862777646321,-168.9137222353679
P,PN,ubp_random_mog_02,614.0,836.3087938904812,222.30879389048118
P,PO,ubp_random_mog_02,590.0,538.9422878429726,-51.05771215702737
P,PS,ubp_random_mog_02,440.0,618.6967604934248,178.6967604934248
P,PH,ubp_random_mog_03,277.2,413.59637599323565,136.39637599323567
P,P2,ubp_random_mog_03,485.5,263.7542355448025,-221.7457644551975
P,PN,ubp_random_mog_03,614.0,661.469262555305,47.46926255530502
P,PO,ubp_random_mog_03,590.0,392.4657814286833,-197.53421857131673
P,PS,ubp_random_mog_03,440.0,567.16667993512,127.16667993511999
P,PH,ubp_random_mog_04,277.2,326.4749429462048,49.27494294620482
P,P2,ubp_random_mog_04,485.5,303.54188071878673,-181.95811928121327
P,PN,ubp_random_mog_04,614.0,810.3774991545338,196.37749915453378
P,PO,ubp_random_mog_04,590.0,529.7811709229686,-60.21882907703139
P,PS,ubp_random_mog_04,440.0,519.9584298199727,79.95842981997271
P,PH,ubp_random_mog_05,277.2,244.5574451087627,-32.642554891237296
P,P2,ubp_random_mog_05,485.5,73.74695638134585,-411.75304361865415
P,PN,ubp_random_mog_05,614.0,633.355217169169,19.35521716916901
P,PO,ubp_random_mog_05,590.0,441.240393302593,-148.75960669740698
P,PS,ubp_random_mog_05,440.0,253.46194989242716,-186.53805010757284
P,PH,ubp_random_mog_06,277.2,359.1828390069237,81.98283900692371
P,P2,ubp_random_mog_06,485.5,317.36555966409867,-168.13444033590133
P,PN,ubp_random_mog_06,614.0,785.4993036505207,171.4993036505207
P,PO,ubp_random_mog_06,590.0,538.3800818692271,-51.61991813077293
P,PS,ubp_random_mog_06,440.0,566.4822843200565,126.48228432005646
P,PH,ubp_random_mog_07,277.2,378.67666671786657,101.47666671786658
P,P2,ubp_random_mog_07,485.5,146.84550542234552,-338.6544945776545
P,PN,ubp_random_mog_07,614.0,769.7113916645926,155.7113916645926
P,PO,ubp_random_mog_07,590.0,597.6577796097034,7.657779609703425
P,PS,ubp_random_mog_07,440.0,498.2722502710177,58.2722502710177
P,PH,ubp_random_mog_08,277.2,320.4669186781877,43.26691867818772
P,P2,ubp_random_mog_08,485.5,202.5404607401207,-282.9595392598793
P,PN,ubp_random_mog_08,614.0,664.6005819648594,50.60058196485943
P,PO,ubp_random_mog_08,590.0,476.4767168854149,-113.52328311458513
P,PS,ubp_random_mog_08,440.0,459.03622152512526,19.036221525125256
P,PH,ubp_random_mog_09,277.2,443.8866495237926,166.6866495237926
P,P2,ubp_random_mog_09,485.5,505.52727344515824,20.027273445158244
P,PN,ubp_random_mog_09,614.0,869.9295291307085,255.9295291307085
P,PO,ubp_random_mog_09,590.0,556.9967819533614,-33.00321804663861
P,PS,ubp_random_mog_09,440.0,707.4052394757774,267.4052394757774
P,PH,ubp_random_mog_10,277.2,230.31724499376017,-46.88275500623982
P,P2,ubp_random_mog_10,485.5,295.2823809297389,-190.2176190702611
P,PN,ubp_random_mog_10,614.0,681.7582189292834,67.75821892928343
P,PO,ubp_random_mog_10,590.0,407.2605181085985,-182.7394818914015
P,PS,ubp_random_mog_10,440.0,602.9211047412897,162.9211047412897
P,PH,ubp_random_mog_11,277.2,461.4624429005571,184.26244290055712
P,P2,ubp_random_mog_11,485.5,295.69776139435146,-189.80223860564854
P,PN,ubp_random_mog_11,614.0,652.7718036519993,38.771803651999335
P,PO,ubp_random_mog_11,590.0,532.329568237923,-57.67043176207699
P,PS,ubp_random_mog_11,440.0,603.1168827227427,163.11688272274273
P,PH,ubp_random_mog_12,277.2,298.40079377759685,21.200793777596857
P,P2,ubp_random_mog_12,485.5,229.48564436111178,-256.0143556388882
P,PN,ubp_random_mog_12,614.0,648.1810211564856,34.1810211564856
P,PO,ubp_random_mog_12,590.0,475.1418786437242,-114.85812135627577
P,PS,ubp_random_mog_12,440.0,724.1508233328907,284.1508233328907
P,PH,ubp_random_mog_13,277.2,479.95702078678954,202.75702078678955
P,P2,ubp_random_mog_13,485.5,256.24598336229485,-229.25401663770515
P,PN,ubp_random_mog_13,614.0,827.3365872065042,213.3365872065042
P,PO,ubp_random_mog_13,590.0,674.6250829799619,84.62508297996192
P,PS,ubp_random_mog_13,440.0,689.1395755070921,249.1395755070921
P,PH,ubp_random_mog_14,277.2,341.7822392644411,64.58223926444111
P,P2,ubp_random_mog_14,485.5,172.73734155082977,-312.7626584491702
P,PN,ubp_random_mog_14,614.0,825.4573258621072,211.45732586210715
P,PO,ubp_random_mog_14,590.0,513.0640553684643,-76.93594463153568
P,PS,ubp_random_mog_14,440.0,408.4585018673142,-31.541498132685774
P,PH,ubp_random_mog_15,277.2,345.37330739530194,68.17330739530195
P,P2,ubp_random_mog_15,485.5,278.46334245082613,-207.03665754917387
P,PN,ubp_random_mog_15,614.0,785.6438766000315,171.6438766000315
P,PO,ubp_random_mog_15,590.0,385.0193924942953,-204.9806075057047
P,PS,ubp_random_mog_15,440.0,362.6288752343603,-77.3711247656397
S,HS,mean_only,351.0,403.4122448979592,52.412244897959226
S,PS,mean_only,440.0,403.4122448979592,-36.587755102040774
S,S2,mean_only,421.6,403.4122448979592,-18.187755102040796
S,HS,raw_properties_ABC,351.0,319.5675946972728,-31.432405302727204
S,PS,raw_properties_ABC,440.0,462.0709360147414,22.07093601474139
S,S2,raw_properties_ABC,421.6,432.7957300151795,11.195730015179493
S,HS,ubp_invariants,351.0,311.45783705878716,-39.54216294121284
S,PS,ubp_invariants,440.0,497.5259148739234,57.5259148739234
S,S2,ubp_invariants,421.6,404.1843826928142,-17.415617307185812
S,HS,ubp_fixed_mog_hex,351.0,598.9920789302606,247.99207893026062
S,PS,ubp_fixed_mog_hex,440.0,772.2565598493854,332.25655984938544
S,S2,ubp_fixed_mog_hex,421.6,592.0493920737204,170.44939207372033
S,HS,raw_plus_ubp_fixed,351.0,416.3811863172057,65.38118631720567
S,PS,raw_plus_ubp_fixed,440.0,629.9700023752752,189.97000237527516
S,S2,raw_plus_ubp_fixed,421.6,687.7739592150587,266.17395921505863
S,HS,ubp_random_mog_00,351.0,438.8684333155725,87.86843331557247
S,PS,ubp_random_mog_00,440.0,430.36182078550553,-9.638179214494471
S,S2,ubp_random_mog_00,421.6,419.6718432346777,-1.928156765322342
S,HS,ubp_random_mog_01,351.0,585.4138957596391,234.4138957596391
S,PS,ubp_random_mog_01,440.0,736.7649295649428,296.7649295649428
S,S2,ubp_random_mog_01,421.6,337.767713456411,-83.83228654358902
S,HS,ubp_random_mog_02,351.0,319.0557588290568,-31.9442411709432
S,PS,ubp_random_mog_02,440.0,620.5706667324492,180.57066673244924
S,S2,ubp_random_mog_02,421.6,503.56082569167575,81.96082569167572
S,HS,ubp_random_mog_03,351.0,423.28054634573965,72.28054634573965
S,PS,ubp_random_mog_03,440.0,591.5079419598137,151.5079419598137
S,S2,ubp_random_mog_03,421.6,384.74590318727104,-36.85409681272898
S,HS,ubp_random_mog_04,351.0,257.4754181046487,-93.52458189535128
S,PS,ubp_random_mog_04,440.0,483.89665596408406,43.89665596408406
S,S2,ubp_random_mog_04,421.6,337.5714963271845,-84.02850367281553
S,HS,ubp_random_mog_05,351.0,337.4221233344655,-13.577876665534518
S,PS,ubp_random_mog_05,440.0,307.8381593579919,-132.1618406420081
S,S2,ubp_random_mog_05,421.6,198.36056858575574,-223.23943141424428
S,HS,ubp_random_mog_06,351.0,262.08299228499675,-88.91700771500325
S,PS,ubp_random_mog_06,440.0,436.54213577624,-3.457864223759998
S,S2,ubp_random_mog_06,421.6,130.0169392925418,-291.58306070745823
S,HS,ubp_random_mog_07,351.0,393.11209256837896,42.112092568378955
S,PS,ubp_random_mog_07,440.0,570.9921300462393,130.99213004623925
S,S2,ubp_random_mog_07,421.6,517.5689090983103,95.96890909831029
S,HS,ubp_random_mog_08,351.0,375.8424376328251,24.842437632825124
S,PS,ubp_random_mog_08,440.0,457.38469939831424,17.38469939831424
S,S2,ubp_random_mog_08,421.6,248.3380283503923,-173.26197164960772
S,HS,ubp_random_mog_09,351.0,456.3381105080569,105.3381105080569
S,PS,ubp_random_mog_09,440.0,672.3602410495289,232.3602410495289
S,S2,ubp_random_mog_09,421.6,363.0895987041267,-58.51040129587335
S,HS,ubp_random_mog_10,351.0,437.55852152676624,86.55852152676624
S,PS,ubp_random_mog_10,440.0,711.0607323910307,271.0607323910307
S,S2,ubp_random_mog_10,421.6,416.6492110055637,-4.950788994436323
S,HS,ubp_random_mog_11,351.0,226.58003727593785,-124.41996272406215
S,PS,ubp_random_mog_11,440.0,529.2189222639088,89.21892226390878
S,S2,ubp_random_mog_11,421.6,161.3168176528788,-260.2831823471212
S,HS,ubp_random_mog_12,351.0,426.0220321478531,75.02203214785311
S,PS,ubp_random_mog_12,440.0,747.3635964784928,307.3635964784928
S,S2,ubp_random_mog_12,421.6,251.3188724180844,-170.28112758191563
S,HS,ubp_random_mog_13,351.0,446.24533200589354,95.24533200589354
S,PS,ubp_random_mog_13,440.0,639.2979305657576,199.2979305657576
S,S2,ubp_random_mog_13,421.6,495.4704112750101,73.8704112750101
S,HS,ubp_random_mog_14,351.0,318.337866204928,-32.66213379507201
S,PS,ubp_random_mog_14,440.0,438.7584730812333,-1.2415269187666809
S,S2,ubp_random_mog_14,421.6,404.2951648488613,-17.304835151138718
S,HS,ubp_random_mog_15,351.0,353.9838785300858,2.9838785300858035
S,PS,ubp_random_mog_15,440.0,351.48991045776194,-88.51008954223806
S,S2,ubp_random_mog_15,421.6,228.90263357838361,-192.6973664216164
Cl,HCl,mean_only,427.8,416.9065217391304,-10.893478260869585
Cl,Cl2,mean_only,239.3,416.9065217391304,177.60652173913041
Cl,ClF,mean_only,247.1,416.9065217391304,169.80652173913043
Cl,ClO,mean_only,265.2,416.9065217391304,151.70652173913044
Cl,NaCl,mean_only,407.4,416.9065217391304,9.506521739130449
Cl,BrCl,mean_only,215.3,416.9065217391304,201.60652173913041
Cl,HCl,raw_properties_ABC,427.8,441.94564216919906,14.14564216919905
Cl,Cl2,raw_properties_ABC,239.3,202.82131476693644,-36.47868523306357
Cl,ClF,raw_properties_ABC,247.1,133.9309675928257,-113.16903240717429
Cl,ClO,raw_properties_ABC,265.2,446.7146407346048,181.51464073460482
Cl,NaCl,raw_properties_ABC,407.4,421.29930761478647,13.899307614786494
Cl,BrCl,raw_properties_ABC,215.3,127.61562480742577,-87.68437519257424
Cl,HCl,ubp_invariants,427.8,315.70912946801195,-112.09087053198806
Cl,Cl2,ubp_invariants,239.3,419.4550436653973,180.15504366539727
Cl,ClF,ubp_invariants,247.1,530.0643952164878,282.9643952164878
Cl,ClO,ubp_invariants,265.2,530.0643952164878,264.8643952164878
Cl,NaCl,ubp_invariants,407.4,574.3505416923737,166.9505416923737
Cl,BrCl,ubp_invariants,215.3,359.9952759438978,144.6952759438978
Cl,HCl,ubp_fixed_mog_hex,427.8,146.8245708062608,-280.9754291937392
Cl,Cl2,ubp_fixed_mog_hex,239.3,364.8890496182377,125.58904961823771
Cl,ClF,ubp_fixed_mog_hex,247.1,466.89552749609305,219.79552749609306
Cl,ClO,ubp_fixed_mog_hex,265.2,529.9007545596959,264.7007545596959
Cl,NaCl,ubp_fixed_mog_hex,407.4,335.2606949211649,-72.1393050788351
Cl,BrCl,ubp_fixed_mog_hex,215.3,623.173406438073,407.873406438073
Cl,HCl,raw_plus_ubp_fixed,427.8,159.2508122117701,-268.5491877882299
Cl,Cl2,raw_plus_ubp_fixed,239.3,86.88654471774407,-152.41345528225594
Cl,ClF,raw_plus_ubp_fixed,247.1,99.26584221237482,-147.83415778762517
Cl,ClO,raw_plus_ubp_fixed,265.2,301.6342642937346,36.4342642937346
Cl,NaCl,raw_plus_ubp_fixed,407.4,343.68724918826746,-63.71275081173252
Cl,BrCl,raw_plus_ubp_fixed,215.3,185.5009230879353,-29.79907691206472
Cl,HCl,ubp_random_mog_00,427.8,264.8009468747258,-162.9990531252742
Cl,Cl2,ubp_random_mog_00,239.3,271.2548698360084,31.954869836008413
Cl,ClF,ubp_random_mog_00,247.1,397.95767936024924,150.85767936024925
Cl,ClO,ubp_random_mog_00,265.2,648.3329700298821,383.1329700298821
Cl,NaCl,ubp_random_mog_00,407.4,466.9521309486464,59.552130948646436
Cl,BrCl,ubp_random_mog_00,215.3,495.4358837656333,280.1358837656333
Cl,HCl,ubp_random_mog_01,427.8,164.2958508424957,-263.50414915750434
Cl,Cl2,ubp_random_mog_01,239.3,356.2643354741507,116.96433547415069
Cl,ClF,ubp_random_mog_01,247.1,422.42602101214555,175.32602101214556
Cl,ClO,ubp_random_mog_01,265.2,433.97795811232345,168.77795811232346
Cl,NaCl,ubp_random_mog_01,407.4,146.3735183825911,-261.0264816174089
Cl,BrCl,ubp_random_mog_01,215.3,485.1063233280104,269.80632332801036
Cl,HCl,ubp_random_mog_02,427.8,140.82061901085876,-286.97938098914125
Cl,Cl2,ubp_random_mog_02,239.3,383.7238315241543,144.4238315241543
Cl,ClF,ubp_random_mog_02,247.1,548.8572303132107,301.7572303132107
Cl,ClO,ubp_random_mog_02,265.2,481.8873683289898,216.6873683289898
Cl,NaCl,ubp_random_mog_02,407.4,431.3860816851674,23.98608168516745
Cl,BrCl,ubp_random_mog_02,215.3,657.8489807686906,442.54898076869057
Cl,HCl,ubp_random_mog_03,427.8,203.06290671962591,-224.7370932803741
Cl,Cl2,ubp_random_mog_03,239.3,293.5143510350372,54.21435103503717
Cl,ClF,ubp_random_mog_03,247.1,345.5483683483318,98.4483683483318
Cl,ClO,ubp_random_mog_03,265.2,623.221903368169,358.02190336816903
Cl,NaCl,ubp_random_mog_03,407.4,464.36792871607554,56.96792871607556
Cl,BrCl,ubp_random_mog_03,215.3,407.3990725425686,192.0990725425686
Cl,HCl,ubp_random_mog_04,427.8,242.09974007381535,-185.70025992618466
Cl,Cl2,ubp_random_mog_04,239.3,254.06991601101325,14.769916011013237
Cl,ClF,ubp_random_mog_04,247.1,422.94578711810556,175.84578711810556
Cl,ClO,ubp_random_mog_04,265.2,521.7655129067235,256.56551290672354
Cl,NaCl,ubp_random_mog_04,407.4,343.03403301305354,-64.36596698694643
Cl,BrCl,ubp_random_mog_04,215.3,541.4780172018259,326.17801720182587
Cl,HCl,ubp_random_mog_05,427.8,62.3888950565626,-365.4111049434374
Cl,Cl2,ubp_random_mog_05,239.3,289.4607037709523,50.160703770952296
Cl,ClF,ubp_random_mog_05,247.1,418.99296837122074,171.89296837122075
Cl,ClO,ubp_random_mog_05,265.2,492.1587844413821,226.95878444138214
Cl,NaCl,ubp_random_mog_05,407.4,253.84518061092595,-153.55481938907403
Cl,BrCl,ubp_random_mog_05,215.3,482.2334210193759,266.9334210193759
Cl,HCl,ubp_random_mog_06,427.8,147.90024440319002,-279.89975559681
Cl,Cl2,ubp_random_mog_06,239.3,413.4269570935765,174.1269570935765
Cl,ClF,ubp_random_mog_06,247.1,472.6958021150715,225.5958021150715
Cl,ClO,ubp_random_mog_06,265.2,646.2246257415741,381.0246257415741
Cl,NaCl,ubp_random_mog_06,407.4,445.0494018923157,37.64940189231572
Cl,BrCl,ubp_random_mog_06,215.3,494.8198853772962,279.5198853772962
Cl,HCl,ubp_random_mog_07,427.8,39.67762320383764,-388.12237679616237
Cl,Cl2,ubp_random_mog_07,239.3,191.45871876933066,-47.84128123066935
Cl,ClF,ubp_random_mog_07,247.1,398.05273841280626,150.95273841280627
Cl,ClO,ubp_random_mog_07,265.2,493.2545550706929,228.0545550706929
Cl,NaCl,ubp_random_mog_07,407.4,344.1652589947645,-63.23474100523549
Cl,BrCl,ubp_random_mog_07,215.3,359.71917387631896,144.41917387631895
Cl,HCl,ubp_random_mog_08,427.8,122.35982724890783,-305.4401727510922
Cl,Cl2,ubp_random_mog_08,239.3,193.41469847333875,-45.885301526661266
Cl,ClF,ubp_random_mog_08,247.1,423.1544549104445,176.0544549104445
Cl,ClO,ubp_random_mog_08,265.2,628.5082939493072,363.30829394930726
Cl,NaCl,ubp_random_mog_08,407.4,183.48485348386254,-223.91514651613744
Cl,BrCl,ubp_random_mog_08,215.3,266.55283716945587,51.25283716945586
Cl,HCl,ubp_random_mog_09,427.8,397.647544343389,-30.15245565661104
Cl,Cl2,ubp_random_mog_09,239.3,483.3587604500835,244.05876045008347
Cl,ClF,ubp_random_mog_09,247.1,648.9644444326958,401.8644444326958
Cl,ClO,ubp_random_mog_09,265.2,809.9859592570864,544.7859592570865
Cl,NaCl,ubp_random_mog_09,407.4,512.8071592648363,105.40715926483631
Cl,BrCl,ubp_random_mog_09,215.3,550.8398942918614,335.53989429186134
Cl,HCl,ubp_random_mog_10,427.8,55.675511854499916,-372.1244881455001
Cl,Cl2,ubp_random_mog_10,239.3,27.388761961963326,-211.9112380380367
Cl,ClF,ubp_random_mog_10,247.1,318.2671808518378,71.1671808518378
Cl,ClO,ubp_random_mog_10,265.2,400.64650971639054,135.44650971639055
Cl,NaCl,ubp_random_mog_10,407.4,98.96599223515062,-308.43400776484935
Cl,BrCl,ubp_random_mog_10,215.3,170.37857603235545,-44.92142396764456
Cl,HCl,ubp_random_mog_11,427.8,174.9633467462791,-252.83665325372093
Cl,Cl2,ubp_random_mog_11,239.3,191.50519711046263,-47.79480288953738
Cl,ClF,ubp_random_mog_11,247.1,192.1299252688181,-54.97007473118188
Cl,ClO,ubp_random_mog_11,265.2,568.2573941155531,303.0573941155531
Cl,NaCl,ubp_random_mog_11,407.4,241.18008109775454,-166.21991890224544
Cl,BrCl,ubp_random_mog_11,215.3,388.14471338343145,172.84471338343144
Cl,HCl,ubp_random_mog_12,427.8,107.81082788307708,-319.98917211692293
Cl,Cl2,ubp_random_mog_12,239.3,170.5541357259209,-68.74586427407911
Cl,ClF,ubp_random_mog_12,247.1,429.5201138894411,182.42011388944113
Cl,ClO,ubp_random_mog_12,265.2,434.189025446663,168.989025446663
Cl,NaCl,ubp_random_mog_12,407.4,337.50736714647746,-69.89263285352251
Cl,BrCl,ubp_random_mog_12,215.3,452.05676424658304,236.75676424658303
Cl,HCl,ubp_random_mog_13,427.8,172.3371168816507,-255.4628831183493
Cl,Cl2,ubp_random_mog_13,239.3,293.3235979586025,54.023597958602465
Cl,ClF,ubp_random_mog_13,247.1,411.93410462806503,164.83410462806503
Cl,ClO,ubp_random_mog_13,265.2,616.6277077560118,351.4277077560118
Cl,NaCl,ubp_random_mog_13,407.4,371.51647246704647,-35.88352753295351
Cl,BrCl,ubp_random_mog_13,215.3,477.99791341677354,262.69791341677353
Cl,HCl,ubp_random_mog_14,427.8,207.77381035191996,-220.02618964808005
Cl,Cl2,ubp_random_mog_14,239.3,415.21397112807387,175.91397112807385
Cl,ClF,ubp_random_mog_14,247.1,398.9961741412494,151.89617414124942
Cl,ClO,ubp_random_mog_14,265.2,557.9553096769637,292.7553096769637
Cl,NaCl,ubp_random_mog_14,407.4,368.7172238867239,-38.68277611327608
Cl,BrCl,ubp_random_mog_14,215.3,487.81438957289805,272.51438957289804
Cl,HCl,ubp_random_mog_15,427.8,100.48118089629168,-327.31881910370834
Cl,Cl2,ubp_random_mog_15,239.3,353.1289952006398,113.82899520063978
Cl,ClF,ubp_random_mog_15,247.1,543.3834563979492,296.2834563979492
Cl,ClO,ubp_random_mog_15,265.2,590.1720324672207,324.9720324672207
Cl,NaCl,ubp_random_mog_15,407.4,408.3079937205119,0.9079937205119109
Cl,BrCl,ubp_random_mog_15,215.3,432.2376320573354,216.9376320573354
Ca,CaO,mean_only,385.0,403.81960784313725,18.81960784313725
Ca,CaO,raw_properties_ABC,385.0,516.572098169458,131.57209816945795
Ca,CaO,ubp_invariants,385.0,309.2205320503508,-75.77946794964919
Ca,CaO,ubp_fixed_mog_hex,385.0,245.9604447062361,-139.0395552937639
Ca,CaO,raw_plus_ubp_fixed,385.0,482.0019279855966,97.00192798559658
Ca,CaO,ubp_random_mog_00,385.0,310.3873633982682,-74.61263660173182
Ca,CaO,ubp_random_mog_01,385.0,252.6106104884414,-132.3893895115586
Ca,CaO,ubp_random_mog_02,385.0,275.20064762469394,-109.79935237530606
Ca,CaO,ubp_random_mog_03,385.0,306.9915353743269,-78.00846462567313
Ca,CaO,ubp_random_mog_04,385.0,313.77061600978345,-71.22938399021655
Ca,CaO,ubp_random_mog_05,385.0,339.72776033039537,-45.27223966960463
Ca,CaO,ubp_random_mog_06,385.0,143.59108390349877,-241.40891609650123
Ca,CaO,ubp_random_mog_07,385.0,388.54392415181235,3.543924151812348
Ca,CaO,ubp_random_mog_08,385.0,261.4213205835903,-123.57867941640973
Ca,CaO,ubp_random_mog_09,385.0,148.96947555381826,-236.03052444618174
Ca,CaO,ubp_random_mog_10,385.0,160.92537308471984,-224.07462691528016
Ca,CaO,ubp_random_mog_11,385.0,152.28219910534182,-232.71780089465818
Ca,CaO,ubp_random_mog_12,385.0,57.03794038062529,-327.9620596193747
Ca,CaO,ubp_random_mog_13,385.0,283.37045650217965,-101.62954349782035
Ca,CaO,ubp_random_mog_14,385.0,255.95965412621172,-129.04034587378828
Ca,CaO,ubp_random_mog_15,385.0,448.6973356118286,63.69733561182858
Cu,CuO,mean_only,277.2,405.9333333333333,128.7333333333333
Cu,CuO,raw_properties_ABC,277.2,554.7290734492103,277.52907344921033
Cu,CuO,ubp_invariants,277.2,504.5613531657912,227.36135316579123
Cu,CuO,ubp_fixed_mog_hex,277.2,493.6403467204449,216.4403467204449
Cu,CuO,raw_plus_ubp_fixed,277.2,459.17015862199315,181.97015862199316
Cu,CuO,ubp_random_mog_00,277.2,215.84473330799946,-61.35526669200053
Cu,CuO,ubp_random_mog_01,277.2,615.9648897884621,338.7648897884621
Cu,CuO,ubp_random_mog_02,277.2,585.9552524490092,308.7552524490092
Cu,CuO,ubp_random_mog_03,277.2,540.9143266612108,263.7143266612108
Cu,CuO,ubp_random_mog_04,277.2,725.0866033117552,447.8866033117552
Cu,CuO,ubp_random_mog_05,277.2,437.0590653278954,159.8590653278954
Cu,CuO,ubp_random_mog_06,277.2,759.2974416796272,482.09744167962725
Cu,CuO,ubp_random_mog_07,277.2,583.1752141453882,305.9752141453882
Cu,CuO,ubp_random_mog_08,277.2,481.2158460470503,204.01584604705033
Cu,CuO,ubp_random_mog_09,277.2,500.93333501862435,223.73333501862436
Cu,CuO,ubp_random_mog_10,277.2,563.9979032187694,286.79790321876936
Cu,CuO,ubp_random_mog_11,277.2,670.6657787540637,393.4657787540637
Cu,CuO,ubp_random_mog_12,277.2,784.9484482481773,507.74844824817734
Cu,CuO,ubp_random_mog_13,277.2,464.6834376567803,187.48343765678032
Cu,CuO,ubp_random_mog_14,277.2,628.1262043803122,350.9262043803122
Cu,CuO,ubp_random_mog_15,277.2,641.9966133393522,364.7966133393522
Br,HBr,mean_only,362.4,412.48775510204086,50.08775510204089
Br,Br2,mean_only,190.2,412.48775510204086,222.28775510204088
Br,BrCl,mean_only,215.3,412.48775510204086,197.18775510204085
Br,HBr,raw_properties_ABC,362.4,316.81850429464237,-45.58149570535761
Br,Br2,raw_properties_ABC,190.2,205.81253333805975,15.612533338059762
Br,BrCl,raw_properties_ABC,215.3,167.26684555122256,-48.03315444877745
Br,HBr,ubp_invariants,362.4,348.9730337674641,-13.426966232535904
Br,Br2,ubp_invariants,190.2,256.75796057204866,66.55796057204867
Br,BrCl,ubp_invariants,215.3,358.8450882645189,143.54508826451888
Br,HBr,ubp_fixed_mog_hex,362.4,837.0725114168961,474.6725114168961
Br,Br2,ubp_fixed_mog_hex,190.2,513.6400890360859,323.4400890360859
Br,BrCl,ubp_fixed_mog_hex,215.3,898.7474212986515,683.4474212986515
Br,HBr,raw_plus_ubp_fixed,362.4,755.3040153788405,392.90401537884054
Br,Br2,raw_plus_ubp_fixed,190.2,295.6020637033935,105.40206370339354
Br,BrCl,raw_plus_ubp_fixed,215.3,418.7418168116126,203.44181681161257
Br,HBr,ubp_random_mog_00,362.4,695.8971653551573,333.49716535515734
Br,Br2,ubp_random_mog_00,190.2,520.2396148066105,330.0396148066105
Br,BrCl,ubp_random_mog_00,215.3,793.856331633586,578.5563316335861
Br,HBr,ubp_random_mog_01,362.4,597.6770977993672,235.2770977993672
Br,Br2,ubp_random_mog_01,190.2,430.3759910706032,240.17599107060323
Br,BrCl,ubp_random_mog_01,215.3,617.7188932457036,402.4188932457036
Br,HBr,ubp_random_mog_02,362.4,770.7392729336967,408.33927293369675
Br,Br2,ubp_random_mog_02,190.2,322.93110805057387,132.73110805057388
Br,BrCl,ubp_random_mog_02,215.3,921.8765677504621,706.5765677504621
Br,HBr,ubp_random_mog_03,362.4,521.2666116166133,158.86661161661334
Br,Br2,ubp_random_mog_03,190.2,119.01512972985768,-71.18487027014231
Br,BrCl,ubp_random_mog_03,215.3,575.1031314486543,359.80313144865426
Br,HBr,ubp_random_mog_04,362.4,580.6440609269314,218.2440609269314
Br,Br2,ubp_random_mog_04,190.2,230.28925890621645,40.08925890621646
Br,BrCl,ubp_random_mog_04,215.3,678.5959894769724,463.29598947697235
Br,HBr,ubp_random_mog_05,362.4,846.6571098030665,484.25710980306656
Br,Br2,ubp_random_mog_05,190.2,654.2116505368098,464.0116505368098
Br,BrCl,ubp_random_mog_05,215.3,923.0359675923012,707.7359675923012
Br,HBr,ubp_random_mog_06,362.4,711.3667910048366,348.96679100483664
Br,Br2,ubp_random_mog_06,190.2,380.10284391415394,189.90284391415395
Br,BrCl,ubp_random_mog_06,215.3,679.271637567947,463.97163756794697
Br,HBr,ubp_random_mog_07,362.4,701.975899599187,339.575899599187
Br,Br2,ubp_random_mog_07,190.2,453.5062015136506,263.3062015136506
Br,BrCl,ubp_random_mog_07,215.3,695.4074436709814,480.10744367098135
Br,HBr,ubp_random_mog_08,362.4,684.0797312454215,321.6797312454215
Br,Br2,ubp_random_mog_08,190.2,440.9435597704797,250.7435597704797
Br,BrCl,ubp_random_mog_08,215.3,618.1616507694538,402.8616507694538
Br,HBr,ubp_random_mog_09,362.4,500.8274928384019,138.42749283840192
Br,Br2,ubp_random_mog_09,190.2,36.289084568475346,-153.91091543152464
Br,BrCl,ubp_random_mog_09,215.3,527.1105527134548,311.8105527134548
Br,HBr,ubp_random_mog_10,362.4,760.1821255594527,397.78212555945277
Br,Br2,ubp_random_mog_10,190.2,251.59812297410838,61.39812297410839
Br,BrCl,ubp_random_mog_10,215.3,589.6387709206401,374.3387709206401
Br,HBr,ubp_random_mog_11,362.4,768.4752696009555,406.0752696009555
Br,Br2,ubp_random_mog_11,190.2,724.1426351780597,533.9426351780596
Br,BrCl,ubp_random_mog_11,215.3,692.7201009512627,477.42010095126267
Br,HBr,ubp_random_mog_12,362.4,730.2334620968591,367.8334620968591
Br,Br2,ubp_random_mog_12,190.2,574.4701324153262,384.27013241532626
Br,BrCl,ubp_random_mog_12,215.3,762.6037975784543,547.3037975784544
Br,HBr,ubp_random_mog_13,362.4,457.6958441164629,95.29584411646294
Br,Br2,ubp_random_mog_13,190.2,-63.25791545849745,-253.45791545849744
Br,BrCl,ubp_random_mog_13,215.3,530.1088662979884,314.80886629798835
Br,HBr,ubp_random_mog_14,362.4,668.3912623551556,305.99126235515564
Br,Br2,ubp_random_mog_14,190.2,134.95354412110362,-55.24645587889637
Br,BrCl,ubp_random_mog_14,215.3,644.3713598810868,429.07135988108683
Br,HBr,ubp_random_mog_15,362.4,919.9700837929594,557.5700837929594
Br,Br2,ubp_random_mog_15,190.2,736.7931135694271,546.593113569427
Br,BrCl,ubp_random_mog_15,215.3,848.7417817377915,633.4417817377914
I,HI,mean_only,294.5,410.73,116.23000000000002
I,I2,mean_only,148.8,410.73,261.93
I,HI,raw_properties_ABC,294.5,235.11802226500868,-59.381977734991324
I,I2,raw_properties_ABC,148.8,41.72903906175458,-107.07096093824543
I,HI,ubp_invariants,294.5,379.2731001122148,84.77310011221482
I,I2,ubp_invariants,148.8,290.0024331284519,141.2024331284519
I,HI,ubp_fixed_mog_hex,294.5,341.22501304407336,46.725013044073364
I,I2,ubp_fixed_mog_hex,148.8,179.8749882183791,31.074988218379076
I,HI,raw_plus_ubp_fixed,294.5,-111.67447726412371,-406.1744772641237
I,I2,raw_plus_ubp_fixed,148.8,311.79278634538366,162.99278634538365
I,HI,ubp_random_mog_00,294.5,320.9927174835616,26.49271748356159
I,I2,ubp_random_mog_00,148.8,92.89908323346447,-55.900916766535545
I,HI,ubp_random_mog_01,294.5,404.1222327328322,109.62223273283217
I,I2,ubp_random_mog_01,148.8,122.43716569591635,-26.362834304083663
I,HI,ubp_random_mog_02,294.5,437.93951860337484,143.43951860337484
I,I2,ubp_random_mog_02,148.8,150.80837119132627,2.008371191326262
I,HI,ubp_random_mog_03,294.5,531.7321708713816,237.23217087138164
I,I2,ubp_random_mog_03,148.8,391.1799536449521,242.37995364495208
I,HI,ubp_random_mog_04,294.5,381.53774905637613,87.03774905637613
I,I2,ubp_random_mog_04,148.8,237.826532028536,89.026532028536
I,HI,ubp_random_mog_05,294.5,163.96821522802543,-130.53178477197457
I,I2,ubp_random_mog_05,148.8,-163.986876345437,-312.786876345437
I,HI,ubp_random_mog_06,294.5,331.63145626428854,37.131456264288545
I,I2,ubp_random_mog_06,148.8,-28.085705633135774,-176.88570563313579
I,HI,ubp_random_mog_07,294.5,389.51677880599703,95.01677880599703
I,I2,ubp_random_mog_07,148.8,261.88272183598417,113.08272183598416
I,HI,ubp_random_mog_08,294.5,310.52966857617736,16.029668576177357
I,I2,ubp_random_mog_08,148.8,-90.90616582544271,-239.70616582544272
I,HI,ubp_random_mog_09,294.5,556.0882806503278,261.58828065032776
I,I2,ubp_random_mog_09,148.8,256.1254741513954,107.32547415139538
I,HI,ubp_random_mog_10,294.5,386.82727722522355,92.32727722522355
I,I2,ubp_random_mog_10,148.8,94.57771364384979,-54.22228635615022
I,HI,ubp_random_mog_11,294.5,157.3790863961469,-137.1209136038531
I,I2,ubp_random_mog_11,148.8,-94.57564864278709,-243.3756486427871
I,HI,ubp_random_mog_12,294.5,259.22320033368646,-35.276799666313536
I,I2,ubp_random_mog_12,148.8,-94.43677276943919,-243.2367727694392
I,HI,ubp_random_mog_13,294.5,566.3394637960612,271.8394637960612
I,I2,ubp_random_mog_13,148.8,332.15923577813106,183.35923577813105
I,HI,ubp_random_mog_14,294.5,337.2401784510044,42.7401784510044
I,I2,ubp_random_mog_14,148.8,29.423998099539745,-119.37600190046027
I,HI,ubp_random_mog_15,294.5,185.26149109969427,-109.23850890030573
I,I2,ubp_random_mog_15,148.8,-157.79527359303967,-306.5952735930397
