candidate_id,topology,series_kind,series_value,series_unit,shunt_kind,shunt_value,shunt_unit,x0,b0,centre_gamma,mean_gamma,worst_gamma,mean_reflected_power,worst_vswr,raw_z_distance,smith_score,glm_score
REF-00064,series_then_shunt,C,8.121841679517462e-12,F,L,1.4280161194755972e-08,H,-0.3999999999999999,-0.5687500000000001,0.1148630016604517,0.16674053607152242,0.24613788223383654,0.02958331184724449,1.6530050427873726,0.32121165740812413,0.16674053607152242,
REF-00214,series_then_shunt,C,8.121841679517462e-12,F,L,1.4280161194755977e-08,H,-0.3999999999999999,-0.5687499999999999,0.11486300166045184,0.16674053607152245,0.24613788223383654,0.029583311847244508,1.6530050427873726,0.32121165740812424,0.16674053607152245,
LNET-00756,series_then_shunt,C,8.121841679517462e-12,F,L,1.3536402799195764e-08,H,-0.3999999999999999,-0.6000000000000001,0.10152418518673847,0.15940867099023953,0.24892772315725833,0.02765059814857383,1.6628595697971114,0.30728804116614905,0.15940867099023953,
REF-00295,series_then_shunt,L,3.5025442242919076e-09,H,C,1.502540710710729e-12,F,0.43125000000000036,0.46249999999999963,0.15755394756678356,0.19455775284246227,0.25772712464032094,0.038839036387724346,1.6944268966192133,0.3721757453537478,0.19455775284246227,
REF-00145,series_then_shunt,L,3.5025442242919076e-09,H,C,1.5025407107107312e-12,F,0.43125000000000036,0.46250000000000036,0.15755394756678323,0.19455775284246202,0.25772712464032105,0.03883903638772426,1.6944268966192133,0.3721757453537473,0.19455775284246202,
LNET-00925,series_then_shunt,L,3.248736671806987e-09,H,C,1.2994946687227947e-12,F,0.40000000000000036,0.40000000000000036,0.1797919366920403,0.21005911584275577,0.2630883306777986,0.04479513716402429,1.7140294871969737,0.3887341214937143,0.21005911584275577,
LNET-00755,series_then_shunt,C,8.121841679517462e-12,F,L,1.0152302099396829e-08,H,-0.3999999999999999,-0.7999999999999998,0.04533042532126207,0.14193155297958787,0.2735015198012067,0.026353849178367174,1.7529307417859097,0.27097123149841196,0.14193155297958787,
LNET-00926,series_then_shunt,L,3.248736671806987e-09,H,C,1.949242003084189e-12,F,0.40000000000000036,0.5999999999999996,0.11561867242346589,0.15384459760498184,0.2867291106553688,0.027042689475393112,1.8039837737351705,0.28587328339533863,0.15384459760498184,
REF-00361,shunt_then_series,none,0.0,,L,2.1658244478713223e-07,H,0.0,-0.037500000000000006,0.24935087189197097,0.26414522239384536,0.29217774830356946,0.06993900903965827,1.8255681355122984,0.42485765331816705,0.26414522239384536,
REF-00511,shunt_then_series,none,0.0,,L,2.1658244478713128e-07,H,-1.6653345369377348e-16,-0.03750000000000017,0.24935087189197097,0.2641452223938454,0.29217774830356946,0.06993900903965826,1.8255681355122984,0.42485765331816705,0.2641452223938454,
REF-00436,shunt_then_series,none,0.0,,L,2.165824447871332e-07,H,1.6653345369377348e-16,-0.03749999999999984,0.24935087189197094,0.26414522239384536,0.2921777483035695,0.06993900903965829,1.8255681355122984,0.42485765331816705,0.26414522239384536,
REF-00586,shunt_then_series,none,0.0,,L,2.1658244478713128e-07,H,0.0,-0.03750000000000017,0.24935087189197097,0.2641452223938454,0.2921777483035695,0.06993900903965827,1.8255681355122984,0.42485765331816705,0.2641452223938454,
LNET-00799,series_then_shunt,C,1.6243683359034905e-11,F,L,4.060920839758726e-08,H,-0.20000000000000018,-0.20000000000000018,0.23297593714601894,0.2500105323307919,0.2927047922661945,0.06275854472535825,1.8276736193477945,0.4177420535756077,0.2500105323307919,
LNET-00883,series_then_shunt,L,1.6243683359034936e-09,H,C,6.497473343613974e-13,F,0.20000000000000018,0.20000000000000018,0.23209240041603493,0.2485302375430269,0.29531377759566846,0.062055565305627475,1.8381426178252276,0.4120577583191986,0.2485302375430269,
LNET-00757,series_then_shunt,C,8.121841679517462e-12,F,L,2.0304604198793658e-08,H,-0.3999999999999999,-0.3999999999999999,0.18897572242106642,0.21608961320128267,0.30120695444141476,0.047591779460674284,1.8620777105777946,0.40738707790678447,0.21608961320128267,
LNET-00798,series_then_shunt,C,1.6243683359034905e-11,F,L,2.0304604198793658e-08,H,-0.20000000000000018,-0.3999999999999999,0.19411552422269177,0.21405138909507676,0.30248374282993473,0.04784025612779625,1.8673166817850513,0.35966136950722566,0.21405138909507676,
LNET-00841,series_then_shunt,none,0.0,,none,0.0,,0.0,0.0,0.2508379339096232,0.26544294172559457,0.3048652935172617,0.07066557447578291,1.8771401878632348,0.4266790802564079,0.26544294172559457,
LNET-02522,shunt_then_series,none,0.0,,none,0.0,,0.0,0.0,0.2508379339096232,0.26544294172559457,0.3048652935172617,0.07066557447578291,1.8771401878632348,0.4266790802564079,0.26544294172559457,
LNET-02564,shunt_then_series,L,1.6243683359034936e-09,H,C,6.497473343613974e-13,F,0.20000000000000018,0.20000000000000018,0.26941167962363566,0.2826394519585323,0.3145661691150548,0.08003205387273271,1.9178600615873507,0.45345857454483646,0.2826394519585323,
LNET-00927,series_then_shunt,L,3.248736671806987e-09,H,C,2.5989893374455867e-12,F,0.40000000000000036,0.7999999999999998,0.10033819188188096,0.14576369037125506,0.3187722099710188,0.028420771474785222,1.9358755313181146,0.26654518896971385,0.14576369037125506,
LNET-02480,shunt_then_series,C,1.6243683359034905e-11,F,L,4.060920839758726e-08,H,-0.20000000000000018,-0.20000000000000018,0.2686749009248943,0.28121880264148014,0.3191363371834809,0.07926582585588555,1.9374456432681813,0.4547812610447384,0.28121880264148014,
LNET-00840,series_then_shunt,none,0.0,,L,4.060920839758726e-08,H,0.0,-0.20000000000000018,0.25149230852338866,0.2641978514151488,0.3302764419254733,0.07092791040920049,1.9863067767095637,0.42384189070537087,0.2641978514151488,
LNET-02521,shunt_then_series,none,0.0,,L,4.060920839758726e-08,H,0.0,-0.20000000000000018,0.25149230852338866,0.2641978514151488,0.3302764419254733,0.07092791040920049,1.9863067767095637,0.42384189070537087,0.2641978514151488,
LNET-00884,series_then_shunt,L,1.6243683359034936e-09,H,C,1.2994946687227947e-12,F,0.20000000000000018,0.40000000000000036,0.2153267101504909,0.21790531583777198,0.3342448051313267,0.05068515032915814,2.004107238539114,0.3615038131265238,0.21790531583777198,
LNET-00797,series_then_shunt,C,1.6243683359034905e-11,F,L,1.3536402799195764e-08,H,-0.20000000000000018,-0.6000000000000001,0.18322149400760293,0.1933462386115629,0.3381401114062876,0.045934362109884413,2.021787593518475,0.3177570333252075,0.1933462386115629,
LNET-02479,shunt_then_series,C,1.6243683359034905e-11,F,L,2.0304604198793658e-08,H,-0.20000000000000018,-0.3999999999999999,0.2700648364392585,0.28092993542904765,0.34045078389924,0.07983984125874193,2.032374159769235,0.4459472031776821,0.28092993542904765,
LNET-00754,series_then_shunt,C,8.121841679517462e-12,F,L,8.12184167951746e-09,H,-0.3999999999999999,-1.0,0.10875003792938974,0.19830800467495527,0.3405236888008626,0.04397992761686639,2.0327093877919054,0.37141647742150835,0.19830800467495527,
LNET-02606,shunt_then_series,L,3.248736671806987e-09,H,C,1.2994946687227947e-12,F,0.40000000000000036,0.40000000000000036,0.3216714477557299,0.33020125832003816,0.3479163836605459,0.10908827401098509,2.067091320630364,0.5274944163263022,0.33020125832003816,
LNET-02438,shunt_then_series,C,8.121841679517462e-12,F,L,2.0304604198793658e-08,H,-0.3999999999999999,-0.3999999999999999,0.3170587151833171,0.3243077780193955,0.3502809775243752,0.10526634092409648,2.07825372324701,0.5253177168716796,0.3243077780193955,
LNET-00928,series_then_shunt,L,3.248736671806987e-09,H,C,3.248736671806984e-12,F,0.40000000000000036,1.0,0.15079746653773715,0.21086848931566807,0.3555030627429977,0.049008958148974505,2.103195507044701,0.3832049873092809,0.21086848931566807,
LNET-00842,series_then_shunt,none,0.0,,C,6.497473343613974e-13,F,0.0,0.20000000000000018,0.27028340734728085,0.272408480041424,0.3583234190521929,0.0758655078665561,2.116834959203033,0.4350557490612654,0.272408480041424,
LNET-02523,shunt_then_series,none,0.0,,C,6.497473343613974e-13,F,0.0,0.20000000000000018,0.27028340734728085,0.272408480041424,0.3583234190521929,0.0758655078665561,2.116834959203033,0.4350557490612654,0.272408480041424,
LNET-00967,series_then_shunt,L,4.8731050077104735e-09,H,C,1.949242003084189e-12,F,0.5999999999999996,0.5999999999999996,0.13733278419876138,0.19840114053096983,0.36126791768100164,0.04470543238387322,2.1312032937796777,0.4725925429794663,0.19840114053096983,
LNET-00924,series_then_shunt,L,3.248736671806987e-09,H,C,6.497473343613974e-13,F,0.40000000000000036,0.20000000000000018,0.2553276861926669,0.27793960683893837,0.3661382169791009,0.07895527307156361,2.15526200438883,0.49193797120301197,0.27793960683893837,
LNET-02565,shunt_then_series,L,1.6243683359034936e-09,H,C,1.2994946687227947e-12,F,0.20000000000000018,0.40000000000000036,0.2886299862242562,0.2905074160358576,0.3674769734316331,0.08570820961712755,2.1619402235055674,0.45572813280847285,0.2905074160358576,
LNET-02563,shunt_then_series,L,1.6243683359034936e-09,H,none,0.0,,0.20000000000000018,0.0,0.2692684343637576,0.28932459842263936,0.36947005621554635,0.08513698275280272,2.1719350043805363,0.4694963630135746,0.28932459842263936,
LNET-00882,series_then_shunt,L,1.6243683359034936e-09,H,none,0.0,,0.20000000000000018,0.0,0.2692684343637576,0.2893245984226393,0.3694700562155464,0.0851369827528027,2.1719350043805363,0.4694963630135745,0.2893245984226393,
LNET-02437,shunt_then_series,C,8.121841679517462e-12,F,L,1.3536402799195764e-08,H,-0.3999999999999999,-0.6000000000000001,0.32245683286488375,0.32825609054635213,0.37414256748775,0.10837214040115663,2.1956159599668155,0.5152665199673653,0.32825609054635213,
LNET-00885,series_then_shunt,L,1.6243683359034936e-09,H,C,1.949242003084189e-12,F,0.20000000000000018,0.5999999999999996,0.2248144635522555,0.20629161328375642,0.37572447779501794,0.0526036392462243,2.203713631019632,0.33509888299737045,0.20629161328375642,
LNET-00796,series_then_shunt,C,1.6243683359034905e-11,F,L,1.0152302099396829e-08,H,-0.20000000000000018,-0.7999999999999998,0.20559032810774888,0.21745172842470337,0.37689514325329687,0.05778396556320956,2.2097326450674983,0.35320558784846523,0.21745172842470337,
LNET-00839,series_then_shunt,none,0.0,,L,2.0304604198793658e-08,H,0.0,-0.3999999999999999,0.2720497434526909,0.2784301878236277,0.3778149022410107,0.0814804214366843,2.2144775038869917,0.44083087072093174,0.2784301878236277,
LNET-02520,shunt_then_series,none,0.0,,L,2.0304604198793658e-08,H,0.0,-0.3999999999999999,0.2720497434526909,0.2784301878236277,0.3778149022410107,0.0814804214366843,2.2144775038869917,0.44083087072093174,0.2784301878236277,
LNET-02478,shunt_then_series,C,1.6243683359034905e-11,F,L,1.3536402799195764e-08,H,-0.20000000000000018,-0.6000000000000001,0.29034060040059856,0.295902822745728,0.38741437902290166,0.09092378272527779,2.2648497312260134,0.4573137713292168,0.295902822745728,
LNET-00968,series_then_shunt,L,4.8731050077104735e-09,H,C,2.5989893374455867e-12,F,0.5999999999999996,0.7999999999999998,0.06519581002637446,0.17061452196382731,0.3889096644124176,0.04011785746936101,2.2728385371647835,0.41256843991466213,0.17061452196382731,
LNET-02396,shunt_then_series,C,5.414561119678306e-12,F,L,1.3536402799195764e-08,H,-0.6000000000000001,-0.6000000000000001,0.3871645398599621,0.3884490027598415,0.3946759288504893,0.15090519801333357,2.3040153123301357,0.6284069649277241,0.3884490027598415,
LNET-00966,series_then_shunt,L,4.8731050077104735e-09,H,C,1.2994946687227947e-12,F,0.5999999999999996,0.40000000000000036,0.2319791954907842,0.26371821441282284,0.3959497657100052,0.07370826808942861,2.3109829058353317,0.5704247395805753,0.26371821441282284,
LNET-00758,series_then_shunt,C,8.121841679517462e-12,F,L,4.060920839758726e-08,H,-0.3999999999999999,-0.20000000000000018,0.2751656987271649,0.2844524205216724,0.3965794948132334,0.08332338741648054,2.314438244654901,0.5078210171780709,0.2844524205216724,
LNET-00929,series_then_shunt,L,3.248736671806987e-09,H,C,3.898484006168382e-12,F,0.40000000000000036,1.2000000000000002,0.22403778566191565,0.2881537740523424,0.396925359321023,0.08619239277624775,2.3163390815907667,0.5029678443967154,0.2881537740523424,
LNET-02481,shunt_then_series,C,1.6243683359034905e-11,F,none,0.0,,-0.20000000000000018,0.0,0.2865352903759648,0.2945957624432096,0.39718046803012136,0.08882819477327636,2.3177425314412923,0.47944915178084846,0.2945957624432096,
LNET-00800,series_then_shunt,C,1.6243683359034905e-11,F,none,0.0,,-0.20000000000000018,0.0,0.2865352903759648,0.2945957624432097,0.39718046803012136,0.08882819477327639,2.3177425314412923,0.47944915178084857,0.2945957624432097,
LNET-02607,shunt_then_series,L,3.248736671806987e-09,H,C,1.949242003084189e-12,F,0.40000000000000036,0.5999999999999996,0.3423952400551521,0.34218501875612856,0.39909858937402337,0.11784741805265395,2.3283330087651835,0.5283719476690674,0.34218501875612856,
LNET-02605,shunt_then_series,L,3.248736671806987e-09,H,C,6.497473343613974e-13,F,0.40000000000000036,0.20000000000000018,0.31735920642721527,0.3324068674674022,0.4029609741266696,0.11173643082485692,2.349864771527223,0.5454391378541644,0.3324068674674022,
LNET-00715,series_then_shunt,C,5.414561119678306e-12,F,L,1.3536402799195764e-08,H,-0.6000000000000001,-0.6000000000000001,0.17448831432605794,0.20584926239524204,0.40501672907294656,0.049228564697271625,2.361439048334529,0.5039801512059963,0.20584926239524204,
LNET-02648,shunt_then_series,L,4.8731050077104735e-09,H,C,1.949242003084189e-12,F,0.5999999999999996,0.5999999999999996,0.39836496998826315,0.40101501743890666,0.4059369812850907,0.16082018470713108,2.366646192396298,0.6381137594016985,0.40101501743890666,
LNET-00843,series_then_shunt,none,0.0,,C,1.2994946687227947e-12,F,0.0,0.40000000000000036,0.30493739338363574,0.2957689881275789,0.40999541743081114,0.09161417181843332,2.389804179640356,0.46468430284560847,0.2957689881275789,
LNET-02524,shunt_then_series,none,0.0,,C,1.2994946687227947e-12,F,0.0,0.40000000000000036,0.30493739338363574,0.2957689881275789,0.40999541743081114,0.09161417181843332,2.389804179640356,0.46468430284560847,0.2957689881275789,
LNET-02562,shunt_then_series,L,1.6243683359034936e-09,H,L,4.060920839758726e-08,H,0.20000000000000018,-0.20000000000000018,0.28822650517041437,0.30086287040117643,0.41562480895600673,0.09510429573902786,2.4224587741772132,0.4896260767624433,0.30086287040117643,
LNET-00795,series_then_shunt,C,1.6243683359034905e-11,F,L,8.12184167951746e-09,H,-0.20000000000000018,-1.0,0.2511903919782178,0.27581707089970886,0.4166950215085369,0.0827190206229824,2.4287380937025054,0.4454947345804327,0.27581707089970886,
LNET-00886,series_then_shunt,L,1.6243683359034936e-09,H,C,2.5989893374455867e-12,F,0.20000000000000018,0.7999999999999998,0.25708483573981966,0.2394422939914061,0.41770211477623853,0.06821044118649891,2.434668149673004,0.3845677894672713,0.2394422939914061,
LNET-02566,shunt_then_series,L,1.6243683359034936e-09,H,C,1.949242003084189e-12,F,0.20000000000000018,0.5999999999999996,0.32242392634137196,0.3141787583929749,0.41871818466930666,0.10214231118123142,2.44067188625571,0.47884677140799836,0.3141787583929749,
LNET-02436,shunt_then_series,C,8.121841679517462e-12,F,L,1.0152302099396829e-08,H,-0.3999999999999999,-0.7999999999999998,0.34407534269209505,0.3468580221837838,0.41943782518373995,0.12254290372916754,2.4449367987726247,0.5255036459040393,0.3468580221837838,
LNET-02439,shunt_then_series,C,8.121841679517462e-12,F,L,4.060920839758726e-08,H,-0.3999999999999999,-0.20000000000000018,0.3290680123032613,0.33360185160526556,0.42240109235598183,0.11295997531124403,2.462610426598359,0.5525665148557056,0.33360185160526556,
LNET-00838,series_then_shunt,none,0.0,,L,1.3536402799195764e-08,H,0.0,-0.6000000000000001,0.30741539200303725,0.30962853186406386,0.42441041606880064,0.10199928763146336,2.4746980415112265,0.48089903076238144,0.30962853186406386,
LNET-02519,shunt_then_series,none,0.0,,L,1.3536402799195764e-08,H,0.0,-0.6000000000000001,0.30741539200303725,0.30962853186406386,0.42441041606880064,0.10199928763146336,2.4746980415112265,0.48089903076238144,0.30962853186406386,
LNET-02395,shunt_then_series,C,5.414561119678306e-12,F,L,1.0152302099396829e-08,H,-0.6000000000000001,-0.7999999999999998,0.39942656197867665,0.3999049930207221,0.4309909100550896,0.16032544186349193,2.5148823372815245,0.6225222220331871,0.3999049930207221,
LNET-00881,series_then_shunt,L,1.6243683359034936e-09,H,L,4.060920839758726e-08,H,0.20000000000000018,-0.20000000000000018,0.31777347045129106,0.32892445480078597,0.4310991485830488,0.11180641451412765,2.5155510754090735,0.519843827602692,0.32892445480078597,
LNET-00716,series_then_shunt,C,5.414561119678306e-12,F,L,2.0304604198793658e-08,H,-0.6000000000000001,-0.3999999999999999,0.2617640585177043,0.27233115677487263,0.43163758944524644,0.07934772926217618,2.5188815496223405,0.5976532261645127,0.27233115677487263,
LNET-02477,shunt_then_series,C,1.6243683359034905e-11,F,L,1.0152302099396829e-08,H,-0.20000000000000018,-0.7999999999999998,0.3248250954990366,0.3269678367350968,0.43352367642061784,0.11216179506283834,2.5305976909372694,0.4906612038606927,0.3269678367350968,
LNET-00714,series_then_shunt,C,5.414561119678306e-12,F,L,1.0152302099396829e-08,H,-0.6000000000000001,-0.7999999999999998,0.12004056977612874,0.17081359533609472,0.4357031139620197,0.04235734178422083,2.5442336285821523,0.42751328147109574,0.17081359533609472,
LNET-00753,series_then_shunt,C,8.121841679517462e-12,F,L,6.768201399597882e-09,H,-0.3999999999999999,-1.2000000000000002,0.19644959473198675,0.27224404449777934,0.43915663800219473,0.07814410101327544,2.5660580752453064,0.4863892087957714,0.27224404449777934,
LNET-02647,shunt_then_series,L,4.8731050077104735e-09,H,C,1.2994946687227947e-12,F,0.5999999999999996,0.40000000000000036,0.3869803556132792,0.3952884935410204,0.44647806451779803,0.1570590828228271,2.613226273061239,0.6525683814462455,0.3952884935410204,
LNET-02482,shunt_then_series,C,1.6243683359034905e-11,F,C,6.497473343613974e-13,F,-0.20000000000000018,0.20000000000000018,0.3194138366556635,0.3139308470063452,0.446996682812428,0.10353698617847386,2.6166148336532022,0.510130603441641,0.3139308470063452,
LNET-02608,shunt_then_series,L,3.248736671806987e-09,H,C,2.5989893374455867e-12,F,0.40000000000000036,0.7999999999999998,0.37551849689647926,0.3684016346342789,0.44875598490816543,0.1377855237364289,2.628157304649938,0.5484409703550561,0.3684016346342789,
LNET-02397,shunt_then_series,C,5.414561119678306e-12,F,L,2.0304604198793658e-08,H,-0.6000000000000001,-0.3999999999999999,0.3898215899750125,0.3900836847643806,0.4525694728834585,0.15315501763925202,2.6534316245287206,0.6528640053666426,0.3900836847643806,
LNET-02649,shunt_then_series,L,4.8731050077104735e-09,H,C,2.5989893374455867e-12,F,0.5999999999999996,0.7999999999999998,0.422670937416195,0.4198021905045409,0.4542821155186469,0.17658198337907105,2.664897297439295,0.6421477803364848,0.4198021905045409,
LNET-00794,series_then_shunt,C,1.6243683359034905e-11,F,L,6.768201399597882e-09,H,-0.20000000000000018,-1.2000000000000002,0.3074264486580074,0.3390844905700342,0.4561543497736569,0.11876275084031725,2.677514013705212,0.535304663192479,0.3390844905700342,
LNET-00887,series_then_shunt,L,1.6243683359034936e-09,H,C,3.248736671806984e-12,F,0.20000000000000018,1.0,0.30319585716013264,0.2985325734988764,0.4588555437993554,0.09652603208848072,2.69587081061853,0.4736657281690813,0.2985325734988764,
LNET-00844,series_then_shunt,none,0.0,,C,1.949242003084189e-12,F,0.0,0.5999999999999996,0.34853356183760686,0.33412491979221587,0.45887039381671446,0.11717305163284883,2.6959722350186506,0.51359138655052,0.33412491979221587,
LNET-02525,shunt_then_series,none,0.0,,C,1.949242003084189e-12,F,0.0,0.5999999999999996,0.34853356183760686,0.33412491979221587,0.45887039381671446,0.11717305163284883,2.6959722350186506,0.51359138655052,0.33412491979221587,
LNET-00801,series_then_shunt,C,1.6243683359034905e-11,F,C,6.497473343613974e-13,F,-0.20000000000000018,0.20000000000000018,0.3452609365076321,0.34066698534304785,0.45955790166165256,0.11998521577665962,2.700673959614239,0.5375873515590658,0.34066698534304785,
LNET-02561,shunt_then_series,L,1.6243683359034936e-09,H,L,2.0304604198793658e-08,H,0.20000000000000018,-0.3999999999999999,0.3218322910746434,0.32776487672991583,0.46054481401062897,0.11499035800981411,2.7074441991543043,0.5298644249867933,0.32776487672991583,
LNET-00969,series_then_shunt,L,4.8731050077104735e-09,H,C,3.248736671806984e-12,F,0.5999999999999996,1.0,0.10894879949827965,0.21590069599605502,0.4612326449952827,0.06021524459344494,2.712177401658808,0.47345934570105985,0.21590069599605502,
LNET-02435,shunt_then_series,C,8.121841679517462e-12,F,L,8.12184167951746e-09,H,-0.3999999999999999,-1.0,0.377787288084367,0.3792914601558472,0.46394753854977816,0.1471789031764298,2.730978110965584,0.5545766872513086,0.3792914601558472,
LNET-02604,shunt_then_series,L,3.248736671806987e-09,H,none,0.0,,0.40000000000000036,0.0,0.3304102932131825,0.3472791719452046,0.4668594210308419,0.12517287647007636,2.751355794126672,0.5789629242278761,0.3472791719452046,
LNET-00923,series_then_shunt,L,3.248736671806987e-09,H,none,0.0,,0.40000000000000036,0.0,0.3304102932131825,0.3472791719452046,0.466859421030842,0.12517287647007633,2.751355794126673,0.5789629242278762,0.3472791719452046,
LNET-02567,shunt_then_series,L,1.6243683359034936e-09,H,C,2.5989893374455867e-12,F,0.20000000000000018,0.7999999999999998,0.36498081171789537,0.35192561697630026,0.4672167397053377,0.12853609429375462,2.7538716942680885,0.5199279253320882,0.35192561697630026,
LNET-00837,series_then_shunt,none,0.0,,L,1.0152302099396829e-08,H,0.0,-0.7999999999999998,0.3513602335155304,0.3539770293615695,0.469002320056403,0.13146098959783029,2.7664947993980724,0.537715139808619,0.3539770293615695,
LNET-02518,shunt_then_series,none,0.0,,L,1.0152302099396829e-08,H,0.0,-0.7999999999999998,0.3513602335155304,0.3539770293615695,0.469002320056403,0.13146098959783029,2.7664947993980724,0.537715139808619,0.3539770293615695,
LNET-02354,shunt_then_series,C,4.060920839758731e-12,F,L,1.0152302099396829e-08,H,-0.7999999999999998,-0.7999999999999998,0.4706760612053357,0.4675876453166296,0.4710893362903817,0.2186467822055352,2.7813569232516677,0.7576140735122046,0.4675876453166296,
LNET-00965,series_then_shunt,L,4.8731050077104735e-09,H,C,6.497473343613974e-13,F,0.5999999999999996,0.20000000000000018,0.32392180442859103,0.3422350130497273,0.4713711764746091,0.12244025318567577,2.7833729660485242,0.6594058137789999,0.3422350130497273,
LNET-02394,shunt_then_series,C,5.414561119678306e-12,F,L,8.12184167951746e-09,H,-0.6000000000000001,-1.0,0.4244048212173021,0.42431577146752164,0.4737187208989413,0.18120594384212152,2.8002491812290966,0.6353903442240622,0.42431577146752164,
LNET-02476,shunt_then_series,C,1.6243683359034905e-11,F,L,8.12184167951746e-09,H,-0.20000000000000018,-1.0,0.36773009496467624,0.3702899705528467,0.47768149783536495,0.14245744115625383,2.829081282228059,0.5391727294413741,0.3702899705528467,
LNET-00880,series_then_shunt,L,1.6243683359034936e-09,H,L,2.0304604198793658e-08,H,0.20000000000000018,-0.3999999999999999,0.370775754466542,0.3757367771803641,0.48725086578193144,0.14649621636940316,2.9005429098382725,0.5756329879595288,0.3757367771803641,
LNET-02690,shunt_then_series,L,6.497473343613967e-09,H,C,2.5989893374455867e-12,F,0.7999999999999998,0.7999999999999998,0.4886740675500767,0.48702261949267917,0.49042536093661826,0.23719879851121534,2.9248421068915023,0.7768912780722607,0.48702261949267917,
LNET-02355,shunt_then_series,C,4.060920839758731e-12,F,L,1.3536402799195764e-08,H,-0.7999999999999998,-0.6000000000000001,0.46302912331108154,0.45943777309501294,0.4918287795699582,0.2115080991340145,2.935681360127975,0.7743631244476424,0.45943777309501294,
LNET-00759,series_then_shunt,C,8.121841679517462e-12,F,none,0.0,,-0.3999999999999999,0.0,0.3559340767015975,0.3541319283318815,0.4936050056199919,0.13046896073762246,2.949486116956289,0.5928103309386199,0.3541319283318815,
LNET-02440,shunt_then_series,C,8.121841679517462e-12,F,none,0.0,,-0.3999999999999999,0.0,0.3559340767015975,0.3541319283318815,0.4936050056199919,0.13046896073762243,2.949486116956289,0.5928103309386199,0.3541319283318815,
LNET-02483,shunt_then_series,C,1.6243683359034905e-11,F,C,1.2994946687227947e-12,F,-0.20000000000000018,0.40000000000000036,0.3614844819172466,0.3478779101759417,0.4938752310844598,0.1280904840216313,2.951594790125261,0.5594472730268553,0.3478779101759417,
LNET-00793,series_then_shunt,C,1.6243683359034905e-11,F,L,5.801315485369615e-09,H,-0.20000000000000018,-1.4,0.36655906359891993,0.4012922188761557,0.4943726951163448,0.16310241505167442,2.9554825870414567,0.6126396419064561,0.4012922188761557,
LNET-00930,series_then_shunt,L,3.248736671806987e-09,H,C,4.548231340529779e-12,F,0.40000000000000036,1.4000000000000004,0.29999751162887744,0.3641851471080754,0.4945621632640142,0.13560477462811002,2.956965337054288,0.6012366997350981,0.3641851471080754,
LNET-02609,shunt_then_series,L,3.248736671806987e-09,H,C,3.248736671806984e-12,F,0.40000000000000036,1.0,0.4161828769858475,0.4061882949166518,0.4957408290849014,0.16778382024877242,2.9662144297158206,0.5831716076455984,0.4061882949166518,
LNET-00888,series_then_shunt,L,1.6243683359034936e-09,H,C,3.898484006168382e-12,F,0.20000000000000018,1.2000000000000002,0.35545817930284057,0.3617432819678422,0.4983596696174066,0.13537038231382253,2.9869202671057784,0.5597040298835672,0.3617432819678422,
LNET-00717,series_then_shunt,C,5.414561119678306e-12,F,L,4.060920839758726e-08,H,-0.6000000000000001,-0.20000000000000018,0.35163857984768637,0.3498001596029227,0.49955889397324754,0.12817726874593155,2.996474262234335,0.678377013093366,0.3498001596029227,
LNET-02646,shunt_then_series,L,4.8731050077104735e-09,H,C,6.497473343613974e-13,F,0.5999999999999996,0.20000000000000018,0.3905771841288488,0.40223829368063124,0.5000168575684223,0.16509088027252644,3.0001348650943735,0.684121894945773,0.40223829368063124,
LNET-02650,shunt_then_series,L,4.8731050077104735e-09,H,C,3.248736671806984e-12,F,0.5999999999999996,1.0,0.4561684371450331,0.45010336498790654,0.5009715345916135,0.20349195666472578,3.0077874082058096,0.662315092322262,0.45010336498790654,
LNET-02689,shunt_then_series,L,6.497473343613967e-09,H,C,1.949242003084189e-12,F,0.7999999999999998,0.5999999999999996,0.4699754783440924,0.47208669554955635,0.5017950857426706,0.22328294775444216,3.0144124290331145,0.7839725948542028,0.47208669554955635,
LNET-02560,shunt_then_series,L,1.6243683359034936e-09,H,L,1.3536402799195764e-08,H,0.20000000000000018,-0.6000000000000001,0.3642771424496672,0.36827199880369554,0.5032963008896562,0.143873801421128,3.026545410437331,0.5879178510656442,0.36827199880369554,
LNET-01008,series_then_shunt,L,6.497473343613967e-09,H,C,1.949242003084189e-12,F,0.7999999999999998,0.5999999999999996,0.2562078492795954,0.29090443673728694,0.5036357879367216,0.09868598366560204,3.0292993559838526,0.8649756291732872,0.29090443673728694,
LNET-02353,shunt_then_series,C,4.060920839758731e-12,F,L,8.12184167951746e-09,H,-0.7999999999999998,-1.0,0.49001438411693016,0.48740102947633834,0.5041581856860776,0.2377605284233329,3.033544453622421,0.7590160654241517,0.48740102947633834,
LNET-00845,series_then_shunt,none,0.0,,C,2.5989893374455867e-12,F,0.0,0.7999999999999998,0.39607844982556106,0.38176027502062715,0.5044322973644653,0.1511416658530229,3.035775514351669,0.5721828589404496,0.38176027502062715,
LNET-02526,shunt_then_series,none,0.0,,C,2.5989893374455867e-12,F,0.0,0.7999999999999998,0.39607844982556106,0.38176027502062715,0.5044322973644653,0.1511416658530229,3.035775514351669,0.5721828589404496,0.38176027502062715,
LNET-00713,series_then_shunt,C,5.414561119678306e-12,F,L,8.12184167951746e-09,H,-0.6000000000000001,-1.0,0.15062739579123496,0.20332554489791538,0.5055055382341517,0.05915324875784684,3.044534680647313,0.45868843830332406,0.20332554489791538,
LNET-02434,shunt_then_series,C,8.121841679517462e-12,F,L,6.768201399597882e-09,H,-0.3999999999999999,-1.2000000000000002,0.41875242640556026,0.42138270013909995,0.5065558528728041,0.18084305473796003,3.0531436265763565,0.59521839670891,0.42138270013909995,
LNET-02603,shunt_then_series,L,3.248736671806987e-09,H,L,4.060920839758726e-08,H,0.40000000000000036,-0.20000000000000018,0.3580594144768034,0.3672446430515511,0.5088453882041204,0.1430031977654039,3.0720375050274105,0.6169347868374216,0.3672446430515511,
LNET-00836,series_then_shunt,none,0.0,,L,8.12184167951746e-09,H,0.0,-1.0,0.39900339972939364,0.4040447202774697,0.5109961111635869,0.1682667809066891,3.089947024263976,0.5984369930515454,0.4040447202774697,
LNET-02517,shunt_then_series,none,0.0,,L,8.12184167951746e-09,H,0.0,-1.0,0.39900339972939364,0.4040447202774697,0.5109961111635869,0.1682667809066891,3.089947024263976,0.5984369930515454,0.4040447202774697,
LNET-02568,shunt_then_series,L,1.6243683359034936e-09,H,C,3.248736671806984e-12,F,0.20000000000000018,1.0,0.411519195217545,0.3984625390738732,0.5124223617317488,0.16339659468653184,3.1019108405042517,0.570120733370697,0.3984625390738732,
LNET-01007,series_then_shunt,L,6.497473343613967e-09,H,C,1.2994946687227947e-12,F,0.7999999999999998,0.40000000000000036,0.32614261513416887,0.34772610861670683,0.5142260946084943,0.13016269671452868,3.117141694525801,0.8946300148469222,0.34772610861670683,
LNET-02393,shunt_then_series,C,5.414561119678306e-12,F,L,6.768201399597882e-09,H,-0.6000000000000001,-1.2000000000000002,0.4583211985913752,0.45913603034978623,0.5154641733944219,0.21228691199967323,3.127661754159698,0.6626397379564425,0.45913603034978623,
LNET-00802,series_then_shunt,C,1.6243683359034905e-11,F,C,1.2994946687227947e-12,F,-0.20000000000000018,0.40000000000000036,0.40400570431964117,0.39257733650232074,0.5158629202261494,0.15913969290049543,3.1310613947071295,0.5984657186813008,0.39257733650232074,
LNET-02398,shunt_then_series,C,5.414561119678306e-12,F,L,4.060920839758726e-08,H,-0.6000000000000001,-0.20000000000000018,0.4068986880963336,0.4034082910015624,0.5171597232050579,0.16631709129428723,3.1421565186646223,0.6924207776312647,0.4034082910015624,
LNET-02475,shunt_then_series,C,1.6243683359034905e-11,F,L,6.768201399597882e-09,H,-0.20000000000000018,-1.2000000000000002,0.4143724209918116,0.41922783848477546,0.5192692226176358,0.18011375986011702,3.1603327560807233,0.5917535413600608,0.41922783848477546,
LNET-02691,shunt_then_series,L,6.497473343613967e-09,H,C,3.248736671806984e-12,F,0.7999999999999998,1.0,0.5164300111118785,0.5124828489512526,0.5266216373065195,0.2627431089149729,3.2249501828097484,0.7861447166150102,0.5124828489512526,
LNET-00922,series_then_shunt,L,3.248736671806987e-09,H,L,4.060920839758726e-08,H,0.40000000000000036,-0.20000000000000018,0.40117011555511173,0.4097121346203766,0.5274509912362194,0.17331319120673572,3.2323652423526017,0.6487259420759619,0.4097121346203766,
LNET-00792,series_then_shunt,C,1.6243683359034905e-11,F,L,5.076151049698412e-09,H,-0.20000000000000018,-1.6,0.4245593125930386,0.4598837590835784,0.5307902328858074,0.2126947907635686,3.262485864905825,0.6762135951223476,0.4598837590835784,
LNET-00752,series_then_shunt,C,8.121841679517462e-12,F,L,5.801315485369615e-09,H,-0.3999999999999999,-1.4,0.28227792676924424,0.3468362427296932,0.5323010378931671,0.12471414294215556,3.2762549461103045,0.5839500433760936,0.3468362427296932,
LNET-00889,series_then_shunt,L,1.6243683359034936e-09,H,C,4.548231340529779e-12,F,0.20000000000000018,1.4000000000000004,0.40904604687882057,0.42340979076040236,0.5357259411030656,0.18184993946833483,3.3078004503456135,0.6336002858803224,0.42340979076040236,
LNET-02484,shunt_then_series,C,1.6243683359034905e-11,F,C,1.949242003084189e-12,F,-0.20000000000000018,0.5999999999999996,0.4078505898349042,0.3922691294055267,0.5373681969940935,0.16119790763249547,3.323092331753219,0.6206572101093295,0.3922691294055267,
LNET-00879,series_then_shunt,L,1.6243683359034936e-09,H,L,1.3536402799195764e-08,H,0.20000000000000018,-0.6000000000000001,0.4241476664336082,0.4261265603961991,0.5379580579009919,0.18743692983284385,3.3286113613716752,0.6318876870450776,0.4261265603961991,
LNET-02441,shunt_then_series,C,8.121841679517462e-12,F,C,6.497473343613974e-13,F,-0.3999999999999999,0.20000000000000018,0.3930137309938157,0.38081443664649156,0.538054889474641,0.15287344594211855,3.32951871213757,0.6395177191531242,0.38081443664649156,
LNET-02688,shunt_then_series,L,6.497473343613967e-09,H,C,1.2994946687227947e-12,F,0.7999999999999998,0.40000000000000036,0.46310748739203844,0.46887128245039505,0.5380690398007634,0.22175214358657636,3.32965133823759,0.8087192369151065,0.46887128245039505,
LNET-00674,series_then_shunt,C,4.060920839758731e-12,F,L,1.3536402799195764e-08,H,-0.7999999999999998,-0.6000000000000001,0.2983350924685838,0.2980644821160206,0.5382445020997614,0.10355720841794375,3.3312965608307628,0.8940897715699072,0.2980644821160206,
LNET-02610,shunt_then_series,L,3.248736671806987e-09,H,C,3.898484006168382e-12,F,0.40000000000000036,1.2000000000000002,0.46027304767569177,0.450846846373243,0.539462004277842,0.20597998102240858,3.34274700150169,0.6250944390383895,0.450846846373243,
LNET-01009,series_then_shunt,L,6.497473343613967e-09,H,C,2.5989893374455867e-12,F,0.7999999999999998,0.7999999999999998,0.22448034252144475,0.2662335380704605,0.5395242528549508,0.09570744831209994,3.3433340678635193,0.7613739451299089,0.2662335380704605,
LNET-02356,shunt_then_series,C,4.060920839758731e-12,F,L,2.0304604198793658e-08,H,-0.7999999999999998,-0.3999999999999999,0.46833410127210956,0.46297273882804657,0.5421509492489581,0.2163387572081517,3.368251930891327,0.8083602785216075,0.46297273882804657,
LNET-02559,shunt_then_series,L,1.6243683359034936e-09,H,L,1.0152302099396829e-08,H,0.20000000000000018,-0.7999999999999998,0.4107625153690462,0.4160337321260145,0.5433654222169728,0.18023041379904192,3.3798698068596824,0.6528418952689375,0.4160337321260145,
LNET-02352,shunt_then_series,C,4.060920839758731e-12,F,L,6.768201399597882e-09,H,-0.7999999999999998,-1.2000000000000002,0.5182062443956366,0.5169445082430012,0.5434978663269497,0.2676238974278204,3.3811405302924884,0.7755832486561975,0.5169445082430012,
LNET-00675,series_then_shunt,C,4.060920839758731e-12,F,L,2.0304604198793658e-08,H,-0.7999999999999998,-0.3999999999999999,0.3598300855592454,0.3555588897784683,0.543926219505936,0.13596299967624406,3.3852553809021937,0.9215134324237035,0.3555588897784683,
LNET-02651,shunt_then_series,L,4.8731050077104735e-09,H,C,3.898484006168382e-12,F,0.5999999999999996,1.2000000000000002,0.4949210976035819,0.4884756356051917,0.5449338632668627,0.2397202236748044,3.3949655633744777,0.6931462408680029,0.4884756356051917,
LNET-00846,series_then_shunt,none,0.0,,C,3.248736671806984e-12,F,0.0,1.0,0.44426568660226573,0.4326373531908038,0.5464680983618714,0.19165185483476532,3.4098331181910826,0.6306127515377553,0.4326373531908038,
LNET-02527,shunt_then_series,none,0.0,,C,3.248736671806984e-12,F,0.0,1.0,0.44426568660226573,0.4326373531908038,0.5464680983618714,0.19165185483476532,3.4098331181910826,0.6306127515377553,0.4326373531908038,
LNET-02433,shunt_then_series,C,8.121841679517462e-12,F,L,5.801315485369615e-09,H,-0.3999999999999999,-1.4,0.46292865813610795,0.4678599200870584,0.5466284422890544,0.2214824522008203,3.4113927439513803,0.6392769162148734,0.4678599200870584,
LNET-00970,series_then_shunt,L,4.8731050077104735e-09,H,C,3.898484006168382e-12,F,0.5999999999999996,1.2000000000000002,0.2018049822686273,0.2940186541343677,0.5466393688556961,0.10094321687773604,3.4114990641157004,0.5753861057983108,0.2940186541343677,
LNET-02602,shunt_then_series,L,3.248736671806987e-09,H,L,2.0304604198793658e-08,H,0.40000000000000036,-0.3999999999999999,0.3955957629969259,0.40045212216514003,0.5489704995405538,0.17027163873501977,3.4342997474947374,0.672051454211822,0.40045212216514003,
LNET-00835,series_then_shunt,none,0.0,,L,6.768201399597882e-09,H,0.0,-1.2000000000000002,0.44713431003546267,0.45477320931393456,0.5500954114915892,0.2104751951403232,3.445386980005453,0.655031850214567,0.45477320931393456,
LNET-02516,shunt_then_series,none,0.0,,L,6.768201399597882e-09,H,0.0,-1.2000000000000002,0.44713431003546267,0.45477320931393456,0.5500954114915892,0.2104751951403232,3.445386980005453,0.655031850214567,0.45477320931393456,
LNET-02313,shunt_then_series,C,3.248736671806984e-12,F,L,1.0152302099396829e-08,H,-1.0,-0.7999999999999998,0.5431883778349362,0.5372746711687318,0.5514936166095414,0.28882847910967213,3.459245339790068,0.9150259540647023,0.5372746711687318,
LNET-00760,series_then_shunt,C,8.121841679517462e-12,F,C,6.497473343613974e-13,F,-0.3999999999999999,0.20000000000000018,0.42974893667013164,0.4207285522819756,0.5525524409046827,0.18235456725117322,3.4697975424064187,0.6658744490694403,0.4207285522819756,
LNET-02569,shunt_then_series,L,1.6243683359034936e-09,H,C,3.898484006168382e-12,F,0.20000000000000018,1.2000000000000002,0.45877882723803537,0.4482334255065476,0.5541058391466768,0.2047518273471851,3.4853693445380185,0.62093946699846,0.4482334255065476,
LNET-02392,shunt_then_series,C,5.414561119678306e-12,F,L,5.801315485369615e-09,H,-0.6000000000000001,-1.4,0.49726726750780903,0.5001570461246786,0.5552206455536007,0.25144662156392417,3.496611589558439,0.6975847123032988,0.5001570461246786,
LNET-00964,series_then_shunt,L,4.8731050077104735e-09,H,none,0.0,,0.5999999999999996,0.0,0.40848071781424405,0.4203498073411004,0.556794664827201,0.18380471687187946,3.5125810573111225,0.7291890376642505,0.4203498073411004,
LNET-02645,shunt_then_series,L,4.8731050077104735e-09,H,none,0.0,,0.5999999999999996,0.0,0.40848071781424405,0.4203498073411004,0.556794664827201,0.18380471687187946,3.5125810573111225,0.7291890376642505,0.4203498073411004,
LNET-02474,shunt_then_series,C,1.6243683359034905e-11,F,L,5.801315485369615e-09,H,-0.20000000000000018,-1.4,0.4615814885964274,0.46897106564503344,0.5579770482171406,0.2230902403121159,3.5246519257273445,0.6415118766260481,0.46897106564503344,
LNET-02312,shunt_then_series,C,3.248736671806984e-12,F,L,8.12184167951746e-09,H,-1.0,-1.0,0.5593677746922312,0.5545495951417206,0.5594843536495209,0.3075434844695537,3.5401338557876736,0.9084256573436527,0.5545495951417206,
LNET-01006,series_then_shunt,L,6.497473343613967e-09,H,C,6.497473343613974e-13,F,0.7999999999999998,0.20000000000000018,0.4077318526150384,0.42032683865416864,0.5652458704344984,0.18469320169345582,3.60030132893464,0.892898225836975,0.42032683865416864,
LNET-00803,series_then_shunt,C,1.6243683359034905e-11,F,C,1.949242003084189e-12,F,-0.20000000000000018,0.5999999999999996,0.4601449161914843,0.44608097311579825,0.5662276347850251,0.20414980039312852,3.610713268948824,0.6563867209700479,0.44608097311579825,
LNET-02692,shunt_then_series,L,6.497473343613967e-09,H,C,3.898484006168382e-12,F,0.7999999999999998,1.2000000000000002,0.5498848248335252,0.5456900347066815,0.5690066409181134,0.29800340624218713,3.6404427303948546,0.8075117321877064,0.5456900347066815,
LNET-00890,series_then_shunt,L,1.6243683359034936e-09,H,C,5.197978674891173e-12,F,0.20000000000000018,1.5999999999999996,0.4612058645433827,0.481146363975607,0.570695287356542,0.23293491262098706,3.658695656250623,0.694229173367663,0.481146363975607,
LNET-02731,shunt_then_series,L,8.12184167951746e-09,H,C,2.5989893374455867e-12,F,1.0,0.7999999999999998,0.558275477768935,0.5564774003850268,0.5719340114629293,0.30988532385254763,3.672176845525767,0.9358947463731982,0.5564774003850268,
LNET-02314,shunt_then_series,C,3.248736671806984e-12,F,L,1.3536402799195764e-08,H,-1.0,-0.6000000000000001,0.537262940947526,0.5302959521250187,0.5751337786985913,0.2821043644872109,3.7073641059856333,0.9391638599574883,0.5302959521250187,
LNET-00673,series_then_shunt,C,4.060920839758731e-12,F,L,1.0152302099396829e-08,H,-0.7999999999999998,-0.7999999999999998,0.2750073524462811,0.26827235007773753,0.5752574833357266,0.09791017649275287,3.708735107817915,0.7736547974493582,0.26827235007773753,
LNET-02485,shunt_then_series,C,1.6243683359034905e-11,F,C,2.5989893374455867e-12,F,-0.20000000000000018,0.7999999999999998,0.455140957873165,0.4412381413183814,0.5773170249740721,0.2010571945766856,3.7316786295386453,0.6837873353121581,0.4412381413183814,
LNET-00931,series_then_shunt,L,3.248736671806987e-09,H,C,5.197978674891173e-12,F,0.40000000000000036,1.5999999999999996,0.37281762117697786,0.43481724320633935,0.5788858896115694,0.19243406059342072,3.749306543433617,0.6776903155391272,0.43481724320633935,
LNET-02442,shunt_then_series,C,8.121841679517462e-12,F,C,1.2994946687227947e-12,F,-0.3999999999999999,0.40000000000000036,0.4356531883549094,0.41886105288939113,0.5792982403867781,0.18434598379123493,3.7539615756271814,0.6998073534693332,0.41886105288939113,
LNET-02611,shunt_then_series,L,3.248736671806987e-09,H,C,4.548231340529779e-12,F,0.40000000000000036,1.4000000000000004,0.5048581007073282,0.4978767174974569,0.579676812731668,0.2500712068901137,3.7582433246139506,0.6679434395470477,0.4978767174974569,
LNET-00718,series_then_shunt,C,5.414561119678306e-12,F,none,0.0,,-0.6000000000000001,0.0,0.4354683423147332,0.4264015920183416,0.5800125338700323,0.1889365200509923,3.7620468735157147,0.7425908153154602,0.4264015920183416,
LNET-02399,shunt_then_series,C,5.414561119678306e-12,F,none,0.0,,-0.6000000000000001,0.0,0.4354683423147332,0.4264015920183416,0.5800125338700323,0.18893652005099226,3.7620468735157147,0.7425908153154602,0.4264015920183416,
LNET-02558,shunt_then_series,L,1.6243683359034936e-09,H,L,8.12184167951746e-09,H,0.20000000000000018,-1.0,0.45800981755490244,0.46546089258579626,0.5805137858050387,0.22214712593056518,3.767737132525827,0.7148873871498924,0.46546089258579626,
LNET-02351,shunt_then_series,C,4.060920839758731e-12,F,L,5.801315485369615e-09,H,-0.7999999999999998,-1.4,0.551893469902198,0.5528037425236607,0.581405525517246,0.305963873870861,3.7778939329558674,0.8019143823263406,0.5528037425236607,
LNET-00921,series_then_shunt,L,3.248736671806987e-09,H,L,2.0304604198793658e-08,H,0.40000000000000036,-0.3999999999999999,0.4660873024804115,0.46999514397171055,0.5817163844289432,0.2264220110327207,3.781444755538712,0.708581108923971,0.46999514397171055,
LNET-00791,series_then_shunt,C,1.6243683359034905e-11,F,L,4.51213426639859e-09,H,-0.20000000000000018,-1.7999999999999998,0.47937492816681543,0.5137028251505684,0.5826936880409993,0.2647640023345197,3.792642580964591,0.7275864213430201,0.5137028251505684,
LNET-00878,series_then_shunt,L,1.6243683359034936e-09,H,L,1.0152302099396829e-08,H,0.20000000000000018,-0.7999999999999998,0.47556460052097266,0.4766683336691652,0.5834371414988608,0.2327086228072101,3.8011961680797106,0.6841577607406171,0.4766683336691652,
LNET-02432,shunt_then_series,C,8.121841679517462e-12,F,L,5.076151049698412e-09,H,-0.3999999999999999,-1.6,0.5074585804388853,0.5147756437934499,0.5838501699227653,0.2667726008370407,3.8059613520178845,0.6817055728380009,0.5147756437934499,
LNET-02732,shunt_then_series,L,8.12184167951746e-09,H,C,3.248736671806984e-12,F,1.0,1.0,0.5820201651667524,0.5788299004197446,0.5839235632433297,0.3350693171189856,3.806809093997408,0.9373150246273025,0.5788299004197446,
LNET-02687,shunt_then_series,L,6.497473343613967e-09,H,C,6.497473343613974e-13,F,0.7999999999999998,0.20000000000000018,0.4692072301804428,0.4769760351171146,0.5843890910185573,0.2321573911330635,3.8121932239495218,0.8491960551181457,0.4769760351171146,
LNET-00847,series_then_shunt,none,0.0,,C,3.898484006168382e-12,F,0.0,1.2000000000000002,0.49107375936968706,0.4829622062835097,0.5849588622104659,0.23663237135822493,3.818799434320636,0.6835791973331623,0.4829622062835097,
LNET-02528,shunt_then_series,none,0.0,,C,3.898484006168382e-12,F,0.0,1.2000000000000002,0.49107375936968706,0.4829622062835097,0.5849588622104659,0.23663237135822493,3.818799434320636,0.6835791973331623,0.4829622062835097,
LNET-02311,shunt_then_series,C,3.248736671806984e-12,F,L,6.768201399597882e-09,H,-1.0,-1.2000000000000002,0.5835108980396396,0.5804177133318766,0.5853991728828801,0.33692598327764245,3.8239170527149566,0.9171381201684351,0.5804177133318766,
LNET-02730,shunt_then_series,L,8.12184167951746e-09,H,C,1.949242003084189e-12,F,1.0,0.5999999999999996,0.5426624598407904,0.5433804556982762,0.5854790154982182,0.2962021889169628,3.8248462074937564,0.9506649788944457,0.5433804556982762,
LNET-02652,shunt_then_series,L,4.8731050077104735e-09,H,C,4.548231340529779e-12,F,0.5999999999999996,1.4000000000000004,0.535679760244022,0.5308532080570562,0.5856298777784267,0.2827844475807538,3.826602818942032,0.7287492728271847,0.5308532080570562,
LNET-00712,series_then_shunt,C,5.414561119678306e-12,F,L,6.768201399597882e-09,H,-0.6000000000000001,-1.2000000000000002,0.23258023308070014,0.27779948522227144,0.5860088407551733,0.09601585486525327,3.831021038343568,0.5542732669457131,0.27779948522227144,
LNET-00834,series_then_shunt,none,0.0,,L,5.801315485369615e-09,H,0.0,-1.4,0.49379663695749276,0.5035752681444067,0.5861994600487181,0.2560721224051146,3.833246472407858,0.7045121707260774,0.5035752681444067,
LNET-02515,shunt_then_series,none,0.0,,L,5.801315485369615e-09,H,0.0,-1.4,0.49379663695749276,0.5035752681444067,0.5861994600487181,0.2560721224051146,3.833246472407858,0.7045121707260774,0.5035752681444067,
LNET-02601,shunt_then_series,L,3.248736671806987e-09,H,L,1.3536402799195764e-08,H,0.40000000000000036,-0.6000000000000001,0.4384286323780299,0.4428821266170788,0.5866094520843177,0.20553206677223698,3.8380399844263793,0.7377618382011121,0.4428821266170788,
LNET-00676,series_then_shunt,C,4.060920839758731e-12,F,L,4.060920839758726e-08,H,-0.7999999999999998,-0.20000000000000018,0.4361587277268883,0.42660260406902417,0.5890957225579773,0.1899464418722512,3.8673136538039414,0.9090678095648792,0.42660260406902417,
LNET-02570,shunt_then_series,L,1.6243683359034936e-09,H,C,4.548231340529779e-12,F,0.20000000000000018,1.4000000000000004,0.5047266871586431,0.4975563981528693,0.5922426178618332,0.25043937428127694,3.904877477662216,0.6677916804048313,0.4975563981528693,
LNET-02391,shunt_then_series,C,5.414561119678306e-12,F,L,5.076151049698412e-09,H,-0.6000000000000001,-1.6,0.5380518050435416,0.5433394698557436,0.5924233821125808,0.296106490477478,3.9070528392098294,0.7346356159884376,0.5433394698557436,
LNET-02644,shunt_then_series,L,4.8731050077104735e-09,H,L,4.060920839758726e-08,H,0.5999999999999996,-0.20000000000000018,0.4376362702794479,0.44356240834505917,0.5936308546988406,0.20671467336715596,3.9216335027547524,0.7785751774104429,0.44356240834505917,
LNET-02473,shunt_then_series,C,1.6243683359034905e-11,F,L,5.076151049698412e-09,H,-0.20000000000000018,-1.6,0.5073880912988367,0.5168990499848614,0.5936981255597321,0.2692952336453226,3.922448371067085,0.685805924999588,0.5168990499848614,
LNET-02357,shunt_then_series,C,4.060920839758731e-12,F,L,4.060920839758726e-08,H,-0.7999999999999998,-0.20000000000000018,0.48570769869353436,0.47687337692429066,0.5981791129299155,0.23206889724536486,3.9773420555192938,0.855791522224754,0.47687337692429066,
LNET-01010,series_then_shunt,L,6.497473343613967e-09,H,C,3.248736671806984e-12,F,0.7999999999999998,1.0,0.25139693188109824,0.29225957022285376,0.6031333045206226,0.12037355160792591,4.039475528638627,0.7098432630894173,0.29225957022285376,
LNET-00891,series_then_shunt,L,1.6243683359034936e-09,H,C,5.847726009252571e-12,F,0.20000000000000018,1.7999999999999998,0.5104369908164395,0.5339191132076048,0.6031654933579668,0.28591651656536354,4.039884300696943,0.7431119438307611,0.5339191132076048,
LNET-00761,series_then_shunt,C,8.121841679517462e-12,F,C,1.2994946687227947e-12,F,-0.3999999999999999,0.40000000000000036,0.49597771482803926,0.48370381542326885,0.6053792410455098,0.23900401365560778,4.06815709669914,0.7265434774535685,0.48370381542326885,
LNET-02693,shunt_then_series,L,6.497473343613967e-09,H,C,4.548231340529779e-12,F,0.7999999999999998,1.4000000000000004,0.5859745050843645,0.583147690067559,0.6084865230076139,0.34028408406215416,4.1083809818349994,0.8358355095349767,0.583147690067559,
LNET-00963,series_then_shunt,L,4.8731050077104735e-09,H,L,4.060920839758726e-08,H,0.5999999999999996,-0.20000000000000018,0.48403110761024765,0.49025180401618657,0.6104265834635525,0.24645307209621986,4.133820520355975,0.7869677105216606,0.49025180401618657,
LNET-01048,series_then_shunt,L,8.12184167951746e-09,H,C,1.2994946687227947e-12,F,1.0,0.40000000000000036,0.4245475869463316,0.43817488899301665,0.6107865181291561,0.2037231798263901,4.1385681461663175,1.363859368447583,0.43817488899301665,
LNET-00804,series_then_shunt,C,1.6243683359034905e-11,F,C,2.5989893374455867e-12,F,-0.20000000000000018,0.7999999999999998,0.5123742309936132,0.498127648386051,0.6109818126849519,0.2528308380468705,4.141147805463119,0.70793369072822,0.498127648386051,
LNET-02733,shunt_then_series,L,8.12184167951746e-09,H,C,3.898484006168382e-12,F,1.0,1.2000000000000002,0.6110471055373708,0.6080071990450654,0.6110599063941377,0.3696810837892885,4.142180075748958,0.9514545258304725,0.6080071990450654,
LNET-00751,series_then_shunt,C,8.121841679517462e-12,F,L,5.076151049698412e-09,H,-0.3999999999999999,-1.6,0.3624955968433328,0.4170284416775132,0.6125179361185863,0.17908145381477236,4.161529233033317,0.6614881390433424,0.4170284416775132,
LNET-02486,shunt_then_series,C,1.6243683359034905e-11,F,C,3.248736671806984e-12,F,-0.20000000000000018,1.0,0.5012419569484305,0.4905074274878773,0.6137472198133549,0.2456100682013212,4.177956257126641,0.7419576388765516,0.4905074274878773,
LNET-01049,series_then_shunt,L,8.12184167951746e-09,H,C,1.949242003084189e-12,F,1.0,0.5999999999999996,0.37794109332986464,0.397176313951538,0.6144648952153582,0.17603605570797365,4.18759504693403,1.4085125723138758,0.397176313951538,
LNET-02557,shunt_then_series,L,1.6243683359034936e-09,H,L,6.768201399597882e-09,H,0.20000000000000018,-1.2000000000000002,0.5039719275559004,0.5134794414431071,0.6146844316764982,0.26759345183349453,4.190550718472002,0.7694530054685695,0.5134794414431071,
LNET-02729,shunt_then_series,L,8.12184167951746e-09,H,C,1.2994946687227947e-12,F,1.0,0.40000000000000036,0.5374111630517169,0.5406442718963821,0.6155306111797524,0.29483938261179415,4.201974612691642,0.9823616893733066,0.5406442718963821,
LNET-02612,shunt_then_series,L,3.248736671806987e-09,H,C,5.197978674891173e-12,F,0.40000000000000036,1.5999999999999996,0.5480537398506107,0.5441570644303387,0.6163634634480301,0.2976730844457686,4.213267792414935,0.7082071353734112,0.5441570644303387,
LNET-02443,shunt_then_series,C,8.121841679517462e-12,F,C,1.949242003084189e-12,F,-0.3999999999999999,0.5999999999999996,0.48026160472839247,0.46350198847249474,0.6170925175386619,0.22312588155959878,4.22319383038418,0.7655581912182081,0.46350198847249474,
LNET-02350,shunt_then_series,C,4.060920839758731e-12,F,L,5.076151049698412e-09,H,-0.7999999999999998,-1.6,0.588050733065884,0.5913648617708275,0.6171149814886459,0.3499482229131728,4.223500276338682,0.8327818593421524,0.5913648617708275,
LNET-02315,shunt_then_series,C,3.248736671806984e-12,F,L,2.0304604198793658e-08,H,-1.0,-0.3999999999999999,0.5425136819832654,0.5336933141237399,0.6174001672322447,0.28733191323127283,4.227393816489288,0.9794979799953271,0.5336933141237399,
LNET-02431,shunt_then_series,C,8.121841679517462e-12,F,L,4.51213426639859e-09,H,-0.3999999999999999,-1.7999999999999998,0.5505146060720817,0.5597827745846934,0.618117068516919,0.31446369894181225,4.237207099654331,0.7203169464529521,0.5597827745846934,
LNET-02400,shunt_then_series,C,5.414561119678306e-12,F,C,6.497473343613974e-13,F,-0.6000000000000001,0.20000000000000018,0.4715794938337078,0.4551725985859463,0.6188299040990252,0.2163547043486747,4.247001329610036,0.7986643348846041,0.4551725985859463,
LNET-02310,shunt_then_series,C,3.248736671806984e-12,F,L,5.801315485369615e-09,H,-1.0,-1.4,0.6127601072031169,0.6119414599780654,0.6189862192240335,0.37451095739193774,4.249153970039699,0.9365862323984351,0.6119414599780654,
LNET-00833,series_then_shunt,none,0.0,,L,5.076151049698412e-09,H,0.0,-1.6,0.5378691237775545,0.5491834969402696,0.6193360927029765,0.30320313906255686,4.253978540286051,0.7464512515104109,0.5491834969402696,
LNET-02514,shunt_then_series,none,0.0,,L,5.076151049698412e-09,H,0.0,-1.6,0.5378691237775545,0.5491834969402696,0.6193360927029765,0.30320313906255686,4.253978540286051,0.7464512515104109,0.5491834969402696,
LNET-00848,series_then_shunt,none,0.0,,C,4.548231340529779e-12,F,0.0,1.4000000000000004,0.5353393224422567,0.530725499904753,0.6200101267851356,0.28406899309395417,4.263298158656729,0.729307320013557,0.530725499904753,
LNET-02529,shunt_then_series,none,0.0,,C,4.548231340529779e-12,F,0.0,1.4000000000000004,0.5353393224422567,0.530725499904753,0.6200101267851356,0.28406899309395417,4.263298158656729,0.729307320013557,0.530725499904753,
LNET-02600,shunt_then_series,L,3.248736671806987e-09,H,L,1.0152302099396829e-08,H,0.40000000000000036,-0.7999999999999998,0.48304667276102237,0.4890346037888415,0.6214577084185688,0.24684825929191667,4.283425510118371,0.8041763624896539,0.4890346037888415,
LNET-02653,shunt_then_series,L,4.8731050077104735e-09,H,C,5.197978674891173e-12,F,0.5999999999999996,1.5999999999999996,0.5761277575908258,0.573845463281061,0.6228623018756235,0.32999930005716677,4.303102845317836,0.7648475674949927,0.573845463281061,
LNET-00877,series_then_shunt,L,1.6243683359034936e-09,H,L,8.12184167951746e-09,H,0.20000000000000018,-1.0,0.5237814073173211,0.5250942592941402,0.6240248596600263,0.2804347270620955,4.319500640897453,0.7301184206390435,0.5250942592941402,
LNET-02272,shunt_then_series,C,2.707280559839153e-12,F,L,1.0152302099396829e-08,H,-1.2000000000000002,-0.7999999999999998,0.6097143632976441,0.6021657491575403,0.624075284531065,0.3629673169535216,4.320214175078021,1.0856517690445426,0.6021657491575403,
LNET-02472,shunt_then_series,C,1.6243683359034905e-11,F,L,4.51213426639859e-09,H,-0.20000000000000018,-1.7999999999999998,0.5506519646368483,0.5616937472342578,0.6264586487631671,0.3168300998543486,4.3541595686201795,0.724144719240789,0.5616937472342578,
LNET-00971,series_then_shunt,L,4.8731050077104735e-09,H,C,4.548231340529779e-12,F,0.5999999999999996,1.4000000000000004,0.2953863786990584,0.37475226463794525,0.6264743688670156,0.1558957228567477,4.354384902405667,0.6637080645858529,0.37475226463794525,
LNET-02390,shunt_then_series,C,5.414561119678306e-12,F,L,4.51213426639859e-09,H,-0.6000000000000001,-1.7999999999999998,0.5784155853602118,0.5858077852770097,0.626808648077891,0.3436890405165668,4.359180993072509,0.7704781144485178,0.5858077852770097,
LNET-02571,shunt_then_series,L,1.6243683359034936e-09,H,C,5.197978674891173e-12,F,0.20000000000000018,1.5999999999999996,0.5481801988065298,0.5443983313016463,0.6269382841292498,0.29838349573218964,4.361043266881112,0.7090512503820109,0.5443983313016463,
LNET-02271,shunt_then_series,C,2.707280559839153e-12,F,L,8.12184167951746e-09,H,-1.2000000000000002,-1.0,0.6240560246624399,0.6178874359031427,0.6275951231158591,0.3818746709187677,4.370498949245021,1.0733709076450084,0.6178874359031427,
LNET-02643,shunt_then_series,L,4.8731050077104735e-09,H,L,2.0304604198793658e-08,H,0.5999999999999996,-0.3999999999999999,0.4740665532199139,0.4773934212038473,0.6285289889629188,0.2386008841735177,4.384000206143555,0.841024950553361,0.4773934212038473,
LNET-00920,series_then_shunt,L,3.248736671806987e-09,H,L,1.3536402799195764e-08,H,0.40000000000000036,-0.6000000000000001,0.5246048815545106,0.5260661986747284,0.6296305994964131,0.2818299959715417,4.400014140694732,0.7581666375921889,0.5260661986747284,
LNET-00719,series_then_shunt,C,5.414561119678306e-12,F,C,6.497473343613974e-13,F,-0.6000000000000001,0.20000000000000018,0.5104384440402803,0.4989213481628843,0.6312927385678072,0.2546566199973238,4.42435750310768,0.8004931888356643,0.4989213481628843,
LNET-00892,series_then_shunt,L,1.6243683359034936e-09,H,C,6.497473343613968e-12,F,0.20000000000000018,2.0,0.5559913006391104,0.5814206043078785,0.6331405362665478,0.3386513945621301,4.451678906266768,0.7823810824437714,0.5814206043078785,
LNET-01005,series_then_shunt,L,6.497473343613967e-09,H,none,0.0,,0.7999999999999998,0.0,0.48726144177898284,0.49494261628680497,0.6333825799959311,0.25308751780691635,4.455278147933622,0.9014551319069404,0.49494261628680497,
LNET-02686,shunt_then_series,L,6.497473343613967e-09,H,none,0.0,,0.7999999999999998,0.0,0.48726144177898284,0.49494261628680497,0.6333825799959311,0.25308751780691635,4.455278147933622,0.9014551319069402,0.49494261628680497,
LNET-00634,series_then_shunt,C,3.248736671806984e-12,F,L,2.0304604198793658e-08,H,-1.0,-0.3999999999999999,0.4560237544678202,0.4434772941580334,0.6343489747509815,0.2079299324254599,4.469696136194188,1.37992235884389,0.4434772941580334,
LNET-00672,series_then_shunt,C,4.060920839758731e-12,F,L,8.12184167951746e-09,H,-0.7999999999999998,-1.0,0.30299675238112983,0.2824773148499692,0.6363009147160293,0.11854112272569303,4.499051498681749,0.6977726983526756,0.2824773148499692,
LNET-00633,series_then_shunt,C,3.248736671806984e-12,F,L,1.3536402799195764e-08,H,-1.0,-0.6000000000000001,0.4160282585744101,0.40188430343948817,0.6407460539620976,0.17894384309246333,4.56709264312157,1.4170064236102105,0.40188430343948817,
LNET-01047,series_then_shunt,L,8.12184167951746e-09,H,C,6.497473343613974e-13,F,1.0,0.20000000000000018,0.4901653819764348,0.49820323288543855,0.6433965504896503,0.2571399921931274,4.608470705334425,1.1792752675879108,0.49820323288543855,
LNET-02734,shunt_then_series,L,8.12184167951746e-09,H,C,4.548231340529779e-12,F,1.0,1.4000000000000004,0.6426379323059289,0.6409625512684985,0.6435893406997019,0.4108398180429491,4.611504448061066,0.9737328508274199,0.6409625512684985,
LNET-02273,shunt_then_series,C,2.707280559839153e-12,F,L,1.3536402799195764e-08,H,-1.2000000000000002,-0.6000000000000001,0.6042017824270496,0.5954005608161487,0.6443556343005544,0.35562334634373927,4.623595346622745,1.1149323420502895,0.5954005608161487,
LNET-02772,shunt_then_series,L,9.746210015420954e-09,H,C,2.5989893374455867e-12,F,1.2000000000000002,0.7999999999999998,0.6231213139965293,0.6209052305540951,0.644583279518424,0.3859734215492077,4.627197272233216,1.1093277889942321,0.6209052305540951,
LNET-02694,shunt_then_series,L,6.497473343613967e-09,H,C,5.197978674891173e-12,F,0.7999999999999998,1.5999999999999996,0.6223463575421802,0.6216976017313416,0.6446942525001773,0.38665475314116254,4.628954820104615,0.8668350635858513,0.6216976017313416,
LNET-00790,series_then_shunt,C,1.6243683359034905e-11,F,L,4.06092083975873e-09,H,-0.20000000000000018,-2.0,0.5300164022870764,0.5623546624493281,0.6450961803360001,0.31707750725368233,4.635329599702453,0.7689589355625771,0.5623546624493281,
LNET-02270,shunt_then_series,C,2.707280559839153e-12,F,L,6.768201399597882e-09,H,-1.2000000000000002,-1.2000000000000002,0.6452477174336332,0.6409618053134647,0.645851452884702,0.41085413973970003,4.647347747974447,1.0763397605202674,0.6409618053134647,
LNET-02556,shunt_then_series,L,1.6243683359034936e-09,H,L,5.801315485369615e-09,H,0.20000000000000018,-1.4,0.547456282002948,0.5585606198434189,0.645938107060631,0.3146700242390712,4.648729896901072,0.815342658037343,0.5585606198434189,
LNET-02487,shunt_then_series,C,1.6243683359034905e-11,F,C,3.898484006168382e-12,F,-0.20000000000000018,1.2000000000000002,0.544916810676496,0.5376819116766292,0.6467990656565287,0.29281136155986687,4.662499176899385,0.7922260292195378,0.5376819116766292,
LNET-00932,series_then_shunt,L,3.248736671806987e-09,H,C,5.847726009252571e-12,F,0.40000000000000036,1.7999999999999998,0.44026607696540226,0.49853233413374387,0.6489877887274397,0.25242824167827055,4.697807471566862,0.7365151254243542,0.49853233413374387,
LNET-02430,shunt_then_series,C,8.121841679517462e-12,F,L,4.06092083975873e-09,H,-0.3999999999999999,-2.0,0.5910295546320136,0.6016570190947781,0.6494626260825287,0.36263045746268724,4.705525712276459,0.7545133209537552,0.6016570190947781,
LNET-00832,series_then_shunt,none,0.0,,L,4.51213426639859e-09,H,0.0,-1.7999999999999998,0.5787729233057185,0.5910442248860428,0.6496157119615191,0.350322417912181,4.708018505043098,0.7814982078660281,0.5910442248860428,
LNET-02513,shunt_then_series,none,0.0,,L,4.51213426639859e-09,H,0.0,-1.7999999999999998,0.5787729233057185,0.5910442248860428,0.6496157119615191,0.350322417912181,4.708018505043098,0.7814982078660281,0.5910442248860428,
LNET-02613,shunt_then_series,L,3.248736671806987e-09,H,C,5.847726009252571e-12,F,0.40000000000000036,1.7999999999999998,0.5887531689608009,0.587873791735169,0.6496378619802996,0.3466241862021539,4.7083793679999255,0.7444611874986736,0.587873791735169,
LNET-02349,shunt_then_series,C,4.060920839758731e-12,F,L,4.51213426639859e-09,H,-0.7999999999999998,-1.7999999999999998,0.6243746310223475,0.629795430926053,0.6502261741935634,0.3967551485144974,4.717980741951778,0.8645323444991955,0.629795430926053,
LNET-00805,series_then_shunt,C,1.6243683359034905e-11,F,C,3.248736671806984e-12,F,-0.20000000000000018,1.0,0.5601305375878886,0.5469813583025765,0.6505707633091422,0.303170138536991,4.723619520050099,0.7519906763341371,0.5469813583025765,
LNET-02444,shunt_then_series,C,8.121841679517462e-12,F,C,2.5989893374455867e-12,F,-0.3999999999999999,0.7999999999999998,0.5244077323623304,0.5101226890292837,0.6514278526902404,0.26709828007253283,4.737693087172264,0.8287071171585063,0.5101226890292837,
LNET-00849,series_then_shunt,none,0.0,,C,5.197978674891173e-12,F,0.0,1.5999999999999996,0.5764566456087078,0.5749534284748793,0.6518042116842646,0.3321997003481487,4.743894863502626,0.7678295230934591,0.5749534284748793,
LNET-02530,shunt_then_series,none,0.0,,C,5.197978674891173e-12,F,0.0,1.5999999999999996,0.5764566456087078,0.5749534284748793,0.6518042116842646,0.3321997003481487,4.743894863502626,0.7678295230934591,0.5749534284748793,
LNET-00762,series_then_shunt,C,8.121841679517462e-12,F,C,1.949242003084189e-12,F,-0.3999999999999999,0.5999999999999996,0.5546203073951861,0.5412984387217963,0.6519149179112457,0.2974299042730454,4.745721672410087,0.7754205530613846,0.5412984387217963,
LNET-02309,shunt_then_series,C,3.248736671806984e-12,F,L,5.076151049698412e-09,H,-1.0,-1.6,0.6444246192377903,0.6459595652782109,0.6521734175430898,0.417278561154407,4.749991808770872,0.9619855068066889,0.6459595652782109,
LNET-02773,shunt_then_series,L,9.746210015420954e-09,H,C,3.248736671806984e-12,F,1.2000000000000002,1.0,0.6439703214402664,0.6410089246776768,0.6523770298493362,0.41104099539503275,4.753359736651399,1.105089623390558,0.6410089246776768,
LNET-01050,series_then_shunt,L,8.12184167951746e-09,H,C,2.5989893374455867e-12,F,1.0,0.7999999999999998,0.3679231257966658,0.38654147021155205,0.6523972043412822,0.17893002582624404,4.753693655455042,1.1884665403920216,0.38654147021155205,
LNET-02358,shunt_then_series,C,4.060920839758731e-12,F,none,0.0,,-0.7999999999999998,0.0,0.5125259718869067,0.4991672411858919,0.6525952275925224,0.2569372147301921,4.756973302756366,0.911870550096727,0.4991672411858919,
LNET-00677,series_then_shunt,C,4.060920839758731e-12,F,none,0.0,,-0.7999999999999998,0.0,0.5125259718869066,0.4991672411858919,0.6525952275925225,0.25693721473019215,4.756973302756368,0.911870550096727,0.4991672411858919,
LNET-02599,shunt_then_series,L,3.248736671806987e-09,H,L,8.12184167951746e-09,H,0.40000000000000036,-1.0,0.5270867673959866,0.5350551884754429,0.653424655615798,0.29208269193531483,4.77075095619862,0.8644466586220875,0.5350551884754429,
LNET-02401,shunt_then_series,C,5.414561119678306e-12,F,C,1.2994946687227947e-12,F,-0.6000000000000001,0.40000000000000036,0.5115022410276662,0.49262425537684235,0.6545354747934233,0.2521282567389404,4.789306438350115,0.8639030080627719,0.49262425537684235,
LNET-02728,shunt_then_series,L,8.12184167951746e-09,H,C,6.497473343613974e-13,F,1.0,0.20000000000000018,0.5433418054217083,0.5479686506010951,0.6545657222705145,0.30530273894165844,4.789813371000281,1.0286746781055125,0.5479686506010951,
LNET-02771,shunt_then_series,L,9.746210015420954e-09,H,C,1.949242003084189e-12,F,1.2000000000000002,0.5999999999999996,0.6092662249098398,0.6087465797452766,0.6549666795217213,0.3717828534534184,4.796541612930709,1.1295205261779735,0.6087465797452766,
LNET-02471,shunt_then_series,C,1.6243683359034905e-11,F,L,4.06092083975873e-09,H,-0.20000000000000018,-2.0,0.5907820009862942,0.6027747980324538,0.6563697597082637,0.36413805832441193,4.820209531914402,0.7569297246838236,0.6027747980324538,
LNET-02654,shunt_then_series,L,4.8731050077104735e-09,H,C,5.847726009252571e-12,F,0.5999999999999996,1.7999999999999998,0.6147854565194657,0.615187270648798,0.6566493853211472,0.37888706486789153,4.824949525343552,0.7990575673113047,0.615187270648798,
LNET-02389,shunt_then_series,C,5.414561119678306e-12,F,L,4.06092083975873e-09,H,-0.6000000000000001,-2.0,0.6169246428865922,0.625858785953615,0.6583125464752453,0.3919677651182775,4.853302424097065,0.803572121958753,0.625858785953615,
LNET-02572,shunt_then_series,L,1.6243683359034936e-09,H,C,5.847726009252571e-12,F,0.20000000000000018,1.7999999999999998,0.5885208784152717,0.5877544741201675,0.6583778558574139,0.3467957396834856,4.854421425225998,0.744598371406989,0.5877544741201675,
LNET-00962,series_then_shunt,L,4.8731050077104735e-09,H,L,2.0304604198793658e-08,H,0.5999999999999996,-0.3999999999999999,0.5502897380530736,0.5531791290359364,0.6588279380622909,0.3110902163428922,4.862144715604405,0.8309025382578923,0.5531791290359364,
LNET-00876,series_then_shunt,L,1.6243683359034936e-09,H,L,6.768201399597882e-09,H,0.20000000000000018,-1.2000000000000002,0.5682053640061604,0.5701950767528778,0.6601252959617893,0.3289399995284334,4.884521490528898,0.7692492333182566,0.5701950767528778,
LNET-00711,series_then_shunt,C,5.414561119678306e-12,F,L,5.801315485369615e-09,H,-0.6000000000000001,-1.4,0.3230671267468122,0.3571326298779062,0.6604383090228482,0.14712999061037446,4.889945930722128,0.6434099958134734,0.3571326298779062,
LNET-02642,shunt_then_series,L,4.8731050077104735e-09,H,L,1.3536402799195764e-08,H,0.5999999999999996,-0.6000000000000001,0.5140993405578294,0.51770076471462,0.6609935462929706,0.2775921988550428,4.899592701348415,0.9092190089598532,0.51770076471462,
LNET-00635,series_then_shunt,C,3.248736671806984e-12,F,L,4.060920839758726e-08,H,-1.0,-0.20000000000000018,0.5162778600826825,0.5023182059927692,0.6627759129416677,0.26081921951223414,4.930774451630569,1.1879609566921538,0.5023182059927692,
LNET-02685,shunt_then_series,L,6.497473343613967e-09,H,L,4.060920839758726e-08,H,0.7999999999999998,-0.20000000000000018,0.5145542289265862,0.5177339135415999,0.6650664661920116,0.2782611728245306,4.971334005470367,0.957382760491597,0.5177339135415999,
LNET-02316,shunt_then_series,C,3.248736671806984e-12,F,L,4.060920839758726e-08,H,-1.0,-0.20000000000000018,0.5581210469964547,0.5463089718625902,0.6651405245286675,0.3033175579861237,4.972654640233469,1.0319552009250446,0.5463089718625902,
LNET-00919,series_then_shunt,L,3.248736671806987e-09,H,L,1.0152302099396829e-08,H,0.40000000000000036,-0.7999999999999998,0.5767173528812495,0.5769974598373135,0.6715618742106524,0.3373306020165915,5.089427027368779,0.7984413564805465,0.5769974598373135,
LNET-01011,series_then_shunt,L,6.497473343613967e-09,H,C,3.898484006168382e-12,F,0.7999999999999998,1.2000000000000002,0.3192032669450018,0.3622303843652096,0.6719699346556758,0.16656735134808665,5.097002108330084,0.7445158036297932,0.3622303843652096,
LNET-02269,shunt_then_series,C,2.707280559839153e-12,F,L,5.801315485369615e-09,H,-1.2000000000000002,-1.4,0.6708192729049021,0.6687826877800298,0.6729483146289453,0.44727913306769707,5.115241380673245,1.0905197837008014,0.6687826877800298,
LNET-02774,shunt_then_series,L,9.746210015420954e-09,H,C,3.898484006168382e-12,F,1.2000000000000002,1.2000000000000002,0.669351077087912,0.666853223190215,0.6732100748854145,0.44474793573016264,5.1201397175837675,1.113821096648704,0.666853223190215,
LNET-02555,shunt_then_series,L,1.6243683359034936e-09,H,L,5.076151049698412e-09,H,0.20000000000000018,-1.6,0.5878374556570422,0.6000141042994958,0.6744089964012243,0.36177756709356546,5.142675866021749,0.8530394963758485,0.6000141042994958,
LNET-02488,shunt_then_series,C,1.6243683359034905e-11,F,C,4.548231340529779e-12,F,-0.20000000000000018,1.4000000000000004,0.5855114422556817,0.5815608475464162,0.6766802753122652,0.3408437824831935,5.1858273630896425,0.8341297023211511,0.5815608475464162,
LNET-00831,series_then_shunt,none,0.0,,L,4.06092083975873e-09,H,0.0,-2.0,0.6162791757634483,0.6290143384125743,0.6771989137215565,0.39625188863422295,5.195766015095838,0.8106439804415134,0.6290143384125743,
LNET-02512,shunt_then_series,none,0.0,,L,4.06092083975873e-09,H,0.0,-2.0,0.6162791757634483,0.6290143384125743,0.6771989137215565,0.39625188863422295,5.195766015095838,0.8106439804415134,0.6290143384125743,
LNET-02735,shunt_then_series,L,8.12184167951746e-09,H,C,5.197978674891173e-12,F,1.0,1.5999999999999996,0.6746312044999687,0.6749013842222993,0.677430016768181,0.45549360906789815,5.200204929057751,1.00006063041189,0.6749013842222993,
LNET-02695,shunt_then_series,L,6.497473343613967e-09,H,C,5.847726009252571e-12,F,0.7999999999999998,1.7999999999999998,0.6574123364674795,0.6590730877665453,0.6775504893788655,0.4344495774534442,5.202521430866494,0.8977220955854737,0.6590730877665453,
LNET-00720,series_then_shunt,C,5.414561119678306e-12,F,C,1.2994946687227947e-12,F,-0.6000000000000001,0.40000000000000036,0.5758405952340782,0.563478656576042,0.6777712654849138,0.32206387932988434,5.206771109379023,0.8434770785214327,0.563478656576042,
LNET-02429,shunt_then_series,C,8.121841679517462e-12,F,L,3.691746217962481e-09,H,-0.3999999999999999,-2.2,0.628460163229069,0.6398739321467486,0.6780065897856212,0.40979074171774843,5.211307239699184,0.784426888347902,0.6398739321467486,
LNET-00632,series_then_shunt,C,3.248736671806984e-12,F,L,1.0152302099396829e-08,H,-1.0,-0.7999999999999998,0.4113300586149525,0.3886451095922398,0.6784505519371845,0.17859412606505679,5.219883168977778,1.2010093139108857,0.3886451095922398,
LNET-01004,series_then_shunt,L,6.497473343613967e-09,H,L,4.060920839758726e-08,H,0.7999999999999998,-0.20000000000000018,0.5591313099382315,0.5634004987063637,0.6786432959291945,0.3233309188126163,5.2236137434348775,0.9245391612136672,0.5634004987063637,
LNET-00750,series_then_shunt,C,8.121841679517462e-12,F,L,4.51213426639859e-09,H,-0.3999999999999999,-1.7999999999999998,0.4356496436300255,0.4809169973051321,0.6787365747773189,0.23713081814421455,5.225420769929587,0.7220821984059852,0.4809169973051321,
LNET-02770,shunt_then_series,L,9.746210015420954e-09,H,C,1.2994946687227947e-12,F,1.2000000000000002,0.40000000000000036,0.6043333511158683,0.605631653699329,0.6792193492420155,0.3694461109790371,5.2347900201403235,1.1660145911434348,0.605631653699329,
LNET-02274,shunt_then_series,C,2.707280559839153e-12,F,L,2.0304604198793658e-08,H,-1.2000000000000002,-0.3999999999999999,0.6083506257354114,0.5977932964591373,0.6792671585182599,0.35990740226280865,5.235719394248137,1.1595802721354798,0.5977932964591373,
LNET-02614,shunt_then_series,L,3.248736671806987e-09,H,C,6.497473343613968e-12,F,0.40000000000000036,2.0,0.6263868513754925,0.6281234909716564,0.6796973599312759,0.3951715802778808,5.244094646147406,0.776421753198315,0.6281234909716564,
LNET-00893,series_then_shunt,L,1.6243683359034936e-09,H,C,7.147220677975366e-12,F,0.20000000000000018,2.2,0.597582004684624,0.6237575727146847,0.67977234012924,0.3896145798253958,5.2455566792924015,0.8140309709219788,0.6237575727146847,
LNET-00850,series_then_shunt,none,0.0,,C,5.847726009252571e-12,F,0.0,1.7999999999999998,0.6141799131324481,0.6152667324827376,0.6805667216092862,0.3796198159099471,5.261088419077321,0.7999240658426896,0.6152667324827376,
LNET-02531,shunt_then_series,none,0.0,,C,5.847726009252571e-12,F,0.0,1.7999999999999998,0.6141799131324481,0.6152667324827376,0.6805667216092862,0.3796198159099471,5.261088419077321,0.7999240658426896,0.6152667324827376,
LNET-02348,shunt_then_series,C,4.060920839758731e-12,F,L,4.06092083975873e-09,H,-0.7999999999999998,-2.0,0.6593213332447752,0.6662892222066885,0.6805891553217653,0.44399735961690645,5.261528164501561,0.8950939737587031,0.6662892222066885,
LNET-02445,shunt_then_series,C,8.121841679517462e-12,F,C,3.248736671806984e-12,F,-0.3999999999999999,1.0,0.5665883980803746,0.5556870804578165,0.682436299725355,0.31409269104577714,5.29794903595814,0.8844541444583486,0.5556870804578165,
LNET-02598,shunt_then_series,L,3.248736671806987e-09,H,L,6.768201399597882e-09,H,0.40000000000000036,-1.2000000000000002,0.5690954237171701,0.5788282750055397,0.6825576828404226,0.3391867505708327,5.300357236223819,0.915652551648912,0.5788282750055397,
LNET-02470,shunt_then_series,C,1.6243683359034905e-11,F,L,3.691746217962481e-09,H,-0.20000000000000018,-2.2,0.6275443500299046,0.63999085851374,0.6835938342760488,0.4100554985958187,5.320989337941352,0.7848594989970098,0.63999085851374,
LNET-02231,shunt_then_series,C,2.320526194147846e-12,F,L,1.0152302099396829e-08,H,-1.4,-0.7999999999999998,0.6676173716559873,0.6594121791322891,0.6849079604044243,0.4352912478932175,5.347351721633537,1.264375199512992,0.6594121791322891,
LNET-00806,series_then_shunt,C,1.6243683359034905e-11,F,C,3.898484006168382e-12,F,-0.20000000000000018,1.2000000000000002,0.6032880278076681,0.5918194820569432,0.6854927939371307,0.353473125840167,5.359154771163508,0.7888188410545648,0.5918194820569432,
LNET-02359,shunt_then_series,C,4.060920839758731e-12,F,C,6.497473343613974e-13,F,-0.7999999999999998,0.20000000000000018,0.5454641599243256,0.5267343347087863,0.6860469313164002,0.2866451080932752,5.370378886200946,0.9730236132857503,0.5267343347087863,
LNET-01089,series_then_shunt,L,9.746210015420954e-09,H,C,1.2994946687227947e-12,F,1.2000000000000002,0.40000000000000036,0.514177783774766,0.5222544182779832,0.6867529402085011,0.28450638507661613,5.38473670377377,2.000264037060628,0.5222544182779832,
LNET-02573,shunt_then_series,L,1.6243683359034936e-09,H,C,6.497473343613968e-12,F,0.20000000000000018,2.0,0.6254975468037212,0.6272304910893985,0.6867905206114806,0.39427555792903807,5.3855027756650635,0.7749394716833807,0.6272304910893985,
LNET-02402,shunt_then_series,C,5.414561119678306e-12,F,C,1.949242003084189e-12,F,-0.6000000000000001,0.5999999999999996,0.5523671801576626,0.5345268235892104,0.6869734591361958,0.294126350416001,5.38923458209311,0.9306923847958013,0.5345268235892104,
LNET-02388,shunt_then_series,C,5.414561119678306e-12,F,L,3.691746217962481e-09,H,-0.6000000000000001,-2.2,0.6527720616640271,0.6626474546926517,0.6869992314066228,0.43923958580390116,5.389760667323544,0.8334071984242174,0.6626474546926517,
LNET-02655,shunt_then_series,L,4.8731050077104735e-09,H,C,6.497473343613968e-12,F,0.5999999999999996,2.0,0.6508133659428772,0.6536063222696535,0.6871397119018224,0.42743799101050267,5.392629797017854,0.8303354817041648,0.6536063222696535,
LNET-02230,shunt_then_series,C,2.320526194147846e-12,F,L,8.12184167951746e-09,H,-1.4,-1.0,0.6807017671004402,0.6739701282007144,0.6877256001063523,0.45441357155381107,5.404623628069245,1.2479545911534016,0.6739701282007144,
LNET-02641,shunt_then_series,L,4.8731050077104735e-09,H,L,1.0152302099396829e-08,H,0.5999999999999996,-0.7999999999999998,0.5549275979285212,0.5601494555747636,0.6908108161227134,0.3214369852245083,5.4685315796615175,0.9749526847354765,0.5601494555747636,
LNET-00875,series_then_shunt,L,1.6243683359034936e-09,H,L,5.801315485369615e-09,H,0.20000000000000018,-1.4,0.6086451456752497,0.6114463564535392,0.6921693733292522,0.3768499610942543,5.497079324531207,0.8020042391841529,0.6114463564535392,
LNET-00763,series_then_shunt,C,8.121841679517462e-12,F,C,2.5989893374455867e-12,F,-0.3999999999999999,0.7999999999999998,0.606059972825898,0.5929080530518132,0.6924832416770237,0.3552629926079967,5.503710597454515,0.8142673923420681,0.5929080530518132,
LNET-00972,series_then_shunt,L,4.8731050077104735e-09,H,C,5.197978674891173e-12,F,0.5999999999999996,1.5999999999999996,0.38254906055763965,0.4501634817622058,0.6941228279804268,0.21856030818341793,5.538572286368658,0.7327762532447673,0.4501634817622058,
LNET-02684,shunt_then_series,L,6.497473343613967e-09,H,L,2.0304604198793658e-08,H,0.7999999999999998,-0.3999999999999999,0.5477425190287275,0.5492461441050687,0.6949685385205525,0.3120406314910555,5.5567007098209,1.0232458215694267,0.5492461441050687,
LNET-02308,shunt_then_series,C,3.248736671806984e-12,F,L,4.51213426639859e-09,H,-1.0,-1.7999999999999998,0.6763842549085114,0.6799224318456263,0.6950403669739478,0.46231003397076387,5.558245037726495,0.9896837307772266,0.6799224318456263,
LNET-00678,series_then_shunt,C,4.060920839758731e-12,F,C,6.497473343613974e-13,F,-0.7999999999999998,0.20000000000000018,0.5822289679697694,0.5695152804267518,0.695517007330096,0.32978855053125306,5.568511372220515,0.9334409355141379,0.5695152804267518,
LNET-02727,shunt_then_series,L,8.12184167951746e-09,H,none,0.0,,1.0,0.0,0.5595307268916494,0.5640408022464918,0.6961907191660904,0.32607269691270796,5.58307736521514,1.0853796237927578,0.5640408022464918,
LNET-01046,series_then_shunt,L,8.12184167951746e-09,H,none,0.0,,1.0,0.0,0.5595307268916495,0.5640408022464918,0.6961907191660905,0.3260726969127079,5.583077365215143,1.085379623792758,0.5640408022464918,
LNET-00789,series_then_shunt,C,1.6243683359034905e-11,F,L,3.691746217962481e-09,H,-0.20000000000000018,-2.2,0.5761044053921949,0.6058843463966906,0.6968344317538081,0.3680174528429932,5.597055238066674,0.8023867943733053,0.6058843463966906,
LNET-01090,series_then_shunt,L,9.746210015420954e-09,H,C,1.949242003084189e-12,F,1.2000000000000002,0.5999999999999996,0.4854903913084829,0.4959175063537248,0.6980475380011515,0.2637721570815963,5.6235591747141545,1.9939549939395607,0.4959175063537248,
LNET-02554,shunt_then_series,L,1.6243683359034936e-09,H,L,4.51213426639859e-09,H,0.20000000000000018,-1.7999999999999998,0.6248594886494483,0.6376258778570673,0.7002737664262809,0.4076912554265498,5.672755921807193,0.8836704254753965,0.6376258778570673,
LNET-00671,series_then_shunt,C,4.060920839758731e-12,F,L,6.768201399597882e-09,H,-0.7999999999999998,-1.2000000000000002,0.36685513291729016,0.3481842330768928,0.7007965842864287,0.16019942194015327,5.684415668284376,0.7287989807943175,0.3481842330768928,
LNET-02232,shunt_then_series,C,2.320526194147846e-12,F,L,1.3536402799195764e-08,H,-1.4,-0.6000000000000001,0.6620681547623848,0.652562727642955,0.7009960695760985,0.4269791527416811,5.688875283895352,1.2973467781445391,0.652562727642955,
LNET-00961,series_then_shunt,L,4.8731050077104735e-09,H,L,1.3536402799195764e-08,H,0.5999999999999996,-0.6000000000000001,0.6076557563754408,0.608609062997941,0.7014050211387233,0.37454232097295287,5.698036275181886,0.864110298388732,0.608609062997941,
LNET-00830,series_then_shunt,none,0.0,,L,3.691746217962481e-09,H,0.0,-2.2,0.6503812767649156,0.6631894431168465,0.7022736630347298,0.4401712621146393,5.717578365374173,0.8348927496060679,0.6631894431168465,
LNET-02511,shunt_then_series,none,0.0,,L,3.691746217962481e-09,H,0.0,-2.2,0.6503812767649156,0.6631894431168465,0.7022736630347298,0.4401712621146393,5.717578365374173,0.8348927496060679,0.6631894431168465,
LNET-02775,shunt_then_series,L,9.746210015420954e-09,H,C,4.548231340529779e-12,F,1.2000000000000002,1.4000000000000004,0.6968979354506135,0.6957643472221637,0.7031929134969714,0.4841206017576483,5.738383586335269,1.13135520028523,0.6957643472221637,
LNET-02229,shunt_then_series,C,2.320526194147846e-12,F,L,6.768201399597882e-09,H,-1.4,-1.2000000000000002,0.6995464509684375,0.6946983340568839,0.7033600278753301,0.4826862388507418,5.742179705840362,1.2466548777088433,0.6946983340568839,
LNET-02489,shunt_then_series,C,1.6243683359034905e-11,F,C,5.197978674891173e-12,F,-0.20000000000000018,1.5999999999999996,0.6227517105224704,0.6216382060568468,0.7036334029316327,0.388242703988311,5.74839884043555,0.8684003564340333,0.6216382060568468,
LNET-02428,shunt_then_series,C,8.121841679517462e-12,F,L,3.384100699798942e-09,H,-0.3999999999999999,-2.4,0.6626089446490557,0.6743274561016986,0.7039192790853859,0.4549137069374181,5.754914652402425,0.8104746998847819,0.6743274561016986,
LNET-02813,shunt_then_series,L,1.1370578351324447e-08,H,C,2.5989893374455867e-12,F,1.4000000000000004,0.7999999999999998,0.6798771048568475,0.6773573223085515,0.7044367559407279,0.45937237159626737,5.7667412650232,1.2916262902045819,0.6773573223085515,
LNET-00593,series_then_shunt,C,2.707280559839153e-12,F,L,2.0304604198793658e-08,H,-1.2000000000000002,-0.3999999999999999,0.5415730129866606,0.524806392824753,0.705067911246377,0.286383551228914,5.781222105915838,1.9905594655636025,0.524806392824753,
LNET-00933,series_then_shunt,L,3.248736671806987e-09,H,C,6.497473343613968e-12,F,0.40000000000000036,2.0,0.5014534898314003,0.555019767011522,0.7061801178720859,0.31235982770652504,5.806891301962005,0.7819554087869495,0.555019767011522,
LNET-01088,series_then_shunt,L,9.746210015420954e-09,H,C,6.497473343613974e-13,F,1.2000000000000002,0.20000000000000018,0.5645322528981063,0.5691822462932145,0.7064364942537115,0.3325322902906248,5.812835931072763,1.515280546678339,0.5691822462932145,
LNET-00851,series_then_shunt,none,0.0,,C,6.497473343613968e-12,F,0.0,2.0,0.6484921516806196,0.6516331873722155,0.7065431330624244,0.42530525813069525,5.815311636327945,0.8265756917449443,0.6516331873722155,
LNET-02532,shunt_then_series,none,0.0,,C,6.497473343613968e-12,F,0.0,2.0,0.6484921516806196,0.6516331873722155,0.7065431330624244,0.42530525813069525,5.815311636327945,0.8265756917449443,0.6516331873722155,
LNET-02615,shunt_then_series,L,3.248736671806987e-09,H,C,7.147220677975366e-12,F,0.40000000000000036,2.2,0.660740623066025,0.6645770957408126,0.7067824325038452,0.4420321555232223,5.8208737187147825,0.804328421751145,0.6645770957408126,
LNET-01051,series_then_shunt,L,8.12184167951746e-09,H,C,3.248736671806984e-12,F,1.0,1.0,0.3992473654760502,0.4108890033063019,0.706805054987491,0.20964631372968337,5.821400007134064,1.0225164829935907,0.4108890033063019,
LNET-02696,shunt_then_series,L,6.497473343613967e-09,H,C,6.497473343613968e-12,F,0.7999999999999998,2.0,0.6902273435526217,0.6939267217174193,0.7071525015712283,0.48156716052732895,5.8294932028809985,0.9269812825640519,0.6939267217174193,
LNET-00918,series_then_shunt,L,3.248736671806987e-09,H,L,8.12184167951746e-09,H,0.40000000000000036,-1.0,0.6227409615951714,0.6225628553412644,0.708065799775709,0.39125647775365,5.850858852657258,0.8308705993187833,0.6225628553412644,
LNET-02469,shunt_then_series,C,1.6243683359034905e-11,F,L,3.384100699798942e-09,H,-0.20000000000000018,-2.4,0.6609321460835147,0.6734387104568914,0.7083208556645306,0.453791703613034,5.856849517152097,0.8086703089382564,0.6734387104568914,
LNET-02597,shunt_then_series,L,3.248736671806987e-09,H,L,5.801315485369615e-09,H,0.40000000000000036,-1.4,0.6082664000491281,0.6193192136525667,0.708988787899252,0.3864132858954043,5.872587435935632,0.9574696854991115,0.6193192136525667,
LNET-02446,shunt_then_series,C,8.121841679517462e-12,F,C,3.898484006168382e-12,F,-0.3999999999999999,1.2000000000000002,0.6059635565941197,0.5985248257452858,0.7103305675685525,0.3621407977550233,5.904421993070724,0.9311051034084457,0.5985248257452858,
LNET-02812,shunt_then_series,L,1.1370578351324447e-08,H,C,1.949242003084189e-12,F,1.4000000000000004,0.5999999999999996,0.6672048754037418,0.665835831164423,0.7115586276146716,0.44457661021924755,5.933818070065908,1.315749505318186,0.665835831164423,
LNET-02814,shunt_then_series,L,1.1370578351324447e-08,H,C,3.248736671806984e-12,F,1.4000000000000004,1.0,0.6984358913657512,0.6955930698891711,0.7115825158619165,0.48410106331639213,5.9343923652092965,1.2832141983491419,0.6955930698891711,
LNET-02769,shunt_then_series,L,9.746210015420954e-09,H,C,6.497473343613974e-13,F,1.2000000000000002,0.20000000000000018,0.6090701621417655,0.6114104893160833,0.7117020132135521,0.3785715773333174,5.937266618796987,1.2162378222893018,0.6114104893160833,
LNET-00636,series_then_shunt,C,3.248736671806984e-12,F,none,0.0,,-1.0,0.0,0.58185729945504,0.5663306482334143,0.7117374276489075,0.3281573907005548,5.938118895171997,1.0915662143308744,0.5663306482334143,
LNET-02317,shunt_then_series,C,3.248736671806984e-12,F,none,0.0,,-1.0,0.0,0.58185729945504,0.5663306482334143,0.7117374276489075,0.3281573907005547,5.938118895171997,1.0915662143308744,0.5663306482334143,
LNET-02574,shunt_then_series,L,1.6243683359034936e-09,H,C,7.147220677975366e-12,F,0.20000000000000018,2.2,0.6590927692373507,0.6627912773709529,0.7124252619324125,0.43982392163883127,5.95471380219061,0.8007740076751827,0.6627912773709529,
LNET-02268,shunt_then_series,C,2.707280559839153e-12,F,L,5.076151049698412e-09,H,-1.2000000000000002,-1.6,0.6984278051881334,0.6986000092976432,0.7128651500620621,0.4880637376841202,5.9653683641407005,1.1114850130787068,0.6986000092976432,
LNET-02656,shunt_then_series,L,4.8731050077104735e-09,H,C,7.147220677975366e-12,F,0.5999999999999996,2.2,0.6838205064569207,0.6885343352911478,0.714554733261399,0.474200727865529,6.006597176584179,0.8584008676297644,0.6885343352911478,
LNET-02403,shunt_then_series,C,5.414561119678306e-12,F,C,2.5989893374455867e-12,F,-0.6000000000000001,0.7999999999999998,0.5922225308918042,0.577228554539491,0.7161972732251077,0.340010404601076,6.047148639929621,0.9924379769678316,0.577228554539491,
LNET-00807,series_then_shunt,C,1.6243683359034905e-11,F,C,4.548231340529779e-12,F,-0.20000000000000018,1.4000000000000004,0.6419798833247006,0.6323754277549086,0.7162552371112069,0.40243083513390665,6.048588244019332,0.8192804149297301,0.6323754277549086,
LNET-02360,shunt_then_series,C,4.060920839758731e-12,F,C,1.2994946687227947e-12,F,-0.7999999999999998,0.40000000000000036,0.5813801237936627,0.56131239302175,0.7166582876640902,0.32413895689662253,6.058614785347744,1.040376599383211,0.56131239302175,
LNET-00592,series_then_shunt,C,2.707280559839153e-12,F,L,1.3536402799195764e-08,H,-1.2000000000000002,-0.6000000000000001,0.5177399486958988,0.497378283848423,0.7176840798258513,0.26386426735836843,6.08426219380857,1.981047582276041,0.497378283848423,
LNET-02640,shunt_then_series,L,4.8731050077104735e-09,H,L,8.12184167951746e-09,H,0.5999999999999996,-1.0,0.5946544225510006,0.6017661150200864,0.7179539654264481,0.36785450990208035,6.091041017555736,1.032849682748513,0.6017661150200864,
LNET-02736,shunt_then_series,L,8.12184167951746e-09,H,C,5.847726009252571e-12,F,1.0,1.7999999999999998,0.7055324780447824,0.7077820658633173,0.71850208301524,0.500965010415443,6.104848310860779,1.02753781673926,0.7077820658633173,
LNET-00721,series_then_shunt,C,5.414561119678306e-12,F,C,1.949242003084189e-12,F,-0.6000000000000001,0.5999999999999996,0.6320468313049429,0.6197872420135849,0.7186874515280955,0.3877165552595477,6.109529990268976,0.8753383228690215,0.6197872420135849,
LNET-02387,shunt_then_series,C,5.414561119678306e-12,F,L,3.384100699798942e-09,H,-0.6000000000000001,-2.4,0.6855884795706937,0.6958808133203869,0.7190891190168974,0.48434229835191983,6.119695730548453,0.8599897999489722,0.6958808133203869,
LNET-02275,shunt_then_series,C,2.707280559839153e-12,F,L,4.060920839758726e-08,H,-1.2000000000000002,-0.20000000000000018,0.6215306386263343,0.608396829535798,0.7195856689094384,0.37465966966721315,6.132303089580994,1.2153460952864967,0.608396829535798,
LNET-01003,series_then_shunt,L,6.497473343613967e-09,H,L,2.0304604198793658e-08,H,0.7999999999999998,-0.3999999999999999,0.6216479088806195,0.6236443576518754,0.7202181563429813,0.3932828706275802,6.148426695092396,0.9414717472949267,0.6236443576518754,
LNET-00874,series_then_shunt,L,1.6243683359034936e-09,H,L,5.076151049698412e-09,H,0.20000000000000018,-1.6,0.6451549261639392,0.6487313219429035,0.7205863831713899,0.42312813611854394,6.157847289979367,0.8292207835440817,0.6487313219429035,
LNET-00594,series_then_shunt,C,2.707280559839153e-12,F,L,4.060920839758726e-08,H,-1.2000000000000002,-0.20000000000000018,0.587301638747108,0.5711846055175189,0.7219043003258648,0.3342366251820886,6.1917688851123724,1.5123711732313827,0.5711846055175189,
LNET-02683,shunt_then_series,L,6.497473343613967e-09,H,L,1.3536402799195764e-08,H,0.7999999999999998,-0.6000000000000001,0.5837317134116884,0.5858203487572318,0.7226560430874335,0.3522409828686384,6.211262225664811,1.0920332490630982,0.5858203487572318,
LNET-00710,series_then_shunt,C,5.414561119678306e-12,F,L,5.076151049698412e-09,H,-0.6000000000000001,-1.6,0.40931796080816124,0.4322516325171654,0.7229687552715061,0.20648567588675637,6.219402280634848,0.7155035828966363,0.4322516325171654,
LNET-02726,shunt_then_series,L,8.12184167951746e-09,H,L,4.060920839758726e-08,H,1.0,-0.20000000000000018,0.5836736028770155,0.5846094215959279,0.7231631632453693,0.3512536863047666,6.224472087768666,1.1450705791543765,0.5846094215959279,
LNET-00894,series_then_shunt,L,1.6243683359034936e-09,H,C,7.796968012336763e-12,F,0.20000000000000018,2.4000000000000004,0.6352057629871652,0.6612621102920129,0.7232125323791203,0.43783329885800315,6.225760679090546,0.8397100071709248,0.6612621102920129,
LNET-02553,shunt_then_series,L,1.6243683359034936e-09,H,L,4.06092083975873e-09,H,0.20000000000000018,-2.0,0.6585017068843493,0.6714568403746277,0.7237301080064021,0.45155810517959755,6.239297722845409,0.9084769440312821,0.6714568403746277,
LNET-00829,series_then_shunt,none,0.0,,L,3.384100699798942e-09,H,0.0,-2.4,0.6812087086031003,0.6937977403185438,0.7250394147476953,0.48156801496459406,6.2737697956410505,0.8551361078446705,0.6937977403185438,
LNET-02510,shunt_then_series,none,0.0,,L,3.384100699798942e-09,H,0.0,-2.4,0.6812087086031003,0.6937977403185438,0.7250394147476953,0.48156801496459406,6.2737697956410505,0.8551361078446705,0.6937977403185438,
LNET-02347,shunt_then_series,C,4.060920839758731e-12,F,L,3.691746217962481e-09,H,-0.7999999999999998,-2.2,0.6919794829679919,0.6998933145356226,0.7260200027988362,0.4899108017231741,6.29980297989252,0.9234855770932489,0.6998933145356226,
LNET-02427,shunt_then_series,C,8.121841679517462e-12,F,L,3.1237852613528696e-09,H,-0.3999999999999999,-2.6,0.6934970156992192,0.7051498718444617,0.7273969420962938,0.49736113565399603,6.336674853832624,0.8331496390051973,0.7051498718444617,
LNET-00764,series_then_shunt,C,8.121841679517462e-12,F,C,3.248736671806984e-12,F,-0.3999999999999999,1.0,0.6508999640284753,0.6385608263019923,0.7276401182156672,0.410803963595928,6.343225393171865,0.8450381450932923,0.6385608263019923,
LNET-02490,shunt_then_series,C,1.6243683359034905e-11,F,C,5.847726009252571e-12,F,-0.20000000000000018,1.7999999999999998,0.656605804118104,0.6578130794437754,0.7279137508182268,0.43393277416462783,6.350610352468993,0.8961878646536396,0.6578130794437754,
LNET-02233,shunt_then_series,C,2.320526194147846e-12,F,L,2.0304604198793658e-08,H,-1.4,-0.3999999999999999,0.6648802072055957,0.6537513937450083,0.7296248133908572,0.42971751081099124,6.397128505328489,1.3450360535789188,0.6537513937450083,
LNET-00852,series_then_shunt,none,0.0,,C,7.147220677975366e-12,F,0.0,2.2,0.6795168838876654,0.6842191516212726,0.7299828234707022,0.46857968104698244,6.406936202012293,0.8487349856513507,0.6842191516212726,
LNET-02533,shunt_then_series,none,0.0,,C,7.147220677975366e-12,F,0.0,2.2,0.6795168838876654,0.6842191516212726,0.7299828234707022,0.46857968104698244,6.406936202012293,0.8487349856513507,0.6842191516212726,
LNET-00631,series_then_shunt,C,3.248736671806984e-12,F,L,8.12184167951746e-09,H,-1.0,-1.0,0.4440318566795837,0.40918621374858954,0.7302303935952238,0.20488265991991367,6.413733617563636,1.038082188029694,0.40918621374858954,
LNET-02468,shunt_then_series,C,1.6243683359034905e-11,F,L,3.1237852613528696e-09,H,-0.20000000000000018,-2.6,0.6910768431764539,0.7033510585924867,0.7307520999070701,0.4948697908291955,6.4280987866932575,0.829034468073455,0.7033510585924867,
LNET-02815,shunt_then_series,L,1.1370578351324447e-08,H,C,3.898484006168382e-12,F,1.4000000000000004,1.2000000000000002,0.7207271007381807,0.7185280338529484,0.7307961547003788,0.5164161967890084,6.429314383581781,1.2878641538245255,0.7185280338529484,
LNET-02811,shunt_then_series,L,1.1370578351324447e-08,H,C,1.2994946687227947e-12,F,1.4000000000000004,0.40000000000000036,0.6621530751716959,0.6621342276337309,0.7308969775977534,0.44086957137457733,6.432097871463012,1.3556603250211576,0.6621342276337309,
LNET-02616,shunt_then_series,L,3.248736671806987e-09,H,C,7.796968012336763e-12,F,0.40000000000000036,2.4000000000000004,0.6918255813701325,0.6972475484923736,0.7311509095636595,0.4863633695268598,6.439117598478803,0.8286179334642078,0.6972475484923736,
LNET-02228,shunt_then_series,C,2.320526194147846e-12,F,L,5.801315485369615e-09,H,-1.4,-1.4,0.7219924029702566,0.7192649148034171,0.7322173779505335,0.5174021916076459,6.468744553672148,1.2568074966442226,0.7192649148034171,
LNET-00749,series_then_shunt,C,8.121841679517462e-12,F,L,4.06092083975873e-09,H,-0.3999999999999999,-2.0,0.5012042069607235,0.537973962930414,0.7323293483831778,0.295688719052783,6.471868835523493,0.7694264538303364,0.537973962930414,
LNET-02596,shunt_then_series,L,3.248736671806987e-09,H,L,5.076151049698412e-09,H,0.40000000000000036,-1.6,0.6442303641416617,0.6561252979715204,0.7328975771651057,0.4324200993037711,6.4877643518654,0.99086147877,0.6561252979715204,
LNET-01045,series_then_shunt,L,8.12184167951746e-09,H,L,4.060920839758726e-08,H,1.0,-0.20000000000000018,0.6242008342814169,0.626917644688112,0.7335467054673476,0.3982894210122564,6.506005896860513,1.0575731928000613,0.626917644688112,
LNET-01012,series_then_shunt,L,6.497473343613967e-09,H,C,4.548231340529779e-12,F,0.7999999999999998,1.4000000000000004,0.40048237857402,0.43865387825330043,0.733590945403077,0.22617414134562192,6.5072523455556,0.7927545454940766,0.43865387825330043,
LNET-01091,series_then_shunt,L,9.746210015420954e-09,H,C,2.5989893374455867e-12,F,1.2000000000000002,0.7999999999999998,0.48928674794071314,0.4974467205174481,0.734198266907286,0.2736868384038671,6.524405415755442,1.5865220152794899,0.4974467205174481,
LNET-02190,shunt_then_series,C,2.0304604198793647e-12,F,L,1.0152302099396829e-08,H,-1.6,-0.7999999999999998,0.7166264536573486,0.7084156794332906,0.734727541977634,0.5023330317454675,6.539418207642851,1.4482807596189904,0.7084156794332906,
LNET-00679,series_then_shunt,C,4.060920839758731e-12,F,C,1.2994946687227947e-12,F,-0.7999999999999998,0.40000000000000036,0.6429219049926617,0.6309740550127589,0.7351837434382884,0.40199984583897164,6.552406434436282,0.9489474573153159,0.6309740550127589,
LNET-02447,shunt_then_series,C,8.121841679517462e-12,F,C,4.548231340529779e-12,F,-0.3999999999999999,1.4000000000000004,0.6421418747389532,0.6378456882972412,0.7353631160367262,0.40963879606110537,6.557525504561032,0.9688908205515234,0.6378456882972412,
LNET-02575,shunt_then_series,L,1.6243683359034936e-09,H,C,7.796968012336763e-12,F,0.20000000000000018,2.4000000000000004,0.6894319705316776,0.6946061700528082,0.7355344269107574,0.4828003012502541,6.5624209859825875,0.8228026208094491,0.6946061700528082,
LNET-02189,shunt_then_series,C,2.0304604198793647e-12,F,L,8.12184167951746e-09,H,-1.6,-1.0,0.7286818948441043,0.7219351497600703,0.7379206283135825,0.5214127450966126,6.631275926565616,1.4287566055564407,0.7219351497600703,
LNET-02776,shunt_then_series,L,9.746210015420954e-09,H,C,5.197978674891173e-12,F,1.2000000000000002,1.5999999999999996,0.724718749242779,0.7253274449336414,0.7381024804702521,0.5261399023348639,6.636574808310957,1.1538036315804627,0.7253274449336414,
LNET-00960,series_then_shunt,L,4.8731050077104735e-09,H,L,1.0152302099396829e-08,H,0.5999999999999996,-0.7999999999999998,0.6569167669693792,0.6567906912231145,0.7382999908189843,0.4346900201662215,6.642338287487858,0.8893153027998558,0.6567906912231145,
LNET-02307,shunt_then_series,C,3.248736671806984e-12,F,L,4.06092083975873e-09,H,-1.0,-2.0,0.7071842823892504,0.7121669395124886,0.7389688174492637,0.507235490907455,6.661919853622325,1.0173809761755461,0.7121669395124886,
LNET-02657,shunt_then_series,L,4.8731050077104735e-09,H,C,7.796968012336763e-12,F,0.5999999999999996,2.4000000000000004,0.7137105189183819,0.7198479896304967,0.7391505200322152,0.518247583707964,6.667256995287097,0.8833536950800928,0.7198479896304967,
LNET-00788,series_then_shunt,C,1.6243683359034905e-11,F,L,3.384100699798942e-09,H,-0.20000000000000018,-2.4,0.6176222170967234,0.644580963537518,0.7396034587874968,0.4165236526231515,6.680593569665923,0.8295699059823579,0.644580963537518,
LNET-00917,series_then_shunt,L,3.248736671806987e-09,H,L,6.768201399597882e-09,H,0.40000000000000036,-1.2000000000000002,0.6631667527891236,0.6629305619706942,0.7397624949948668,0.44246329396469763,6.685287329974016,0.8569455694986161,0.6629305619706942,
LNET-02318,shunt_then_series,C,3.248736671806984e-12,F,C,6.497473343613974e-13,F,-1.0,0.20000000000000018,0.6108885474457156,0.5911769398034303,0.7403625258388135,0.35793434124249124,6.70304828477253,1.1555432376817185,0.5911769398034303,
LNET-02697,shunt_then_series,L,6.497473343613967e-09,H,C,7.147220677975366e-12,F,0.7999999999999998,2.2,0.7203212548420963,0.7256200452026131,0.740648318866662,0.5265535167767268,6.7115366719823175,0.953937143114325,0.7256200452026131,
LNET-02404,shunt_then_series,C,5.414561119678306e-12,F,C,3.248736671806984e-12,F,-0.6000000000000001,1.0,0.6298765080840922,0.6183458128244518,0.7423818906613985,0.3875629458851266,6.763429384427672,1.0454483504273073,0.6183458128244518,
LNET-02639,shunt_then_series,L,4.8731050077104735e-09,H,L,6.768201399597882e-09,H,0.5999999999999996,-1.2000000000000002,0.6321293638992,0.6408826913488432,0.7425130971769003,0.4148298561313651,6.767385362408326,1.080813141478811,0.6408826913488432,
LNET-00808,series_then_shunt,C,1.6243683359034905e-11,F,C,5.197978674891173e-12,F,-0.20000000000000018,1.5999999999999996,0.6764855016055318,0.6687071865209107,0.7433461407546631,0.44912034485579844,6.792596635331279,0.8443935931921295,0.6687071865209107,
LNET-02361,shunt_then_series,C,4.060920839758731e-12,F,C,1.949242003084189e-12,F,-0.7999999999999998,0.5999999999999996,0.6178249924381582,0.599274881013536,0.7443061410956457,0.3670198692431497,6.821853870757714,1.1069735769566287,0.599274881013536,
LNET-02552,shunt_then_series,L,1.6243683359034936e-09,H,L,3.691746217962481e-09,H,0.20000000000000018,-2.2,0.6888874023294045,0.7017205805946659,0.744982170811379,0.4928478642764584,6.842588913737176,0.9285890118630379,0.7017205805946659,
LNET-01130,series_then_shunt,L,1.1370578351324447e-08,H,C,1.2994946687227947e-12,F,1.4000000000000004,0.40000000000000036,0.5913020098190259,0.5954836580359043,0.7456437307351736,0.3650961756144614,6.862986848252888,2.8160904042462747,0.5954836580359043,
LNET-00828,series_then_shunt,none,0.0,,L,3.1237852613528696e-09,H,0.0,-2.6,0.708968676794745,0.7211326568366168,0.7456963501577614,0.5201722247968178,6.864613823831204,0.8721206293886363,0.7211326568366168,
LNET-02509,shunt_then_series,none,0.0,,L,3.1237852613528696e-09,H,0.0,-2.6,0.708968676794745,0.7211326568366168,0.7456963501577614,0.5201722247968178,6.864613823831204,0.8721206293886363,0.7211326568366168,
LNET-00873,series_then_shunt,L,1.6243683359034936e-09,H,L,4.51213426639859e-09,H,0.20000000000000018,-1.7999999999999998,0.6779331738979282,0.6821687837993482,0.7457856538486937,0.46706296417402854,6.8673766067065936,0.8518032654080937,0.6821687837993482,
LNET-01087,series_then_shunt,L,9.746210015420954e-09,H,none,0.0,,1.2000000000000002,0.0,0.6227582696000382,0.6249760329277269,0.746826327906687,0.39768872030737124,6.899715572568913,1.2757842191627697,0.6249760329277269,
LNET-02768,shunt_then_series,L,9.746210015420954e-09,H,none,0.0,,1.2000000000000002,0.0,0.6227582696000382,0.624976032927727,0.7468263279066871,0.3976887203073711,6.899715572568915,1.2757842191627697,0.624976032927727,
LNET-00637,series_then_shunt,C,3.248736671806984e-12,F,C,6.497473343613974e-13,F,-1.0,0.20000000000000018,0.6438259465572373,0.6308044379299652,0.7470386154187949,0.4027151412886053,6.906345086271318,1.0616383751657288,0.6308044379299652,
LNET-02191,shunt_then_series,C,2.0304604198793647e-12,F,L,1.3536402799195764e-08,H,-1.6,-0.6000000000000001,0.7109743159522333,0.701486139864626,0.7470483264329529,0.4931220226204021,6.906648617092002,1.4839875347057876,0.701486139864626,
LNET-02682,shunt_then_series,L,6.497473343613967e-09,H,L,1.0152302099396829e-08,H,0.7999999999999998,-0.7999999999999998,0.6201243716058031,0.6238734205838373,0.7479547254068023,0.39638552155269274,6.935082311017374,1.1565821028468617,0.6238734205838373,
LNET-02725,shunt_then_series,L,8.12184167951746e-09,H,L,2.0304604198793658e-08,H,1.0,-0.3999999999999999,0.6129182749187284,0.6126699619888355,0.7485981273588769,0.384760128611959,6.955390224379934,1.2125957300558758,0.6126699619888355,
LNET-00973,series_then_shunt,L,4.8731050077104735e-09,H,C,5.847726009252571e-12,F,0.5999999999999996,1.7999999999999998,0.46106212865463014,0.5176634069225287,0.7489435273141968,0.28367021537555887,6.966335138082646,0.7854411734230528,0.5176634069225287,
LNET-02491,shunt_then_series,C,1.6243683359034905e-11,F,C,6.497473343613968e-12,F,-0.20000000000000018,2.0,0.6871906128341306,0.690216824634177,0.7497748615641131,0.4772008991118282,6.9928020521904655,0.9186695719137552,0.690216824634177,
LNET-00853,series_then_shunt,none,0.0,,C,7.796968012336763e-12,F,0.0,2.4000000000000004,0.7074582892630501,0.7132964558306518,0.7511286107578647,0.5090533175576549,7.0362793251985005,0.8672299086895525,0.7132964558306518,
LNET-02534,shunt_then_series,none,0.0,,C,7.796968012336763e-12,F,0.0,2.4000000000000004,0.7074582892630501,0.7132964558306518,0.7511286107578647,0.5090533175576549,7.0362793251985005,0.8672299086895525,0.7132964558306518,
LNET-02467,shunt_then_series,C,1.6243683359034905e-11,F,L,2.9006577426848075e-09,H,-0.20000000000000018,-2.8,0.7181881449297913,0.7300259459095819,0.7522287128895669,0.5330552566422714,7.071960328109322,0.8465295133313991,0.7300259459095819,
LNET-00934,series_then_shunt,L,3.248736671806987e-09,H,C,7.147220677975366e-12,F,0.40000000000000036,2.2,0.5561832726698308,0.6045845854065391,0.7524772122550257,0.370062540486593,7.080064135592333,0.8173974822397847,0.6045845854065391,
LNET-02854,shunt_then_series,L,1.2994946687227934e-08,H,C,2.5989893374455867e-12,F,1.5999999999999996,0.7999999999999998,0.727943028131312,0.7253033102232997,0.7526898813341926,0.526627945244794,7.087012414977728,1.4796035961390186,0.7253033102232997,
LNET-00591,series_then_shunt,C,2.707280559839153e-12,F,L,1.0152302099396829e-08,H,-1.2000000000000002,-0.7999999999999998,0.5248070604716114,0.4962759289644961,0.7529527020202551,0.2702168634061373,7.095615764087319,1.6106873522334413,0.4962759289644961,
LNET-02267,shunt_then_series,C,2.707280559839153e-12,F,L,4.51213426639859e-09,H,-1.2000000000000002,-1.7999999999999998,0.7262166528772047,0.7282118343851279,0.7529695992398531,0.5303562641189101,7.0961695153540685,1.135678523205599,0.7282118343851279,
LNET-02617,shunt_then_series,L,3.248736671806987e-09,H,C,8.446715346698158e-12,F,0.40000000000000036,2.5999999999999996,0.7197877120147487,0.7263377944356589,0.7530611545209851,0.527686532931001,7.0991712588611815,0.8497682309223028,0.7263377944356589,
LNET-02188,shunt_then_series,C,2.0304604198793647e-12,F,L,6.768201399597882e-09,H,-1.6,-1.2000000000000002,0.7455264030119676,0.7405750752875515,0.753779830523141,0.548577287370444,7.12281140188221,1.4242122184231936,0.7405750752875515,
LNET-00722,series_then_shunt,C,5.414561119678306e-12,F,C,2.5989893374455867e-12,F,-0.6000000000000001,0.7999999999999998,0.6799257000238729,0.6682944481848944,0.7540983214767039,0.449411051734836,7.133332037465229,0.8991506765749939,0.6682944481848944,
LNET-02595,shunt_then_series,L,3.248736671806987e-09,H,L,4.51213426639859e-09,H,0.40000000000000036,-1.7999999999999998,0.6769010998443856,0.6892105812478587,0.754486165211638,0.4762781116468062,7.146180445285463,1.0172225658239609,0.6892105812478587,
LNET-02576,shunt_then_series,L,1.6243683359034936e-09,H,C,8.446715346698158e-12,F,0.20000000000000018,2.5999999999999996,0.7167218359095863,0.7229515188460813,0.7563630990023515,0.52285347273146,7.208937118352624,0.8416530666498439,0.7229515188460813,
LNET-02737,shunt_then_series,L,8.12184167951746e-09,H,C,6.497473343613968e-12,F,1.0,2.0,0.7344395354630677,0.7383796693041669,0.7564270762944312,0.5452402048454326,7.21109329219861,1.0544107493412036,0.7383796693041669,
LNET-01129,series_then_shunt,L,1.1370578351324447e-08,H,C,6.497473343613974e-13,F,1.4000000000000004,0.20000000000000018,0.6288090199740554,0.6310399797315829,0.7566237230569498,0.40575932927005076,7.217727812756368,1.904694118964014,0.6310399797315829,
LNET-02386,shunt_then_series,C,5.414561119678306e-12,F,L,3.1237852613528696e-09,H,-0.6000000000000001,-2.6,0.7152909676592436,0.7255923086435231,0.7568498022749706,0.5265797073281606,7.2253685940314725,0.8835557200282247,0.7255923086435231,
LNET-01002,series_then_shunt,L,6.497473343613967e-09,H,L,1.3536402799195764e-08,H,0.7999999999999998,-0.6000000000000001,0.6748843934642449,0.6754561829174361,0.756970736756985,0.45946999907720426,7.229461643061962,0.953836514231985,0.6754561829174361,
LNET-02853,shunt_then_series,L,1.2994946687227934e-08,H,C,1.949242003084189e-12,F,1.5999999999999996,0.5999999999999996,0.7162344687350362,0.7143756314304573,0.7572854117730369,0.5114603162369222,7.240130989282746,1.5066606264551718,0.7143756314304573,
LNET-02816,shunt_then_series,L,1.1370578351324447e-08,H,C,4.548231340529779e-12,F,1.4000000000000004,1.4000000000000004,0.7447081594446483,0.743820664372745,0.7576900593373346,0.5533678649121165,7.253891666724161,1.3017087880768252,0.743820664372745,
LNET-02448,shunt_then_series,C,8.121841679517462e-12,F,C,5.197978674891173e-12,F,-0.3999999999999999,1.5999999999999996,0.6750234648811403,0.673390114720292,0.7577995082258333,0.45540566981708314,7.25762154878218,0.9989313420799265,0.673390114720292,
LNET-00670,series_then_shunt,C,4.060920839758731e-12,F,L,5.801315485369615e-09,H,-0.7999999999999998,-1.4,0.4436722017964575,0.4230699441432766,0.7577996608599992,0.2156718316302442,7.257626752718646,0.7798386927369535,0.4230699441432766,
LNET-02810,shunt_then_series,L,1.1370578351324447e-08,H,C,6.497473343613974e-13,F,1.4000000000000004,0.20000000000000018,0.6654766856513624,0.6662572702854203,0.7578119223326092,0.44804259426947945,7.25804481898032,1.4086024828087862,0.6662572702854203,
LNET-00765,series_then_shunt,C,8.121841679517462e-12,F,C,3.898484006168382e-12,F,-0.3999999999999999,1.2000000000000002,0.689842299464408,0.6786167260540378,0.7580215373851406,0.46296496599409825,7.265198391574473,0.8694783509799202,0.6786167260540378,
LNET-00595,series_then_shunt,C,2.707280559839153e-12,F,none,0.0,,-1.2000000000000002,0.0,0.641890306100706,0.6256193419738928,0.7592982151911559,0.39797479262836527,7.309036850675293,1.2771601087449371,0.6256193419738928,
LNET-02276,shunt_then_series,C,2.707280559839153e-12,F,none,0.0,,-1.2000000000000002,0.0,0.641890306100706,0.6256193419738928,0.7592982151911559,0.39797479262836527,7.309036850675293,1.2771601087449371,0.6256193419738928,
LNET-00895,series_then_shunt,L,1.6243683359034936e-09,H,C,8.446715346698158e-12,F,0.20000000000000018,2.5999999999999996,0.6690283691813855,0.6943726091138817,0.7594929452621286,0.4827711251851214,7.315764384457661,0.8607147851414819,0.6943726091138817,
LNET-00552,series_then_shunt,C,2.320526194147846e-12,F,L,2.0304604198793658e-08,H,-1.4,-0.3999999999999999,0.6143233461346819,0.5957857494504833,0.7598023334373011,0.364624461254109,7.326475559153439,2.756027464074813,0.5957857494504833,
LNET-02426,shunt_then_series,C,8.121841679517462e-12,F,L,2.9006577426848075e-09,H,-0.3999999999999999,-2.8,0.7212758862384554,0.7325980597625715,0.7601323444222154,0.5368023240882153,7.337931161174991,0.8529295260622056,0.7325980597625715,
LNET-02855,shunt_then_series,L,1.2994946687227934e-08,H,C,3.248736671806984e-12,F,1.5999999999999996,1.0,0.7445526127488059,0.7418543288975304,0.7601496600270933,0.5506387292041143,7.3385331045431,1.4680349233625813,0.7418543288975304,
LNET-01131,series_then_shunt,L,1.1370578351324447e-08,H,C,1.949242003084189e-12,F,1.4000000000000004,0.5999999999999996,0.5756069982153733,0.5802778618020474,0.760429785053991,0.3520943486117181,7.348283197269459,2.528386335502336,0.5802778618020474,
LNET-01052,series_then_shunt,L,8.12184167951746e-09,H,C,3.898484006168382e-12,F,1.0,1.2000000000000002,0.45826488637202345,0.4661440877127268,0.7612861686694103,0.2602716906595102,7.37823258439618,0.9637197643666504,0.4661440877127268,
LNET-02234,shunt_then_series,C,2.320526194147846e-12,F,L,4.060920839758726e-08,H,-1.4,-0.20000000000000018,0.6756292845057673,0.6622499719359176,0.7635813279127797,0.4424856643914316,7.459568706409761,1.4030739881197993,0.6622499719359176,
LNET-02658,shunt_then_series,L,4.8731050077104735e-09,H,C,8.446715346698158e-12,F,0.5999999999999996,2.5999999999999996,0.7405685360522093,0.7476803293205823,0.7642150153517567,0.5590762823754962,7.482304345985847,0.9054583098668194,0.7476803293205823,
LNET-02551,shunt_then_series,L,1.6243683359034936e-09,H,L,3.384100699798942e-09,H,0.20000000000000018,-2.4,0.7162219186775526,0.7287066605798476,0.7642310009527534,0.5312851577471788,7.48287946287295,0.9449546058272036,0.7287066605798476,
LNET-02638,shunt_then_series,L,4.8731050077104735e-09,H,L,5.801315485369615e-09,H,0.5999999999999996,-1.4,0.6667470756459981,0.6767087436635763,0.7646458869933306,0.46078313563485207,7.497833220120204,1.1189988782048248,0.6767087436635763,
LNET-02346,shunt_then_series,C,4.060920839758731e-12,F,L,3.384100699798942e-09,H,-0.7999999999999998,-2.4,0.7219022120675105,0.7302395474957676,0.7649756664303357,0.5333497824903082,7.50975713715692,0.9493618209452296,0.7302395474957676,
LNET-02405,shunt_then_series,C,5.414561119678306e-12,F,C,3.898484006168382e-12,F,-0.6000000000000001,1.2000000000000002,0.6646952190052065,0.6565740868039802,0.7657651431377875,0.4349239073740789,7.538438842074177,1.0886997011319828,0.6565740868039802,
LNET-02227,shunt_then_series,C,2.320526194147846e-12,F,L,5.076151049698412e-09,H,-1.4,-1.6,0.7460178534051011,0.7452922322733353,0.7663326120414391,0.5555407267577015,7.559174720413636,1.274259045784627,0.7452922322733353,
LNET-02319,shunt_then_series,C,3.248736671806984e-12,F,C,1.2994946687227947e-12,F,-1.0,0.40000000000000036,0.6424868676725957,0.6220299393977036,0.7664874105953959,0.3950759897377364,7.564848709439933,1.2237852424104387,0.6220299393977036,
LNET-00809,series_then_shunt,C,1.6243683359034905e-11,F,C,5.847726009252571e-12,F,-0.20000000000000018,1.7999999999999998,0.707157263694192,0.7010533987082922,0.7672179573966663,0.4929605921178493,7.591728028643726,0.865122839430621,0.7010533987082922,
LNET-00916,series_then_shunt,L,3.248736671806987e-09,H,L,5.801315485369615e-09,H,0.40000000000000036,-1.4,0.6985623768800722,0.6984742960225742,0.7672661779711203,0.49025738578803113,7.593508165529212,0.8779771271818471,0.6984742960225742,
LNET-00872,series_then_shunt,L,1.6243683359034936e-09,H,L,4.06092083975873e-09,H,0.20000000000000018,-2.0,0.7072558585699343,0.7120064498841598,0.7681460105079804,0.5082232816111626,7.6261185515155425,0.8705820128366472,0.7120064498841598,
LNET-01044,series_then_shunt,L,8.12184167951746e-09,H,L,2.0304604198793658e-08,H,1.0,-0.3999999999999999,0.6808290071288565,0.6821260896161976,0.7686484107268845,0.4688584063709028,7.644850922718137,1.041056827642116,0.6821260896161976,
LNET-00553,series_then_shunt,C,2.320526194147846e-12,F,L,4.060920839758726e-08,H,-1.4,-0.20000000000000018,0.648122031120604,0.6313239575341795,0.7689015350743071,0.40554396806446336,7.6543197101853435,1.8857658778576816,0.6313239575341795,
LNET-02362,shunt_then_series,C,4.060920839758731e-12,F,C,2.5989893374455867e-12,F,-0.7999999999999998,0.7999999999999998,0.6531210688129542,0.6375582259125027,0.769062746238762,0.4128020050341339,7.660361060964921,1.1670819762968025,0.6375582259125027,
LNET-00827,series_then_shunt,none,0.0,,L,2.9006577426848075e-09,H,0.0,-2.8,0.7339069936443036,0.7455105884217511,0.7692887840553684,0.5558923898912422,7.668845993512426,0.8864540788018627,0.7455105884217511,
LNET-02508,shunt_then_series,none,0.0,,L,2.9006577426848075e-09,H,0.0,-2.8,0.7339069936443036,0.7455105884217511,0.7692887840553684,0.5558923898912422,7.668845993512426,0.8864540788018627,0.7455105884217511,
LNET-02492,shunt_then_series,C,1.6243683359034905e-11,F,C,7.147220677975366e-12,F,-0.20000000000000018,2.2,0.7147082249374862,0.7191055872524424,0.7694594595141742,0.5176353240059905,7.675263776970994,0.936889203076505,0.7191055872524424,
LNET-02767,shunt_then_series,L,9.746210015420954e-09,H,L,4.060920839758726e-08,H,1.2000000000000002,-0.20000000000000018,0.6434779568045199,0.6427098858177286,0.7697024956676398,0.4213756975144682,7.684418903270637,1.3377575775949855,0.6427098858177286,
LNET-00959,series_then_shunt,L,4.8731050077104735e-09,H,L,8.12184167951746e-09,H,0.5999999999999996,-1.0,0.6990245146685965,0.6983432097306809,0.7700074424464741,0.49031541320169675,7.695933560956826,0.9086277828297238,0.6983432097306809,
LNET-00854,series_then_shunt,none,0.0,,C,8.446715346698158e-12,F,0.0,2.5999999999999996,0.732561065949451,0.73918364996285,0.7702103117918198,0.5465547162719445,7.703610747702831,0.882747636896131,0.73918364996285,
LNET-02535,shunt_then_series,none,0.0,,C,8.446715346698158e-12,F,0.0,2.5999999999999996,0.732561065949451,0.73918364996285,0.7702103117918198,0.5465547162719445,7.703610747702831,0.882747636896131,0.73918364996285,
LNET-00680,series_then_shunt,C,4.060920839758731e-12,F,C,1.949242003084189e-12,F,-0.7999999999999998,0.5999999999999996,0.6944596829315668,0.6834298039566569,0.7703326900069071,0.4698683309328355,7.708248466271271,0.9600767502762879,0.6834298039566569,
LNET-02192,shunt_then_series,C,2.0304604198793647e-12,F,L,2.0304604198793658e-08,H,-1.6,-0.3999999999999999,0.7125615907555934,0.7015826100254333,0.7704980020777468,0.49420974746239693,7.714521085247919,1.5338996213501195,0.7015826100254333,
LNET-02681,shunt_then_series,L,6.497473343613967e-09,H,L,8.12184167951746e-09,H,0.7999999999999998,-1.0,0.655289947638031,0.6608957474829096,0.7708608090141157,0.4421119855955398,7.728319199325471,1.2122762162155745,0.6608957474829096,
LNET-02724,shunt_then_series,L,8.12184167951746e-09,H,L,1.3536402799195764e-08,H,1.0,-0.6000000000000001,0.6445751429588862,0.6450550462052167,0.77209769487977,0.4242076376137228,7.7756900876667245,1.281315601817035,0.6450550462052167,
LNET-02777,shunt_then_series,L,9.746210015420954e-09,H,C,5.847726009252571e-12,F,1.2000000000000002,1.7999999999999998,0.7515049291680067,0.7537992215346255,0.772536376984031,0.5682795795991661,7.792614720023125,1.178265803969125,0.7537992215346255,
LNET-02852,shunt_then_series,L,1.2994946687227934e-08,H,C,1.2994946687227947e-12,F,1.5999999999999996,0.40000000000000036,0.7110088709850513,0.7101693112757936,0.7726484264676573,0.5064414635415866,7.79694813159269,1.5490869915580978,0.7101693112757936,
LNET-02618,shunt_then_series,L,3.248736671806987e-09,H,C,9.096462681059554e-12,F,0.40000000000000036,2.8,0.7448466987827859,0.7521443631160772,0.7727615939826424,0.5657968631570929,7.8013291197229675,0.8682306174269344,0.7521443631160772,
LNET-00709,series_then_shunt,C,5.414561119678306e-12,F,L,4.51213426639859e-09,H,-0.6000000000000001,-1.7999999999999998,0.48727240827396906,0.5001587346666161,0.7732791537472095,0.2691006111773072,7.821420848835524,0.7714789411458991,0.5001587346666161,
LNET-02594,shunt_then_series,L,3.248736671806987e-09,H,L,4.06092083975873e-09,H,0.40000000000000036,-2.0,0.706367254962611,0.7187442120986435,0.7739626369053846,0.5174194869706084,7.848094724777132,1.0379374687424598,0.7187442120986435,
LNET-00787,series_then_shunt,C,1.6243683359034905e-11,F,L,3.1237852613528696e-09,H,-0.20000000000000018,-2.6,0.654765615532026,0.6788535641302575,0.7749767229874504,0.4619819523098958,7.88796939833233,0.8518485067797816,0.6788535641302575,
LNET-00551,series_then_shunt,C,2.320526194147846e-12,F,L,1.3536402799195764e-08,H,-1.4,-0.6000000000000001,0.6020190859991634,0.5791780321969493,0.7750910717941034,0.34948625025127045,7.892488243815145,2.521229918654964,0.5791780321969493,
LNET-02577,shunt_then_series,L,1.6243683359034936e-09,H,C,9.096462681059554e-12,F,0.20000000000000018,2.8,0.7412091851254153,0.7481497164079599,0.775142652519843,0.5598480962140374,7.8945281193290535,0.8578600507685983,0.7481497164079599,
LNET-02698,shunt_then_series,L,6.497473343613967e-09,H,C,7.796968012336763e-12,F,0.7999999999999998,2.4000000000000004,0.7475450021138269,0.7539818866426143,0.7751879190992436,0.5685367522149443,7.8963190589517405,0.9783971661033006,0.7539818866426143,
LNET-02149,shunt_then_series,C,1.8048537065594359e-12,F,L,1.0152302099396829e-08,H,-1.7999999999999998,-0.7999999999999998,0.7575229601640289,0.7496851596895115,0.7752207920838686,0.5624693704082135,7.897620107044026,1.6356485181913414,0.7496851596895115,
LNET-00748,series_then_shunt,C,8.121841679517462e-12,F,L,3.691746217962481e-09,H,-0.3999999999999999,-2.2,0.5591989124153103,0.5883579573143581,0.7753838933365895,0.3525697739704465,7.904080966005792,0.8066578454394655,0.5883579573143581,
LNET-02306,shunt_then_series,C,3.248736671806984e-12,F,L,3.691746217962481e-09,H,-1.0,-2.2,0.7359539601194798,0.7418066384489655,0.7773720595909781,0.5503928131965032,7.983598358433858,1.0438207297453734,0.7418066384489655,
LNET-01086,series_then_shunt,L,9.746210015420954e-09,H,L,4.060920839758726e-08,H,1.2000000000000002,-0.20000000000000018,0.6792391926547021,0.6807968518004429,0.7773933604369201,0.4679405413883792,7.984457983488229,1.1846746443407705,0.6807968518004429,
LNET-02856,shunt_then_series,L,1.2994946687227934e-08,H,C,3.898484006168382e-12,F,1.5999999999999996,1.2000000000000002,0.7641697296968476,0.7621938000946432,0.7776096808925038,0.5811167136980013,7.993197222012463,1.469548415353735,0.7621938000946432,
LNET-02449,shunt_then_series,C,8.121841679517462e-12,F,C,5.847726009252571e-12,F,-0.3999999999999999,1.7999999999999998,0.7046890151806972,0.7052075215919269,0.7779017099249677,0.4986618885198187,8.005022052733194,1.0225898661017725,0.7052075215919269,
LNET-02148,shunt_then_series,C,1.8048537065594359e-12,F,L,8.12184167951746e-09,H,-1.7999999999999998,-1.0,0.7686412561188742,0.7622034997407816,0.7790235455179761,0.5811817179522898,8.05073802857443,1.6137341623291057,0.7622034997407816,
LNET-02187,shunt_then_series,C,2.0304604198793647e-12,F,L,5.801315485369615e-09,H,-1.6,-1.4,0.7652651216680748,0.762252447270138,0.7795712963355261,0.5811329315146736,8.073228516755718,1.431244822439873,0.762252447270138,
LNET-01092,series_then_shunt,L,9.746210015420954e-09,H,C,3.248736671806984e-12,F,1.2000000000000002,1.0,0.523994251554251,0.525640268508049,0.7796263736860775,0.30955656361788497,8.075496162825752,1.3143617384958022,0.525640268508049,
LNET-00638,series_then_shunt,C,3.248736671806984e-12,F,C,1.2994946687227947e-12,F,-1.0,0.40000000000000036,0.6983097158857716,0.6870906396037226,0.7804425375824205,0.47525808842595424,8.10923262629157,1.0439027812342494,0.6870906396037226,
LNET-02466,shunt_then_series,C,1.6243683359034905e-11,F,L,2.7072805598391537e-09,H,-0.20000000000000018,-3.0,0.7425139415160713,0.7537831386589011,0.7806551543086974,0.5682882339895233,8.11806244499003,0.8616373040666891,0.7537831386589011,
LNET-00630,series_then_shunt,C,3.248736671806984e-12,F,L,6.768201399597882e-09,H,-1.0,-1.2000000000000002,0.5010005539899125,0.4586215247335485,0.7811274558526803,0.2510701664279607,8.137738165339874,0.9737377864940404,0.4586215247335485,
LNET-02550,shunt_then_series,L,1.6243683359034936e-09,H,L,3.1237852613528696e-09,H,0.20000000000000018,-2.6,0.7407512923668117,0.7527328742607317,0.7816685705190177,0.5667814629776341,8.160385221469957,0.9583383447445485,0.7527328742607317,
LNET-02277,shunt_then_series,C,2.707280559839153e-12,F,C,6.497473343613974e-13,F,-1.2000000000000002,0.20000000000000018,0.6669984634405601,0.64726758353534,0.7837409646402546,0.42629782986107423,8.248168506222243,1.34279784342696,0.64726758353534,
LNET-01013,series_then_shunt,L,6.497473343613967e-09,H,C,5.197978674891173e-12,F,0.7999999999999998,1.5999999999999996,0.4804980476747233,0.5106829593664086,0.7842338989879543,0.29185148219038876,8.269296662538961,0.8355087282208526,0.5106829593664086,
LNET-00766,series_then_shunt,C,8.121841679517462e-12,F,C,4.548231340529779e-12,F,-0.3999999999999999,1.4000000000000004,0.7236054603205011,0.7135922724366002,0.7842594374806624,0.511155466800547,8.270393924279922,0.8890122565814615,0.7135922724366002,
LNET-00723,series_then_shunt,C,5.414561119678306e-12,F,C,3.248736671806984e-12,F,-0.6000000000000001,1.0,0.7205293020992498,0.7097847078215134,0.7844588725035608,0.5059663065035412,8.278971596884872,0.9171776044038437,0.7097847078215134,
LNET-02150,shunt_then_series,C,1.8048537065594359e-12,F,L,1.3536402799195764e-08,H,-1.7999999999999998,-0.6000000000000001,0.7518396027213425,0.7427825593928461,0.7844696391554132,0.552615150629131,8.279435120707411,1.673443243105852,0.7427825593928461,
LNET-02637,shunt_then_series,L,4.8731050077104735e-09,H,L,5.076151049698412e-09,H,0.5999999999999996,-1.6,0.6982723007294831,0.7089906432984949,0.7845440194390294,0.5046105220105184,8.282638591849308,1.1486641711994419,0.7089906432984949,
LNET-02406,shunt_then_series,C,5.414561119678306e-12,F,C,4.548231340529779e-12,F,-0.6000000000000001,1.4000000000000004,0.6964249533349092,0.6913369661553121,0.7866098547390998,0.48069922593459613,8.372504046776443,1.122828306074362,0.6913369661553121,
LNET-02493,shunt_then_series,C,1.6243683359034905e-11,F,C,7.796968012336763e-12,F,-0.20000000000000018,2.4000000000000004,0.7394034638407937,0.7447928999390979,0.7871942350747456,0.5550546632923616,8.3982416345839,0.9517125949630608,0.7447928999390979,
LNET-02817,shunt_then_series,L,1.1370578351324447e-08,H,C,5.197978674891173e-12,F,1.4000000000000004,1.5999999999999996,0.7687629696321415,0.7694157406663991,0.7872943673419245,0.5921023333069245,8.402665905020964,1.3210310360277762,0.7694157406663991,
LNET-02809,shunt_then_series,L,1.1370578351324447e-08,H,none,0.0,,1.4000000000000004,0.0,0.6766747963935098,0.6773183639636572,0.7874189486497212,0.4647788535582973,8.408176256991574,1.4700517566778364,0.6773183639636572,
LNET-01128,series_then_shunt,L,1.1370578351324447e-08,H,none,0.0,,1.4000000000000004,0.0,0.6766747963935098,0.6773183639636572,0.7874189486497213,0.4647788535582974,8.40817625699158,1.4700517566778364,0.6773183639636572,
LNET-00855,series_then_shunt,none,0.0,,C,9.096462681059554e-12,F,0.0,2.8,0.7550841207326037,0.7622098075175997,0.7874411616992337,0.5810679358575651,8.4091594402207,0.8958451081046893,0.7622098075175997,
LNET-02536,shunt_then_series,none,0.0,,C,9.096462681059554e-12,F,0.0,2.8,0.7550841207326037,0.7622098075175997,0.7874411616992337,0.5810679358575651,8.4091594402207,0.8958451081046893,0.7622098075175997,
LNET-00871,series_then_shunt,L,1.6243683359034936e-09,H,L,3.691746217962481e-09,H,0.20000000000000018,-2.2,0.7334327367605951,0.7385538699058617,0.7880108011821941,0.5464004582260136,8.434442939325887,0.8862654367813755,0.7385538699058617,
LNET-00596,series_then_shunt,C,2.707280559839153e-12,F,C,6.497473343613974e-13,F,-1.2000000000000002,0.20000000000000018,0.6956596610638968,0.6829191058357673,0.7881591793443192,0.4704294481183625,8.441051039217486,1.1839874009914897,0.6829191058357673,
LNET-00810,series_then_shunt,C,1.6243683359034905e-11,F,C,6.497473343613968e-12,F,-0.20000000000000018,2.0,0.7343734671668712,0.7297432168007545,0.7882797296361329,0.5336467492826412,8.446426629640877,0.8823006707244934,0.7297432168007545,
LNET-02385,shunt_then_series,C,5.414561119678306e-12,F,L,2.9006577426848075e-09,H,-0.6000000000000001,-2.8,0.7419723558087385,0.7519916453844785,0.7886645501154773,0.5656126935688799,8.463627617102736,0.9044225741818483,0.7519916453844785,
LNET-01001,series_then_shunt,L,6.497473343613967e-09,H,L,1.0152302099396829e-08,H,0.7999999999999998,-0.7999999999999998,0.7197074223109377,0.7194332369133516,0.7887418768788109,0.5199988241780679,8.467091586592824,0.9629479087158161,0.7194332369133516,
LNET-02425,shunt_then_series,C,8.121841679517462e-12,F,L,2.7072805598391537e-09,H,-0.3999999999999999,-3.0,0.7461678159388928,0.7569832568436122,0.789134918124125,0.5731288643906186,8.484737739448454,0.87024244923914,0.7569832568436122,
LNET-02266,shunt_then_series,C,2.707280559839153e-12,F,L,4.06092083975873e-09,H,-1.2000000000000002,-2.0,0.7529120710205695,0.7561943460069654,0.7895938951137249,0.5719562820443697,8.505427616185395,1.1607188260639971,0.7561943460069654,
LNET-00896,series_then_shunt,L,1.6243683359034936e-09,H,C,9.096462681059554e-12,F,0.20000000000000018,2.8,0.6993094599125492,0.7235605789558154,0.789849689233672,0.5242077333634075,8.516997584761397,0.8780451346990988,0.7235605789558154,
LNET-02738,shunt_then_series,L,8.12184167951746e-09,H,C,7.147220677975366e-12,F,1.0,2.2,0.7609003168720427,0.7661174850349396,0.7898819958686042,0.5870092564211479,8.518460868062093,1.0797571271933513,0.7661174850349396,
LNET-00935,series_then_shunt,L,3.248736671806987e-09,H,C,7.796968012336763e-12,F,0.40000000000000036,2.4000000000000004,0.6046616374895075,0.6478244808912612,0.7899141263612502,0.42425251086393617,8.519916619615616,0.8453648076921547,0.6478244808912612,
LNET-02320,shunt_then_series,C,3.248736671806984e-12,F,C,1.949242003084189e-12,F,-1.0,0.5999999999999996,0.6744896219195066,0.6557427207716717,0.7899957338247904,0.4370141140325059,8.52361605040619,1.2898111067495754,0.6557427207716717,
LNET-02363,shunt_then_series,C,4.060920839758731e-12,F,C,3.248736671806984e-12,F,-0.7999999999999998,1.0,0.6862530139927675,0.6741385064732504,0.7911102370470926,0.4592646592009349,8.574428022357825,1.2176281673198348,0.6741385064732504,
LNET-00915,series_then_shunt,L,3.248736671806987e-09,H,L,5.076151049698412e-09,H,0.40000000000000036,-1.6,0.7295086708529949,0.7296595748762307,0.7911480582523144,0.5342998185840869,8.57616186502208,0.8950401269437516,0.7296595748762307,
LNET-01171,series_then_shunt,L,1.2994946687227934e-08,H,C,1.2994946687227947e-12,F,1.5999999999999996,0.40000000000000036,0.6557722125486116,0.6573200176415761,0.7911962704677651,0.44084981863352346,8.578372974852645,3.743778194517821,0.6573200176415761,
LNET-02619,shunt_then_series,L,3.248736671806987e-09,H,C,9.746210015420952e-12,F,0.40000000000000036,3.0,0.7672556805048829,0.7749983492913383,0.7912790881341997,0.6006805082502944,8.582173545149729,0.8844048108317674,0.7749983492913383,
LNET-02766,shunt_then_series,L,9.746210015420954e-09,H,L,2.0304604198793658e-08,H,1.2000000000000002,-0.3999999999999999,0.6687780326876904,0.6670918520650655,0.791299141674402,0.4531540695253705,8.583094272088537,1.4061384734285118,0.6670918520650655,
LNET-02895,shunt_then_series,L,1.4619315023131425e-08,H,C,2.5989893374455867e-12,F,1.7999999999999998,0.7999999999999998,0.7679747765708649,0.7653646116845634,0.791466948714022,0.5862917196254759,8.590805810716502,1.671374564315974,0.7653646116845634,
LNET-02680,shunt_then_series,L,6.497473343613967e-09,H,L,6.768201399597882e-09,H,0.7999999999999998,-1.2000000000000002,0.6882495519472973,0.6954552663840545,0.7914749048842947,0.487465966224702,8.591171743095241,1.2574811655293208,0.6954552663840545,
LNET-02593,shunt_then_series,L,3.248736671806987e-09,H,L,3.691746217962481e-09,H,0.40000000000000036,-2.2,0.7328180954548121,0.7449998661060083,0.7915305824315826,0.5555605107117404,8.593733331862078,1.0542051888470172,0.7449998661060083,
LNET-02578,shunt_then_series,L,1.6243683359034936e-09,H,C,9.746210015420952e-12,F,0.20000000000000018,3.0,0.7631542310551456,0.770532169590904,0.7920872485453695,0.5937992723355127,8.619419617158153,0.8718678742275651,0.770532169590904,
LNET-00974,series_then_shunt,L,4.8731050077104735e-09,H,C,6.497473343613968e-12,F,0.5999999999999996,2.0,0.5302798781469138,0.576779696757585,0.792543617731921,0.3475763760453821,8.640580724171514,0.8255472736816362,0.576779696757585,
LNET-01132,series_then_shunt,L,1.1370578351324447e-08,H,C,2.5989893374455867e-12,F,1.4000000000000004,0.7999999999999998,0.5877057737669955,0.5891972729661944,0.7931304402995687,0.36827826908439854,8.66792795854648,1.914616180918198,0.5891972729661944,
LNET-02659,shunt_then_series,L,4.8731050077104735e-09,H,C,9.096462681059554e-12,F,0.5999999999999996,2.8,0.7645825108046302,0.7722960420621022,0.7933519612854744,0.5964964230840417,8.678291710103787,0.9250315988420491,0.7722960420621022,
LNET-02723,shunt_then_series,L,8.12184167951746e-09,H,L,1.0152302099396829e-08,H,1.0,-0.7999999999999998,0.6765252155667014,0.6786721644484114,0.793503403983845,0.4669764657717574,8.685389679951589,1.344674022454236,0.6786721644484114,
LNET-02894,shunt_then_series,L,1.4619315023131425e-08,H,C,1.949242003084189e-12,F,1.7999999999999998,0.5999999999999996,0.7571478598017792,0.7550654980375016,0.7941971774688426,0.5710849616020993,8.7180397013127,1.7006831998197054,0.7550654980375016,
LNET-02147,shunt_then_series,C,1.8048537065594359e-12,F,L,6.768201399597882e-09,H,-1.7999999999999998,-1.2000000000000002,0.7837227383946559,0.7789493016852561,0.7943557855976504,0.6069054694947585,8.725534977059628,1.606665499715043,0.7789493016852561,
LNET-00826,series_then_shunt,none,0.0,,L,2.7072805598391537e-09,H,0.0,-3.0,0.7562824777478018,0.7672453914255567,0.7946325992299803,0.5887603009320067,8.738643974170449,0.8986247727908144,0.7672453914255567,
LNET-02507,shunt_then_series,none,0.0,,L,2.7072805598391537e-09,H,0.0,-3.0,0.7562824777478018,0.7672453914255567,0.7946325992299803,0.5887603009320067,8.738643974170449,0.8986247727908144,0.7672453914255567,
LNET-02851,shunt_then_series,L,1.2994946687227934e-08,H,C,6.497473343613974e-13,F,1.5999999999999996,0.20000000000000018,0.7130426472560089,0.7128219201017497,0.7949717252360078,0.5115672732254417,8.754752130174229,1.6039937427531568,0.7128219201017497,
LNET-02450,shunt_then_series,C,8.121841679517462e-12,F,C,6.497473343613968e-12,F,-0.3999999999999999,2.0,0.7313236463610427,0.7335165975099038,0.7959182276474565,0.5389637525139892,8.79999329163545,1.041153726318904,0.7335165975099038,
LNET-00590,series_then_shunt,C,2.707280559839153e-12,F,L,8.12184167951746e-09,H,-1.2000000000000002,-1.0,0.5599287639568682,0.5212308082341727,0.7960099112947918,0.30182860801749367,8.80439791312732,1.347272905518826,0.5212308082341727,
LNET-01170,series_then_shunt,L,1.2994946687227934e-08,H,C,6.497473343613974e-13,F,1.5999999999999996,0.20000000000000018,0.6831057264458692,0.6836967062903629,0.7964663604856494,0.4737692504794756,8.826385479924491,2.356453901788412,0.6836967062903629,
LNET-00958,series_then_shunt,L,4.8731050077104735e-09,H,L,6.768201399597882e-09,H,0.5999999999999996,-1.2000000000000002,0.7349521551195898,0.7340303239929297,0.7971523751241941,0.5408793522693585,8.859617539147951,0.9236033292260816,0.7340303239929297,
LNET-00554,series_then_shunt,C,2.320526194147846e-12,F,none,0.0,,-1.4,0.0,0.6927986432792294,0.6767019307449562,0.7974165972011876,0.46348093740749163,8.872477075460226,1.4663335838681464,0.6767019307449562,
LNET-02235,shunt_then_series,C,2.320526194147846e-12,F,none,0.0,,-1.4,0.0,0.6927986432792295,0.6767019307449562,0.7974165972011876,0.46348093740749163,8.872477075460226,1.4663335838681464,0.6767019307449562,
LNET-02549,shunt_then_series,L,1.6243683359034936e-09,H,L,2.9006577426848075e-09,H,0.20000000000000018,-2.8,0.7627353384338665,0.7741166074492165,0.7974743404416973,0.5993764134916825,8.875291873444036,0.9693453523275214,0.7741166074492165,
LNET-02345,shunt_then_series,C,4.060920839758731e-12,F,L,3.1237852613528696e-09,H,-0.7999999999999998,-2.6,0.7489552071414508,0.7573153203958553,0.797767470066521,0.5736785303889995,8.889605795159992,0.972712304056804,0.7573153203958553,
LNET-02896,shunt_then_series,L,1.4619315023131425e-08,H,C,3.248736671806984e-12,F,1.7999999999999998,1.0,0.7828644624889349,0.7803554966267379,0.7990029225383936,0.6092384770481815,8.950393434859922,1.6573591643782084,0.7803554966267379,
LNET-02193,shunt_then_series,C,2.0304604198793647e-12,F,L,4.060920839758726e-08,H,-1.6,-0.20000000000000018,0.7211482069743619,0.7081770576720733,0.7991334712398386,0.5047673603329345,8.956860470208252,1.593563884235705,0.7081770576720733,
LNET-01043,series_then_shunt,L,8.12184167951746e-09,H,L,1.3536402799195764e-08,H,1.0,-0.6000000000000001,0.7287930061169478,0.7291187189492231,0.7999781805196788,0.5340747672434707,8.99890914499339,1.0306094615680115,0.7291187189492231,
LNET-02226,shunt_then_series,C,2.320526194147846e-12,F,L,4.51213426639859e-09,H,-1.4,-1.7999999999999998,0.7700379457655636,0.7709214209878038,0.7999973230365444,0.5944459655125555,8.999866153618727,1.2955606557873984,0.7709214209878038,
LNET-00681,series_then_shunt,C,4.060920839758731e-12,F,C,2.5989893374455867e-12,F,-0.7999999999999998,0.7999999999999998,0.7376565185488495,0.7276214856802526,0.8007233807883516,0.5314713843748671,9.036300334239577,0.9681650030428312,0.7276214856802526,
LNET-02857,shunt_then_series,L,1.2994946687227934e-08,H,C,4.548231340529779e-12,F,1.5999999999999996,1.4000000000000004,0.7850387651856161,0.7842817043348456,0.8009575075357033,0.6152367311658663,9.048105684562557,1.4804996380980846,0.7842817043348456,
LNET-00511,series_then_shunt,C,2.0304604198793647e-12,F,L,2.0304604198793658e-08,H,-1.6,-0.3999999999999999,0.6747691706879744,0.6559969232029667,0.8021754349306961,0.43837887554446386,9.109967886441908,3.612968897148538,0.6559969232029667,
LNET-02636,shunt_then_series,L,4.8731050077104735e-09,H,L,4.51213426639859e-09,H,0.5999999999999996,-1.7999999999999998,0.726705933039131,0.7377849341139635,0.8024112185900782,0.5456366578901974,9.122032160574738,1.171378680142696,0.7377849341139635,
LNET-00856,series_then_shunt,none,0.0,,C,9.746210015420952e-12,F,0.0,3.0,0.7752839466118746,0.782693298652283,0.8030162093808765,0.6126807415696389,9.153119674029853,0.9069687635805015,0.782693298652283,
LNET-02537,shunt_then_series,none,0.0,,C,9.746210015420952e-12,F,0.0,3.0,0.7752839466118746,0.782693298652283,0.8030162093808765,0.6126807415696389,9.153119674029853,0.9069687635805015,0.782693298652283,
LNET-02494,shunt_then_series,C,1.6243683359034905e-11,F,C,8.446715346698158e-12,F,-0.20000000000000018,2.5999999999999996,0.761536208726217,0.767608298161891,0.8031872693067211,0.5894415179986372,9.161944265266474,0.9638345690932385,0.767608298161891,
LNET-02151,shunt_then_series,C,1.8048537065594359e-12,F,L,2.0304604198793658e-08,H,-1.7999999999999998,-0.3999999999999999,0.7524292201765154,0.7420070187707273,0.8037290593186838,0.5522167086618418,9.189995488162388,1.7250339330984512,0.7420070187707273,
LNET-02778,shunt_then_series,L,9.746210015420954e-09,H,C,6.497473343613968e-12,F,1.2000000000000002,2.0,0.7764735720271365,0.7801537321250452,0.8040190239966869,0.6087427501835082,9.205072149279374,1.2028757477412342,0.7801537321250452,
LNET-00669,series_then_shunt,C,4.060920839758731e-12,F,L,5.076151049698412e-09,H,-0.7999999999999998,-1.6,0.5195937112906363,0.49485239473835146,0.8042683358294334,0.2781927880577025,9.218070788266216,0.8262385295280162,0.49485239473835146,
LNET-00786,series_then_shunt,C,1.6243683359034905e-11,F,L,2.9006577426848075e-09,H,-0.20000000000000018,-2.8,0.6878465265642594,0.709154415807603,0.8043179231382728,0.5041056562000551,9.220660124193381,0.8702595902286202,0.709154415807603,
LNET-02699,shunt_then_series,L,6.497473343613967e-09,H,C,8.446715346698158e-12,F,0.7999999999999998,2.5999999999999996,0.7719502069763263,0.7791149534470424,0.8046461325678228,0.6070967204676632,9.237831614438647,1.0004203765715105,0.7791149534470424,
LNET-02465,shunt_then_series,C,1.6243683359034905e-11,F,L,2.538075524849206e-09,H,-0.20000000000000018,-3.2,0.7643143036532322,0.7749382761944462,0.8049849294357178,0.6006268565777868,9.255617651563734,0.8747543195892584,0.7749382761944462,
LNET-02407,shunt_then_series,C,5.414561119678306e-12,F,C,5.197978674891173e-12,F,-0.6000000000000001,1.5999999999999996,0.7250554705167048,0.722505707849366,0.8051804825357672,0.5239598379639028,9.265911886200946,1.1491988000778377,0.722505707849366,
LNET-00870,series_then_shunt,L,1.6243683359034936e-09,H,L,3.384100699798942e-09,H,0.20000000000000018,-2.4,0.7567795384513788,0.7621406528526544,0.8056866464326974,0.581550285320396,9.2926534038088,0.8994359808652931,0.7621406528526544,
LNET-02278,shunt_then_series,C,2.707280559839153e-12,F,C,1.2994946687227947e-12,F,-1.2000000000000002,0.40000000000000036,0.6944550801650576,0.6742716767918945,0.8060288759454961,0.461670535917535,9.310813064309617,1.4113852423454893,0.6742716767918945,
LNET-00512,series_then_shunt,C,2.0304604198793647e-12,F,L,4.060920839758726e-08,H,-1.6,-0.20000000000000018,0.6992501349593107,0.6827101557663808,0.8062273842058677,0.4719207396253087,9.321375865229781,2.3160800612463404,0.6827101557663808,
LNET-02893,shunt_then_series,L,1.4619315023131425e-08,H,C,1.2994946687227947e-12,F,1.7999999999999998,0.40000000000000036,0.7518305213186282,0.7505276211510012,0.8064184359464363,0.5650220976181406,9.331562356044415,1.7450196485519833,0.7505276211510012,
LNET-00550,series_then_shunt,C,2.320526194147846e-12,F,L,1.0152302099396829e-08,H,-1.4,-0.7999999999999998,0.6159145424939545,0.5856619843194194,0.8067006661985879,0.3621372917788466,9.34664714393025,1.967517059296491,0.5856619843194194,
LNET-02808,shunt_then_series,L,1.1370578351324447e-08,H,L,4.060920839758726e-08,H,1.4000000000000004,-0.20000000000000018,0.6941682979674821,0.6922151362284172,0.8068351695837963,0.4861555460710195,9.353851659697517,1.5334935737862103,0.6922151362284172,
LNET-01085,series_then_shunt,L,9.746210015420954e-09,H,L,2.0304604198793658e-08,H,1.2000000000000002,-0.3999999999999999,0.7294044723556393,0.730197393387932,0.8068506387541465,0.536029359532347,9.354680890993295,1.1308469412717395,0.730197393387932,
LNET-00811,series_then_shunt,C,1.6243683359034905e-11,F,C,7.147220677975366e-12,F,-0.20000000000000018,2.2,0.7585091695727258,0.7551401765033673,0.8068948787368071,0.5710808797583734,9.357053126903336,0.8966133727592143,0.7551401765033673,
LNET-00767,series_then_shunt,C,8.121841679517462e-12,F,C,5.197978674891173e-12,F,-0.3999999999999999,1.5999999999999996,0.7528741724184652,0.7440571349174957,0.8069391582245481,0.5551544316363021,9.359428569809044,0.9047525217415473,0.7440571349174957,
LNET-01172,series_then_shunt,L,1.2994946687227934e-08,H,C,1.949242003084189e-12,F,1.5999999999999996,0.5999999999999996,0.6490608882644691,0.6500369202406121,0.8071102437405034,0.43495587545504394,9.36861696952626,2.9758580963770997,0.6500369202406121,
LNET-02592,shunt_then_series,L,3.248736671806987e-09,H,L,3.384100699798942e-09,H,0.40000000000000036,-2.4,0.7564939277731105,0.768293875878517,0.8073828600555272,0.5906231647149804,9.383291957177617,1.066999700787664,0.768293875878517,
LNET-02579,shunt_then_series,L,1.6243683359034936e-09,H,C,1.039595734978235e-11,F,0.20000000000000018,3.2,0.782813865596763,0.7904179867346586,0.8073923387299001,0.6248198732211978,9.383802943307309,0.8840413807902927,0.7904179867346586,
LNET-01053,series_then_shunt,L,8.12184167951746e-09,H,C,4.548231340529779e-12,F,1.0,1.4000000000000004,0.5273296322846358,0.5309859699153293,0.8080550579125146,0.32188098715263636,9.41965460641538,0.9538943901545992,0.5309859699153293,
LNET-02108,shunt_then_series,C,1.624368335903492e-12,F,L,1.0152302099396829e-08,H,-2.0,-0.7999999999999998,0.7914467070703448,0.7841715629322572,0.8081114292508574,0.6153064311478377,9.422715600996453,1.8254213127828551,0.7841715629322572,
LNET-02186,shunt_then_series,C,2.0304604198793647e-12,F,L,5.076151049698412e-09,H,-1.6,-1.6,0.7861622273051626,0.7849239775019733,0.8087385601794563,0.6162272842495903,9.456890849909712,1.4459083617208481,0.7849239775019733,
LNET-02305,shunt_then_series,C,3.248736671806984e-12,F,L,3.384100699798942e-09,H,-1.0,-2.4,0.7622633233877052,0.7685008162822873,0.8099517144502341,0.5907757791518381,9.523641369425988,1.0684159819094106,0.7685008162822873,
LNET-02679,shunt_then_series,L,6.497473343613967e-09,H,L,5.801315485369615e-09,H,0.7999999999999998,-1.4,0.7185088576471783,0.7268918526243776,0.8099554406737696,0.5310269234375711,9.523847707562101,1.2926565107702201,0.7268918526243776,
LNET-00747,series_then_shunt,C,8.121841679517462e-12,F,L,3.384100699798942e-09,H,-0.3999999999999999,-2.4,0.6100406906839498,0.632560763135207,0.8099661798805636,0.40642244653538945,9.524442432104973,0.8362060939429099,0.632560763135207,
LNET-00639,series_then_shunt,C,3.248736671806984e-12,F,C,1.949242003084189e-12,F,-1.0,0.5999999999999996,0.7444431486704561,0.7346713185049366,0.8103545391470315,0.541875308013546,9.545994567993342,1.0326917928699437,0.7346713185049366,
LNET-00724,series_then_shunt,C,5.414561119678306e-12,F,C,3.898484006168382e-12,F,-0.6000000000000001,1.2000000000000002,0.7549168301892374,0.7451529438365295,0.8103759891308765,0.5569409781013234,9.54718751508942,0.9310261852983583,0.7451529438365295,
LNET-02364,shunt_then_series,C,4.060920839758731e-12,F,C,3.898484006168382e-12,F,-0.7999999999999998,1.2000000000000002,0.7167011268458506,0.7079115151085674,0.8106838403136056,0.504664456698576,9.56433852933123,1.257991470930799,0.7079115151085674,
LNET-02321,shunt_then_series,C,3.248736671806984e-12,F,C,2.5989893374455867e-12,F,-1.0,0.7999999999999998,0.705401366481292,0.6896361383294244,0.8109558505651374,0.48117952367838385,9.579539255665374,1.34840250517768,0.6896361383294244,
LNET-02765,shunt_then_series,L,9.746210015420954e-09,H,L,1.3536402799195764e-08,H,1.2000000000000002,-0.6000000000000001,0.6962887777162409,0.6953772520665212,0.8112421266562948,0.49054943192696493,9.595584515609808,1.4745663875287058,0.6953772520665212,
LNET-00914,series_then_shunt,L,3.248736671806987e-09,H,L,4.51213426639859e-09,H,0.40000000000000036,-1.7999999999999998,0.7565615556765074,0.7569758637421735,0.8119197996740989,0.5745100011322266,9.633761536485208,0.9089851402566415,0.7569758637421735,
LNET-02451,shunt_then_series,C,8.121841679517462e-12,F,C,7.147220677975366e-12,F,-0.3999999999999999,2.2,0.7551659881738961,0.7586178286147996,0.8120788451466362,0.5761233011372633,9.642761330200498,1.0557159014872932,0.7586178286147996,
LNET-01127,series_then_shunt,L,1.1370578351324447e-08,H,L,4.060920839758726e-08,H,1.4000000000000004,-0.20000000000000018,0.7252167395843144,0.7259573785429845,0.8124095324103071,0.5306722438695519,9.661522548013998,1.305463422916351,0.7259573785429845,
LNET-02107,shunt_then_series,C,1.624368335903492e-12,F,L,8.12184167951746e-09,H,-2.0,-1.0,0.80167997356794,0.7957140653585516,0.8125152851164149,0.6333707962294131,9.66753629084835,1.8016211122783854,0.7957140653585516,
LNET-02722,shunt_then_series,L,8.12184167951746e-09,H,L,8.12184167951746e-09,H,1.0,-1.0,0.7073147440502326,0.7112965427196287,0.8128146250512521,0.510668226554289,9.684595420703184,1.398492181353427,0.7112965427196287,
LNET-02548,shunt_then_series,L,1.6243683359034936e-09,H,L,2.7072805598391537e-09,H,0.20000000000000018,-3.0,0.7824308097472085,0.7931587257626298,0.8130582092596287,0.6291915679790132,9.698517394527594,0.9784506828284892,0.7931587257626298,
LNET-00708,series_then_shunt,C,5.414561119678306e-12,F,L,4.06092083975873e-09,H,-0.6000000000000001,-2.0,0.555733021168953,0.5601280357199061,0.8130595778846399,0.3313921472805971,9.698595720329598,0.8145094196877619,0.5601280357199061,
LNET-02424,shunt_then_series,C,8.121841679517462e-12,F,L,2.538075524849206e-09,H,-0.3999999999999999,-3.2,0.7684266549558713,0.7786292551452603,0.8137610188471884,0.6063821319883455,9.73889036344638,0.8854578059727418,0.7786292551452603,
LNET-02620,shunt_then_series,L,3.248736671806987e-09,H,C,1.039595734978235e-11,F,0.40000000000000036,3.2,0.7872757345349813,0.7952309925026015,0.8145063392087082,0.6324471215665312,9.782039620482232,0.898633821301968,0.7952309925026015,
LNET-02897,shunt_then_series,L,1.4619315023131425e-08,H,C,3.898484006168382e-12,F,1.7999999999999998,1.2000000000000002,0.8001511701657666,0.79837865382271,0.8147357113248649,0.637593805999842,9.79538865424325,1.6564129867846493,0.79837865382271,
LNET-02109,shunt_then_series,C,1.624368335903492e-12,F,L,1.3536402799195764e-08,H,-2.0,-0.6000000000000001,0.7858317975233002,0.7774132114188023,0.8149698508372427,0.6051053364743407,9.80904927683298,1.8648521540937835,0.7774132114188023,
LNET-00897,series_then_shunt,L,1.6243683359034936e-09,H,C,9.746210015420952e-12,F,0.20000000000000018,3.0,0.7263530232421205,0.7492881898838453,0.8153367055304148,0.5621359659288364,9.83052268586819,0.8924675304989106,0.7492881898838453,
LNET-02384,shunt_then_series,C,5.414561119678306e-12,F,L,2.7072805598391537e-09,H,-0.6000000000000001,-3.0,0.7658244706158551,0.7753707229035096,0.8154208651472835,0.6013526710665446,9.835460907300735,0.9229187069743662,0.7753707229035096,
LNET-01000,series_then_shunt,L,6.497473343613967e-09,H,L,8.12184167951746e-09,H,0.7999999999999998,-1.0,0.7572554839165959,0.7565109359988369,0.8158702148128661,0.5741286206935299,9.861903727131219,0.969762363110124,0.7565109359988369,
LNET-02818,shunt_then_series,L,1.1370578351324447e-08,H,C,5.847726009252571e-12,F,1.4000000000000004,1.7999999999999998,0.7917896180364262,0.7938677385141126,0.8160640528770895,0.6303493763934279,9.87335037703941,1.342966154850677,0.7938677385141126,
LNET-00597,series_then_shunt,C,2.707280559839153e-12,F,C,1.2994946687227947e-12,F,-1.2000000000000002,0.40000000000000036,0.7436940887469858,0.7333670691823378,0.8161797881998359,0.5403548548137656,9.880196363685265,1.1295406218084356,0.7333670691823378,
LNET-00825,series_then_shunt,none,0.0,,L,2.538075524849206e-09,H,0.0,-3.2,0.7763508187958081,0.7866339584044212,0.8164301576627738,0.6188875299474366,9.895035777858919,0.9090231325890212,0.7866339584044212,
LNET-02506,shunt_then_series,none,0.0,,L,2.538075524849206e-09,H,0.0,-3.2,0.7763508187958081,0.7866339584044212,0.8164301576627738,0.6188875299474366,9.895035777858919,0.9090231325890212,0.7866339584044212,
LNET-02146,shunt_then_series,C,1.8048537065594359e-12,F,L,5.801315485369615e-09,H,-1.7999999999999998,-1.4,0.8011033156666776,0.7980700691214961,0.8170395799704196,0.6370392662417506,9.93132601945627,1.6112379639405034,0.7980700691214961,
LNET-00857,series_then_shunt,none,0.0,,C,1.039595734978235e-11,F,0.0,3.2,0.7934046954911425,0.8009303480363088,0.8171120292864198,0.6415448934337631,9.93565635944525,0.9164750967945593,0.8009303480363088,
LNET-02538,shunt_then_series,none,0.0,,C,1.039595734978235e-11,F,0.0,3.2,0.7934046954911425,0.8009303480363088,0.8171120292864198,0.6415448934337631,9.93565635944525,0.9164750967945593,0.8009303480363088,
LNET-02495,shunt_then_series,C,1.6243683359034905e-11,F,C,9.096462681059554e-12,F,-0.20000000000000018,2.8,0.7813640310283047,0.7878730653204086,0.817627214174223,0.6208873945675482,9.966548495402298,0.973803743588582,0.7878730653204086,
LNET-02660,shunt_then_series,L,4.8731050077104735e-09,H,C,9.746210015420952e-12,F,0.5999999999999996,3.0,0.7859909025564604,0.7940142002342221,0.8181375814006484,0.6305275701053832,9.99732432573692,0.9423890620803791,0.7940142002342221,
LNET-00510,series_then_shunt,C,2.0304604198793647e-12,F,L,1.3536402799195764e-08,H,-1.6,-0.6000000000000001,0.6703238021730694,0.6472261176630679,0.8181444339505652,0.4301952832999268,9.99773871895859,3.0075618545255103,0.6472261176630679,
LNET-02236,shunt_then_series,C,2.320526194147846e-12,F,C,6.497473343613974e-13,F,-1.4,0.20000000000000018,0.7143006284948609,0.6952045024704083,0.8183170480845653,0.4894771792762529,10.00818749868678,1.5330047608441006,0.6952045024704083,
LNET-02635,shunt_then_series,L,4.8731050077104735e-09,H,L,4.06092083975873e-09,H,0.5999999999999996,-2.0,0.7521893024851685,0.7633136279835734,0.8184494959586992,0.5835257541567227,10.016218382654676,1.1886234043188064,0.7633136279835734,
LNET-02739,shunt_then_series,L,8.12184167951746e-09,H,C,7.796968012336763e-12,F,1.0,2.4000000000000004,0.7847706123576718,0.7908503451325725,0.8186299163864558,0.6255569032273065,10.027176919990378,1.103176704948263,0.7908503451325725,
LNET-01169,series_then_shunt,L,1.2994946687227934e-08,H,none,0.0,,1.5999999999999996,0.0,0.7220283114116529,0.7216520674511512,0.8199927183617797,0.525726984997418,10.11066164545283,1.6667764791785078,0.7216520674511512,
LNET-02850,shunt_then_series,L,1.2994946687227934e-08,H,none,0.0,,1.5999999999999996,0.0,0.7220283114116529,0.7216520674511512,0.8199927183617797,0.525726984997418,10.11066164545283,1.6667764791785078,0.7216520674511512,
LNET-00936,series_then_shunt,L,3.248736671806987e-09,H,C,8.446715346698158e-12,F,0.40000000000000036,2.5999999999999996,0.6473229955729649,0.6854445610047987,0.820278288063864,0.4742929423312156,10.128315986165873,0.8677004439734358,0.6854445610047987,
LNET-00957,series_then_shunt,L,4.8731050077104735e-09,H,L,5.801315485369615e-09,H,0.5999999999999996,-1.4,0.7656134834394641,0.7646340621130573,0.8203710268158816,0.5863046519107092,10.134061307303774,0.9353663493978047,0.7646340621130573,
LNET-00555,series_then_shunt,C,2.320526194147846e-12,F,C,6.497473343613974e-13,F,-1.4,0.20000000000000018,0.7388580322950351,0.72675734035321,0.8210283252874566,0.5315022324851917,10.174952702500628,1.300219453616135,0.72675734035321,
LNET-02265,shunt_then_series,C,2.707280559839153e-12,F,L,3.691746217962481e-09,H,-1.2000000000000002,-2.2,0.777759013894454,0.7818049565683349,0.8213108177863189,0.6114121729451949,10.192619358503462,1.1851995698284559,0.7818049565683349,
LNET-00869,series_then_shunt,L,1.6243683359034936e-09,H,L,3.1237852613528696e-09,H,0.20000000000000018,-2.6,0.7776011038775181,0.7830913336518086,0.8214445121104658,0.6137420159912791,10.200999888826306,0.9105636368702853,0.7830913336518086,
LNET-02591,shunt_then_series,L,3.248736671806987e-09,H,L,3.1237852613528696e-09,H,0.40000000000000036,-2.6,0.7776540474592205,0.7889485220853043,0.8216982372515661,0.6226676850324103,10.216939020517714,1.0770874194905982,0.7889485220853043,
LNET-02408,shunt_then_series,C,5.414561119678306e-12,F,C,5.847726009252571e-12,F,-0.6000000000000001,1.7999999999999998,0.7507219901675437,0.7502075976964426,0.8217295565456263,0.5641739224289853,10.218909659087023,1.1693150801568157,0.7502075976964426,
LNET-01093,series_then_shunt,L,9.746210015420954e-09,H,C,3.898484006168382e-12,F,1.2000000000000002,1.2000000000000002,0.5771978023536861,0.5718410234712954,0.82252127067981,0.3623849029345044,10.268956047075323,1.1744994795476105,0.5718410234712954,
LNET-02936,shunt_then_series,L,1.624368335903492e-08,H,C,2.5989893374455867e-12,F,2.0,0.7999999999999998,0.8010771177558107,0.7985925499345125,0.8226974847834747,0.6381831407949031,10.280155826089443,1.8657791657863054,0.7985925499345125,
LNET-00812,series_then_shunt,C,1.6243683359034905e-11,F,C,7.796968012336763e-12,F,-0.20000000000000018,2.4000000000000004,0.7799192487897981,0.7776082865484362,0.8233824223686234,0.6053094885565741,10.32390120407072,0.9086135367049347,0.7776082865484362,
LNET-02935,shunt_then_series,L,1.624368335903492e-08,H,C,1.949242003084189e-12,F,2.0,0.5999999999999996,0.7910888896761533,0.7889583352811096,0.8240890514078503,0.6232442025372741,10.36938897781177,1.896859350803466,0.7889583352811096,
LNET-01014,series_then_shunt,L,6.497473343613967e-09,H,C,5.847726009252571e-12,F,0.7999999999999998,1.7999999999999998,0.5531772117772426,0.5749104064529756,0.8243271413629358,0.3582120679326579,10.384797944979942,0.8694803495941323,0.5749104064529756,
LNET-00629,series_then_shunt,C,3.248736671806984e-12,F,L,5.801315485369615e-09,H,-1.0,-1.4,0.5663603119601962,0.520213889333894,0.8243783048565644,0.3091544865424497,10.388114653867444,0.9608337863443234,0.520213889333894,
LNET-02580,shunt_then_series,L,1.6243683359034936e-09,H,C,1.1045704684143746e-11,F,0.20000000000000018,3.4000000000000004,0.8004318194125618,0.8081027815185474,0.8247555218801849,0.6530810183356613,10.41262778409825,0.8946787666336282,0.8081027815185474,
LNET-02892,shunt_then_series,L,1.4619315023131425e-08,H,C,6.497473343613974e-13,F,1.7999999999999998,0.20000000000000018,0.7528107036568502,0.7519897411132502,0.8250106779900438,0.5682870272711066,10.429268809248875,1.8013961717003328,0.7519897411132502,
LNET-02344,shunt_then_series,C,4.060920839758731e-12,F,L,2.9006577426848075e-09,H,-0.7999999999999998,-2.8,0.773198659088853,0.7813020817068279,0.8251793151707396,0.6106340926924496,10.44029381851073,0.9936867551255376,0.7813020817068279,
LNET-02807,shunt_then_series,L,1.1370578351324447e-08,H,L,2.0304604198793658e-08,H,1.4000000000000004,-0.3999999999999999,0.7158476358479782,0.7131162659345729,0.8252086646306204,0.5153878841219883,10.442214774396447,1.6023326097193071,0.7131162659345729,
LNET-02464,shunt_then_series,C,1.6243683359034905e-11,F,L,2.388776964563959e-09,H,-0.20000000000000018,-3.4,0.7838452697602812,0.7937885821213171,0.8258634325600047,0.6302035348110478,10.485238450500459,0.886204912002903,0.7937885821213171,
LNET-02279,shunt_then_series,C,2.707280559839153e-12,F,C,1.949242003084189e-12,F,-1.2000000000000002,0.5999999999999996,0.7223207763619984,0.7038693733415776,0.8260417448289241,0.5014472129378365,10.497011153814682,1.4767606015839343,0.7038693733415776,
LNET-02858,shunt_then_series,L,1.2994946687227934e-08,H,C,5.197978674891173e-12,F,1.5999999999999996,1.5999999999999996,0.8057970262974563,0.8063855316853675,0.8260950350803359,0.6503937149368276,10.50053421950262,1.497310622664234,0.8063855316853675,
LNET-02678,shunt_then_series,L,6.497473343613967e-09,H,L,5.076151049698412e-09,H,0.7999999999999998,-1.6,0.7459027665246937,0.7550293127039923,0.8264874909866012,0.5718942161075175,10.526546479974874,1.3192622627480597,0.7550293127039923,
LNET-00768,series_then_shunt,C,8.121841679517462e-12,F,C,5.847726009252571e-12,F,-0.3999999999999999,1.7999999999999998,0.778272806344056,0.770574650708696,0.8265815155919083,0.5949939730236463,10.53279598092647,0.9175507111300999,0.770574650708696,
LNET-02452,shunt_then_series,C,8.121841679517462e-12,F,C,7.796968012336763e-12,F,-0.3999999999999999,2.4000000000000004,0.7764751931464233,0.7808400756022429,0.8265923651537818,0.6101325859374288,10.533517551136917,1.0671566637825556,0.7808400756022429,
LNET-01212,series_then_shunt,L,1.4619315023131425e-08,H,C,1.2994946687227947e-12,F,1.7999999999999998,0.40000000000000036,0.7088776312753204,0.708746857032137,0.8266036187851334,0.5093947213898808,10.534266090142168,4.64181221968903,0.708746857032137,
LNET-00682,series_then_shunt,C,4.060920839758731e-12,F,C,3.248736671806984e-12,F,-0.7999999999999998,1.0,0.7736572540943598,0.7646181242169168,0.8266458433092788,0.5861468881933855,10.53707553472844,0.9741491211019689,0.7646181242169168,
LNET-02106,shunt_then_series,C,1.624368335903492e-12,F,L,6.768201399597882e-09,H,-2.0,-1.2000000000000002,0.8151921588511436,0.8107439902190642,0.8267279365058041,0.6574466742182468,10.542541594231052,1.7925456308277088,0.8107439902190642,
LNET-00975,series_then_shunt,L,4.8731050077104735e-09,H,C,7.147220677975366e-12,F,0.5999999999999996,2.2,0.5904156627712076,0.6279574642985041,0.827045785444672,0.4080592617802667,10.563754055615687,0.8563238283362355,0.6279574642985041,
LNET-01042,series_then_shunt,L,8.12184167951746e-09,H,L,1.0152302099396829e-08,H,1.0,-0.7999999999999998,0.7687380456874657,0.7684549985915048,0.8271124663831396,0.5922569345250014,10.568214076280602,1.0236368549128247,0.7684549985915048,
LNET-02152,shunt_then_series,C,1.8048537065594359e-12,F,L,4.060920839758726e-08,H,-1.7999999999999998,-0.20000000000000018,0.7592020872782623,0.7469996985300089,0.8279704620673618,0.5606490004027436,10.625910433957815,1.7859056124342891,0.7469996985300089,
LNET-02365,shunt_then_series,C,4.060920839758731e-12,F,C,4.548231340529779e-12,F,-0.7999999999999998,1.4000000000000004,0.7442840548329999,0.7384167612560258,0.8280361604872121,0.5477945194197092,10.63035208836025,1.2890745807168709,0.7384167612560258,
LNET-00513,series_then_shunt,C,2.0304604198793647e-12,F,none,0.0,,-1.6,0.0,0.7355061975391,0.7201367042102095,0.8280375658899018,0.5231586142888809,10.630447140097523,1.6578176525391422,0.7201367042102095,
LNET-02194,shunt_then_series,C,2.0304604198793647e-12,F,none,0.0,,-1.6,0.0,0.7355061975390998,0.7201367042102095,0.8280375658899018,0.5231586142888809,10.630447140097523,1.6578176525391422,0.7201367042102095,
LNET-01211,series_then_shunt,L,1.4619315023131425e-08,H,C,6.497473343613974e-13,F,1.7999999999999998,0.20000000000000018,0.7284351365101127,0.7279791373816443,0.8281951305145024,0.535102379340556,10.641113584203877,2.8846008130567435,0.7279791373816443,
LNET-00785,series_then_shunt,C,1.6243683359034905e-11,F,L,2.7072805598391537e-09,H,-0.20000000000000018,-3.0,0.7172304557983675,0.7359339182022695,0.8287634313577037,0.542832830351655,10.679748174456176,0.8856011545539924,0.7359339182022695,
LNET-02764,shunt_then_series,L,9.746210015420954e-09,H,L,1.0152302099396829e-08,H,1.2000000000000002,-0.7999999999999998,0.7241082133158272,0.7248335607568713,0.8293788370627851,0.530873392705105,10.721875326426884,1.5368586655558585,0.7248335607568713,
LNET-02322,shunt_then_series,C,3.248736671806984e-12,F,C,3.248736671806984e-12,F,-1.0,1.0,0.7343191434156336,0.7219110063344454,0.8295382999713413,0.525375223099741,10.73284086492011,1.3968645287857493,0.7219110063344454,
LNET-02700,shunt_then_series,L,6.497473343613967e-09,H,C,9.096462681059554e-12,F,0.7999999999999998,2.8,0.7937031370712175,0.8012632083254733,0.8295952384010634,0.6421281941714971,10.736761233862618,1.0201827943051245,0.8012632083254733,
LNET-00913,series_then_shunt,L,3.248736671806987e-09,H,L,4.06092083975873e-09,H,0.40000000000000036,-2.0,0.7802316209460362,0.7808976072277153,0.8300290674340529,0.6109818024279338,10.766717813494488,0.9204735886313506,0.7808976072277153,
LNET-02937,shunt_then_series,L,1.624368335903492e-08,H,C,3.248736671806984e-12,F,2.0,1.0,0.8144328826071419,0.8121414409702308,0.8300778602386804,0.659826915558831,10.770096603122411,1.8498239186852294,0.8121414409702308,
LNET-02721,shunt_then_series,L,8.12184167951746e-09,H,L,6.768201399597882e-09,H,1.0,-1.2000000000000002,0.7360737108326587,0.7416385225154116,0.8301263333639664,0.5533981672751447,10.773455177635869,1.4414279891613748,0.7416385225154116,
LNET-02225,shunt_then_series,C,2.320526194147846e-12,F,L,4.06092083975873e-09,H,-1.4,-2.0,0.7929810817373338,0.7949802188821189,0.8303530979106145,0.6321757687269113,10.789192583936588,1.3183118072580744,0.7949802188821189,
LNET-02496,shunt_then_series,C,1.6243683359034905e-11,F,C,9.746210015420952e-12,F,-0.20000000000000018,3.0,0.7991319134820803,0.8058871060685413,0.8306835920600693,0.6495504713304795,10.812204288609466,0.9820503853465606,0.8058871060685413,
LNET-01133,series_then_shunt,L,1.1370578351324447e-08,H,C,3.248736671806984e-12,F,1.4000000000000004,1.0,0.6229212780659814,0.6182534659330038,0.8306949083236761,0.4074256665574135,10.812993810154179,1.5395367761798084,0.6182534659330038,
LNET-02110,shunt_then_series,C,1.624368335903492e-12,F,L,2.0304604198793658e-08,H,-2.0,-0.3999999999999999,0.7856611819545815,0.7759953710293492,0.8308676445888156,0.6034943820386006,10.825058517855558,1.917746944833148,0.7759953710293492,
LNET-02779,shunt_then_series,L,9.746210015420954e-09,H,C,7.147220677975366e-12,F,1.2000000000000002,2.2,0.7992430517601513,0.8039297472076412,0.8315589281488251,0.646443467918444,10.873588656376448,1.226565332725818,0.8039297472076412,
LNET-00725,series_then_shunt,C,5.414561119678306e-12,F,C,4.548231340529779e-12,F,-0.6000000000000001,1.4000000000000004,0.7840648093565575,0.7752800096346284,0.8324763420179344,0.6023739470179017,10.938612277760267,0.9418251473198026,0.7752800096346284,
LNET-02547,shunt_then_series,L,1.6243683359034936e-09,H,L,2.538075524849206e-09,H,0.20000000000000018,-3.2,0.8000814654425572,0.8101354825942758,0.8325406888015934,0.6563962459839421,10.943199728263483,0.9860265851586688,0.8101354825942758,
LNET-02634,shunt_then_series,L,4.8731050077104735e-09,H,L,3.691746217962481e-09,H,0.5999999999999996,-2.2,0.7749390303046084,0.7858745974917922,0.8328510491914559,0.6181864126531866,10.96537573419077,1.2016436410398135,0.7858745974917922,
LNET-00858,series_then_shunt,none,0.0,,C,1.1045704684143746e-11,F,0.0,3.4000000000000004,0.8096727809994778,0.8171898071748958,0.8333943718256331,0.6678473359326373,11.004396381536589,0.924648872620458,0.8171898071748958,
LNET-02539,shunt_then_series,none,0.0,,C,1.1045704684143746e-11,F,0.0,3.4000000000000004,0.8096727809994778,0.8171898071748958,0.8333943718256331,0.6678473359326373,11.004396381536589,0.924648872620458,0.8171898071748958,
LNET-01084,series_then_shunt,L,9.746210015420954e-09,H,L,1.3536402799195764e-08,H,1.2000000000000002,-0.6000000000000001,0.7719380286251959,0.7721222543506612,0.83346450609262,0.5980273048827571,11.009451877641865,1.0969425658004852,0.7721222543506612,
LNET-02934,shunt_then_series,L,1.624368335903492e-08,H,C,1.2994946687227947e-12,F,2.0,0.40000000000000036,0.7857886890468541,0.784261990083998,0.8338530205373076,0.6164589154203887,11.03753451593197,1.9426860638134933,0.784261990083998,
LNET-02621,shunt_then_series,L,3.248736671806987e-09,H,C,1.1045704684143746e-11,F,0.40000000000000036,3.4000000000000004,0.8051604804908019,0.8131549958083453,0.8344543995850023,0.6612793996479868,11.081263379916495,0.9112073096074645,0.8131549958083453,
LNET-02590,shunt_then_series,L,3.248736671806987e-09,H,L,2.9006577426848075e-09,H,0.40000000000000036,-2.8,0.796556873456749,0.8072715547829121,0.8346399399777988,0.6518400867662876,11.094819025413276,1.0850623488302986,0.8072715547829121,
LNET-02423,shunt_then_series,C,8.121841679517462e-12,F,L,2.388776964563959e-09,H,-0.3999999999999999,-3.4,0.7883130694104711,0.7978488778074014,0.8347251260684507,0.6366972277602024,11.101052945460578,0.8988884020745438,0.7978488778074014,
LNET-02067,shunt_then_series,C,1.4766984871849927e-12,F,L,1.0152302099396829e-08,H,-2.2,-0.7999999999999998,0.8195613264956781,0.812920150564856,0.8349045768130593,0.6611571415253336,11.114206205070639,2.01692254279703,0.812920150564856,
LNET-02898,shunt_then_series,L,1.4619315023131425e-08,H,C,4.548231340529779e-12,F,1.7999999999999998,1.4000000000000004,0.8183295428438213,0.8176645444361348,0.8350295052192125,0.6687245050105656,11.12338001809109,1.6650619669992848,0.8176645444361348,
LNET-00470,series_then_shunt,C,1.8048537065594359e-12,F,L,2.0304604198793658e-08,H,-1.7999999999999998,-0.3999999999999999,0.7244242081898006,0.7063405062244273,0.8351833906990737,0.5053964569588131,11.134699339362998,4.462545314504866,0.7063405062244273,
LNET-00824,series_then_shunt,none,0.0,,L,2.388776964563959e-09,H,0.0,-3.4,0.7943549781672121,0.8039489508831553,0.8352352706245485,0.6464330756385761,11.138520225664161,0.9179612380716119,0.8039489508831553,
LNET-02505,shunt_then_series,none,0.0,,L,2.388776964563959e-09,H,0.0,-3.4,0.7943549781672121,0.8039489508831553,0.8352352706245485,0.6464330756385761,11.138520225664161,0.9179612380716119,0.8039489508831553,
LNET-00868,series_then_shunt,L,1.6243683359034936e-09,H,L,2.9006577426848075e-09,H,0.20000000000000018,-2.8,0.7961819367790108,0.8017112351191562,0.8355221062230873,0.6431174599985509,11.15968878293561,0.9200244264788005,0.8017112351191562,
LNET-01173,series_then_shunt,L,1.2994946687227934e-08,H,C,2.5989893374455867e-12,F,1.5999999999999996,0.7999999999999998,0.6655600822578853,0.6631046307285902,0.8359521178795895,0.45584215967009123,11.191562452065106,2.165697987590503,0.6631046307285902,
LNET-00471,series_then_shunt,C,1.8048537065594359e-12,F,L,4.060920839758726e-08,H,-1.7999999999999998,-0.20000000000000018,0.741841350572397,0.7261141984759804,0.835998656131037,0.5319835104930742,11.195022021270745,2.8156981708469915,0.7261141984759804,
LNET-00589,series_then_shunt,C,2.707280559839153e-12,F,L,6.768201399597882e-09,H,-1.2000000000000002,-1.2000000000000002,0.6110921530790663,0.5645306925715461,0.8361146456105234,0.35092493047839346,11.20365301982362,1.2025920332097912,0.5645306925715461,
LNET-00640,series_then_shunt,C,3.248736671806984e-12,F,C,2.5989893374455867e-12,F,-1.0,0.7999999999999998,0.7827697461665419,0.7742224441902062,0.8362882069533325,0.6008917936025738,11.216590892935136,1.025212812080781,0.7742224441902062,
LNET-02409,shunt_then_series,C,5.414561119678306e-12,F,C,6.497473343613968e-12,F,-0.6000000000000001,2.0,0.7736383180221424,0.7747022513301223,0.8364905417056446,0.6011136131627511,11.23170831132919,1.1845380930682332,0.7747022513301223,
LNET-02849,shunt_then_series,L,1.2994946687227934e-08,H,L,4.060920839758726e-08,H,1.5999999999999996,-0.20000000000000018,0.7366804063729244,0.7339809285360441,0.8365310589486439,0.5444842254672322,11.234740049925882,1.7312138471105,0.7339809285360441,
LNET-00898,series_then_shunt,L,1.6243683359034936e-09,H,C,1.039595734978235e-11,F,0.20000000000000018,3.2,0.7504756030901665,0.7719857828169591,0.8368297110918748,0.5966825780076284,11.25713341186839,0.90457026677753,0.7719857828169591,
LNET-02185,shunt_then_series,C,2.0304604198793647e-12,F,L,4.51213426639859e-09,H,-1.6,-1.7999999999999998,0.8068827979847826,0.8070401080107877,0.8370154314040607,0.6514729043496936,11.271100369988208,1.4648521953102727,0.8070401080107877,
LNET-01126,series_then_shunt,L,1.1370578351324447e-08,H,L,2.0304604198793658e-08,H,1.4000000000000004,-0.3999999999999999,0.769139808269507,0.769590432676289,0.8371359756721707,0.5945031799557314,11.280182859624025,1.212035301518452,0.769590432676289,
LNET-02304,shunt_then_series,C,3.248736671806984e-12,F,L,3.1237852613528696e-09,H,-1.0,-2.6,0.7859822501699187,0.792242436289118,0.8371701491009962,0.6278878789406722,11.282760126338948,1.090968053623319,0.792242436289118,
LNET-02237,shunt_then_series,C,2.320526194147846e-12,F,C,1.2994946687227947e-12,F,-1.4,0.40000000000000036,0.7380139524290688,0.7185884651441066,0.8373810705552964,0.5222615816144045,11.29869122143049,1.6016859611042622,0.7185884651441066,
LNET-00746,series_then_shunt,C,8.121841679517462e-12,F,L,3.1237852613528696e-09,H,-0.3999999999999999,-2.6,0.654344363803037,0.6712106437765921,0.8378554309364526,0.45651943875449363,11.334671531404572,0.8598956225065469,0.6712106437765921,
LNET-02383,shunt_then_series,C,5.414561119678306e-12,F,L,2.538075524849206e-09,H,-0.6000000000000001,-3.2,0.7870872093990963,0.7960477313966107,0.8379472454217081,0.6338736730187555,11.341660005746755,0.9393515732671504,0.7960477313966107,
LNET-00813,series_then_shunt,C,1.6243683359034905e-11,F,C,8.446715346698158e-12,F,-0.20000000000000018,2.5999999999999996,0.7989296060743168,0.7974927346166696,0.8380200976655616,0.636472615081157,11.347210803168771,0.9187411381567039,0.7974927346166696,
LNET-00999,series_then_shunt,L,6.497473343613967e-09,H,L,6.768201399597882e-09,H,0.7999999999999998,-1.2000000000000002,0.7886777120920228,0.7876981171893551,0.8388980765864885,0.6218513761674814,11.41450106629988,0.974945031150701,0.7876981171893551,
LNET-02661,shunt_then_series,L,4.8731050077104735e-09,H,C,1.039595734978235e-11,F,0.5999999999999996,3.2,0.8050493895487992,0.813163227931029,0.8392286658061057,0.6613191130850489,11.44002862841176,0.9578212716908752,0.813163227931029,
LNET-02453,shunt_then_series,C,8.121841679517462e-12,F,C,8.446715346698158e-12,F,-0.3999999999999999,2.5999999999999996,0.7955104366470642,0.800509401761479,0.83964624434134,0.6411010170100478,11.472423809376426,1.07616610636235,0.800509401761479,
LNET-02066,shunt_then_series,C,1.4766984871849927e-12,F,L,8.12184167951746e-09,H,-2.2,-1.0,0.8289578384047825,0.8235244207587303,0.8396676948833081,0.6783753041985973,11.474092470287719,1.9916026270012022,0.8235244207587303,
LNET-02068,shunt_then_series,C,1.4766984871849927e-12,F,L,1.3536402799195764e-08,H,-2.2,-0.6000000000000001,0.8141006569725117,0.8063992945567017,0.8399589631939793,0.650873689686437,11.496794821593914,2.0576647380772926,0.8063992945567017,
LNET-00956,series_then_shunt,L,4.8731050077104735e-09,H,L,5.076151049698412e-09,H,0.5999999999999996,-1.6,0.7918247144680349,0.7908887368449137,0.8402532044011483,0.6267994225940048,11.51981294837551,0.9447258609989039,0.7908887368449137,
LNET-01168,series_then_shunt,L,1.2994946687227934e-08,H,L,4.060920839758726e-08,H,1.5999999999999996,-0.20000000000000018,0.7634213668080022,0.7636148649296689,0.840497919274779,0.5860571711955451,11.53902137769262,1.4199954560776566,0.7636148649296689,
LNET-00668,series_then_shunt,C,4.060920839758731e-12,F,L,4.51213426639859e-09,H,-0.7999999999999998,-1.7999999999999998,0.5884552186573846,0.5596359482871656,0.8408569059016059,0.3425572720465376,11.567306243043452,0.8632567862025595,0.5596359482871656,
LNET-02677,shunt_then_series,L,6.497473343613967e-09,H,L,4.51213426639859e-09,H,0.7999999999999998,-1.7999999999999998,0.770473050711132,0.7799678288834613,0.8412629205334701,0.6095950245419789,11.599450655898607,1.3389953611761642,0.7799678288834613,
LNET-00598,series_then_shunt,C,2.707280559839153e-12,F,C,1.949242003084189e-12,F,-1.2000000000000002,0.5999999999999996,0.7844708914671666,0.7758929278639036,0.8415904783588639,0.6036254039657423,11.625503689928676,1.095523931008018,0.7758929278639036,
LNET-02145,shunt_then_series,C,1.8048537065594359e-12,F,L,5.076151049698412e-09,H,-1.7999999999999998,-1.6,0.8192965459372423,0.8178168759280584,0.8420315191376629,0.6689608335791783,11.660753519196762,1.623665799710972,0.8178168759280584,
LNET-02819,shunt_then_series,L,1.1370578351324447e-08,H,C,6.497473343613968e-12,F,1.4000000000000004,2.0,0.8131443674295661,0.8163550267226569,0.8420831566594776,0.6665865982487006,11.66489348249775,1.3655973287207437,0.8163550267226569,
LNET-02581,shunt_then_series,L,1.6243683359034936e-09,H,C,1.1695452018505142e-11,F,0.20000000000000018,3.5999999999999996,0.8162334268575636,0.823853791397755,0.8421273134912035,0.6787839698917374,11.668435840474293,0.9040236216278572,0.823853791397755,
LNET-02806,shunt_then_series,L,1.1370578351324447e-08,H,L,1.3536402799195764e-08,H,1.4000000000000004,-0.6000000000000001,0.7396149390557819,0.7376417544974194,0.8421854450614378,0.5500075961637538,11.67310230528868,1.6704055413238617,0.7376417544974194,
LNET-00549,series_then_shunt,C,2.320526194147846e-12,F,L,8.12184167951746e-09,H,-1.4,-1.0,0.6507302349114795,0.6122470512799547,0.8422799336343434,0.39757748030887546,11.680694638837016,1.5932180267821618,0.6122470512799547,
LNET-01213,series_then_shunt,L,1.4619315023131425e-08,H,C,1.949242003084189e-12,F,1.7999999999999998,0.5999999999999996,0.7081229153630768,0.7068985183811304,0.8423805724766614,0.5093587769253181,11.688791168866933,3.3316419054987403,0.7068985183811304,
LNET-02497,shunt_then_series,C,1.6243683359034905e-11,F,C,1.039595734978235e-11,F,-0.20000000000000018,3.2,0.815066723591829,0.8219228489273634,0.8425077677075902,0.6756250659752903,11.699038999502378,0.9889115269248704,0.8219228489273634,
LNET-02740,shunt_then_series,L,8.12184167951746e-09,H,C,8.446715346698158e-12,F,1.0,2.5999999999999996,0.8060985684645852,0.812684625901531,0.8429861761543544,0.660603020708692,11.737731946240132,1.1245686561850452,0.812684625901531,
LNET-02366,shunt_then_series,C,4.060920839758731e-12,F,C,5.197978674891173e-12,F,-0.7999999999999998,1.5999999999999996,0.7690340219213332,0.7655928436452462,0.8434160095059153,0.5879338366684228,11.772697858122058,1.3124136503108212,0.7655928436452462,
LNET-00769,series_then_shunt,C,8.121841679517462e-12,F,C,6.497473343613968e-12,F,-0.3999999999999999,2.0,0.800354580803922,0.7936699860473834,0.8436387197931466,0.63086542882254,11.790890413241446,0.9280533978591751,0.7936699860473834,
LNET-02280,shunt_then_series,C,2.707280559839153e-12,F,C,2.5989893374455867e-12,F,-1.2000000000000002,0.7999999999999998,0.7492387615046617,0.7336648143807063,0.8438341241107413,0.5430300613520209,11.806895159466544,1.534032854349803,0.7336648143807063,
LNET-02463,shunt_then_series,C,1.6243683359034905e-11,F,L,2.256067133199294e-09,H,-0.20000000000000018,-3.6,0.801349339774775,0.8106059070140824,0.8438403208894317,0.6571930784214388,11.807403366805765,0.8962541242817035,0.8106059070140824,
LNET-02938,shunt_then_series,L,1.624368335903492e-08,H,C,3.898484006168382e-12,F,2.0,1.2000000000000002,0.8296909731913367,0.8281131431216434,0.8442112712218065,0.6859435895105794,11.837899222141607,1.8469104357021107,0.8281131431216434,
LNET-00707,series_then_shunt,C,5.414561119678306e-12,F,L,3.691746217962481e-09,H,-0.6000000000000001,-2.2,0.6148106634861561,0.6124174344884297,0.8443956257558369,0.39105899372500946,11.853109109013513,0.847666843853605,0.6124174344884297,
LNET-00556,series_then_shunt,C,2.320526194147846e-12,F,C,1.2994946687227947e-12,F,-1.4,0.40000000000000036,0.7808196928711233,0.7714378543433705,0.8445676884765252,0.597110564313769,11.867337430659916,1.2070141200385145,0.7714378543433705,
LNET-00937,series_then_shunt,L,3.248736671806987e-09,H,C,9.096462681059554e-12,F,0.40000000000000036,2.8,0.6847138106963062,0.7181551715548523,0.8450405222519682,0.5199818967962297,11.906600029022126,0.88574803703426,0.7181551715548523,
LNET-01054,series_then_shunt,L,8.12184167951746e-09,H,C,5.197978674891173e-12,F,1.0,1.5999999999999996,0.59487419624488,0.5933984514626993,0.845507531717618,0.38719291301194275,11.945614904309716,0.9585015832566269,0.5933984514626993,
LNET-02720,shunt_then_series,L,8.12184167951746e-09,H,L,5.801315485369615e-09,H,1.0,-1.4,0.7623726377213993,0.7691117028623061,0.8455852391552843,0.5938838896452532,11.952129634881617,1.4741525530301949,0.7691117028623061,
LNET-02763,shunt_then_series,L,9.746210015420954e-09,H,L,8.12184167951746e-09,H,1.2000000000000002,-1.0,0.7509167805960199,0.7534405555578438,0.8457032401161769,0.5717270676088431,11.96203498703336,1.5891133062179494,0.7534405555578438,
LNET-02633,shunt_then_series,L,4.8731050077104735e-09,H,L,3.384100699798942e-09,H,0.5999999999999996,-2.4,0.7952045749200783,0.8057883307558715,0.8457939355904565,0.6496888517381089,11.969658538774196,1.2114291558683266,0.8057883307558715,
LNET-00912,series_then_shunt,L,3.248736671806987e-09,H,L,3.691746217962481e-09,H,0.40000000000000036,-2.2,0.8009753750320107,0.8018636295517316,0.8458616921555145,0.6439171495611288,11.975359778945135,0.9300161805249898,0.8018636295517316,
LNET-00509,series_then_shunt,C,2.0304604198793647e-12,F,L,1.0152302099396829e-08,H,-1.6,-0.7999999999999998,0.6876326268805818,0.6581968656439147,0.8459078821572957,0.4478277696808346,11.97924921793586,2.2539891201389533,0.6581968656439147,
LNET-02323,shunt_then_series,C,3.248736671806984e-12,F,C,3.898484006168382e-12,F,-1.0,1.2000000000000002,0.7607903926791828,0.7515836811687884,0.8459612274222177,0.567967836357284,11.983744069955467,1.4348442855815196,0.7515836811687884,
LNET-02195,shunt_then_series,C,2.0304604198793647e-12,F,C,6.497473343613974e-13,F,-1.6,0.20000000000000018,0.7538450085926557,0.7357856112714488,0.8459748237733501,0.5464516777798796,11.984890191308567,1.7251641113155167,0.7357856112714488,
LNET-01210,series_then_shunt,L,1.4619315023131425e-08,H,none,0.0,,1.7999999999999998,0.0,0.7599392116375235,0.7589466046007658,0.8462573691207411,0.5799871683791795,12.008753580981006,1.8651510863952845,0.7589466046007658,
LNET-02891,shunt_then_series,L,1.4619315023131425e-08,H,none,0.0,,1.7999999999999998,0.0,0.7599392116375235,0.7589466046007658,0.8462573691207411,0.5799871683791795,12.008753580981006,1.8651510863952847,0.7589466046007658,
LNET-02589,shunt_then_series,L,3.248736671806987e-09,H,L,2.7072805598391537e-09,H,0.40000000000000036,-3.0,0.8134483544524824,0.8235459219362975,0.8463554252267981,0.6783340760993001,12.017055779237525,1.0913821376923016,0.8235459219362975,
LNET-02105,shunt_then_series,C,1.624368335903492e-12,F,L,5.801315485369615e-09,H,-2.0,-1.4,0.8305219863568736,0.827620161157977,0.8466855058939259,0.6850788272232213,12.045081038562827,1.7951428104418523,0.827620161157977,
LNET-00514,series_then_shunt,C,2.0304604198793647e-12,F,C,6.497473343613974e-13,F,-1.6,0.20000000000000018,0.7747318326887435,0.7634613857031328,0.8474412278223818,0.5855611111619659,12.109701732991656,1.4104282262410281,0.7634613857031328,
LNET-02977,shunt_then_series,L,1.7868051694938416e-08,H,C,2.5989893374455867e-12,F,2.2,0.7999999999999998,0.8284117940500394,0.826103910686521,0.8479841066992566,0.6828042662905487,12.156519075563132,2.0620748620023353,0.826103910686521,
LNET-02264,shunt_then_series,C,2.707280559839153e-12,F,L,3.384100699798942e-09,H,-1.2000000000000002,-2.4,0.8003953973816468,0.8047774905196076,0.848001566538638,0.6479174490812979,12.158030345808795,1.2083802156701924,0.8047774905196076,
LNET-02343,shunt_then_series,C,4.060920839758731e-12,F,L,2.7072805598391537e-09,H,-0.7999999999999998,-3.0,0.7948032169882279,0.8024724400830849,0.8480547715589779,0.6442019731698956,12.162637751249324,1.0125000396863437,0.8024724400830849,
LNET-00867,series_then_shunt,L,1.6243683359034936e-09,H,L,2.7072805598391537e-09,H,0.20000000000000018,-3.0,0.8127816489058189,0.818279455123315,0.8481269239497379,0.6698602200463301,12.168891103108384,0.9281184153431288,0.818279455123315,
LNET-02976,shunt_then_series,L,1.7868051694938416e-08,H,C,1.949242003084189e-12,F,2.2,0.5999999999999996,0.8192220155957817,0.8171486853440462,0.8484331715732222,0.6683664273576324,12.195499442453553,2.0945794658028873,0.8171486853440462,
LNET-00683,series_then_shunt,C,4.060920839758731e-12,F,C,3.898484006168382e-12,F,-0.7999999999999998,1.2000000000000002,0.8036294788036523,0.7955361107681213,0.8486124659436278,0.6340037206263531,12.211127405346732,0.9786620645939469,0.7955361107681213,
LNET-00784,series_then_shunt,C,1.6243683359034905e-11,F,L,2.538075524849206e-09,H,-0.20000000000000018,-3.2,0.7432966821569661,0.7596161126716325,0.8492390202046516,0.57824639615809,12.266032117295302,0.8984880328184445,0.7596161126716325,
LNET-00859,series_then_shunt,none,0.0,,C,1.1695452018505142e-11,F,0.0,3.5999999999999996,0.8242944637505306,0.8317117222723239,0.8492393789890791,0.6917902468997787,12.26606368817705,0.931718203062272,0.8317117222723239,
LNET-02540,shunt_then_series,none,0.0,,C,1.1695452018505142e-11,F,0.0,3.5999999999999996,0.8242944637505306,0.8317117222723239,0.8492393789890791,0.6917902468997787,12.26606368817705,0.931718203062272,0.8317117222723239,
LNET-02546,shunt_then_series,L,1.6243683359034936e-09,H,L,2.388776964563959e-09,H,0.20000000000000018,-3.4,0.8159127713624824,0.8252953863266054,0.8493709205206892,0.6811835122893418,12.277648691165929,0.9923652587244928,0.8252953863266054,
LNET-02933,shunt_then_series,L,1.624368335903492e-08,H,C,6.497473343613974e-13,F,2.0,0.20000000000000018,0.7859604484613196,0.7848122273760468,0.8494309268442436,0.6181644969795402,12.282940235217472,2.0001956226104634,0.7848122273760468,
LNET-02410,shunt_then_series,C,5.414561119678306e-12,F,C,7.147220677975366e-12,F,-0.6000000000000001,2.2,0.7940531590529953,0.7963051399488656,0.8496747716716632,0.6347636596707178,12.30448669355517,1.1959926447108233,0.7963051399488656,
LNET-02859,shunt_then_series,L,1.2994946687227934e-08,H,C,5.847726009252571e-12,F,1.5999999999999996,1.7999999999999998,0.8255354420849057,0.8273249296125267,0.8501732144892254,0.6846154230265088,12.348747977084331,1.5171612951850224,0.8273249296125267,
LNET-01041,series_then_shunt,L,8.12184167951746e-09,H,L,8.12184167951746e-09,H,1.0,-1.0,0.801764309477431,0.8011276637424805,0.8502222460632428,0.6430506872799036,12.353117852498233,1.0187731510802238,0.8011276637424805,
LNET-02701,shunt_then_series,L,6.497473343613967e-09,H,C,9.746210015420952e-12,F,0.7999999999999998,3.0,0.8130270019986693,0.8207291134324446,0.8506763489536482,0.6737259394887847,12.393725548400745,1.0379041304122056,0.8207291134324446,
LNET-00469,series_then_shunt,C,1.8048537065594359e-12,F,L,1.3536402799195764e-08,H,-1.7999999999999998,-0.6000000000000001,0.7251226125108129,0.7030583425561063,0.8507875875742622,0.5030848680264869,12.403710639658675,3.4251424118264455,0.7030583425561063,
LNET-00814,series_then_shunt,C,1.6243683359034905e-11,F,C,9.096462681059554e-12,F,-0.20000000000000018,2.8,0.8158336119851924,0.815110057376075,0.8510483816271164,0.6647651984585589,12.427178716469028,0.9273450660498301,0.815110057376075,
LNET-00726,series_then_shunt,C,5.414561119678306e-12,F,C,5.197978674891173e-12,F,-0.6000000000000001,1.5999999999999996,0.8088301721123283,0.8009711978339266,0.8513427392246787,0.6425832287858833,12.45376599547852,0.9503687663886128,0.8009711978339266,
LNET-02454,shunt_then_series,C,8.121841679517462e-12,F,C,9.096462681059554e-12,F,-0.3999999999999999,2.8,0.8125189042594123,0.8179321868454743,0.8514073619650413,0.6692078231485554,12.45961702039013,1.083278251378838,0.8179321868454743,
LNET-02111,shunt_then_series,C,1.624368335903492e-12,F,L,4.060920839758726e-08,H,-2.0,-0.20000000000000018,0.7909610016779601,0.7796949643359055,0.8514993991590407,0.6100390335782536,12.467958975748212,1.9795433459990752,0.7796949643359055,
LNET-00823,series_then_shunt,none,0.0,,L,2.256067133199294e-09,H,0.0,-3.6,0.8105200064426672,0.8194359984882825,0.8515162683697096,0.6715804071752095,12.46948906820176,0.9256891740951982,0.8194359984882825,
LNET-02504,shunt_then_series,none,0.0,,L,2.256067133199294e-09,H,0.0,-3.6,0.8105200064426672,0.8194359984882825,0.8515162683697096,0.6715804071752095,12.46948906820176,0.9256891740951982,0.8194359984882825,
LNET-02622,shunt_then_series,L,3.248736671806987e-09,H,C,1.1695452018505142e-11,F,0.40000000000000036,3.5999999999999996,0.8211474654217747,0.829055593525787,0.8516351487487156,0.6873975484142956,12.480281772484073,0.9223680158197229,0.829055593525787,
LNET-02848,shunt_then_series,L,1.2994946687227934e-08,H,L,2.0304604198793658e-08,H,1.5999999999999996,-0.3999999999999999,0.7551850419126147,0.7517757110237908,0.8522296676458445,0.5708285354158392,12.534516490134683,1.800301936478426,0.7517757110237908,
LNET-02422,shunt_then_series,C,8.121841679517462e-12,F,L,2.256067133199294e-09,H,-0.3999999999999999,-3.6,0.8060796404009131,0.8149318987086319,0.8526349825499937,0.6642623998271302,12.57174202268528,0.9107967184372113,0.8149318987086319,
LNET-02065,shunt_then_series,C,1.4766984871849927e-12,F,L,6.768201399597882e-09,H,-2.2,-1.2000000000000002,0.8410742947753623,0.8370120060023454,0.8526752132965664,0.7007168008869714,12.575448128942629,1.9809004425560075,0.8370120060023454,
LNET-00472,series_then_shunt,C,1.8048537065594359e-12,F,none,0.0,,-1.7999999999999998,0.0,0.7711736048775553,0.7568273280301703,0.8527721284306055,0.5764712262619139,12.584384387825086,1.8508712636158513,0.7568273280301703,
LNET-02153,shunt_then_series,C,1.8048537065594359e-12,F,none,0.0,,-1.7999999999999998,0.0,0.7711736048775553,0.7568273280301703,0.8527721284306055,0.5764712262619139,12.584384387825086,1.8508712636158513,0.7568273280301703,
LNET-02069,shunt_then_series,C,1.4766984871849927e-12,F,L,2.0304604198793658e-08,H,-2.2,-0.3999999999999999,0.81337694499254,0.8045384707967362,0.8531656855894482,0.6483400787129822,12.62079434925516,2.111597483456212,0.8045384707967362,
LNET-02498,shunt_then_series,C,1.6243683359034905e-11,F,C,1.1045704684143746e-11,F,-0.20000000000000018,3.4000000000000004,0.8293747897328443,0.8362234202791653,0.8532342868480508,0.6993206253466422,12.627160983637669,0.9946517096837795,0.8362234202791653,
LNET-01252,series_then_shunt,L,1.624368335903492e-08,H,C,6.497473343613974e-13,F,2.0,0.20000000000000018,0.7660936149109479,0.7650159573475733,0.8536249240308058,0.5893671862281473,12.663528348370702,3.5096419895587396,0.7650159573475733,
LNET-01253,series_then_shunt,L,1.624368335903492e-08,H,C,1.2994946687227947e-12,F,2.0,0.40000000000000036,0.7523545183281344,0.7512286765721231,0.8543644102015543,0.5699210284605271,12.732906927269127,5.417637406449162,0.7512286765721231,
LNET-00976,series_then_shunt,L,4.8731050077104735e-09,H,C,7.796968012336763e-12,F,0.5999999999999996,2.4000000000000004,0.6421635536932783,0.6720082233192779,0.8544150793519466,0.46396072531366117,12.737686506935235,0.8802041866363851,0.6720082233192779,
LNET-02676,shunt_then_series,L,6.497473343613967e-09,H,L,4.06092083975873e-09,H,0.7999999999999998,-2.0,0.7923804666243487,0.8019485566090376,0.8544684321961955,0.6439691978236541,12.74272283451423,1.3534090494077533,0.8019485566090376,
LNET-02238,shunt_then_series,C,2.320526194147846e-12,F,C,1.949242003084189e-12,F,-1.4,0.5999999999999996,0.7621891385068426,0.7444161684605304,0.8544818592785564,0.5591915262206485,12.743990887215059,1.666434135936038,0.7444161684605304,
LNET-00899,series_then_shunt,L,1.6243683359034936e-09,H,C,1.1045704684143746e-11,F,0.20000000000000018,3.4000000000000004,0.771986714941969,0.7920417985276255,0.8550454374734876,0.628051301130048,12.797427036035497,0.9148070948901065,0.7920417985276255,
LNET-02780,shunt_then_series,L,9.746210015420954e-09,H,C,7.796968012336763e-12,F,1.2000000000000002,2.4000000000000004,0.8197049096283509,0.8250372029223242,0.855055095339553,0.6808583448867637,12.798346376406059,1.2487966388407763,0.8250372029223242,
LNET-02978,shunt_then_series,L,1.7868051694938416e-08,H,C,3.248736671806984e-12,F,2.2,1.0,0.8404003832007427,0.8383343646000211,0.8550635119310295,0.7030195381678757,12.799147658719766,2.0445504823841385,0.8383343646000211,
LNET-01015,series_then_shunt,L,6.497473343613967e-09,H,C,6.497473343613968e-12,F,0.7999999999999998,2.0,0.6165551403222927,0.630683053331351,0.8556554966041398,0.42184867848856616,12.855740627095878,0.8955650102116335,0.630683053331351,
LNET-02975,shunt_then_series,L,1.7868051694938416e-08,H,C,1.2994946687227947e-12,F,2.2,0.40000000000000036,0.8140327723185133,0.8124339332146006,0.85628061131365,0.6611550543812031,12.916006867832948,2.1415963861088367,0.8124339332146006,
LNET-02224,shunt_then_series,C,2.320526194147846e-12,F,L,3.691746217962481e-09,H,-1.4,-2.2,0.8142275164398127,0.8168818353434278,0.856392019941379,0.6675299058774276,12.926802669208197,1.3410251479078708,0.8168818353434278,
LNET-02899,shunt_then_series,L,1.4619315023131425e-08,H,C,5.197978674891173e-12,F,1.7999999999999998,1.5999999999999996,0.8362571615691958,0.836759401583344,0.8564476922796226,0.7003089704779538,12.932203750397095,1.6798403820882335,0.836759401583344,
LNET-01083,series_then_shunt,L,9.746210015420954e-09,H,L,1.0152302099396829e-08,H,1.2000000000000002,-0.7999999999999998,0.8071643990788356,0.8069350475300013,0.8566162681154452,0.6523870667935069,12.948583801754424,1.0744168376798233,0.8069350475300013,
LNET-02026,shunt_then_series,C,1.3536402799195768e-12,F,L,1.0152302099396829e-08,H,-2.4,-0.7999999999999998,0.8429136457995083,0.8369092645945512,0.8568686119585528,0.7006770405908175,12.973175467430321,2.209702825702806,0.8369092645945512,
LNET-02382,shunt_then_series,C,5.414561119678306e-12,F,L,2.388776964563959e-09,H,-0.6000000000000001,-3.4,0.8060162151181992,0.8143358468167518,0.8569675978622653,0.6633466586130388,12.982845635732781,0.9539958214292887,0.8143358468167518,
LNET-02588,shunt_then_series,L,3.248736671806987e-09,H,L,2.538075524849206e-09,H,0.40000000000000036,-3.2,0.8285558425385253,0.8380256942871681,0.8569769026629667,0.7023648800706399,12.983755332098621,1.0963991554658483,0.8380256942871681,
LNET-02367,shunt_then_series,C,4.060920839758731e-12,F,C,5.847726009252571e-12,F,-0.7999999999999998,1.7999999999999998,0.7911068170340396,0.7896019538618587,0.8570568261812961,0.6247441461411093,12.99157404002109,1.329615294200484,0.7896019538618587,
LNET-02662,shunt_then_series,L,4.8731050077104735e-09,H,C,1.1045704684143746e-11,F,0.5999999999999996,3.4000000000000004,0.8220107482371282,0.830056523560161,0.8572133251047137,0.6890924143283843,13.006909268436395,0.9715856370394089,0.830056523560161,
LNET-02582,shunt_then_series,L,1.6243683359034936e-09,H,C,1.2345199352866539e-11,F,0.20000000000000018,3.8,0.8304233887385124,0.8379087793193869,0.8572412571995474,0.7021410652959265,13.009649852377787,0.9122753100984902,0.8379087793193869,
LNET-00955,series_then_shunt,L,4.8731050077104735e-09,H,L,4.51213426639859e-09,H,0.5999999999999996,-1.7999999999999998,0.8142926248733366,0.8134511574805584,0.8573193013158654,0.6627280710020754,13.017312912292255,0.9522660315870244,0.8134511574805584,
LNET-02632,shunt_then_series,L,4.8731050077104735e-09,H,L,3.1237852613528696e-09,H,0.5999999999999996,-2.6,0.8132418179418903,0.8233680848534021,0.8574401907647029,0.6782009063327328,13.029199468827642,1.2187445877456917,0.8233680848534021,
LNET-02805,shunt_then_series,L,1.1370578351324447e-08,H,L,1.0152302099396829e-08,H,1.4000000000000004,-0.7999999999999998,0.7637527891088326,0.763351559230991,0.8576155609129001,0.5873233957071242,13.046478764273909,1.7317749443954698,0.763351559230991,
LNET-01094,series_then_shunt,L,9.746210015420954e-09,H,C,4.548231340529779e-12,F,1.2000000000000002,1.4000000000000004,0.6356758125478297,0.6246178930797425,0.8581799887724737,0.42324442928917594,13.102382186328677,1.1062887687735063,0.6246178930797425,
LNET-00641,series_then_shunt,C,3.248736671806984e-12,F,C,3.248736671806984e-12,F,-1.0,1.0,0.8143508817494356,0.8068572773524809,0.8583701705745982,0.6520561066749455,13.121318991303488,1.0199989540461123,0.8068572773524809,
LNET-00998,series_then_shunt,L,6.497473343613967e-09,H,L,5.801315485369615e-09,H,0.7999999999999998,-1.4,0.8150168490025311,0.8139451245432705,0.8584113154345023,0.6635671727635254,13.125422565634599,0.978953405419449,0.8139451245432705,
LNET-00770,series_then_shunt,C,8.121841679517462e-12,F,C,7.147220677975366e-12,F,-0.3999999999999999,2.2,0.8196004425244099,0.8138155082803573,0.8584975104002994,0.6630496499216241,13.134026939440025,0.9367511773128671,0.8138155082803573,
LNET-00628,series_then_shunt,C,3.248736671806984e-12,F,L,5.076151049698412e-09,H,-1.0,-1.6,0.6296715570012362,0.5815842870654756,0.8588065003569673,0.3722399100922761,13.164958054417706,0.9642431900254124,0.5815842870654756,
LNET-02719,shunt_then_series,L,8.12184167951746e-09,H,L,5.076151049698412e-09,H,1.0,-1.6,0.7860817000070233,0.793577816576955,0.8593607000267599,0.6313864747928413,13.220776130004532,1.4982764871050975,0.793577816576955,
LNET-02462,shunt_then_series,C,1.6243683359034905e-11,F,L,2.1373267577677528e-09,H,-0.20000000000000018,-3.8,0.8170504563528136,0.8256342605433277,0.8593776230441738,0.6817905063699669,13.222487510848012,0.9051188751677265,0.8256342605433277,
LNET-00866,series_then_shunt,L,1.6243683359034936e-09,H,L,2.538075524849206e-09,H,0.20000000000000018,-3.2,0.8276335191857678,0.8330463199467903,0.8594395060406321,0.6941737547249041,13.228749086341034,0.935085300687913,0.8330463199467903,
LNET-02281,shunt_then_series,C,2.707280559839153e-12,F,C,3.248736671806984e-12,F,-1.2000000000000002,1.0,0.7743865898528705,0.7620192576604783,0.8595568263778056,0.5842636009624009,13.2406351865858,1.580759243126488,0.7620192576604783,
LNET-00911,series_then_shunt,L,3.248736671806987e-09,H,L,3.384100699798942e-09,H,0.40000000000000036,-2.4,0.8191937028995332,0.8202680237549831,0.8597470728874488,0.6735770844691553,13.25995193950587,0.938006919806561,0.8202680237549831,
LNET-02303,shunt_then_series,C,3.248736671806984e-12,F,L,2.9006577426848075e-09,H,-1.0,-2.8,0.8071670268919804,0.8132049609843537,0.8597641958928538,0.6615843661980363,13.261693101370273,1.1114875006820024,0.8132049609843537,
LNET-01125,series_then_shunt,L,1.1370578351324447e-08,H,L,1.3536402799195764e-08,H,1.4000000000000004,-0.6000000000000001,0.8065671797539998,0.8066791173554009,0.8597783743009759,0.6521254498803168,13.263135162138687,1.154770346915989,0.8066791173554009,
LNET-00430,series_then_shunt,C,1.624368335903492e-12,F,L,4.060920839758726e-08,H,-2.0,-0.20000000000000018,0.7772079311914125,0.7625813546575758,0.8599117896289307,0.5853303077102964,13.276718895204295,3.4026432046623696,0.7625813546575758,
LNET-02762,shunt_then_series,L,9.746210015420954e-09,H,L,6.768201399597882e-09,H,1.2000000000000002,-1.2000000000000002,0.7759220570082614,0.7800070836139611,0.8602978612657733,0.6112963297965082,13.31617309599574,1.6301893347469614,0.7800070836139611,
LNET-02890,shunt_then_series,L,1.4619315023131425e-08,H,L,4.060920839758726e-08,H,1.7999999999999998,-0.20000000000000018,0.772178437720011,0.7690690807155297,0.8604180059565958,0.5961392584627327,13.328495689623713,1.9302935853989787,0.7690690807155297,
LNET-02324,shunt_then_series,C,3.248736671806984e-12,F,C,4.548231340529779e-12,F,-1.0,1.4000000000000004,0.7846705968504986,0.7782578246815866,0.8604565777023147,0.6079056142168828,13.332456285423742,1.4634348579558354,0.7782578246815866,
LNET-00745,series_then_shunt,C,8.121841679517462e-12,F,L,2.9006577426848075e-09,H,-0.3999999999999999,-2.8,0.6928150877752653,0.7049637827856906,0.8604910297985274,0.5025649364908275,13.335995722079304,0.8790843700196248,0.7049637827856906,
LNET-02027,shunt_then_series,C,1.3536402799195768e-12,F,L,1.3536402799195764e-08,H,-2.4,-0.6000000000000001,0.8376681037407813,0.8306880124949602,0.860565116791942,0.6905181363962052,13.3436129753535,2.2515166538768763,0.8306880124949602,
LNET-00429,series_then_shunt,C,1.624368335903492e-12,F,L,2.0304604198793658e-08,H,-2.0,-0.3999999999999999,0.7650510259789963,0.7481541931255765,0.8611368354072388,0.5648545231919793,13.402667589099858,5.248911108455164,0.7481541931255765,
LNET-01167,series_then_shunt,L,1.2994946687227934e-08,H,L,2.0304604198793658e-08,H,1.5999999999999996,-0.3999999999999999,0.8016770665152003,0.8019059075169654,0.8613318483924592,0.6447985522793338,13.422922472208393,1.285700672252293,0.8019059075169654,
LNET-02411,shunt_then_series,C,5.414561119678306e-12,F,C,7.796968012336763e-12,F,-0.6000000000000001,2.4000000000000004,0.8122228605695068,0.8153426074480129,0.8614708633178528,0.6652453210022172,13.437395972436956,1.2045660313389521,0.8153426074480129,
LNET-02025,shunt_then_series,C,1.3536402799195768e-12,F,L,8.12184167951746e-09,H,-2.4,-1.0,0.8515271570162875,0.8466277907381865,0.8617585341566308,0.7169327296913512,13.467439185475994,2.1831355801260015,0.8466277907381865,
LNET-02939,shunt_then_series,L,1.624368335903492e-08,H,C,4.548231340529779e-12,F,2.0,1.4000000000000004,0.845561017634814,0.8449761389404568,0.861893115124247,0.7141254501986316,13.481537265859615,1.853698088071701,0.8449761389404568,
LNET-02455,shunt_then_series,C,8.121841679517462e-12,F,C,9.746210015420952e-12,F,-0.3999999999999999,3.0,0.8277293971347173,0.8333871444781947,0.8620234154925839,0.6946682206675833,13.495213134461244,1.0889043091176478,0.8333871444781947,
LNET-02184,shunt_then_series,C,2.0304604198793647e-12,F,L,4.06092083975873e-09,H,-1.6,-2.0,0.8265439984585582,0.827655055558814,0.8622083539352896,0.6852138076178051,13.514668030460642,1.4856822357292394,0.827655055558814,
LNET-02196,shunt_then_series,C,2.0304604198793647e-12,F,C,1.2994946687227947e-12,F,-1.6,0.40000000000000036,0.774287859648659,0.7559287322042326,0.8623544667894801,0.5762837101020477,13.530075574200657,1.793819481659527,0.7559287322042326,
LNET-00815,series_then_shunt,C,1.6243683359034905e-11,F,C,9.746210015420952e-12,F,-0.20000000000000018,3.0,0.830891777947303,0.8307442486970434,0.8626747782787846,0.6904093870560869,13.563967018820545,0.9347020452255214,0.8307442486970434,
LNET-02499,shunt_then_series,C,1.6243683359034905e-11,F,C,1.1695452018505142e-11,F,-0.20000000000000018,3.5999999999999996,0.8422414303740716,0.8490032800967852,0.8629823782491062,0.7208479414265869,13.596662636840382,0.9994794046329702,0.8490032800967852,
LNET-00860,series_then_shunt,none,0.0,,C,1.2345199352866539e-11,F,0.0,3.8,0.8374553325117262,0.8447080995346509,0.8630925906052274,0.7135778299026012,13.608413151935395,0.9378666042154118,0.8447080995346509,
LNET-02541,shunt_then_series,none,0.0,,C,1.2345199352866539e-11,F,0.0,3.8,0.8374553325117262,0.8447080995346509,0.8630925906052274,0.7135778299026012,13.608413151935395,0.9378666042154118,0.8447080995346509,
LNET-01209,series_then_shunt,L,1.4619315023131425e-08,H,L,4.060920839758726e-08,H,1.7999999999999998,-0.20000000000000018,0.7951424491649026,0.7949873599816661,0.8631846634865806,0.6343608317210939,13.618244203959053,1.5285166050854602,0.7949873599816661,
LNET-02741,shunt_then_series,L,8.12184167951746e-09,H,C,9.096462681059554e-12,F,1.0,2.8,0.8250410551384747,0.8318537220650489,0.8634873844957895,0.6921527249997127,13.650660619262064,1.1439910918131464,0.8318537220650489,
LNET-00599,series_then_shunt,C,2.707280559839153e-12,F,C,2.5989893374455867e-12,F,-1.2000000000000002,0.7999999999999998,0.8182049149991527,0.810961678878352,0.8637299608909389,0.6587210522446286,13.676740485847652,1.073063087738037,0.810961678878352,
LNET-02545,shunt_then_series,L,1.6243683359034936e-09,H,L,2.256067133199294e-09,H,0.20000000000000018,-3.6,0.8301296182808231,0.838858997540812,0.8639658947663715,0.703754033331296,13.702195427868244,0.9976969502968379,0.838858997540812,
LNET-02820,shunt_then_series,L,1.1370578351324447e-08,H,C,7.147220677975366e-12,F,1.4000000000000004,2.2,0.8325292664631737,0.8365347347122999,0.8646550283351788,0.6999665081480084,13.77705433307826,1.3877697566715932,0.8365347347122999,
LNET-01134,series_then_shunt,L,1.1370578351324447e-08,H,C,3.898484006168382e-12,F,1.4000000000000004,1.2000000000000002,0.6700473764587004,0.6589944906942928,0.8646667087903448,0.4601577190479109,13.778329723036487,1.3332751356859103,0.6589944906942928,
LNET-00938,series_then_shunt,L,3.248736671806987e-09,H,C,9.746210015420952e-12,F,0.40000000000000036,3.0,0.7174161123571692,0.7466201520032325,0.8653718153926439,0.5613888408700561,13.855730290302963,0.9004929754486364,0.7466201520032325,
LNET-00822,series_then_shunt,none,0.0,,L,2.1373267577677528e-09,H,0.0,-3.8,0.8250507642736526,0.8333135637946706,0.8656658902938764,0.6945218432723803,13.888251423077175,0.9324081708158496,0.8333135637946706,
LNET-02503,shunt_then_series,none,0.0,,L,2.1373267577677528e-09,H,0.0,-3.8,0.8250507642736526,0.8333135637946706,0.8656658902938764,0.6945218432723803,13.888251423077175,0.9324081708158496,0.8333135637946706,
LNET-02144,shunt_then_series,C,1.8048537065594359e-12,F,L,4.51213426639859e-09,H,-1.7999999999999998,-1.7999999999999998,0.8371847267999946,0.8369053046829502,0.8658774959962351,0.700574396588706,13.911740687035328,1.6406823587767523,0.8369053046829502,
LNET-00557,series_then_shunt,C,2.320526194147846e-12,F,C,1.949242003084189e-12,F,-1.4,0.5999999999999996,0.8166541593793395,0.8091578800982829,0.8662082122550044,0.6559583565924453,13.948600610763641,1.1503732019679935,0.8091578800982829,
LNET-02675,shunt_then_series,L,6.497473343613967e-09,H,L,3.691746217962481e-09,H,0.7999999999999998,-2.2,0.8118455899487754,0.821270873107194,0.866278922896074,0.6750637738874536,13.956505311766449,1.3637836723946137,0.821270873107194,
LNET-02623,shunt_then_series,L,3.248736671806987e-09,H,C,1.2345199352866539e-11,F,0.40000000000000036,3.8,0.8354539654104779,0.8431874293324594,0.8664836717220069,0.7110355203854158,13.97944128478293,0.9323187821223873,0.8431874293324594,
LNET-00783,series_then_shunt,C,1.6243683359034905e-11,F,L,2.388776964563959e-09,H,-0.20000000000000018,-3.4,0.7664140643899702,0.7805870649153466,0.8664895981607772,0.6105160197096712,13.980106212311902,0.9093961552634565,0.7805870649153466,
LNET-02587,shunt_then_series,L,3.248736671806987e-09,H,L,2.388776964563959e-09,H,0.40000000000000036,-3.4,0.8420854707383751,0.8509355821525308,0.8666222837163662,0.724152143173055,13.995008579595924,1.1003853759785496,0.8509355821525308,
LNET-02847,shunt_then_series,L,1.2994946687227934e-08,H,L,1.3536402799195764e-08,H,1.5999999999999996,-0.6000000000000001,0.7756830194756907,0.7729757074855039,0.866753971525687,0.602374091069789,14.009828232032879,1.8680182236443756,0.7729757074855039,
LNET-01174,series_then_shunt,L,1.2994946687227934e-08,H,C,3.248736671806984e-12,F,1.5999999999999996,1.0,0.6991746714018459,0.6913980170538191,0.8670248102002188,0.4962880147669619,14.040399664113064,1.6956332708322317,0.6913980170538191,
LNET-02342,shunt_then_series,C,4.060920839758731e-12,F,L,2.538075524849206e-09,H,-0.7999999999999998,-3.2,0.8139937994513152,0.821129176998165,0.8671740607858175,0.674519429279847,14.057299890610897,1.0293830220431053,0.821129176998165,
LNET-00684,series_then_shunt,C,4.060920839758731e-12,F,C,4.548231340529779e-12,F,-0.7999999999999998,1.4000000000000004,0.8286299743261618,0.821404786019458,0.867188706016717,0.6755577620881538,14.058960273753085,0.982129475958295,0.821404786019458,
LNET-00515,series_then_shunt,C,2.0304604198793647e-12,F,C,1.2994946687227947e-12,F,-1.6,0.40000000000000036,0.8112532520553145,0.8027988145375973,0.8673041930387999,0.6460514915912665,14.07206629810688,1.2773512807178615,0.8027988145375973,
LNET-00727,series_then_shunt,C,5.414561119678306e-12,F,C,5.847726009252571e-12,F,-0.6000000000000001,1.7999999999999998,0.8299430439398993,0.8229321859133796,0.8674888352829206,0.6780260918018578,14.093067850321447,0.9572207131868662,0.8229321859133796,
LNET-01214,series_then_shunt,L,1.4619315023131425e-08,H,C,2.5989893374455867e-12,F,1.7999999999999998,0.7999999999999998,0.7264643739427825,0.7220007232405701,0.867546258725448,0.5332521803860761,14.09961123600406,2.339154305212316,0.7220007232405701,
LNET-02932,shunt_then_series,L,1.624368335903492e-08,H,none,0.0,,2.0,0.0,0.7915778296004845,0.7902474946250634,0.8675810742732646,0.6276734640932727,14.103581221669732,2.0646834157407374,0.7902474946250634,
LNET-01251,series_then_shunt,L,1.624368335903492e-08,H,none,0.0,,2.0,0.0,0.7915778296004845,0.7902474946250634,0.8675810742732648,0.6276734640932728,14.103581221669758,2.0646834157407374,0.7902474946250634,
LNET-02979,shunt_then_series,L,1.7868051694938416e-08,H,C,3.898484006168382e-12,F,2.2,1.2000000000000002,0.8538985496345358,0.8525042887274837,0.8677439495261411,0.7269137346411724,14.122181501974538,2.040034835131302,0.8525042887274837,
LNET-02631,shunt_then_series,L,4.8731050077104735e-09,H,L,2.9006577426848075e-09,H,0.5999999999999996,-2.8,0.8292975629774317,0.8389046110110632,0.8679354740967444,0.7039423325546411,14.144112215759655,1.2241727158155395,0.8389046110110632,
LNET-02421,shunt_then_series,C,8.121841679517462e-12,F,L,2.1373267577677528e-09,H,-0.3999999999999999,-3.8,0.8219625702740079,0.830139899528221,0.867998647344708,0.6892911376487059,14.151359889642912,0.9214022055228783,0.830139899528221,
LNET-02104,shunt_then_series,C,1.624368335903492e-12,F,L,5.076151049698412e-09,H,-2.0,-1.6,0.8463970165540625,0.8448477088425485,0.8681828934969665,0.713900302071125,14.172537564037448,1.805753265861004,0.8448477088425485,
LNET-02154,shunt_then_series,C,1.8048537065594359e-12,F,C,6.497473343613974e-13,F,-1.7999999999999998,0.20000000000000018,0.7868099735164777,0.7699978480408031,0.868243807089801,0.5970143332003323,14.179552139633683,1.9186772088649682,0.7699978480408031,
LNET-03017,shunt_then_series,L,1.9492420030841907e-08,H,C,1.949242003084189e-12,F,2.4000000000000004,0.5999999999999996,0.8425937307235055,0.8406349808647576,0.8683978425153603,0.7071721870668438,14.197319240252092,2.293440273729695,0.8406349808647576,
LNET-02702,shunt_then_series,L,6.497473343613967e-09,H,C,1.039595734978235e-11,F,0.7999999999999998,3.2,0.8301653352424649,0.8378257906372514,0.8685010112669821,0.7020993673437971,14.209242438058558,1.0538099885082732,0.8378257906372514,
LNET-03018,shunt_then_series,L,1.9492420030841907e-08,H,C,2.5989893374455867e-12,F,2.4000000000000004,0.7999999999999998,0.8510320248194868,0.8489208548036612,0.8686020448451054,0.7209550062477608,14.220937020232613,2.259768678298598,0.8489208548036612,
LNET-00473,series_then_shunt,C,1.8048537065594359e-12,F,C,6.497473343613974e-13,F,-1.7999999999999998,0.20000000000000018,0.8045332230271163,0.7941683010279614,0.8688220733651416,0.6328577994164358,14.24646753692883,1.5148663893131478,0.7941683010279614,
LNET-00706,series_then_shunt,C,5.414561119678306e-12,F,L,3.384100699798942e-09,H,-0.6000000000000001,-2.4,0.6652550865931868,0.6577009592190843,0.8691664111909437,0.4467903741267665,14.286594353984125,0.8734166622446535,0.6577009592190843,
LNET-02368,shunt_then_series,C,4.060920839758731e-12,F,C,6.497473343613968e-12,F,-0.7999999999999998,2.0,0.8107209968247351,0.81071564988213,0.8691711661112731,0.6581582384413729,14.287149938988591,1.3420952935629211,0.81071564988213,
LNET-00588,series_then_shunt,C,2.707280559839153e-12,F,L,5.801315485369615e-09,H,-1.2000000000000002,-1.4,0.6662014857411342,0.6155532662016887,0.8692072880251296,0.40928531464342727,14.291371895280113,1.127505557909527,0.6155532662016887,
LNET-00667,series_then_shunt,C,4.060920839758731e-12,F,L,4.06092083975873e-09,H,-0.7999999999999998,-2.0,0.6482313341230844,0.6164272398021805,0.8693419163774555,0.4052614881652778,14.307127921589297,0.8915559652233823,0.6164272398021805,
LNET-01254,series_then_shunt,L,1.624368335903492e-08,H,C,1.949242003084189e-12,F,2.0,0.5999999999999996,0.7553944327690415,0.7529896362724819,0.8693788496361151,0.574357603963425,14.311456027055286,3.5986112652747404,0.7529896362724819,
LNET-02974,shunt_then_series,L,1.7868051694938416e-08,H,C,6.497473343613974e-13,F,2.2,0.20000000000000018,0.8136099584654248,0.8123119764272221,0.86942383409764,0.6616216188189319,14.3167309376776,2.2000018850267145,0.8123119764272221,
LNET-00865,series_then_shunt,L,1.6243683359034936e-09,H,L,2.388776964563959e-09,H,0.20000000000000018,-3.4,0.8409449453561851,0.8462335078899839,0.8696166464873284,0.716266483424644,14.33938149401584,0.9411171701624779,0.8462335078899839,
LNET-02239,shunt_then_series,C,2.320526194147846e-12,F,C,2.5989893374455867e-12,F,-1.4,0.7999999999999998,0.785585612710939,0.7705227448296029,0.8696574000173387,0.5976878298388755,14.344177577139387,1.7225798685161218,0.7705227448296029,
LNET-01040,series_then_shunt,L,8.12184167951746e-09,H,L,6.768201399597882e-09,H,1.0,-1.2000000000000002,0.8290314796897078,0.8282086219847696,0.8697413095622478,0.6868398953346785,14.354061930752765,1.0152550626525636,0.8282086219847696,
LNET-02263,shunt_then_series,C,2.707280559839153e-12,F,L,3.1237852613528696e-09,H,-1.2000000000000002,-2.6,0.8207251091840757,0.8251333809341205,0.8701485779070185,0.6811371300939495,14.402218687815976,1.2299305733587997,0.8251333809341205,
LNET-02064,shunt_then_series,C,1.4766984871849927e-12,F,L,5.801315485369615e-09,H,-2.2,-1.4,0.8546269696644994,0.8519321124214804,0.8702645099814904,0.7259018990132864,14.41598216274249,1.981884397183041,0.8519321124214804,
LNET-02583,shunt_then_series,L,1.6243683359034936e-09,H,C,1.2994946687227937e-11,F,0.20000000000000018,4.0,0.8431854161066542,0.8504770762711558,0.8704372244586948,0.7233633818434393,14.436532535244972,0.9195975538246124,0.8504770762711558,
LNET-00900,series_then_shunt,L,1.6243683359034936e-09,H,C,1.1695452018505142e-11,F,0.20000000000000018,3.5999999999999996,0.7911775793957863,0.809800045766095,0.8705657167504669,0.6564840136871604,14.451856724421694,0.9235303785086034,0.809800045766095,
LNET-02070,shunt_then_series,C,1.4766984871849927e-12,F,L,4.060920839758726e-08,H,-2.2,-0.20000000000000018,0.8175017694661152,0.8072196324693269,0.8708335604357763,0.65328661511978,14.483898191724691,2.174120910533018,0.8072196324693269,
LNET-02804,shunt_then_series,L,1.1370578351324447e-08,H,L,8.12184167951746e-09,H,1.4000000000000004,-1.0,0.7870539091006495,0.7883915972930554,0.8714849959358473,0.6249658167557397,14.562385221585727,1.7827272572183996,0.7883915972930554,
LNET-00771,series_then_shunt,C,8.121841679517462e-12,F,C,7.796968012336763e-12,F,-0.3999999999999999,2.4000000000000004,0.8364233052665656,0.8314264740713748,0.8714855970068103,0.6918685988387209,14.562458007963393,0.9440176347483148,0.8314264740713748,
LNET-02028,shunt_then_series,C,1.3536402799195768e-12,F,L,2.0304604198793658e-08,H,-2.4,-0.3999999999999999,0.8365575967969711,0.8285424719056383,0.8716137202404145,0.6873230141087198,14.577988580595795,2.306292691757492,0.8285424719056383,
LNET-02456,shunt_then_series,C,8.121841679517462e-12,F,C,1.039595734978235e-11,F,-0.3999999999999999,3.2,0.8413495441557921,0.8471226756038108,0.8716246141124543,0.7177106060135695,14.5793105210368,1.0933608597970401,0.8471226756038108,
LNET-02718,shunt_then_series,L,8.12184167951746e-09,H,L,4.51213426639859e-09,H,1.0,-1.7999999999999998,0.8072573429921408,0.8151520184730168,0.871626508378512,0.6655848391099352,14.579540407742764,1.5155949476761834,0.8151520184730168,
LNET-02860,shunt_then_series,L,1.2994946687227934e-08,H,C,6.497473343613968e-12,F,1.5999999999999996,2.0,0.843739970380303,0.846457185226932,0.8717288974825249,0.7166551631564614,14.591976374628329,1.538113644553609,0.846457185226932,
LNET-00910,series_then_shunt,L,3.248736671806987e-09,H,L,3.1237852613528696e-09,H,0.40000000000000036,-2.6,0.8352344343503181,0.8364579547071539,0.8719648281347377,0.7002477934530873,14.620707738844597,0.944750662412739,0.8364579547071539,
LNET-00954,series_then_shunt,L,4.8731050077104735e-09,H,L,4.06092083975873e-09,H,0.5999999999999996,-2.0,0.8336173807567989,0.8328917575237118,0.8720156661643426,0.6945244716020862,14.626912607664677,0.9584120559865495,0.8328917575237118,
LNET-02412,shunt_then_series,C,5.414561119678306e-12,F,C,8.446715346698158e-12,F,-0.6000000000000001,2.5999999999999996,0.8283953551832348,0.8321271517906135,0.8720455622022593,0.6927590094810578,14.630563772719055,1.2109414834858376,0.8321271517906135,
LNET-02663,shunt_then_series,L,4.8731050077104735e-09,H,C,1.1695452018505142e-11,F,0.5999999999999996,3.5999999999999996,0.8371135257526245,0.8449807253103359,0.8725982199283624,0.7141016387589423,14.698367784778254,0.9839055261560077,0.8449807253103359,
LNET-02461,shunt_then_series,C,1.6243683359034905e-11,F,L,2.030460419879365e-09,H,-0.20000000000000018,-4.0,0.8311519024476928,0.8390899676062572,0.8728607740155956,0.7041962473096934,14.730786344769244,0.9129772621551343,0.8390899676062572,
LNET-02112,shunt_then_series,C,1.624368335903492e-12,F,none,0.0,,-2.0,0.0,0.8009480177640985,0.7877496488677886,0.8728973662588992,0.6234979445951656,14.735315163286554,2.0450363634872004,0.7877496488677886,
LNET-00431,series_then_shunt,C,1.624368335903492e-12,F,none,0.0,,-2.0,0.0,0.8009480177640985,0.7877496488677886,0.8728973662588994,0.6234979445951656,14.735315163286568,2.0450363634872004,0.7877496488677886,
LNET-00816,series_then_shunt,C,1.6243683359034905e-11,F,C,1.039595734978235e-11,F,-0.20000000000000018,3.2,0.8443332904557325,0.8446464273081336,0.8730780025298065,0.7136356871840561,14.757709773435312,0.9410321888721487,0.8446464273081336,
LNET-02381,shunt_then_series,C,5.414561119678306e-12,F,L,2.256067133199294e-09,H,-0.6000000000000001,-3.6,0.8228633982039668,0.8305271380856897,0.873092423243811,0.6899936499472825,14.75950034758239,0.9670908472296413,0.8305271380856897,
LNET-02325,shunt_then_series,C,3.248736671806984e-12,F,C,5.197978674891173e-12,F,-1.0,1.5999999999999996,0.8060077365164919,0.8019031031811388,0.8732505593120894,0.6446288419422717,14.779162331173588,1.4843011811901634,0.8019031031811388,
LNET-02761,shunt_then_series,L,9.746210015420954e-09,H,L,5.801315485369615e-09,H,1.2000000000000002,-1.4,0.7987352404150794,0.8039913595584719,0.8732927354520715,0.64841234428615,14.784414627966948,1.6609148447400628,0.8039913595584719,
LNET-02282,shunt_then_series,C,2.707280559839153e-12,F,C,3.898484006168382e-12,F,-1.2000000000000002,1.2000000000000002,0.7973542635580143,0.7880296062023358,0.8734049661026825,0.6236119933361914,14.798408029356189,1.6167781164514057,0.7880296062023358,
LNET-02024,shunt_then_series,C,1.3536402799195768e-12,F,L,6.768201399597882e-09,H,-2.4,-1.2000000000000002,0.8624070371195965,0.8587402199011058,0.8736209493381811,0.7375454560408911,14.825407688429742,2.171092075219042,0.8587402199011058,
LNET-02889,shunt_then_series,L,1.4619315023131425e-08,H,L,2.0304604198793658e-08,H,1.7999999999999998,-0.3999999999999999,0.7879703932560308,0.7841807721753496,0.8739066303434921,0.6195662112977041,14.861262217420464,1.999514896839513,0.7841807721753496,
LNET-02500,shunt_then_series,C,1.6243683359034905e-11,F,C,1.2345199352866539e-11,F,-0.20000000000000018,3.8,0.8538316534455873,0.8604501657652835,0.8740410060444082,0.7404105889286472,14.878183345169626,1.0035597377260608,0.8604501657652835,
LNET-00548,series_then_shunt,C,2.320526194147846e-12,F,L,6.768201399597882e-09,H,-1.4,-1.2000000000000002,0.6957353159104344,0.6512452146045922,0.8741349754191324,0.44749287807977484,14.890037813602548,1.3731022043319372,0.6512452146045922,
LNET-01293,series_then_shunt,L,1.7868051694938416e-08,H,C,6.497473343613974e-13,F,2.2,0.20000000000000018,0.7973635127669965,0.7959536650101514,0.8741724017380078,0.6368067976343238,14.894764166408835,4.261291035462986,0.7959536650101514,
LNET-01055,series_then_shunt,L,8.12184167951746e-09,H,C,5.847726009252571e-12,F,1.0,1.7999999999999998,0.6554832799043461,0.6492812200715944,0.8746666612961135,0.451295713795372,14.957446124731543,0.9659291084892845,0.6492812200715944,
LNET-03016,shunt_then_series,L,1.9492420030841907e-08,H,C,1.2994946687227947e-12,F,2.4000000000000004,0.40000000000000036,0.8375832011756582,0.8360030731296864,0.8747479508278186,0.6997756423021176,14.967802628527394,2.3414269523815894,0.8360030731296864,
LNET-02781,shunt_then_series,L,9.746210015420954e-09,H,C,8.446715346698158e-12,F,1.2000000000000002,2.5999999999999996,0.837919132981886,0.8435977198879142,0.8748414523287663,0.7118512988122115,14.979731606135264,1.269354317165906,0.8435977198879142,
LNET-00997,series_then_shunt,L,6.497473343613967e-09,H,L,5.076151049698412e-09,H,0.7999999999999998,-1.6,0.8371690683930006,0.8360890960092693,0.8749618685170927,0.6998657250336142,14.995120658640037,0.9821034844316707,0.8360890960092693,
LNET-00468,series_then_shunt,C,1.8048537065594359e-12,F,L,1.0152302099396829e-08,H,-1.7999999999999998,-0.7999999999999998,0.7436648609004013,0.7164259428299088,0.8749776290596529,0.5241276325266,14.997137032013864,2.456826374826529,0.7164259428299088,
LNET-01985,shunt_then_series,C,1.2495141045411476e-12,F,L,1.0152302099396829e-08,H,-2.6,-0.7999999999999998,0.8623904536392427,0.856989412183089,0.8750031766946831,0.7346412022101636,15.00040662725328,2.4034536914576585,0.856989412183089,
LNET-00861,series_then_shunt,none,0.0,,C,1.2994946687227937e-11,F,0.0,4.0,0.8493209343408895,0.8563648418228798,0.8752469015061696,0.733408007783187,15.031665939735424,0.9432424744925634,0.8563648418228798,
LNET-02542,shunt_then_series,none,0.0,,C,1.2994946687227937e-11,F,0.0,4.0,0.8493209343408895,0.8563648418228798,0.8752469015061696,0.733408007783187,15.031665939735424,0.9432424744925634,0.8563648418228798,
LNET-03019,shunt_then_series,L,1.9492420030841907e-08,H,C,3.248736671806984e-12,F,2.4000000000000004,1.0,0.8618069147112426,0.8599593421352387,0.87530098945854,0.739707760112039,15.038619643537894,2.240952555179234,0.8599593421352387,
LNET-00508,series_then_shunt,C,2.0304604198793647e-12,F,L,8.12184167951746e-09,H,-1.6,-1.0,0.7203883981431302,0.6846682118931164,0.8753752858601203,0.4852557851129667,15.048181244012198,1.764224783500224,0.6846682118931164,
LNET-00428,series_then_shunt,C,1.624368335903492e-12,F,L,1.3536402799195764e-08,H,-2.0,-0.6000000000000001,0.768981923969073,0.7486054238513219,0.8758745618020676,0.5671407897343819,15.11273264397881,3.7617308128575986,0.7486054238513219,
LNET-00977,series_then_shunt,L,4.8731050077104735e-09,H,C,8.446715346698158e-12,F,0.5999999999999996,2.5999999999999996,0.6864434282945928,0.7098414726089557,0.8762659208921433,0.5148321386797157,15.163695680449012,0.8989612091029804,0.7098414726089557,
LNET-01082,series_then_shunt,L,9.746210015420954e-09,H,L,8.12184167951746e-09,H,1.2000000000000002,-1.0,0.8360416005699566,0.8355589032372709,0.8763314288846409,0.6990138781742897,15.172257688126619,1.0587803092635872,0.8355589032372709,
LNET-01294,series_then_shunt,L,1.7868051694938416e-08,H,C,1.2994946687227947e-12,F,2.2,0.40000000000000036,0.7879236710280892,0.7862638442018817,0.8763584985790257,0.6225605508220842,15.175798393052546,6.0555856383326905,0.7862638442018817,
LNET-02544,shunt_then_series,L,1.6243683359034936e-09,H,L,2.1373267577677528e-09,H,0.20000000000000018,-3.8,0.8429159357014933,0.8510203478929185,0.8766734024935228,0.7243057213276481,15.21710191019385,1.0022040065572948,0.8510203478929185,
LNET-02900,shunt_then_series,L,1.4619315023131425e-08,H,C,5.847726009252571e-12,F,1.7999999999999998,1.7999999999999998,0.8531909334010613,0.854705371656173,0.8766994269623775,0.730669743195887,15.220524777202312,1.6979719245399463,0.854705371656173,
LNET-02674,shunt_then_series,L,6.497473343613967e-09,H,L,3.384100699798942e-09,H,0.7999999999999998,-2.4,0.8291111320718862,0.8382448684005743,0.8768542764989342,0.7030501583164441,15.2409212690418,1.3711206704840204,0.8382448684005743,
LNET-00642,series_then_shunt,C,3.248736671806984e-12,F,C,3.898484006168382e-12,F,-1.0,1.2000000000000002,0.840329203790731,0.8337443823398838,0.8770031659795057,0.6958764926674661,15.26058114363131,1.0162305285990008,0.8337443823398838,
LNET-02197,shunt_then_series,C,2.0304604198793647e-12,F,C,1.949242003084189e-12,F,-1.6,0.5999999999999996,0.795253881125967,0.778411988232208,0.8770439948785136,0.6100803837342091,15.265980649126526,1.8579956425226505,0.778411988232208,
LNET-02630,shunt_then_series,L,4.8731050077104735e-09,H,L,2.7072805598391537e-09,H,0.5999999999999996,-3.0,0.8436012084789627,0.8526596152793409,0.8774096216397533,0.7271541494996456,15.314494063496223,1.2281554237539247,0.8526596152793409,
LNET-01986,shunt_then_series,C,1.2495141045411476e-12,F,L,1.3536402799195764e-08,H,-2.6,-0.6000000000000001,0.8573972040833829,0.8511023680476899,0.8776772550715629,0.7247545600634335,15.350189011618951,2.446157961008296,0.8511023680476899,
LNET-00821,series_then_shunt,none,0.0,,L,2.030460419879365e-09,H,0.0,-4.0,0.83813148506728,0.8457743001345659,0.8780119799824764,0.7154483724270072,15.395052561003116,0.9382809623103456,0.8457743001345659,
LNET-02502,shunt_then_series,none,0.0,,L,2.030460419879365e-09,H,0.0,-4.0,0.83813148506728,0.8457743001345659,0.8780119799824764,0.7154483724270072,15.395052561003116,0.9382809623103456,0.8457743001345659,
LNET-02223,shunt_then_series,C,2.320526194147846e-12,F,L,3.384100699798942e-09,H,-1.4,-2.4,0.8334959125625698,0.8364407058116283,0.8781449908517625,0.6999057512742513,15.412948585207397,1.3628632879343572,0.8364407058116283,
LNET-02302,shunt_then_series,C,3.248736671806984e-12,F,L,2.7072805598391537e-09,H,-1.0,-3.0,0.8259786210361704,0.8316445637607495,0.8785013386744646,0.6919407977584722,15.46108671634935,1.13008869087303,0.8316445637607495,
LNET-00864,series_then_shunt,L,1.6243683359034936e-09,H,L,2.256067133199294e-09,H,0.20000000000000018,-3.6,0.8528989685347075,0.8580356615887098,0.8787944009842381,0.7363421869289378,15.500887881754661,0.9463686528160352,0.8580356615887098,
LNET-00744,series_then_shunt,C,8.121841679517462e-12,F,L,2.7072805598391537e-09,H,-0.3999999999999999,-3.0,0.7261691861212155,0.7344475547455711,0.8790026970319925,0.5445428107573168,15.529294049874927,0.8947840124091311,0.7344475547455711,
LNET-02586,shunt_then_series,L,3.248736671806987e-09,H,L,2.256067133199294e-09,H,0.40000000000000036,-3.6,0.8542216917682945,0.8624724008798401,0.879271561981425,0.7439093438233917,15.566105159848787,1.1035516091029716,0.8624724008798401,
LNET-00389,series_then_shunt,C,1.4766984871849927e-12,F,L,4.060920839758726e-08,H,-2.2,-0.20000000000000018,0.8065922578271878,0.7931787162416704,0.8792816793825513,0.6321549211304437,15.567493564940456,4.102919690259909,0.7931787162416704,
LNET-02624,shunt_then_series,L,3.248736671806987e-09,H,C,1.2994946687227937e-11,F,0.40000000000000036,4.0,0.8482755673764779,0.8557747283181848,0.8793655867273803,0.7324259202278186,15.579017095894796,0.9412291187086255,0.8557747283181848,
LNET-01124,series_then_shunt,L,1.1370578351324447e-08,H,L,1.0152302099396829e-08,H,1.4000000000000004,-0.7999999999999998,0.8375015081073995,0.8373456442684792,0.8795910378239381,0.7020438286651471,15.610059283424448,1.117471105150944,0.8373456442684792,
LNET-02931,shunt_then_series,L,1.624368335903492e-08,H,L,4.060920839758726e-08,H,2.0,-0.20000000000000018,0.8018088391001752,0.7985290440280784,0.8797796943758774,0.641412965443674,15.63612473464461,2.1303437472454276,0.7985290440280784,
LNET-01984,shunt_then_series,C,1.2495141045411476e-12,F,L,8.12184167951746e-09,H,-2.6,-1.0,0.8702797932392595,0.8658850214038403,0.8798684227987057,0.7498844332212694,15.648412071114072,2.37584630206259,0.8658850214038403,
LNET-02369,shunt_then_series,C,4.060920839758731e-12,F,C,7.147220677975366e-12,F,-0.7999999999999998,2.2,0.8281190433861368,0.8292454795523803,0.8799488759774733,0.688283335449136,15.659569131770185,1.3510020714899345,0.8292454795523803,
LNET-02846,shunt_then_series,L,1.2994946687227934e-08,H,L,1.0152302099396829e-08,H,1.5999999999999996,-0.7999999999999998,0.7966208584438792,0.7953937613115772,0.879956497017656,0.6364816336347363,15.660626775396247,1.9285954507902114,0.7953937613115772,
LNET-01016,series_then_shunt,L,6.497473343613967e-09,H,C,7.147220677975366e-12,F,0.7999999999999998,2.2,0.670596836341602,0.678469832655204,0.8801230088950203,0.48089520183953793,15.683768766339341,0.9154490483647166,0.678469832655204,
LNET-02940,shunt_then_series,L,1.624368335903492e-08,H,C,5.197978674891173e-12,F,2.0,1.5999999999999996,0.8610862552714859,0.8615112519046417,0.8802342597029713,0.7423344527259391,15.69926637651,1.8668123392208174,0.8615112519046417,
LNET-02457,shunt_then_series,C,8.121841679517462e-12,F,C,1.1045704684143746e-11,F,-0.3999999999999999,3.4000000000000004,0.853565243994038,0.8593572563142955,0.8803254631838532,0.738561979404818,15.711992819930884,1.0968922707243713,0.8593572563142955,
LNET-01166,series_then_shunt,L,1.2994946687227934e-08,H,L,1.3536402799195764e-08,H,1.5999999999999996,-0.6000000000000001,0.8345205103126093,0.8346015911412211,0.8806777616021063,0.6976112525394722,15.761334910017114,1.2055935273209841,0.8346015911412211,
LNET-02742,shunt_then_series,L,8.12184167951746e-09,H,C,9.746210015420952e-12,F,1.0,3.0,0.8418076433389688,0.8486408908068679,0.8807141619241606,0.7203795723081885,15.766449666291845,1.161578450757293,0.8486408908068679,
LNET-01208,series_then_shunt,L,1.4619315023131425e-08,H,L,2.0304604198793658e-08,H,1.7999999999999998,-0.3999999999999999,0.8284206700734216,0.8285117580787668,0.8808388081148154,0.6877946898719426,15.783987876917683,1.3527830831828773,0.8285117580787668,
LNET-00782,series_then_shunt,C,1.6243683359034905e-11,F,L,2.256067133199294e-09,H,-0.20000000000000018,-3.6,0.7869274288246215,0.7991909409455259,0.881111019414547,0.6398578634891893,15.82241693175654,0.9186963172714959,0.7991909409455259,
LNET-02420,shunt_then_series,C,8.121841679517462e-12,F,L,2.030460419879365e-09,H,-0.3999999999999999,-4.0,0.8361776852823113,0.8437051646610129,0.881236713027195,0.7120038476566941,15.840221005822864,0.9308882598745334,0.8437051646610129,
LNET-00728,series_then_shunt,C,5.414561119678306e-12,F,C,6.497473343613968e-12,F,-0.6000000000000001,2.0,0.8480145187887069,0.8417657026563364,0.8813538887457455,0.7092095224962499,15.856852524345019,0.9627857119727482,0.8417657026563364,
LNET-02413,shunt_then_series,C,5.414561119678306e-12,F,C,9.096462681059554e-12,F,-0.6000000000000001,2.8,0.8428014799644853,0.8469452681159473,0.8815453443104728,0.7175441003954363,15.88409787152692,1.215639014976897,0.8469452681159473,
LNET-01250,series_then_shunt,L,1.624368335903492e-08,H,L,4.060920839758726e-08,H,2.0,-0.20000000000000018,0.8215359450002144,0.8211712709840197,0.8816575543800597,0.6761972833860307,15.900107053922556,1.6313509884111654,0.8211712709840197,
LNET-00388,series_then_shunt,C,1.4766984871849927e-12,F,L,2.0304604198793658e-08,H,-2.2,-0.3999999999999999,0.7983118076468432,0.782819577428024,0.8817632708068711,0.6168144233706369,15.915217577891408,5.957617198462076,0.782819577428024,
LNET-00939,series_then_shunt,L,3.248736671806987e-09,H,C,1.039595734978235e-11,F,0.40000000000000036,3.2,0.7459999868917788,0.77143458921178,0.8821894157620552,0.598739430700748,15.976403376122418,0.912664685672166,0.77143458921178,
LNET-02155,shunt_then_series,C,1.8048537065594359e-12,F,C,1.2994946687227947e-12,F,-1.7999999999999998,0.40000000000000036,0.8044507534051302,0.7873210742578216,0.8823951594573728,0.6238363116775633,16.00610273158848,1.9872500232896415,0.7873210742578216,
LNET-00817,series_then_shunt,C,1.6243683359034905e-11,F,C,1.1045704684143746e-11,F,-0.20000000000000018,3.4000000000000004,0.8563585159695257,0.8570364999072893,0.8824118622871083,0.734670796906494,16.008518366736,0.9465113557234314,0.8570364999072893,
LNET-02717,shunt_then_series,L,8.12184167951746e-09,H,L,4.06092083975873e-09,H,1.0,-2.0,0.82606059817238,0.8340743139575059,0.882550209377673,0.696443115789961,16.028553132386804,1.5277181705960543,0.8340743139575059,
LNET-00600,series_then_shunt,C,2.707280559839153e-12,F,C,3.248736671806984e-12,F,-1.2000000000000002,1.0,0.845797586325513,0.8396096742479195,0.8825881048523931,0.7056630753992433,16.03404921184227,1.0575468436766307,0.8396096742479195,
LNET-00909,series_then_shunt,L,3.248736671806987e-09,H,L,2.9006577426848075e-09,H,0.40000000000000036,-2.8,0.8493969904898963,0.8507353732017942,0.8827515872001733,0.7242183470796413,16.05780020591423,0.9504845078408614,0.8507353732017942,
LNET-00772,series_then_shunt,C,8.121841679517462e-12,F,C,8.446715346698158e-12,F,-0.3999999999999999,2.5999999999999996,0.8511748396094239,0.8468625300369499,0.8828792039646665,0.717653727120074,16.07638666831321,0.9501389843476166,0.8468625300369499,
LNET-00685,series_then_shunt,C,4.060920839758731e-12,F,C,5.197978674891173e-12,F,-0.7999999999999998,1.5999999999999996,0.8495609999879733,0.8431158087362374,0.8829108464396933,0.7114964212506794,16.081001435115006,0.9848402230138277,0.8431158087362374,
LNET-02240,shunt_then_series,C,2.320526194147846e-12,F,C,3.248736671806984e-12,F,-1.4,1.0,0.80744508654005,0.7953979449610892,0.8830367082991543,0.6356503491506459,16.09938195921634,1.7678592870310739,0.7953979449610892,
LNET-02980,shunt_then_series,L,1.7868051694938416e-08,H,C,4.548231340529779e-12,F,2.2,1.4000000000000004,0.867798494198928,0.8672881423204205,0.883204193201015,0.7523127078088327,16.123902431207657,2.045294099102004,0.8672881423204205,
LNET-02341,shunt_then_series,C,4.060920839758731e-12,F,L,2.388776964563959e-09,H,-0.7999999999999998,-3.4,0.8310140424550522,0.8375715212962203,0.8832103281274126,0.7018069549108038,16.124801944660963,1.0445585953996936,0.8375715212962203,
LNET-02703,shunt_then_series,L,6.497473343613967e-09,H,C,1.1045704684143746e-11,F,0.7999999999999998,3.4000000000000004,0.8453600742726853,0.8528515877805914,0.8836108452616126,0.7275141812715088,16.18373163286116,1.0681137248242725,0.8528515877805914,
LNET-02183,shunt_then_series,C,2.0304604198793647e-12,F,L,3.691746217962481e-09,H,-1.6,-2.2,0.844652152232713,0.8463200294768369,0.8836355097420036,0.7164932523810084,16.18737387639235,1.5068667959307334,0.8463200294768369,
LNET-02821,shunt_then_series,L,1.1370578351324447e-08,H,C,7.796968012336763e-12,F,1.4000000000000004,2.4000000000000004,0.8498782310840616,0.8543711224268481,0.8837884732350881,0.7301440343669687,16.20999676775494,1.4088546956446917,0.8543711224268481,
LNET-00901,series_then_shunt,L,1.6243683359034936e-09,H,C,1.2345199352866539e-11,F,0.20000000000000018,3.8,0.8083153864013255,0.8255610369081995,0.8838611701885869,0.6822354354514171,16.22076934344535,0.9310158629123696,0.8255610369081995,
LNET-02803,shunt_then_series,L,1.1370578351324447e-08,H,L,6.768201399597882e-09,H,1.4000000000000004,-1.2000000000000002,0.8087874195056457,0.8116481852871975,0.8838620713184925,0.6611903657734889,16.220902961725177,1.8222684338469595,0.8116481852871975,
LNET-02326,shunt_then_series,C,3.248736671806984e-12,F,C,5.847726009252571e-12,F,-1.0,1.7999999999999998,0.8249586129969043,0.8226909295978375,0.8845533733835426,0.6779412572728878,16.324022872010804,1.49912936171414,0.8226909295978375,
LNET-00953,series_then_shunt,L,4.8731050077104735e-09,H,L,3.691746217962481e-09,H,0.5999999999999996,-2.2,0.8503024864154054,0.8496969505015438,0.8847188617232841,0.7226375557560236,16.348891847331394,0.963476622399434,0.8496969505015438,
LNET-02760,shunt_then_series,L,9.746210015420954e-09,H,L,5.076151049698412e-09,H,1.2000000000000002,-1.6,0.8192429746618997,0.8252712271859493,0.8848382990357903,0.6824587720046537,16.36688485194887,1.6830176300621793,0.8252712271859493,
LNET-03058,shunt_then_series,L,2.1116788366745392e-08,H,C,1.949242003084189e-12,F,2.5999999999999996,0.5999999999999996,0.8620902111850849,0.8602726259082613,0.8848956270532201,0.740469500614999,16.375534471872133,2.4931657465381805,0.8602726259082613,
LNET-02501,shunt_then_series,C,1.6243683359034905e-11,F,C,1.2994946687227937e-11,F,-0.20000000000000018,4.0,0.8642915048139206,0.87072763178401,0.8850119771357967,0.7581999948886061,16.393115823566493,1.0070242518268393,0.87072763178401,
LNET-02973,shunt_then_series,L,1.7868051694938416e-08,H,none,0.0,,2.2,0.0,0.8180188515278444,0.8165346384203113,0.8850307347618319,0.6692581236631828,16.395953569476493,2.2650578731341726,0.8165346384203113,
LNET-01292,series_then_shunt,L,1.7868051694938416e-08,H,none,0.0,,2.2,0.0,0.8180188515278444,0.8165346384203113,0.885030734761832,0.6692581236631828,16.39595356947651,2.265057873134172,0.8165346384203113,
LNET-00558,series_then_shunt,C,2.320526194147846e-12,F,C,2.5989893374455867e-12,F,-1.4,0.7999999999999998,0.8462654793026854,0.840128222284788,0.8851788658952118,0.7065872703728838,16.41839614800144,1.1137173794908106,0.840128222284788,
LNET-00627,series_then_shunt,C,3.248736671806984e-12,F,L,4.51213426639859e-09,H,-1.0,-1.7999999999999998,0.6860739318925068,0.6376247193419616,0.8855148886980633,0.43536032935457913,16.469520510185035,0.970938727253439,0.6376247193419616,
LNET-03059,shunt_then_series,L,2.1116788366745392e-08,H,C,2.5989893374455867e-12,F,2.5999999999999996,0.7999999999999998,0.8698302410223397,0.8679167043587964,0.8855452767456864,0.7535106407796918,16.47415871650909,2.458522453111211,0.8679167043587964,
LNET-02283,shunt_then_series,C,2.707280559839153e-12,F,C,4.548231340529779e-12,F,-1.2000000000000002,1.4000000000000004,0.8180149663056516,0.8113357606826977,0.8855860180086473,0.660146037598178,16.48038102678009,1.6433264836928636,0.8113357606826977,
LNET-00474,series_then_shunt,C,1.8048537065594359e-12,F,C,1.2994946687227947e-12,F,-1.7999999999999998,0.40000000000000036,0.8363113653082528,0.8287264529286399,0.8856840151759197,0.688016449678549,16.49536605119379,1.3414429006726458,0.8287264529286399,
LNET-02664,shunt_then_series,L,4.8731050077104735e-09,H,C,1.2345199352866539e-11,F,0.5999999999999996,3.8,0.8505763883910767,0.8581913783807986,0.8858103496328649,0.7366086862247753,16.514722162382757,0.9949726541465841,0.8581913783807986,
LNET-00516,series_then_shunt,C,2.0304604198793647e-12,F,C,1.949242003084189e-12,F,-1.6,0.5999999999999996,0.842695386211957,0.8361517981883443,0.8858220557489537,0.700077318448849,16.516517862701594,1.1986372327057166,0.8361517981883443,
LNET-03015,shunt_then_series,L,1.9492420030841907e-08,H,C,6.497473343613974e-13,F,2.4000000000000004,0.20000000000000018,0.8367379387669925,0.8354007530194412,0.8859185735466071,0.6992951569714652,16.531337590848626,2.400556326471895,0.8354007530194412,
LNET-02629,shunt_then_series,L,4.8731050077104735e-09,H,L,2.538075524849206e-09,H,0.5999999999999996,-3.2,0.8563609764314809,0.8648642210900458,0.88597769833567,0.748079214865762,16.540428239098304,1.2310276455651243,0.8648642210900458,
LNET-01039,series_then_shunt,L,8.12184167951746e-09,H,L,5.801315485369615e-09,H,1.0,-1.4,0.8515916751448177,0.850687657044789,0.8861791392844823,0.72434637083853,16.571471410664987,1.0126325686047672,0.850687657044789,
LNET-01095,series_then_shunt,L,9.746210015420954e-09,H,C,5.197978674891173e-12,F,1.2000000000000002,1.5999999999999996,0.691027450636638,0.6758651986024403,0.8862091233230235,0.4854485144230264,16.57610151539208,1.0711200216077585,0.6758651986024403,
LNET-00432,series_then_shunt,C,1.624368335903492e-12,F,C,6.497473343613974e-13,F,-2.0,0.20000000000000018,0.8293598322463355,0.819902808155978,0.8862737048538218,0.6739626320023071,16.586082422093316,1.6138515369732198,0.819902808155978,
LNET-02113,shunt_then_series,C,1.624368335903492e-12,F,C,6.497473343613974e-13,F,-2.0,0.20000000000000018,0.8143089389298431,0.7988207125438729,0.8863189554573989,0.6414367837270375,16.59308254113126,2.113165561675235,0.7988207125438729,
LNET-02673,shunt_then_series,L,6.497473343613967e-09,H,L,3.1237852613528696e-09,H,0.7999999999999998,-2.6,0.8444192853472838,0.8531661042906581,0.8863382990743446,0.7281651523280118,16.596076635419816,1.3761826245145976,0.8531661042906581,
LNET-02888,shunt_then_series,L,1.4619315023131425e-08,H,L,1.3536402799195764e-08,H,1.7999999999999998,-0.6000000000000001,0.8056673799189394,0.8025016996713294,0.8864081388351561,0.6480185547366386,16.606895243116153,2.0668956153926374,0.8025016996713294,
LNET-03020,shunt_then_series,L,1.9492420030841907e-08,H,C,3.898484006168382e-12,F,2.4000000000000004,1.2000000000000002,0.873782641604361,0.8725568439798033,0.8866808660681273,0.7614818606045137,16.649270080041365,2.2351108987647876,0.8725568439798033,
LNET-02380,shunt_then_series,C,5.414561119678306e-12,F,L,2.1373267577677528e-09,H,-0.6000000000000001,-3.8,0.8378660228150919,0.8448855280891496,0.8868266094748051,0.7140573955947765,16.671998609556148,0.9788426223017843,0.8448855280891496,
LNET-02029,shunt_then_series,C,1.3536402799195768e-12,F,L,4.060920839758726e-08,H,-2.4,-0.20000000000000018,0.8397542229686351,0.8304336558526039,0.8868418273295482,0.6909574398021496,16.67437519360231,2.369400503880826,0.8304336558526039,
LNET-02143,shunt_then_series,C,1.8048537065594359e-12,F,L,4.06092083975873e-09,H,-1.7999999999999998,-2.0,0.8540473906333237,0.8545789868951856,0.8868996495770249,0.7304977640088727,16.683411169995125,1.6599096334267884,0.8545789868951856,
LNET-01987,shunt_then_series,C,1.2495141045411476e-12,F,L,2.0304604198793658e-08,H,-2.6,-0.3999999999999999,0.8560274074786504,0.8487913919726312,0.8869878742681201,0.7211141664704119,16.69721600268788,2.5016312663254703,0.8487913919726312,
LNET-00863,series_then_shunt,L,1.6243683359034936e-09,H,L,2.1373267577677528e-09,H,0.20000000000000018,-3.8,0.863656336619513,0.8686227356187853,0.8870908230475816,0.7545942173003625,16.713352040842786,0.9509648789600195,0.8686227356187853,
LNET-02543,shunt_then_series,L,1.6243683359034936e-09,H,L,2.030460419879365e-09,H,0.20000000000000018,-4.0,0.854435437700171,0.8619491620114947,0.8877827800992231,0.743027469344511,16.82257662209428,1.006031663367541,0.8619491620114947,
LNET-02458,shunt_then_series,C,8.121841679517462e-12,F,C,1.1695452018505142e-11,F,-0.3999999999999999,3.5999999999999996,0.8645414163113945,0.8702814187045146,0.8882265150399832,0.7574392029570067,16.893331327330735,1.099687976030402,0.8702814187045146,
LNET-02103,shunt_then_series,C,1.624368335903492e-12,F,L,4.51213426639859e-09,H,-2.0,-1.7999999999999998,0.8618824503624936,0.8613627667798542,0.8884133278226172,0.7420977127668571,16.923287440821934,1.8211809534747008,0.8613627667798542,
LNET-02262,shunt_then_series,C,2.707280559839153e-12,F,L,2.9006577426848075e-09,H,-1.2000000000000002,-2.8,0.8388151367595897,0.8430459768345485,0.8884287430416001,0.7110428167216418,16.92576380801835,1.2497570721199573,0.8430459768345485,
LNET-02063,shunt_then_series,C,1.4766984871849927e-12,F,L,5.076151049698412e-09,H,-2.2,-1.6,0.8685248893181416,0.867005804351976,0.8888490217225832,0.7518186498668493,16.993543835559308,1.9909966495415223,0.867005804351976,
LNET-00705,series_then_shunt,C,5.414561119678306e-12,F,L,3.1237852613528696e-09,H,-0.6000000000000001,-2.6,0.7080823855774169,0.6967926570361017,0.8888902797896392,0.49796999360766114,17.00022532874224,0.8936189116481015,0.6967926570361017,
LNET-00996,series_then_shunt,L,6.497473343613967e-09,H,L,4.51213426639859e-09,H,0.7999999999999998,-1.7999999999999998,0.8558817794489834,0.8548405353798599,0.8890366149737602,0.7313935419898661,17.0239634860369,0.9846160056825995,0.8548405353798599,
LNET-02023,shunt_then_series,C,1.3536402799195768e-12,F,L,5.801315485369615e-09,H,-2.4,-1.4,0.8744240302596258,0.8719646322212318,0.8891665328941302,0.7604216399824505,17.045091002066815,2.170738003992251,0.8719646322212318,
LNET-00390,series_then_shunt,C,1.4766984871849927e-12,F,none,0.0,,-2.2,0.0,0.8258562053630955,0.8138231772232288,0.8894048542248815,0.6646600507768569,17.08397634437547,2.2400159208239017,0.8138231772232288,
LNET-02071,shunt_then_series,C,1.4766984871849927e-12,F,none,0.0,,-2.2,0.0,0.8258562053630955,0.8138231772232288,0.8894048542248815,0.6646600507768569,17.08397634437547,2.2400159208239017,0.8138231772232288,
LNET-02370,shunt_then_series,C,4.060920839758731e-12,F,C,7.796968012336763e-12,F,-0.7999999999999998,2.4000000000000004,0.8435439308418505,0.8455036348970824,0.889557391305698,0.7153274854377369,17.108952909070364,1.3572274872253027,0.8455036348970824,
LNET-02198,shunt_then_series,C,2.0304604198793647e-12,F,C,2.5989893374455867e-12,F,-1.6,0.7999999999999998,0.8156055574061055,0.801271345312723,0.8900655938309481,0.6453205637820962,17.192666606344286,1.9131812636390129,0.801271345312723,
LNET-03057,shunt_then_series,L,2.1116788366745392e-08,H,C,1.2994946687227947e-12,F,2.5999999999999996,0.40000000000000036,0.8573013554709691,0.8557908094611841,0.8900707540234356,0.733068969589362,17.19352058892841,2.5419562120025163,0.8557908094611841,
LNET-01944,shunt_then_series,C,1.160263097073923e-12,F,L,1.0152302099396829e-08,H,-2.8,-0.7999999999999998,0.8787197837499678,0.8738718794041951,0.8900885802441393,0.7638216200724051,17.196471344310478,2.5979571716825447,0.8738718794041951,
LNET-02414,shunt_then_series,C,5.414561119678306e-12,F,C,9.746210015420952e-12,F,-0.6000000000000001,3.0,0.8556509888845503,0.860052761684655,0.8900983528306128,0.7398524354548487,17.198089396398913,1.219052699466895,0.860052761684655,
LNET-02861,shunt_then_series,L,1.2994946687227934e-08,H,C,7.147220677975366e-12,F,1.5999999999999996,2.2,0.860189060760887,0.8635394203814174,0.8902911352633965,0.7458790807908456,17.230067413437705,1.5589599272036965,0.8635394203814174,
LNET-01295,series_then_shunt,L,1.7868051694938416e-08,H,C,1.949242003084189e-12,F,2.2,0.5999999999999996,0.7932735863038503,0.790337138907104,0.890340696948487,0.6302030690544083,17.238306685758264,3.7789199361552113,0.790337138907104,
LNET-02585,shunt_then_series,L,3.248736671806987e-09,H,L,2.1373267577677528e-09,H,0.40000000000000036,-3.8,0.865128081304939,0.8728074794940205,0.8904249281775494,0.761837706917373,17.252326617140522,1.1060621089543876,0.8728074794940205,
LNET-01983,shunt_then_series,C,1.2495141045411476e-12,F,L,6.768201399597882e-09,H,-2.6,-1.2000000000000002,0.8800681266771457,0.8767790391022896,0.8906700154473729,0.768835011156196,17.29324323225601,2.3626801139494074,0.8767790391022896,
LNET-00818,series_then_shunt,C,1.6243683359034905e-11,F,C,1.1695452018505142e-11,F,-0.20000000000000018,3.5999999999999996,0.8671419132404039,0.8681058234245935,0.8908087486688521,0.7537302559249733,17.31648575886848,0.9512807994230048,0.8681058234245935,
LNET-01334,series_then_shunt,L,1.9492420030841907e-08,H,C,6.497473343613974e-13,F,2.4000000000000004,0.20000000000000018,0.8233880004905239,0.8218341588932286,0.8909227180594108,0.6779916033497358,17.335623737758098,5.182752032700318,0.8218341588932286,
LNET-01255,series_then_shunt,L,1.624368335903492e-08,H,C,2.5989893374455867e-12,F,2.0,0.7999999999999998,0.7740283672579531,0.7687831999002508,0.8912728286833164,0.5997823760062836,17.394665986248373,2.4367960017077284,0.7687831999002508,
LNET-02782,shunt_then_series,L,9.746210015420954e-09,H,C,9.096462681059554e-12,F,1.2000000000000002,2.8,0.8540386019508235,0.8598356834912905,0.8914115452909959,0.739524108679736,17.418164300796153,1.288206826472357,0.8598356834912905,
LNET-02930,shunt_then_series,L,1.624368335903492e-08,H,L,2.0304604198793658e-08,H,2.0,-0.3999999999999999,0.8153157042721245,0.8113664859970025,0.8914421150847582,0.6620755451626341,17.423350837772222,2.1996315098579147,0.8113664859970025,
LNET-00666,series_then_shunt,C,4.060920839758731e-12,F,L,3.691746217962481e-09,H,-0.7999999999999998,-2.2,0.69890936131884,0.6654541503219005,0.8915343052649168,0.4642124053609086,17.43900972454751,0.9129550948127425,0.6654541503219005,
LNET-02845,shunt_then_series,L,1.2994946687227934e-08,H,L,8.12184167951746e-09,H,1.5999999999999996,-1.0,0.8168907809166195,0.8173217060070801,0.8918154849478448,0.6708365420039782,17.4869340962134,1.9784556086073388,0.8173217060070801,
LNET-03060,shunt_then_series,L,2.1116788366745392e-08,H,C,3.248736671806984e-12,F,2.5999999999999996,1.0,0.8795318783436988,0.8778871499555716,0.8918292121189327,0.7708305780252058,17.489280139098003,2.43862653983426,0.8778871499555716,
LNET-01945,shunt_then_series,C,1.160263097073923e-12,F,L,1.3536402799195764e-08,H,-2.8,-0.6000000000000001,0.8739972184464878,0.8683327181041901,0.8919913010562219,0.7543042916315689,17.51702705021068,2.6414120348348855,0.8683327181041901,
LNET-01135,series_then_shunt,L,1.1370578351324447e-08,H,C,4.548231340529779e-12,F,1.4000000000000004,1.4000000000000004,0.7189183019967711,0.7031021573051016,0.8922567847087365,0.5180643370017068,17.56265375590821,1.2190069484249213,0.7031021573051016,
LNET-02716,shunt_then_series,L,8.12184167951746e-09,H,L,3.691746217962481e-09,H,1.0,-2.2,0.8427025750841868,0.850631967870491,0.892287395742263,0.7241003698965762,17.567929108968137,1.5359544831317924,0.850631967870491,
LNET-00908,series_then_shunt,L,3.248736671806987e-09,H,L,2.7072805598391537e-09,H,0.40000000000000036,-3.0,0.8619378462759298,0.8633607271847809,0.8923073544246305,0.7457670282069061,17.571370304022153,0.9553940522753772,0.8633607271847809,
LNET-00643,series_then_shunt,C,3.248736671806984e-12,F,C,4.548231340529779e-12,F,-1.0,1.4000000000000004,0.8617448865803767,0.8559425067028663,0.8926737734170621,0.7331856136745423,17.63477421759975,1.0134240142622648,0.8559425067028663,
LNET-00773,series_then_shunt,C,8.121841679517462e-12,F,C,9.096462681059554e-12,F,-0.3999999999999999,2.8,0.8641531109094983,0.8604321759307659,0.8929105555816395,0.7407266243626361,17.675976991595064,0.9553361403145361,0.8604321759307659,
LNET-01081,series_then_shunt,L,9.746210015420954e-09,H,L,6.768201399597882e-09,H,1.2000000000000002,-1.2000000000000002,0.8596553175595827,0.8590328501430886,0.8929381452394015,0.7385407072945227,17.680789759080948,1.0475259982300056,0.8590328501430886,
LNET-00729,series_then_shunt,C,5.414561119678306e-12,F,C,7.147220677975366e-12,F,-0.6000000000000001,2.2,0.8635507508789342,0.8579785550284625,0.8933070804896056,0.7366372314468028,17.74538637782007,0.9673581959666557,0.8579785550284625,
LNET-01215,series_then_shunt,L,1.4619315023131425e-08,H,C,3.248736671806984e-12,F,1.7999999999999998,1.0,0.7573797266562079,0.7486066767312671,0.893398537210252,0.5733473797905134,17.76146862960629,1.7863855491689073,0.7486066767312671,
LNET-00781,series_then_shunt,C,1.6243683359034905e-11,F,L,2.1373267577677528e-09,H,-0.20000000000000018,-3.8,0.8051509325117618,0.8157304364506437,0.8935791120967634,0.6665078223592321,17.793303076164,0.9266795274655192,0.8157304364506437,
LNET-02628,shunt_then_series,L,4.8731050077104735e-09,H,L,2.388776964563959e-09,H,0.5999999999999996,-3.4,0.8677629219797891,0.875720121549809,0.8937412874093378,0.7669506878408008,17.821985992852653,1.2330438655570286,0.875720121549809,
LNET-00978,series_then_shunt,L,4.8731050077104735e-09,H,C,9.096462681059554e-12,F,0.5999999999999996,2.8,0.7242341524431025,0.7423372833228251,0.8938582059216676,0.5606629592474802,17.84271900024608,0.9138762873943211,0.7423372833228251,
LNET-01335,series_then_shunt,L,1.9492420030841907e-08,H,C,1.2994946687227947e-12,F,2.4000000000000004,0.40000000000000036,0.8171022166664892,0.8152037808851067,0.8939777414907087,0.6679372178782992,17.863963361285407,6.568952804794203,0.8152037808851067,
LNET-02301,shunt_then_series,C,3.248736671806984e-12,F,L,2.538075524849206e-09,H,-1.0,-3.2,0.8426281392525959,0.8478427684510151,0.8940760326841527,0.7191572694304251,17.881468006540384,1.1469305887817214,0.8478427684510151,
LNET-01175,series_then_shunt,L,1.2994946687227934e-08,H,C,3.898484006168382e-12,F,1.5999999999999996,1.2000000000000002,0.7401207361297506,0.7273432741870292,0.894245072795171,0.5470610524293243,17.911648401273496,1.4351538799581898,0.7273432741870292,
LNET-00743,series_then_shunt,C,8.121841679517462e-12,F,L,2.538075524849206e-09,H,-0.3999999999999999,-3.2,0.7550863110956184,0.7602339852834926,0.8942649357929706,0.5826067283173076,17.915201073543564,0.9077524604489626,0.7602339852834926,
LNET-02327,shunt_then_series,C,3.248736671806984e-12,F,C,6.497473343613968e-12,F,-1.0,2.0,0.8417327915626963,0.8408872057883661,0.8945546743086915,0.7078870961332989,17.967175518571644,1.5093783487603327,0.8408872057883661,
LNET-00862,series_then_shunt,L,1.6243683359034936e-09,H,L,2.030460419879365e-09,H,0.20000000000000018,-4.0,0.8733577697751322,0.878142616247822,0.8946084017938704,0.7712023483483699,17.97684477740161,0.9550076804833731,0.878142616247822,
LNET-02901,shunt_then_series,L,1.4619315023131425e-08,H,C,6.497473343613968e-12,F,1.7999999999999998,2.0,0.8687262354075883,0.8710049967411457,0.8946690630933123,0.7588063885614621,17.987773760825775,1.7175118417132322,0.8710049967411457,
LNET-02241,shunt_then_series,C,2.320526194147846e-12,F,C,3.898484006168382e-12,F,-1.4,1.2000000000000002,0.8273874708796515,0.8181989456542342,0.8947908053376887,0.6716286319127065,18.009745359418222,1.802254583448138,0.8181989456542342,
LNET-01943,shunt_then_series,C,1.160263097073923e-12,F,L,8.12184167951746e-09,H,-2.8,-1.0,0.8859459075182583,0.8820122296441527,0.8948343472448239,0.7780501797950649,18.01761599536654,2.56947037932806,0.8820122296441527,
LNET-02672,shunt_then_series,L,6.497473343613967e-09,H,L,2.9006577426848075e-09,H,0.7999999999999998,-2.8,0.8579990800650122,0.8663037778574053,0.8948589283766266,0.75067192042899,18.022062160106326,1.379542780809022,0.8663037778574053,
LNET-02802,shunt_then_series,L,1.1370578351324447e-08,H,L,5.801315485369615e-09,H,1.4000000000000004,-1.4,0.8285927553586814,0.8326094639255689,0.8948593034715695,0.6949198077744346,18.022130022309597,1.851348264803197,0.8326094639255689,
LNET-02759,shunt_then_series,L,9.746210015420954e-09,H,L,4.51213426639859e-09,H,1.2000000000000002,-1.7999999999999998,0.8375021815221395,0.843960537285606,0.8950885788330258,0.7132223529297245,18.06370133731059,1.6983713575768913,0.843960537285606,
LNET-02156,shunt_then_series,C,1.8048537065594359e-12,F,C,1.949242003084189e-12,F,-1.7999999999999998,0.5999999999999996,0.82266715351392,0.8068943242111721,0.8950902071940936,0.6544790595502974,18.063997235226648,2.050915240854646,0.8068943242111721,
LNET-00587,series_then_shunt,C,2.707280559839153e-12,F,L,5.076151049698412e-09,H,-1.2000000000000002,-1.6,0.7177711746988612,0.6662647653426059,0.8951118697831962,0.4703279474040819,18.067934530494536,1.0867602512134957,0.6662647653426059,
LNET-00348,series_then_shunt,C,1.3536402799195768e-12,F,L,4.060920839758726e-08,H,-2.4,-0.20000000000000018,0.8310785409837191,0.8188828004758837,0.8951126425453593,0.6729673348055915,18.068075014330628,4.954034172940666,0.8188828004758837,
LNET-02743,shunt_then_series,L,8.12184167951746e-09,H,C,1.039595734978235e-11,F,1.0,3.2,0.8566254278791132,0.863335443629625,0.8952084559700348,0.745544095742803,18.085509413126882,1.177495169288401,0.863335443629625,
LNET-00902,series_then_shunt,L,1.6243683359034936e-09,H,C,1.2994946687227937e-11,F,0.20000000000000018,4.0,0.8236411190395065,0.8395853674852954,0.895312254423024,0.7055574023122311,18.104432796572326,0.9374810781630322,0.8395853674852954,
LNET-02459,shunt_then_series,C,8.121841679517462e-12,F,C,1.2345199352866539e-11,F,-0.3999999999999999,3.8,0.8744234613062534,0.8800604512277627,0.8954160159175231,0.7745442288979446,18.12338698459567,1.101895590474587,0.8800604512277627,
LNET-00387,series_then_shunt,C,1.4766984871849927e-12,F,L,1.3536402799195764e-08,H,-2.2,-0.6000000000000001,0.8041757397862971,0.7857339960953118,0.8954319658597784,0.6224929606158389,18.126303907732243,4.003995672642266,0.7857339960953118,
LNET-02972,shunt_then_series,L,1.7868051694938416e-08,H,L,4.060920839758726e-08,H,2.2,-0.20000000000000018,0.826595816035761,0.82330574021046,0.8956068624857311,0.6808570992450933,18.158347451015455,2.331110086019874,0.82330574021046,
LNET-00952,series_then_shunt,L,4.8731050077104735e-09,H,L,3.384100699798942e-09,H,0.5999999999999996,-2.4,0.8647673646664381,0.8642768397935476,0.8957435951841792,0.7474997380017336,18.183473701526516,0.9676923077746863,0.8642768397935476,
LNET-02222,shunt_then_series,C,2.320526194147846e-12,F,L,3.1237852613528696e-09,H,-1.4,-2.6,0.8507304932145382,0.8537079887335746,0.8960935377265822,0.7291130837421606,18.24808097822859,1.38340593002014,0.8537079887335746,
LNET-00940,series_then_shunt,L,3.248736671806987e-09,H,C,1.1045704684143746e-11,F,0.40000000000000036,3.4000000000000004,0.7709967222078694,0.7931189457899317,0.8962070376613211,0.6323389763146522,18.269129186947698,0.9228089328534986,0.7931189457899317,
LNET-00686,series_then_shunt,C,4.060920839758731e-12,F,C,5.847726009252571e-12,F,-0.7999999999999998,1.7999999999999998,0.8671692005259417,0.8614155098637533,0.8962526462672191,0.7425416249589024,18.277600131867878,0.9869933129075107,0.8614155098637533,
LNET-02284,shunt_then_series,C,2.707280559839153e-12,F,C,5.197978674891173e-12,F,-1.2000000000000002,1.5999999999999996,0.83641795503251,0.8319179550256135,0.8963016224390198,0.6934250748838166,18.286704836089577,1.6621702460432797,0.8319179550256135,
LNET-02704,shunt_then_series,L,6.497473343613967e-09,H,C,1.1695452018505142e-11,F,0.7999999999999998,3.5999999999999996,0.8588394028645239,0.8660781786978916,0.8964670828774112,0.7502550177249369,18.31752775430723,1.0810088457719518,0.8660781786978916,
LNET-01123,series_then_shunt,L,1.1370578351324447e-08,H,L,8.12184167951746e-09,H,1.4000000000000004,-1.0,0.8627225344056926,0.8623878291721798,0.8964857804900652,0.744306860355736,18.321017049334465,1.0919680237993283,0.8623878291721798,
LNET-01249,series_then_shunt,L,1.624368335903492e-08,H,L,2.0304604198793658e-08,H,2.0,-0.3999999999999999,0.8505211373749838,0.8505305842588807,0.8967163223861274,0.724469564353516,18.36414394031385,1.4140902730056573,0.8505305842588807,
LNET-02340,shunt_then_series,C,4.060920839758731e-12,F,L,2.256067133199294e-09,H,-0.7999999999999998,-3.6,0.8461050899662834,0.8520781346115541,0.8967238197978002,0.7263228502423541,18.365549694850163,1.0582311371358057,0.8520781346115541,
LNET-01291,series_then_shunt,L,1.7868051694938416e-08,H,L,4.060920839758726e-08,H,2.2,-0.20000000000000018,0.8435826427897375,0.8431021411288812,0.8968288610396885,0.7123139127369954,18.38526626879027,1.7288478141793757,0.8431021411288812,
LNET-00427,series_then_shunt,C,1.624368335903492e-12,F,L,1.0152302099396829e-08,H,-2.0,-0.7999999999999998,0.787469653914508,0.7629982015805055,0.8969208489697731,0.5901503039970417,18.402565698407045,2.5690504762149615,0.7629982015805055,
LNET-02665,shunt_then_series,L,4.8731050077104735e-09,H,C,1.2994946687227937e-11,F,0.5999999999999996,4.0,0.8625960024617627,0.8699127150225088,0.8972051316890378,0.7568680862803642,18.45622415653912,1.0049506867322306,0.8699127150225088,
LNET-01056,series_then_shunt,L,8.12184167951746e-09,H,C,6.497473343613968e-12,F,1.0,2.0,0.7074822318031324,0.6976550010519749,0.897206899762638,0.5113387275241087,18.45655880970369,0.9727651887335153,0.6976550010519749,
LNET-02941,shunt_then_series,L,1.624368335903492e-08,H,C,5.847726009252571e-12,F,2.0,1.7999999999999998,0.8756605809965322,0.8769413191201577,0.8973834999750513,0.769160354736181,18.490043019531445,1.8835166484915886,0.8769413191201577,
LNET-01207,series_then_shunt,L,1.4619315023131425e-08,H,L,1.3536402799195764e-08,H,1.7999999999999998,-0.6000000000000001,0.8572502788863914,0.8573232883104321,0.8974621420451346,0.7358012946574887,18.504991033461522,1.2505885184947991,0.8573232883104321,
LNET-01165,series_then_shunt,L,1.2994946687227934e-08,H,L,1.0152302099396829e-08,H,1.5999999999999996,-0.7999999999999998,0.8616746682471483,0.8615912290594724,0.897718430397539,0.7429920047869815,18.553864960944804,1.1544009389450456,0.8615912290594724,
LNET-02887,shunt_then_series,L,1.4619315023131425e-08,H,L,1.0152302099396829e-08,H,1.7999999999999998,-0.7999999999999998,0.823863915460829,0.822069913292468,0.8977784127277554,0.6789515360145673,18.565338920764766,2.12679200020518,0.822069913292468,
LNET-02415,shunt_then_series,C,5.414561119678306e-12,F,C,1.039595734978235e-11,F,-0.6000000000000001,3.2,0.8671314368614623,0.8716742813528248,0.897816416229967,0.7599318834332571,18.57261554361859,1.2214811610309277,0.8716742813528248,
LNET-02371,shunt_then_series,C,4.060920839758731e-12,F,C,8.446715346698158e-12,F,-0.7999999999999998,2.5999999999999996,0.857225982023256,0.8597825434441234,0.8981431681639029,0.7395481767238178,18.635403575268278,1.3614484856406266,0.8597825434441234,
LNET-00347,series_then_shunt,C,1.3536402799195768e-12,F,L,2.0304604198793658e-08,H,-2.4,-0.3999999999999999,0.8256380091571885,0.8115953729742713,0.8983392132614545,0.6618152831437191,18.673268958105396,6.586706147242596,0.8115953729742713,
LNET-00819,series_then_shunt,C,1.6243683359034905e-11,F,C,1.2345199352866539e-11,F,-0.20000000000000018,3.8,0.8768350124442021,0.8780202549797367,0.8983827093917903,0.7710144294539655,18.6816898780651,0.9554546416741065,0.8780202549797367,
LNET-00601,series_then_shunt,C,2.707280559839153e-12,F,C,3.898484006168382e-12,F,-1.2000000000000002,1.2000000000000002,0.8683010640137546,0.8629665277456187,0.898465388121669,0.7452108868823987,18.697716502788243,1.0464221741418316,0.8629665277456187,
LNET-02379,shunt_then_series,C,5.414561119678306e-12,F,L,2.030460419879365e-09,H,-0.6000000000000001,-4.0,0.851241311916213,0.8576449198901465,0.8985833702093549,0.7357823042366803,18.720631657042933,0.9894272060538006,0.8576449198901465,
LNET-02114,shunt_then_series,C,1.624368335903492e-12,F,C,1.2994946687227947e-12,F,-2.0,0.40000000000000036,0.8295744958185802,0.8137309137795858,0.8986190988635053,0.6653755058071588,18.727581601462493,2.1816303867693665,0.8137309137795858,
LNET-03099,shunt_then_series,L,2.2741156702648887e-08,H,C,1.949242003084189e-12,F,2.8,0.5999999999999996,0.8784389321735101,0.8767704737885653,0.8986348485517203,0.7690442530065473,18.73064678959686,2.6935612369361275,0.8767704737885653,
LNET-02981,shunt_then_series,L,1.7868051694938416e-08,H,C,5.197978674891173e-12,F,2.2,1.5999999999999996,0.881297220829215,0.8816610377133854,0.8990046133402173,0.7774421998453791,18.80288472717357,2.057028644970755,0.8816610377133854,
LNET-01017,series_then_shunt,L,6.497473343613967e-09,H,C,7.796968012336763e-12,F,0.7999999999999998,2.4000000000000004,0.716126417328324,0.7191550057330215,0.8993462785450188,0.5345342269690306,18.87010486139381,0.9306707592509623,0.7191550057330215,
LNET-01333,series_then_shunt,L,1.9492420030841907e-08,H,none,0.0,,2.4000000000000004,0.0,0.8401891835315395,0.8386672684131099,0.899429034786753,0.7053726472375639,18.886455258327015,2.466063350927029,0.8386672684131099,
LNET-03014,shunt_then_series,L,1.9492420030841907e-08,H,none,0.0,,2.4000000000000004,0.0,0.8401891835315396,0.8386672684131099,0.899429034786753,0.7053726472375639,18.886455258327015,2.466063350927029,0.8386672684131099,
LNET-00467,series_then_shunt,C,1.8048537065594359e-12,F,L,8.12184167951746e-09,H,-1.7999999999999998,-1.0,0.7735406984020382,0.7417212111928961,0.8995483749331122,0.5618762775482999,18.910081082991532,1.859833395150988,0.7417212111928961,
LNET-03100,shunt_then_series,L,2.2741156702648887e-08,H,C,2.5989893374455867e-12,F,2.8,0.7999999999999998,0.8855370777953862,0.8838114763492896,0.899581899738075,0.7813076324275995,18.916728107615175,2.6580974294776527,0.8838114763492896,
LNET-03056,shunt_then_series,L,2.1116788366745392e-08,H,C,6.497473343613974e-13,F,2.5999999999999996,0.20000000000000018,0.8561661719389992,0.8548554332505378,0.8996350155919739,0.7318873728135838,18.92726857674938,2.601681244832898,0.8548554332505378,
LNET-02822,shunt_then_series,L,1.1370578351324447e-08,H,C,8.446715346698158e-12,F,1.4000000000000004,2.5999999999999996,0.8652651147098496,0.8699982946896491,0.899819847621552,0.7571004547494521,18.964034317343128,1.4285561577754646,0.8699982946896491,
LNET-00547,series_then_shunt,C,2.320526194147846e-12,F,L,5.801315485369615e-09,H,-1.4,-1.4,0.7416363016365107,0.6945732852247007,0.8998678508898011,0.5038893083394675,18.973605058640373,1.246489468374366,0.6945732852247007,
LNET-01946,shunt_then_series,C,1.160263097073923e-12,F,L,2.0304604198793658e-08,H,-2.8,-0.3999999999999999,0.8724631355611282,0.8659430753768639,0.8998943976339773,0.7503886395762304,18.978901806986464,2.69747061754215,0.8659430753768639,
LNET-01038,series_then_shunt,L,8.12184167951746e-09,H,L,5.076151049698412e-09,H,1.0,-1.6,0.8703365491006568,0.8694149654188219,0.9000285703641501,0.7563936027873707,19.00571570582798,1.0106277522012952,0.8694149654188219,
LNET-02584,shunt_then_series,L,3.248736671806987e-09,H,L,2.030460419879365e-09,H,0.40000000000000036,-4.0,0.8749488213895267,0.8820894185709414,0.9001816602672463,0.7781231095514427,19.036398174470282,1.1080455866930818,0.8820894185709414,
LNET-01988,shunt_then_series,C,1.2495141045411476e-12,F,L,4.060920839758726e-08,H,-2.6,-0.20000000000000018,0.8584941901155505,0.8500756810735035,0.900198925574652,0.7236930432924736,19.03986441544791,2.5652177176280033,0.8500756810735035,
LNET-03021,shunt_then_series,L,1.9492420030841907e-08,H,C,4.548231340529779e-12,F,2.4000000000000004,1.4000000000000004,0.8860052924240484,0.8855639775175943,0.9002564374193913,0.7843286821659232,19.05141934231276,2.2390970229997644,0.8855639775175943,
LNET-00391,series_then_shunt,C,1.4766984871849927e-12,F,C,6.497473343613974e-13,F,-2.2,0.20000000000000018,0.8501318800094285,0.8415426684276012,0.9006415800426137,0.7095712624678757,19.12914457433782,1.7077207582589378,0.8415426684276012,
LNET-00433,series_then_shunt,C,1.624368335903492e-12,F,C,1.2994946687227947e-12,F,-2.0,0.40000000000000036,0.8570626390139254,0.850270482930826,0.9006849278191018,0.7239275290955074,19.13793028672511,1.4000526960264703,0.850270482930826,
LNET-02627,shunt_then_series,L,4.8731050077104735e-09,H,L,2.256067133199294e-09,H,0.5999999999999996,-3.6,0.8779715544319563,0.8854020352537381,0.9007898536577995,0.7839857796045993,19.159228402924658,1.2343982109870089,0.8854020352537381,
LNET-00907,series_then_shunt,L,3.248736671806987e-09,H,L,2.538075524849206e-09,H,0.40000000000000036,-3.2,0.8730760711355374,0.8745574968721815,0.9008011963316972,0.7651536509847617,19.161533466547883,0.9596256167823279,0.8745574968721815,
LNET-02715,shunt_then_series,L,8.12184167951746e-09,H,L,3.384100699798942e-09,H,1.0,-2.4,0.8574103533382706,0.8651162076196368,0.9009791574208552,0.7487902578955801,19.197767943667536,1.5413146541727203,0.8651162076196368,
LNET-00507,series_then_shunt,C,2.0304604198793647e-12,F,L,6.768201399597882e-09,H,-1.6,-1.2000000000000002,0.7593150692885331,0.7195739550703871,0.9009969825371269,0.5340679977429095,19.201404474868813,1.4793260062506968,0.7195739550703871,
LNET-00995,series_then_shunt,L,6.497473343613967e-09,H,L,4.06092083975873e-09,H,0.7999999999999998,-2.0,0.8717679673672144,0.870789781018137,0.9010500863640724,0.7587804947404919,19.212246039533902,0.9866473836194027,0.870789781018137,
LNET-02072,shunt_then_series,C,1.4766984871849927e-12,F,C,6.497473343613974e-13,F,-2.2,0.20000000000000018,0.8373150598841376,0.8231408508773777,0.9011180249560922,0.6802358496811046,19.226133217018717,2.308378883525421,0.8231408508773777,
LNET-00559,series_then_shunt,C,2.320526194147846e-12,F,C,3.248736671806984e-12,F,-1.4,1.0,0.870373875377329,0.8652539252027805,0.9013649100655482,0.7491682135853805,19.276759531816772,1.0887781501556342,0.8652539252027805,
LNET-02182,shunt_then_series,C,2.0304604198793647e-12,F,L,3.384100699798942e-09,H,-1.6,-2.4,0.8609995450900362,0.8629179549305199,0.9014265897144118,0.7448855725598913,19.28944716638669,1.527506042340172,0.8629179549305199,
LNET-02199,shunt_then_series,C,2.0304604198793647e-12,F,C,3.248736671806984e-12,F,-1.6,1.0,0.8346399265689799,0.8231081333038985,0.9015274785426087,0.6799712811924365,19.310234473536795,1.9572456516448498,0.8231081333038985,
LNET-00475,series_then_shunt,C,1.8048537065594359e-12,F,C,1.949242003084189e-12,F,-1.7999999999999998,0.5999999999999996,0.8639280549797738,0.8582096001074374,0.9016237078267034,0.737232430171989,19.330101448394323,1.2414132499937784,0.8582096001074374,
LNET-00774,series_then_shunt,C,8.121841679517462e-12,F,C,9.746210015420952e-12,F,-0.3999999999999999,3.0,0.875610108288443,0.8723984615409737,0.9017747448412343,0.7613881606606843,19.361362225705747,0.9597810063256554,0.8723984615409737,
LNET-02460,shunt_then_series,C,8.121841679517462e-12,F,C,1.2994946687227937e-11,F,-0.3999999999999999,4.0,0.8833390461580481,0.8888373095000094,0.9019714138442868,0.790061932097009,19.402212032550448,1.1036307943243158,0.8888373095000094,
LNET-03061,shunt_then_series,L,2.1116788366745392e-08,H,C,3.898484006168382e-12,F,2.5999999999999996,1.2000000000000002,0.8901924935285265,0.8891177112711419,0.9020563377145832,0.7906346970846831,19.41990214917445,2.431671668367059,0.8891177112711419,
LNET-00517,series_then_shunt,C,2.0304604198793647e-12,F,C,2.5989893374455867e-12,F,-1.6,0.7999999999999998,0.8687007599264852,0.863485601275025,0.9021653238460394,0.746173970645591,19.442649565810775,1.1486500325083704,0.863485601275025,
LNET-02929,shunt_then_series,L,1.624368335903492e-08,H,L,1.3536402799195764e-08,H,2.0,-0.6000000000000001,0.8306379586371287,0.82722574025523,0.9022726918489948,0.6875808363466105,19.465108860971213,2.266704894286351,0.82722574025523,
LNET-02844,shunt_then_series,L,1.2994946687227934e-08,H,L,6.768201399597882e-09,H,1.5999999999999996,-1.2000000000000002,0.8358148247577413,0.8377131558481067,0.9023857441864248,0.7037635729364183,19.488810607946675,2.016716820795495,0.8377131558481067,
LNET-02671,shunt_then_series,L,6.497473343613967e-09,H,L,2.7072805598391537e-09,H,0.7999999999999998,-3.0,0.8700601384472071,0.8778965758208687,0.902529151392291,0.7708357864953678,19.518955447380996,1.3816298803450666,0.8778965758208687,
LNET-01903,shunt_then_series,C,1.0829122239356614e-12,F,L,1.0152302099396829e-08,H,-3.0,-0.7999999999999998,0.8924896436160525,0.8881391621168387,0.9027322108712792,0.7889278388553961,19.5617915027684,2.793055284756797,0.8881391621168387,
LNET-03098,shunt_then_series,L,2.2741156702648887e-08,H,C,1.2994946687227947e-12,F,2.8,0.40000000000000036,0.8738949838800929,0.8724796118191069,0.9028824541091878,0.7617681793912948,19.593601101170425,2.7430278136786717,0.8724796118191069,
LNET-00349,series_then_shunt,C,1.3536402799195768e-12,F,none,0.0,,-2.4,0.0,0.8467718358303636,0.8358592391037619,0.9030580438039149,0.7005371000921847,19.6309020209432,2.4356094227915093,0.8358592391037619,
LNET-02030,shunt_then_series,C,1.3536402799195768e-12,F,none,0.0,,-2.4,0.0,0.8467718358303636,0.835859239103762,0.9030580438039149,0.7005371000921847,19.6309020209432,2.4356094227915093,0.835859239103762,
LNET-02328,shunt_then_series,C,3.248736671806984e-12,F,C,7.147220677975366e-12,F,-1.0,2.2,0.8565573993093041,0.8567881957921422,0.9034224062361479,0.7346531998836692,19.708737110290038,1.5162152566318483,0.8567881957921422,
LNET-02261,shunt_then_series,C,2.707280559839153e-12,F,L,2.7072805598391537e-09,H,-1.2000000000000002,-3.0,0.8548217566996448,0.8587549499523502,0.9035176167473753,0.7377856385252956,19.72917285597412,1.267894689836898,0.8587549499523502,
LNET-00730,series_then_shunt,C,5.414561119678306e-12,F,C,7.796968012336763e-12,F,-0.6000000000000001,2.4000000000000004,0.8769686414897565,0.8719929719130254,0.9036556955292924,0.7607811085832791,19.75888150303765,0.9711552740044622,0.8719929719130254,
LNET-01904,shunt_then_series,C,1.0829122239356614e-12,F,L,1.3536402799195764e-08,H,-3.0,-0.6000000000000001,0.8880426522113904,0.8829469810299432,0.9040514382247732,0.7798373935741372,19.844502126934277,2.8371507956321986,0.8829469810299432,
LNET-02758,shunt_then_series,L,9.746210015420954e-09,H,L,4.06092083975873e-09,H,1.2000000000000002,-2.0,0.8536639983090306,0.8602867396891151,0.9041914805149565,0.7407496489411413,19.87497031317988,1.7086325235391178,0.8602867396891151,
LNET-00780,series_then_shunt,C,1.6243683359034905e-11,F,L,2.030460419879365e-09,H,-0.20000000000000018,-4.0,0.8213658527345196,0.8304694810768688,0.9042742703016642,0.6907044319111577,19.893024334237797,0.9335759341230255,0.8304694810768688,
LNET-01982,shunt_then_series,C,1.2495141045411476e-12,F,L,5.801315485369615e-09,H,-2.6,-1.4,0.8907598856234598,0.8885376428219411,0.9044578200857305,0.7895836325145668,19.933162732885208,2.3612008745003643,0.8885376428219411,
LNET-02801,shunt_then_series,L,1.1370578351324447e-08,H,L,5.076151049698412e-09,H,1.4000000000000004,-1.6,0.8463634668582315,0.8511579380357273,0.9046082204756768,0.7256279752525467,19.96616721035208,1.8717886463597195,0.8511579380357273,
LNET-02142,shunt_then_series,C,1.8048537065594359e-12,F,L,3.691746217962481e-09,H,-1.7999999999999998,-2.2,0.8694970834912498,0.8705007327153299,0.9046512815557358,0.7579856174251289,19.97563588302547,1.6797913992904137,0.8705007327153299,
LNET-01942,shunt_then_series,C,1.160263097073923e-12,F,L,6.768201399597882e-09,H,-2.8,-1.2000000000000002,0.8947730670443182,0.8918311068055506,0.9046690544644305,0.795440650780233,19.979546450147893,2.555352115088293,0.8918311068055506,
LNET-01375,series_then_shunt,L,2.1116788366745392e-08,H,C,6.497473343613974e-13,F,2.5999999999999996,0.20000000000000018,0.8451341028429689,0.8435533544692004,0.9047014658675266,0.7136231054061063,19.98668167570997,6.335588726561989,0.8435533544692004,
LNET-00704,series_then_shunt,C,5.414561119678306e-12,F,L,2.9006577426848075e-09,H,-0.6000000000000001,-2.8,0.7443613563406233,0.7305109212607246,0.904738481118529,0.5444354657253184,19.994836356624713,0.9096458198368003,0.7305109212607246,
LNET-02416,shunt_then_series,C,5.414561119678306e-12,F,C,1.1045704684143746e-11,F,-0.6000000000000001,3.4000000000000004,0.8774087333023946,0.8820050688352089,0.9047970023114261,0.7780168757523612,20.00774186273377,1.2231512579289174,0.8820050688352089,
LNET-02242,shunt_then_series,C,2.320526194147846e-12,F,C,4.548231340529779e-12,F,-1.4,1.4000000000000004,0.8452939033502441,0.8385872084784318,0.9051026504217032,0.7047881255146415,20.07540420135616,1.8271159020988137,0.8385872084784318,
LNET-00820,series_then_shunt,C,1.6243683359034905e-11,F,C,1.2994946687227937e-11,F,-0.20000000000000018,4.0,0.8855692670301972,0.8869232315532679,0.9052321174490581,0.7867067167766173,20.10419633914382,0.9591256437002917,0.8869232315532679,
LNET-02783,shunt_then_series,L,9.746210015420954e-09,H,C,9.746210015420952e-12,F,1.2000000000000002,3.0,0.8682590396149948,0.8740119898754639,0.9052762384912797,0.7641077227592245,20.11402638730599,1.3054205262775904,0.8740119898754639,
LNET-02022,shunt_then_series,C,1.3536402799195768e-12,F,L,5.076151049698412e-09,H,-2.4,-1.6,0.8866398698117554,0.8852038095066499,0.9053241017596059,0.7836891127213433,20.124700553901754,2.178598562935752,0.8852038095066499,
LNET-00951,series_then_shunt,L,4.8731050077104735e-09,H,L,3.1237852613528696e-09,H,0.5999999999999996,-2.6,0.8773601247069871,0.8769749026001765,0.9053515939223298,0.769510440175998,20.130836565369766,0.9712341335158832,0.8769749026001765,
LNET-03101,shunt_then_series,L,2.2741156702648887e-08,H,C,3.248736671806984e-12,F,2.8,1.0,0.8942921929535184,0.8928308034170049,0.905444876213876,0.7972639611210935,20.151682953996634,2.637286769619306,0.8928308034170049,
LNET-02285,shunt_then_series,C,2.707280559839153e-12,F,C,5.847726009252571e-12,F,-1.2000000000000002,1.7999999999999998,0.8527106339081981,0.8499421334993247,0.9057382376107785,0.7233512957799821,20.217511208221307,1.6750591992020132,0.8499421334993247,
LNET-02971,shunt_then_series,L,1.7868051694938416e-08,H,L,2.0304604198793658e-08,H,2.2,-0.3999999999999999,0.8381913525652528,0.8342357022803333,0.9057556227380328,0.6989994724286713,20.22142517256687,2.400424696434194,0.8342357022803333,
LNET-02372,shunt_then_series,C,4.060920839758731e-12,F,C,9.096462681059554e-12,F,-0.7999999999999998,2.8,0.8693763145708293,0.8723458111753343,0.9058336408893088,0.7612188919903801,20.239007421419252,1.364173165444852,0.8723458111753343,
LNET-00644,series_then_shunt,C,3.248736671806984e-12,F,C,5.197978674891173e-12,F,-1.0,1.5999999999999996,0.8794775737935594,0.8743477074648189,0.9058568648538142,0.7648933030624318,20.244246825797692,1.011280670302484,0.8743477074648189,
LNET-02862,shunt_then_series,L,1.2994946687227934e-08,H,C,7.796968012336763e-12,F,1.5999999999999996,2.4000000000000004,0.8748533473572558,0.8785780414443353,0.9059406570960777,0.7720853901478049,20.26317214487579,1.5790101934720995,0.8785780414443353,
LNET-02102,shunt_then_series,C,1.624368335903492e-12,F,L,4.06092083975873e-09,H,-2.0,-2.0,0.8763916653638376,0.8765614207559639,0.906088633124215,0.7685306847244354,20.296676499718778,1.8390668492498938,0.8765614207559639,
LNET-00626,series_then_shunt,C,3.248736671806984e-12,F,L,4.06092083975873e-09,H,-1.0,-2.0,0.734164943630887,0.6867561284851945,0.9061169028919837,0.4953912790697932,20.3030892845271,0.977137559529914,0.6867561284851945,
LNET-02062,shunt_then_series,C,1.4766984871849927e-12,F,L,4.51213426639859e-09,H,-2.2,-1.7999999999999998,0.8819845389204019,0.8813495666881889,0.9061334469046711,0.7769098716842678,20.30684396143579,2.005100444208709,0.8813495666881889,
LNET-02157,shunt_then_series,C,1.8048537065594359e-12,F,C,2.5989893374455867e-12,F,-1.7999999999999998,0.7999999999999998,0.8404154671511622,0.826933924188176,0.9063375536928578,0.6865103762451632,20.35327528646336,2.1052790774656507,0.826933924188176,
LNET-01336,series_then_shunt,L,1.9492420030841907e-08,H,C,1.949242003084189e-12,F,2.4000000000000004,0.5999999999999996,0.8237703519129135,0.8206890075669139,0.9068487284778327,0.677738468159995,20.47045303105775,3.8728724478206855,0.8206890075669139,
LNET-01080,series_then_shunt,L,9.746210015420954e-09,H,L,5.801315485369615e-09,H,1.2000000000000002,-1.4,0.8790048252485926,0.878317286161881,0.9068663426825619,0.7718766867727302,20.47451370005982,1.0391776706111617,0.878317286161881,
LNET-00742,series_then_shunt,C,8.121841679517462e-12,F,L,2.388776964563959e-09,H,-0.3999999999999999,-3.4,0.7801844738678627,0.7828302633244903,0.9069515551272433,0.6170048141417959,20.494179754803977,0.9185619692414253,0.7828302633244903,
LNET-02300,shunt_then_series,C,3.248736671806984e-12,F,L,2.388776964563959e-09,H,-1.0,-3.4,0.8573426949836771,0.8620753462423314,0.9070772427239261,0.7434943423532285,20.523252845995426,1.1621847621378272,0.8620753462423314,
LNET-02626,shunt_then_series,L,4.8731050077104735e-09,H,L,2.1373267577677528e-09,H,0.5999999999999996,-3.8,0.8871313196339415,0.8940606636871221,0.9072020830857921,0.7993829108727701,20.55220792131583,1.2352394755135698,0.8940606636871221,
LNET-01902,shunt_then_series,C,1.0829122239356614e-12,F,L,8.12184167951746e-09,H,-3.0,-1.0,0.899112778895883,0.895592329402388,0.9073022365994678,0.8021710812056342,20.575493589401084,2.76381600678777,0.895592329402388,
LNET-02744,shunt_then_series,L,8.12184167951746e-09,H,C,1.1045704684143746e-11,F,1.0,3.4000000000000004,0.8697183561154463,0.8762101305828565,0.9074424299348463,0.7679413246915974,20.60817314663886,1.1919108220211334,0.8762101305828565,
LNET-02705,shunt_then_series,L,6.497473343613967e-09,H,C,1.2345199352866539e-11,F,0.7999999999999998,3.8,0.8708118135333661,0.8777464192289472,0.9074540904990158,0.7706030015699958,20.61089572498859,1.0926668659729462,0.8777464192289472,
LNET-00687,series_then_shunt,C,4.060920839758731e-12,F,C,6.497473343613968e-12,F,-0.7999999999999998,2.0,0.8820621388317383,0.8769167007098098,0.9076171368575723,0.7693781887444833,20.649036758219726,0.9887282143148909,0.8769167007098098,
LNET-01096,series_then_shunt,L,9.746210015420954e-09,H,C,5.847726009252571e-12,F,1.2000000000000002,1.7999999999999998,0.7395485626125539,0.7218883837399831,0.9077966362317288,0.5448188333706752,20.691182601824284,1.0511616601906306,0.7218883837399831,
LNET-00941,series_then_shunt,L,3.248736671806987e-09,H,C,1.1695452018505142e-11,F,0.40000000000000036,3.5999999999999996,0.7928859090202188,0.8121216644453738,0.9079794905619782,0.6625239556523794,20.734285239390605,0.9313386228383316,0.8121216644453738,
LNET-02886,shunt_then_series,L,1.4619315023131425e-08,H,L,8.12184167951746e-09,H,1.7999999999999998,-1.0,0.8415428027351696,0.8413106361599334,0.907989298294065,0.7101261375547823,20.736601970409648,2.1757277759939315,0.8413106361599334,
LNET-00979,series_then_shunt,L,4.8731050077104735e-09,H,C,9.746210015420952e-12,F,0.5999999999999996,3.0,0.756475197788295,0.7702916963282134,0.9081533414126537,0.6016923205219249,20.775424721608104,0.9258781498771107,0.7702916963282134,
LNET-00307,series_then_shunt,C,1.2495141045411476e-12,F,L,4.060920839758726e-08,H,-2.6,-0.20000000000000018,0.8515735669469771,0.84053933666869,0.9081683642370546,0.7084114782788007,20.778986983993285,6.008270562747122,0.84053933666869,
LNET-02339,shunt_then_series,C,4.060920839758731e-12,F,L,2.1373267577677528e-09,H,-0.7999999999999998,-3.8,0.8594938891879814,0.864899869242516,0.908172034865571,0.7483347577797833,20.779857552894203,1.0705829309579575,0.864899869242516,
LNET-01376,series_then_shunt,L,2.1116788366745392e-08,H,C,1.2994946687227947e-12,F,2.5999999999999996,0.40000000000000036,0.841152946168423,0.8391962408849751,0.908248925679777,0.7068790133759578,20.798109883920745,6.973163902723708,0.8391962408849751,
LNET-00906,series_then_shunt,L,3.248736671806987e-09,H,L,2.388776964563959e-09,H,0.40000000000000036,-3.4,0.8829985492657944,0.884516869715528,0.9083761796394699,0.7826158811753142,20.82838471622566,0.9632954191691703,0.884516869715528,
LNET-03013,shunt_then_series,L,1.9492420030841907e-08,H,L,4.060920839758726e-08,H,2.4000000000000004,-0.20000000000000018,0.8474098862772091,0.8442103407047011,0.9086577982652458,0.7151226949579514,20.895684163687438,2.5324196878782548,0.8442103407047011,
LNET-02714,shunt_then_series,L,8.12184167951746e-09,H,L,3.1237852613528696e-09,H,1.0,-2.6,0.8704070190720783,0.8778002294237395,0.9087514453355742,0.7707875641510483,20.9181553872844,1.544559479113312,0.8778002294237395,
LNET-00665,series_then_shunt,C,4.060920839758731e-12,F,L,3.384100699798942e-09,H,-0.7999999999999998,-2.4,0.741354582241088,0.7074411718688616,0.9089420869704545,0.518341987724804,20.964043908529533,0.9291844381889315,0.7074411718688616,
LNET-01332,series_then_shunt,L,1.9492420030841907e-08,H,L,4.060920839758726e-08,H,2.4000000000000004,-0.20000000000000018,0.8620903220675512,0.8615553102067247,0.9093964798680443,0.7434692474047929,21.0741975266213,1.8213554400377845,0.8615553102067247,
LNET-01296,series_then_shunt,L,1.7868051694938416e-08,H,C,2.5989893374455867e-12,F,2.2,0.7999999999999998,0.8113319152350039,0.8060041402166621,0.9094134486323536,0.6560256009579771,21.07833248760052,2.465928426386868,0.8060041402166621,
LNET-02670,shunt_then_series,L,6.497473343613967e-09,H,L,2.538075524849206e-09,H,0.7999999999999998,-3.2,0.8807903499175883,0.8881526958940501,0.9094482708024116,0.7889102779373851,21.08682283290141,1.3827643962085014,0.8881526958940501,
LNET-00775,series_then_shunt,C,8.121841679517462e-12,F,C,1.039595734978235e-11,F,-0.3999999999999999,3.2,0.8857586795904346,0.8829849227521708,0.9096357690983721,0.779913239997422,21.13265116124581,0.9636084747935614,0.8829849227521708,
LNET-02115,shunt_then_series,C,1.624368335903492e-12,F,C,1.949242003084189e-12,F,-2.0,0.5999999999999996,0.8454533967139377,0.8308009414172735,0.9096607173885474,0.6930034754988373,21.13876336169237,2.2448423754045126,0.8308009414172735,
LNET-01290,series_then_shunt,L,1.7868051694938416e-08,H,L,2.0304604198793658e-08,H,2.2,-0.3999999999999999,0.8688998060181373,0.8688639184814604,0.9097633187216174,0.7557645224432084,21.163935681875827,1.470313188726214,0.8688639184814604,
LNET-02902,shunt_then_series,L,1.4619315023131425e-08,H,C,7.147220677975366e-12,F,1.7999999999999998,2.2,0.882703647202152,0.8854925280419239,0.9100471088472649,0.7842591934206314,21.233860128009777,1.7372189796475,0.8854925280419239,
LNET-03140,shunt_then_series,L,2.4365525038552382e-08,H,C,1.949242003084189e-12,F,3.0,0.5999999999999996,0.8922274902184972,0.8907054812840428,0.9101649573610452,0.7936092047327642,21.263027224665088,2.8944858713555277,0.8907054812840428,
LNET-01122,series_then_shunt,L,1.1370578351324447e-08,H,L,6.768201399597882e-09,H,1.4000000000000004,-1.2000000000000002,0.8832050565951538,0.8827649033668326,0.9106992593156721,0.7796797476876316,21.396230811453904,1.0738302150452208,0.8827649033668326,
LNET-01905,shunt_then_series,C,1.0829122239356614e-12,F,L,2.0304604198793658e-08,H,-3.0,-0.3999999999999999,0.8864136842406058,0.8805400476540116,0.9108073174448887,0.7757754637095198,21.423364144970304,2.8937070896354546,0.8805400476540116,
LNET-02221,shunt_then_series,C,2.320526194147846e-12,F,L,2.9006577426848075e-09,H,-1.4,-2.8,0.8660107946716082,0.8688557637122997,0.910844278122423,0.7552147601542302,21.432660045602823,1.4024839660053239,0.8688557637122997,
LNET-00346,series_then_shunt,C,1.3536402799195768e-12,F,L,1.3536402799195764e-08,H,-2.4,-0.6000000000000001,0.8325730523775239,0.8160749596311606,0.9108949330005608,0.6698634934311877,21.44541267235215,4.13886854877951,0.8160749596311606,
LNET-01248,series_then_shunt,L,1.624368335903492e-08,H,L,1.3536402799195764e-08,H,2.0,-0.6000000000000001,0.8758821893821243,0.8759584594695055,0.9110903921324819,0.7679141364331011,21.494756730680308,1.2906876902791657,0.8759584594695055,
LNET-02417,shunt_then_series,C,5.414561119678306e-12,F,C,1.1695452018505142e-11,F,-0.6000000000000001,3.5999999999999996,0.8866285931719667,0.8912137285924557,0.9111250315508292,0.7943235656197214,21.503524163205043,1.2242360074085799,0.8912137285924557,
LNET-03097,shunt_then_series,L,2.2741156702648887e-08,H,C,6.497473343613974e-13,F,2.8,0.20000000000000018,0.8725691846351258,0.8713214178385255,0.9111304616367445,0.7600831791638785,21.50489916831762,2.8032507383244845,0.8713214178385255,
LNET-02329,shunt_then_series,C,3.248736671806984e-12,F,C,7.796968012336763e-12,F,-1.0,2.4000000000000004,0.8696564366584978,0.8706852418713592,0.9113035090800191,0.7584994065158983,21.548806376165835,1.520535396098178,0.8706852418713592,
LNET-03141,shunt_then_series,L,2.4365525038552382e-08,H,C,2.5989893374455867e-12,F,3.0,0.7999999999999998,0.8987402702201192,0.8971877533404236,0.9113044464890333,0.8050938718904025,21.549044690867298,2.8583207030601256,0.8971877533404236,
LNET-00994,series_then_shunt,L,6.497473343613967e-09,H,L,3.691746217962481e-09,H,0.7999999999999998,-2.2,0.8853259665615956,0.8844215371124953,0.9113483160244701,0.7826039000368795,21.560203149125176,0.9883101650984057,0.8844215371124953,
LNET-01374,series_then_shunt,L,2.1116788366745392e-08,H,none,0.0,,2.5999999999999996,0.0,0.8588617012119973,0.8573720651321406,0.9114084379633252,0.7366879095700875,21.57551344643914,2.6675535367486,0.8573720651321406,
LNET-03055,shunt_then_series,L,2.1116788366745392e-08,H,none,0.0,,2.5999999999999996,0.0,0.8588617012119975,0.8573720651321406,0.9114084379633252,0.7366879095700875,21.57551344643914,2.6675535367486,0.8573720651321406,
LNET-01947,shunt_then_series,C,1.160263097073923e-12,F,L,4.060920839758726e-08,H,-2.8,-0.20000000000000018,0.8743569096397239,0.8667640758679568,0.9114288561248831,0.752130176275936,21.58071774278935,2.761455449179593,0.8667640758679568,
LNET-02200,shunt_then_series,C,2.0304604198793647e-12,F,C,3.898484006168382e-12,F,-1.6,1.2000000000000002,0.8520004723109681,0.8431296055175407,0.9115779729958488,0.7126580882230982,21.618798366905835,1.9902833990610405,0.8431296055175407,
LNET-01037,series_then_shunt,L,8.12184167951746e-09,H,L,4.51213426639859e-09,H,1.0,-1.7999999999999998,0.8859960582275538,0.885093911593357,0.9117274516687783,0.7837829975824584,21.65710051210346,1.0090620134688812,0.885093911593357,
LNET-02843,shunt_then_series,L,1.2994946687227934e-08,H,L,5.801315485369615e-09,H,1.5999999999999996,-1.4,0.8530544647289262,0.8560792236508086,0.9117634108208179,0.7342599548049338,21.666333984630786,2.044426263591498,0.8560792236508086,
LNET-00602,series_then_shunt,C,2.707280559839153e-12,F,C,4.548231340529779e-12,F,-1.2000000000000002,1.4000000000000004,0.8866902423392224,0.8820559427247915,0.911770105568444,0.7783788958174401,21.6680538709189,1.0381959289660858,0.8820559427247915,
LNET-00306,series_then_shunt,C,1.2495141045411476e-12,F,L,2.0304604198793658e-08,H,-2.6,-0.3999999999999999,0.8482066368545174,0.8355606788452774,0.9118067073081549,0.7006062836691347,21.677461504790074,7.133986535524024,0.8355606788452774,
LNET-02073,shunt_then_series,C,1.4766984871849927e-12,F,C,1.2994946687227947e-12,F,-2.2,0.40000000000000036,0.8505772465257047,0.8360054751684466,0.9118752166158195,0.7015152918967823,21.69509124670399,2.376726304425364,0.8360054751684466,
LNET-02928,shunt_then_series,L,1.624368335903492e-08,H,L,1.0152302099396829e-08,H,2.0,-0.7999999999999998,0.8465040807461099,0.8443474278210575,0.9121317087920959,0.7155084628995161,21.761339415009505,2.3260131427314827,0.8443474278210575,
LNET-01206,series_then_shunt,L,1.4619315023131425e-08,H,L,1.0152302099396829e-08,H,1.7999999999999998,-0.7999999999999998,0.881130892637001,0.8811102608174981,0.9122068670564031,0.7768363271140166,21.780825025174902,1.1864026278469098,0.8811102608174981,
LNET-01164,series_then_shunt,L,1.2994946687227934e-08,H,L,8.12184167951746e-09,H,1.5999999999999996,-1.0,0.883740873134732,0.8835306295180524,0.9122826011413934,0.7810453639579734,21.80049369936104,1.1198918581944335,0.8835306295180524,
LNET-02757,shunt_then_series,L,9.746210015420954e-09,H,L,3.691746217962481e-09,H,1.2000000000000002,-2.2,0.8679232921523015,0.8745176979175651,0.9122837239527135,0.7652356236387254,21.800785556854134,1.7151323527049922,0.8745176979175651,
LNET-02942,shunt_then_series,L,1.624368335903492e-08,H,C,6.497473343613968e-12,F,2.0,2.0,0.8889671659361625,0.8908823364298091,0.9124858268534083,0.7938087270915887,21.853441083764512,1.9018666069342807,0.8908823364298091,
LNET-00350,series_then_shunt,C,1.3536402799195768e-12,F,C,6.497473343613974e-13,F,-2.4,0.20000000000000018,0.8676023789469133,0.8598188906765438,0.912572468299286,0.7403932131419736,21.87608904305445,1.7968082619871066,0.8598188906765438,
LNET-00731,series_then_shunt,C,5.414561119678306e-12,F,C,8.446715346698158e-12,F,-0.6000000000000001,2.5999999999999996,0.8886107871275838,0.8841589715214424,0.9126542475465667,0.7820680485940119,21.897507249322288,0.9743391844084909,0.8841589715214424,
LNET-02373,shunt_then_series,C,4.060920839758731e-12,F,C,9.746210015420952e-12,F,-0.7999999999999998,3.0,0.8801843357773561,0.8834256274818616,0.9127393457115419,0.7806087682702603,21.91983731165466,1.3657812257402127,0.8834256274818616,
LNET-01256,series_then_shunt,L,1.624368335903492e-08,H,C,3.248736671806984e-12,F,2.0,1.0,0.8018671961197948,0.7932597152664396,0.9129618087125878,0.6383546577800683,21.97841867365697,1.8232994877402595,0.7932597152664396,
LNET-00392,series_then_shunt,C,1.4766984871849927e-12,F,C,1.2994946687227947e-12,F,-2.2,0.40000000000000036,0.8743588031080409,0.868276974568218,0.9130444433155399,0.7546706958272544,22.000255259793214,1.453833482268764,0.868276974568218,
LNET-02625,shunt_then_series,L,4.8731050077104735e-09,H,L,2.030460419879365e-09,H,0.5999999999999996,-4.0,0.8953684765313594,0.9018257069839206,0.9131769313199853,0.8133209780346828,22.03535259011606,1.2356822897139066,0.9018257069839206,
LNET-02823,shunt_then_series,L,1.1370578351324447e-08,H,C,9.096462681059554e-12,F,1.4000000000000004,2.8,0.8788383382841058,0.8836286032413715,0.913192566510517,0.7810046290341203,22.03950156805759,1.446776357872115,0.8836286032413715,
LNET-02800,shunt_then_series,L,1.1370578351324447e-08,H,L,4.51213426639859e-09,H,1.4000000000000004,-1.7999999999999998,0.8621500071868222,0.8673976521346235,0.9132438113624679,0.7531749004237625,22.053110462885968,1.885527527537372,0.8673976521346235,
LNET-02031,shunt_then_series,C,1.3536402799195768e-12,F,C,6.497473343613974e-13,F,-2.4,0.20000000000000018,0.8566448351205258,0.8437234894614293,0.913341793841947,0.7140250576758767,22.0791760950171,2.504145354880388,0.8437234894614293,
LNET-01862,shunt_then_series,C,1.0152302099396824e-12,F,L,1.0152302099396829e-08,H,-3.2,-0.7999999999999998,0.9041712839863758,0.900263096400779,0.9134074759262801,0.810584064872138,22.096682091138902,2.988630944186716,0.900263096400779,
LNET-02982,shunt_then_series,L,1.7868051694938416e-08,H,C,5.847726009252571e-12,F,2.2,1.7999999999999998,0.8938992462027401,0.894990083690299,0.9136378748761669,0.8011224172542992,22.158299973885953,2.0725370634550204,0.894990083690299,
LNET-01136,series_then_shunt,L,1.1370578351324447e-08,H,C,5.197978674891173e-12,F,1.4000000000000004,1.5999999999999996,0.763643527422509,0.7451039144804816,0.9136681371188781,0.5753040824056018,22.166417742589186,1.1525347134561508,0.7451039144804816,
LNET-03139,shunt_then_series,L,2.4365525038552382e-08,H,C,1.2994946687227947e-12,F,3.0,0.40000000000000036,0.8879373608491541,0.8866273195588216,0.9136754185004663,0.7865437295434136,22.16837180393169,2.944528468047049,0.8866273195588216,
LNET-00950,series_then_shunt,L,4.8731050077104735e-09,H,L,2.9006577426848075e-09,H,0.5999999999999996,-2.8,0.8883693275435129,0.8880778276669286,0.913760108241014,0.789029074417638,22.19112372716543,0.9742353397119008,0.8880778276669286,
LNET-00386,series_then_shunt,C,1.4766984871849927e-12,F,L,1.0152302099396829e-08,H,-2.2,-0.7999999999999998,0.821907773758865,0.8002870196947567,0.9137817472516663,0.6463152282550549,22.19694422291169,2.597460155212797,0.8002870196947567,
LNET-03022,shunt_then_series,L,1.9492420030841907e-08,H,C,5.197978674891173e-12,F,2.4000000000000004,1.5999999999999996,0.8977980810208753,0.8981154034873942,0.9139558723345212,0.8067091318474888,22.243887226976998,2.249673590484473,0.8981154034873942,
LNET-03062,shunt_then_series,L,2.1116788366745392e-08,H,C,4.548231340529779e-12,F,2.5999999999999996,1.4000000000000004,0.9009873753622479,0.9006086080510005,0.914033065676389,0.811183166765391,22.26475889521973,2.434583425179194,0.9006086080510005,
LNET-02286,shunt_then_series,C,2.707280559839153e-12,F,C,6.497473343613968e-12,F,-1.2000000000000002,2.0,0.8670866059752108,0.8656586962613062,0.9140631871878732,0.7500408117237263,22.272913371506526,1.683487301949287,0.8656586962613062,
LNET-02243,shunt_then_series,C,2.320526194147846e-12,F,C,5.197978674891173e-12,F,-1.4,1.5999999999999996,0.8612078059535828,0.8565425976354775,0.9141501303326396,0.7347730167860625,22.29648265919718,1.8442906818880345,0.8565425976354775,
LNET-01863,shunt_then_series,C,1.0152302099396824e-12,F,L,1.3536402799195764e-08,H,-3.2,-0.6000000000000001,0.8999956760602498,0.8954075347314636,0.9142841094096799,0.8019490798192637,22.332896458592696,3.0332792478027026,0.8954075347314636,
LNET-00308,series_then_shunt,C,1.2495141045411476e-12,F,none,0.0,,-2.6,0.0,0.8644180103313657,0.8545483206732056,0.9144439333519232,0.7317539055749636,22.376483729981732,2.6316768513074225,0.8545483206732056,
LNET-01989,shunt_then_series,C,1.2495141045411476e-12,F,none,0.0,,-2.6,0.0,0.8644180103313657,0.8545483206732056,0.9144439333519232,0.7317539055749636,22.376483729981732,2.6316768513074225,0.8545483206732056,
LNET-00434,series_then_shunt,C,1.624368335903492e-12,F,C,1.949242003084189e-12,F,-2.0,0.5999999999999996,0.881382350844267,0.8763719674251486,0.9144931621022161,0.768573913785898,22.38994224521352,1.279572328531903,0.8763719674251486,
LNET-01018,series_then_shunt,L,6.497473343613967e-09,H,C,8.446715346698158e-12,F,0.7999999999999998,2.5999999999999996,0.7542732515829381,0.7537169989313794,0.9145869460204703,0.5826008206142517,22.415624507224912,0.9424330362427299,0.7537169989313794,
LNET-03102,shunt_then_series,L,2.2741156702648887e-08,H,C,3.898484006168382e-12,F,2.8,1.2000000000000002,0.9038167231300462,0.9028750271255328,0.9146561319948975,0.8152687009855119,22.43460692314092,2.6293855057339104,0.9028750271255328,
LNET-01057,series_then_shunt,L,8.12184167951746e-09,H,C,7.147220677975366e-12,F,1.0,2.2,0.7510608326048002,0.7388299020441552,0.9146906365028307,0.5659451129209607,22.44408536193524,0.9782889164518225,0.7388299020441552,
LNET-00560,series_then_shunt,C,2.320526194147846e-12,F,C,3.898484006168382e-12,F,-1.4,1.2000000000000002,0.8899150072937921,0.8855804393477088,0.9149800522411792,0.7845923317533188,22.52389118931798,1.0711103419431598,0.8855804393477088,
LNET-00586,series_then_shunt,C,2.707280559839153e-12,F,L,4.51213426639859e-09,H,-1.2000000000000002,-1.7999999999999998,0.7626297363172941,0.7125658078400207,0.9150178138284555,0.5296202323586324,22.534343961954715,1.0627847469229526,0.7125658078400207,
LNET-00905,series_then_shunt,L,3.248736671806987e-09,H,L,2.256067133199294e-09,H,0.40000000000000036,-3.6,0.8918646917094969,0.8934021836244131,0.9151535816932405,0.7983681158286179,22.572002683355038,0.9664964605089817,0.8934021836244131,
LNET-02970,shunt_then_series,L,1.7868051694938416e-08,H,L,1.3536402799195764e-08,H,2.2,-0.6000000000000001,0.8515100270076172,0.8480043359902596,0.9152004992987729,0.7217892489524004,22.58504452811075,2.4672197676721974,0.8480043359902596,
LNET-01216,series_then_shunt,L,1.4619315023131425e-08,H,C,3.898484006168382e-12,F,1.7999999999999998,1.2000000000000002,0.7925576210639709,0.7801289440823673,0.9155117872178861,0.6209108109900384,22.671941139976365,1.4889185846303834,0.7801289440823673,
LNET-02669,shunt_then_series,L,6.497473343613967e-09,H,L,2.388776964563959e-09,H,0.7999999999999998,-3.4,0.8903558352596118,0.8972519418992955,0.9157032995711629,0.8051298858619527,22.725721052253895,1.3831863357562275,0.8972519418992955,
LNET-02713,shunt_then_series,L,8.12184167951746e-09,H,L,2.9006577426848075e-09,H,1.0,-2.8,0.8819009683775512,0.888929671094592,0.9157155337752079,0.790375174996545,22.72916492899024,1.5462543167733174,0.888929671094592,
LNET-00476,series_then_shunt,C,1.8048537065594359e-12,F,C,2.5989893374455867e-12,F,-1.7999999999999998,0.7999999999999998,0.8868215311049519,0.8823692959436777,0.91579032495039,0.7789965223912337,22.75024008609167,1.1789667087918323,0.8823692959436777,
LNET-01176,series_then_shunt,L,1.2994946687227934e-08,H,C,4.548231340529779e-12,F,1.5999999999999996,1.4000000000000004,0.7806337999657178,0.7645362743030374,0.9159827331724587,0.600556006619896,22.804630589868104,1.2884524920463096,0.7645362743030374,
LNET-02260,shunt_then_series,C,2.707280559839153e-12,F,L,2.538075524849206e-09,H,-1.2000000000000002,-3.2,0.8689418384532277,0.8725169839457968,0.9160117654404825,0.7616091114623701,22.812859152107993,1.2844429356081624,0.8725169839457968,
LNET-02181,shunt_then_series,C,2.0304604198793647e-12,F,L,3.1237852613528696e-09,H,-1.6,-2.6,0.8755652009282238,0.877522153873299,0.9160413799793508,0.7703130728836453,22.821258609397212,1.5471171765058935,0.877522153873299,
LNET-01416,series_then_shunt,L,2.2741156702648887e-08,H,C,6.497473343613974e-13,F,2.8,0.20000000000000018,0.8633969564107205,0.8618585785446876,0.9161367724496121,0.7444196915054935,22.848354736864042,7.797148258350852,0.8618585785446876,
LNET-00518,series_then_shunt,C,2.0304604198793647e-12,F,C,3.248736671806984e-12,F,-1.6,1.0,0.8898155757201334,0.8855571050977438,0.9161440516693818,0.7845700064614758,22.85042492292397,1.1151146721618463,0.8855571050977438,
LNET-02158,shunt_then_series,C,1.8048537065594359e-12,F,C,3.248736671806984e-12,F,-1.7999999999999998,1.0,0.8570427422857485,0.8461426930958675,0.9162269122424331,0.7179744828449971,22.874015552439136,2.1483137450866785,0.8461426930958675,
LNET-01901,shunt_then_series,C,1.0829122239356614e-12,F,L,6.768201399597882e-09,H,-3.0,-1.2000000000000002,0.9070944670966264,0.9044644912486004,0.9162645525987253,0.8181205003386877,22.884747285288338,2.7488810111206106,0.9044644912486004,
LNET-00776,series_then_shunt,C,8.121841679517462e-12,F,C,1.1045704684143746e-11,F,-0.3999999999999999,3.4000000000000004,0.8947786702358093,0.892381225428375,0.9166316974894895,0.7965490962046506,22.98993310134692,0.9669252856117564,0.892381225428375,
LNET-03142,shunt_then_series,L,2.4365525038552382e-08,H,C,3.248736671806984e-12,F,3.0,1.0,0.9066616922018401,0.9053632377824666,0.9167576509624255,0.8197772150782227,23.0262321177076,2.83672600436594,0.9053632377824666,
LNET-02418,shunt_then_series,C,5.414561119678306e-12,F,C,1.2345199352866539e-11,F,-0.6000000000000001,3.8,0.8949184039490963,0.8994453332849781,0.9168745153578708,0.8090479279041982,23.060010099314006,1.2248679820228099,0.8994453332849781,
LNET-02706,shunt_then_series,L,6.497473343613967e-09,H,C,1.2994946687227937e-11,F,0.7999999999999998,4.0,0.8814639711136434,0.8880663943951802,0.9168884532363661,0.7888232817078473,23.064044983880827,1.1032378584199554,0.8880663943951802,
LNET-02784,shunt_then_series,L,9.746210015420954e-09,H,C,1.039595734978235e-11,F,1.2000000000000002,3.2,0.8807881308286309,0.8863873707197198,0.9169008664087074,0.7858908109464819,23.067639619886076,1.321108911144921,0.8863873707197198,
LNET-01941,shunt_then_series,C,1.160263097073923e-12,F,L,5.801315485369615e-09,H,-2.8,-1.4,0.9043210128475855,0.9023236132325289,0.9169460664869922,0.8142586909893125,23.080737845929498,2.5529150662639553,0.9023236132325289,
LNET-00645,series_then_shunt,C,3.248736671806984e-12,F,C,5.847726009252571e-12,F,-1.0,1.7999999999999998,0.8942444126251172,0.88969228877701,0.9169755486656433,0.7918632163302805,23.08928897278208,1.0096084746463732,0.88969228877701,
LNET-02885,shunt_then_series,L,1.4619315023131425e-08,H,L,6.768201399597882e-09,H,1.7999999999999998,-1.2000000000000002,0.85807385892095,0.8592396141908255,0.9170837677592264,0.739936947549904,23.120729390987822,2.2129096011732217,0.8592396141908255,
LNET-00688,series_then_shunt,C,4.060920839758731e-12,F,C,7.147220677975366e-12,F,-0.7999999999999998,2.2,0.8947300627473102,0.890117428658227,0.9173401195936202,0.7926217571032276,23.195534643498426,0.9901443932763826,0.890117428658227,
LNET-03012,shunt_then_series,L,1.9492420030841907e-08,H,L,2.0304604198793658e-08,H,2.4000000000000004,-0.3999999999999999,0.8574106697004247,0.8535487926398182,0.9175460017278895,0.7310222867256148,23.255949279739,2.6017372310818274,0.8535487926398182,
LNET-00741,series_then_shunt,C,8.121841679517462e-12,F,L,2.256067133199294e-09,H,-0.3999999999999999,-3.6,0.8020102667271284,0.8026784432347087,0.9175820956157325,0.648030106491109,23.266571868597193,0.9276484634233159,0.8026784432347087,
LNET-00426,series_then_shunt,C,1.624368335903492e-12,F,L,8.12184167951746e-09,H,-2.0,-1.0,0.8142542212864006,0.7865538986873808,0.9175880137935549,0.6269596885568851,23.26831450209107,1.8942441831419508,0.7865538986873808,
LNET-00703,series_then_shunt,C,5.414561119678306e-12,F,L,2.7072805598391537e-09,H,-0.6000000000000001,-3.0,0.7751001629683524,0.7596153984671833,0.9175972061032227,0.5863023640687548,23.271021714449642,0.9225039069637737,0.7596153984671833,
LNET-01861,shunt_then_series,C,1.0152302099396824e-12,F,L,8.12184167951746e-09,H,-3.2,-1.0,0.9102488909805603,0.9070946190540058,0.9177711800165699,0.8228904535274834,23.322372623163247,2.9587409667240143,0.9070946190540058,
LNET-02745,shunt_then_series,L,8.12184167951746e-09,H,C,1.1695452018505142e-11,F,1.0,3.5999999999999996,0.8812960864161054,0.8875110960483085,0.9178128578695595,0.7878692457588704,23.334706721226148,1.204987552194398,0.8875110960483085,
LNET-02338,shunt_then_series,C,4.060920839758731e-12,F,L,2.030460419879365e-09,H,-0.7999999999999998,-4.0,0.8713875293733795,0.8762579760518279,0.9179250447479368,0.7681028706237151,23.367969423287914,1.0817740640212818,0.8762579760518279,
LNET-00942,series_then_shunt,L,3.248736671806987e-09,H,C,1.2345199352866539e-11,F,0.40000000000000036,3.8,0.8120914054485902,0.8288256854180374,0.917939137744471,0.6896327112260151,23.372154337986455,0.9385695989869952,0.8288256854180374,
LNET-02299,shunt_then_series,C,3.248736671806984e-12,F,L,2.256067133199294e-09,H,-1.0,-3.6,0.8703454281559331,0.8745971100371807,0.9179883012922087,0.7652328839189587,23.38676471177635,1.1760189051192642,0.8745971100371807,
LNET-02330,shunt_then_series,C,3.248736671806984e-12,F,C,8.446715346698158e-12,F,-1.0,2.5999999999999996,0.8812396245295663,0.8828473414971767,0.9183255648365749,0.7797130253784218,23.487466561576255,1.5230103798771655,0.8828473414971767,
LNET-01079,series_then_shunt,L,9.746210015420954e-09,H,L,5.076151049698412e-09,H,1.2000000000000002,-1.6,0.8949343284178711,0.8942285002868484,0.918545984271232,0.7999655246075045,23.553731109584064,1.03282553232304,0.8942285002868484,
LNET-01981,shunt_then_series,C,1.2495141045411476e-12,F,L,5.076151049698412e-09,H,-2.6,-1.6,0.9015448135791271,0.9002157348459451,0.9185888742792909,0.8104755545058696,23.566666807448986,2.368002756376895,0.9002157348459451,
LNET-02374,shunt_then_series,C,4.060920839758731e-12,F,C,1.039595734978235e-11,F,-0.7999999999999998,3.2,0.8898176078798773,0.8932236183620738,0.9189560071240714,0.7979712114836696,23.67795488632735,1.366556301161628,0.8932236183620738,
LNET-02863,shunt_then_series,L,1.2994946687227934e-08,H,C,8.446715346698158e-12,F,1.5999999999999996,2.5999999999999996,0.8878164849340923,0.8917125506542064,0.9190006292735324,0.7953381637819521,23.69154984862709,1.5979110236933962,0.8917125506542064,
LNET-00266,series_then_shunt,C,1.160263097073923e-12,F,L,4.060920839758726e-08,H,-2.8,-0.20000000000000018,0.8688183918339123,0.858858654937352,0.9190303423329831,0.7391566405975394,23.700610792068378,7.3265589620275176,0.858858654937352,
LNET-02141,shunt_then_series,C,1.8048537065594359e-12,F,L,3.384100699798942e-09,H,-1.7999999999999998,-2.4,0.8833858037688639,0.8846054927073809,0.9193178266375805,0.7827525006808882,23.78862326893601,1.6993862826559794,0.8846054927073809,
LNET-02116,shunt_then_series,C,1.624368335903492e-12,F,C,2.5989893374455867e-12,F,-2.0,0.7999999999999998,0.8609880562210995,0.8484111003591558,0.9194414129767984,0.7219995846709597,23.82665193002928,2.2984981315212063,0.8484111003591558,
LNET-02756,shunt_then_series,L,9.746210015420954e-09,H,L,3.384100699798942e-09,H,1.2000000000000002,-2.4,0.8804874512478412,0.8869217184930451,0.9194886844204107,0.7869470407031935,23.84122865962739,1.71888925113792,0.8869217184930451,
LNET-03054,shunt_then_series,L,2.1116788366745392e-08,H,L,4.060920839758726e-08,H,2.5999999999999996,-0.20000000000000018,0.8649710418515338,0.8619209441944529,0.9195122929524463,0.7448675883255814,23.848515051104155,2.734150975901859,0.8619209441944529,
LNET-00546,series_then_shunt,C,2.320526194147846e-12,F,L,5.076151049698412e-09,H,-1.4,-1.6,0.7832309699676602,0.7365899451940139,0.9197813554813109,0.5608021871918647,23.93185981887348,1.1715623909614958,0.7365899451940139,
LNET-00980,series_then_shunt,L,4.8731050077104735e-09,H,C,1.039595734978235e-11,F,0.5999999999999996,3.2,0.7840168376240101,0.7943992433512904,0.91987915586682,0.6382864447895201,23.962293166501368,0.9356450919633176,0.7943992433512904,
LNET-01373,series_then_shunt,L,2.1116788366745392e-08,H,L,4.060920839758726e-08,H,2.5999999999999996,-0.20000000000000018,0.8777137051670737,0.8771631051736186,0.9198950622724007,0.7703707909576587,23.967249919113556,1.9092087977043517,0.8771631051736186,
LNET-03181,shunt_then_series,L,2.5989893374455874e-08,H,C,1.949242003084189e-12,F,3.2,0.5999999999999996,0.9039268731504786,0.9025430075136076,0.9199133573644763,0.8147861904704737,23.97295346868329,3.095835350815311,0.9025430075136076,
LNET-01417,series_then_shunt,L,2.2741156702648887e-08,H,C,1.2994946687227947e-12,F,2.8,0.40000000000000036,0.8610955622184798,0.8591850006495172,0.9199318997019625,0.7402510694500715,23.978736757277876,7.279028355080684,0.8591850006495172,
LNET-01377,series_then_shunt,L,2.1116788366745392e-08,H,C,1.949242003084189e-12,F,2.5999999999999996,0.5999999999999996,0.8484903426406877,0.8454797474910949,0.9200276357601203,0.718025788978321,24.00863915940929,3.881705078886831,0.8454797474910949,
LNET-02842,shunt_then_series,L,1.2994946687227934e-08,H,L,5.076151049698412e-09,H,1.5999999999999996,-1.6,0.8685057975037929,0.8723016935049215,0.9200626269980583,0.7618650294544183,24.019586269759195,2.063483190878715,0.8723016935049215,
LNET-01864,shunt_then_series,C,1.0152302099396824e-12,F,L,2.0304604198793658e-08,H,-3.2,-0.3999999999999999,0.8983217357121601,0.8930255948672501,0.9200985786002652,0.7978360605650765,24.0308438193396,3.0902636114337163,0.8930255948672501,
LNET-02021,shunt_then_series,C,1.3536402799195768e-12,F,L,4.51213426639859e-09,H,-2.4,-1.7999999999999998,0.898395039951639,0.8977204786566829,0.9202017225929159,0.8060144662731809,24.06319766524746,2.1915870462926668,0.8977204786566829,
LNET-00993,series_then_shunt,L,6.497473343613967e-09,H,L,3.384100699798942e-09,H,0.7999999999999998,-2.4,0.8969593683297891,0.8961313919305979,0.9202170781173147,0.8033746459303788,24.068021486363296,0.9896865827957559,0.8961313919305979,
LNET-02201,shunt_then_series,C,2.0304604198793647e-12,F,C,4.548231340529779e-12,F,-1.6,1.4000000000000004,0.8675718107286833,0.8610115560580166,0.9203773182277917,0.7426195497742134,24.118470710667324,2.013736161495348,0.8610115560580166,
LNET-00466,series_then_shunt,C,1.8048537065594359e-12,F,L,6.768201399597882e-09,H,-1.7999999999999998,-1.2000000000000002,0.8069210794144147,0.772665545905993,0.920446602467616,0.6081739832923552,24.140346761253724,1.5322902929681252,0.772665545905993,
LNET-00732,series_then_shunt,C,5.414561119678306e-12,F,C,9.096462681059554e-12,F,-0.6000000000000001,2.8,0.8987587043020863,0.8947661111293129,0.9205131650981914,0.8008759020592117,24.16139939992116,0.9770327286832392,0.8947661111293129,
LNET-01331,series_then_shunt,L,1.9492420030841907e-08,H,L,2.0304604198793658e-08,H,2.4000000000000004,-0.3999999999999999,0.8842862413286231,0.8842278942303201,0.9205837322180856,0.7825243687912432,24.183757130116163,1.5220428314328298,0.8842278942303201,
LNET-03138,shunt_then_series,L,2.4365525038552382e-08,H,C,6.497473343613974e-13,F,3.0,0.20000000000000018,0.886494012227803,0.8853273851023632,0.9208375692442022,0.7845095578531436,24.26450970372107,3.0051732245115823,0.8853273851023632,
LNET-02799,shunt_then_series,L,1.1370578351324447e-08,H,L,4.06092083975873e-09,H,1.4000000000000004,-2.0,0.8760890315679255,0.8815378757777377,0.9208956109690648,0.7776580721358879,24.28304717982038,1.8942596706250947,0.8815378757777377,
LNET-02101,shunt_then_series,C,1.624368335903492e-12,F,L,3.691746217962481e-09,H,-2.0,-2.2,0.8896222817180766,0.8901926666368529,0.9209256004028437,0.7926264826521862,24.292635925014643,1.857841165381626,0.8901926666368529,
LNET-01906,shunt_then_series,C,1.0829122239356614e-12,F,L,4.060920839758726e-08,H,-3.0,-0.20000000000000018,0.8878574075179101,0.8810090161229513,0.9209398645779304,0.7768594188038598,24.29719926892133,2.9580281281102687,0.8810090161229513,
LNET-02927,shunt_then_series,L,1.624368335903492e-08,H,L,8.12184167951746e-09,H,2.0,-1.0,0.8619800849586232,0.8612806265940915,0.9209862249706977,0.7437107564819794,24.31204209972627,2.374158922592874,0.8612806265940915,
LNET-02061,shunt_then_series,C,1.4766984871849927e-12,F,L,4.06092083975873e-09,H,-2.2,-2.0,0.8945272209165814,0.8944798320696972,0.9211212990041675,0.8002392193943388,24.355387129228568,2.0218557956192145,0.8944798320696972,
LNET-00949,series_then_shunt,L,4.8731050077104735e-09,H,L,2.7072805598391537e-09,H,0.5999999999999996,-3.0,0.8980342773879959,0.8978246171948169,0.9211494855131681,0.8063736390863218,24.364450860165306,0.9767985012655378,0.8978246171948169,
LNET-03182,shunt_then_series,L,2.5989893374455874e-08,H,C,2.5989893374455867e-12,F,3.2,0.7999999999999998,0.9099087485760796,0.9085125984979572,0.9211710992285179,0.8255140063044735,24.371405416369065,3.059064233150844,0.9085125984979572,
LNET-00904,series_then_shunt,L,3.248736671806987e-09,H,L,2.1373267577677528e-09,H,0.40000000000000036,-3.8,0.8998105767994463,0.9013529593754742,0.9212364391044943,0.8126019196529785,24.392452769541052,0.9693037141242485,0.9013529593754742,
LNET-02668,shunt_then_series,L,6.497473343613967e-09,H,L,2.256067133199294e-09,H,0.7999999999999998,-3.6,0.8989021574501574,0.9053486941795561,0.9213703533678396,0.8197070320857293,24.435698692075476,1.3830760311644303,0.9053486941795561,
LNET-00506,series_then_shunt,C,2.0304604198793647e-12,F,L,5.801315485369615e-09,H,-1.6,-1.4,0.7973329442397291,0.7565238311605449,0.9213785678301137,0.5868211681388189,24.43835624462262,1.3169262290267165,0.7565238311605449,
LNET-02287,shunt_then_series,C,2.707280559839153e-12,F,C,7.147220677975366e-12,F,-1.2000000000000002,2.2,0.8797534338741929,0.8793426642639546,0.9214238242979634,0.7737269849338584,24.45300763407048,1.6886368907694966,0.8793426642639546,
LNET-01415,series_then_shunt,L,2.2741156702648887e-08,H,none,0.0,,2.8,0.0,0.8746689887626006,0.87325114502163,0.9214560292649555,0.7638483656120001,24.46344399555097,2.8694239372101387,0.87325114502163,
LNET-03096,shunt_then_series,L,2.2741156702648887e-08,H,none,0.0,,2.8,0.0,0.8746689887626006,0.87325114502163,0.9214560292649555,0.7638483656120001,24.46344399555097,2.8694239372101387,0.87325114502163,
LNET-02074,shunt_then_series,C,1.4766984871849927e-12,F,C,1.949242003084189e-12,F,-2.2,0.5999999999999996,0.8644754294813172,0.8509355242000649,0.9215403070739087,0.7263521492294149,24.490795660951548,2.4395365601890373,0.8509355242000649,
LNET-01036,series_then_shunt,L,8.12184167951746e-09,H,L,4.06092083975873e-09,H,1.0,-2.0,0.8991572982281456,0.8982949231404508,0.9216481244264624,0.8072380687215057,24.525872678349455,1.0078165812564301,0.8982949231404508,
LNET-02712,shunt_then_series,L,8.12184167951746e-09,H,L,2.7072805598391537e-09,H,1.0,-3.0,0.8920810009978742,0.8987199805654266,0.9219690620428148,0.807825191397168,24.630859404732266,1.5468170580780096,0.8987199805654266,
LNET-00625,series_then_shunt,C,3.248736671806984e-12,F,L,3.691746217962481e-09,H,-1.0,-2.2,0.7742546587944517,0.7289418632965597,0.9220779904793122,0.5506363764027286,24.666689197344322,0.9820745043057372,0.7289418632965597,
LNET-02244,shunt_then_series,C,2.320526194147846e-12,F,C,5.847726009252571e-12,F,-1.4,1.7999999999999998,0.8752624549205298,0.872217946433,0.9220974180123279,0.7615502040273894,24.673090017946976,1.855580952368622,0.872217946433,
LNET-02419,shunt_then_series,C,5.414561119678306e-12,F,C,1.2994946687227937e-11,F,-0.6000000000000001,4.0,0.9023892181978124,0.9068244922301051,0.922110010179316,0.8223656470864608,24.67724048500123,1.2251492712635708,0.9068244922301051,
LNET-01289,series_then_shunt,L,1.7868051694938416e-08,H,L,1.3536402799195764e-08,H,2.2,-0.6000000000000001,0.8912823978793941,0.891366664391167,0.922273028805005,0.7950066365767031,24.73109397229134,1.3266379842421967,0.891366664391167,
LNET-01821,shunt_then_series,C,9.555107858255836e-13,F,L,1.0152302099396829e-08,H,-3.4,-0.7999999999999998,0.9141414270198496,0.9106240315244324,0.9224847694474344,0.8293256982574261,24.801381041416565,3.1845956499460852,0.9106240315244324,
LNET-00309,series_then_shunt,C,1.2495141045411476e-12,F,C,6.497473343613974e-13,F,-2.6,0.20000000000000018,0.8823796659855596,0.8753307536926459,0.922562368681022,0.7670939917718417,24.827236266585697,1.8814344879300484,0.8753307536926459,
LNET-01121,series_then_shunt,L,1.1370578351324447e-08,H,L,5.801315485369615e-09,H,1.4000000000000004,-1.4,0.899867266068199,0.8993739050635884,0.9225885247785568,0.8091585144638616,24.835962876030997,1.0605053556829787,0.8993739050635884,
LNET-00664,series_then_shunt,C,4.060920839758731e-12,F,L,3.1237852613528696e-09,H,-0.7999999999999998,-2.6,0.7767222203964635,0.743269480597673,0.9227292393884649,0.5672661707199923,24.883011687365684,0.9416079370300201,0.743269480597673,
LNET-02032,shunt_then_series,C,1.3536402799195768e-12,F,C,1.2994946687227947e-12,F,-2.4,0.40000000000000036,0.8682194328115047,0.8548620095887256,0.9228068967995248,0.7329093999412425,24.909050382465868,2.5723742566653796,0.8548620095887256,
LNET-03180,shunt_then_series,L,2.5989893374455874e-08,H,C,1.2994946687227947e-12,F,3.2,0.40000000000000036,0.8998897037939081,0.8986860774027933,0.9228337882599692,0.8079854023956005,24.918079362738478,3.1463741832386183,0.8986860774027933,
LNET-00265,series_then_shunt,C,1.160263097073923e-12,F,L,2.0304604198793658e-08,H,-2.8,-0.3999999999999999,0.8669621042885636,0.8556104195455972,0.9228640520577983,0.7339871892982446,24.928248156081636,7.593719624264404,0.8556104195455972,
LNET-00777,series_then_shunt,C,8.121841679517462e-12,F,C,1.1695452018505142e-11,F,-0.3999999999999999,3.5999999999999996,0.9028222239135808,0.9007482666823716,0.9228790239753581,0.8115157121152005,24.93328174893632,0.9698165973049604,0.9007482666823716,
LNET-00603,series_then_shunt,C,2.707280559839153e-12,F,C,5.197978674891173e-12,F,-1.2000000000000002,1.5999999999999996,0.9017889246872931,0.8977352288345964,0.9229148849182363,0.8061883210269103,24.94534623031452,1.0319529537316603,0.8977352288345964,
LNET-02903,shunt_then_series,L,1.4619315023131425e-08,H,C,7.796968012336763e-12,F,1.7999999999999998,2.4000000000000004,0.8951213256240763,0.8982030831572195,0.9229552000959481,0.8069318847401293,24.958922633204445,1.756360894268679,0.8982030831572195,
LNET-02220,shunt_then_series,C,2.320526194147846e-12,F,L,2.7072805598391537e-09,H,-1.4,-3.0,0.8794878529769239,0.8821054060638304,0.9229794209838111,0.7784116588783978,24.96708601190368,1.4200721841372965,0.8821054060638304,
LNET-01822,shunt_then_series,C,9.555107858255836e-13,F,L,1.3536402799195764e-08,H,-3.4,-0.6000000000000001,0.9102272801398269,0.9060890479461976,0.9230248903638706,0.8211543924312065,24.9824248312765,3.2297255254607986,0.9060890479461976,
LNET-00305,series_then_shunt,C,1.2495141045411476e-12,F,L,1.3536402799195764e-08,H,-2.6,-0.6000000000000001,0.8556520626747132,0.8409818295983651,0.9232856035612079,0.7102124070296202,25.07072587210844,4.160280683603503,0.8409818295983651,
LNET-00351,series_then_shunt,C,1.3536402799195768e-12,F,C,1.2994946687227947e-12,F,-2.4,0.40000000000000036,0.8888729635754152,0.8834209302493524,0.9233208254743783,0.7810424220401581,25.08270123371917,1.5033436553833965,0.8834209302493524,
LNET-01337,series_then_shunt,L,1.9492420030841907e-08,H,C,2.5989893374455867e-12,F,2.4000000000000004,0.7999999999999998,0.8408130578545782,0.8357605437962417,0.9235229473115683,0.7031649025154155,25.151635421255307,2.4430967821832477,0.8357605437962417,
LNET-01990,shunt_then_series,C,1.2495141045411476e-12,F,C,6.497473343613974e-13,F,-2.6,0.20000000000000018,0.8729682093806354,0.8612115788844144,0.9235256419090695,0.743427647750605,25.152556882163495,2.700343249904778,0.8612115788844144,
LNET-02969,shunt_then_series,L,1.7868051694938416e-08,H,L,1.0152302099396829e-08,H,2.2,-0.7999999999999998,0.8654012322943416,0.8630345397378621,0.9238070423127973,0.7469488829234219,25.249145074675564,2.52601665224503,0.8630345397378621,
LNET-01247,series_then_shunt,L,1.624368335903492e-08,H,L,1.0152302099396829e-08,H,2.0,-0.7999999999999998,0.8969511390521362,0.8969813599629292,0.9239298051816165,0.8049348388890558,25.291506217053488,1.2143853023549207,0.8969813599629292,
LNET-00267,series_then_shunt,C,1.160263097073923e-12,F,none,0.0,,-2.8,0.0,0.879384255031079,0.8704660080587764,0.9240150796643595,0.758916991258938,25.321012000349562,2.828117579609521,0.8704660080587764,
LNET-01948,shunt_then_series,C,1.160263097073923e-12,F,none,0.0,,-2.8,0.0,0.879384255031079,0.8704660080587764,0.9240150796643596,0.758916991258938,25.321012000349604,2.828117579609521,0.8704660080587764,
LNET-02824,shunt_then_series,L,1.1370578351324447e-08,H,C,9.746210015420952e-12,F,1.4000000000000004,3.0,0.8907783323287511,0.8954982470348358,0.9243475943122335,0.8021178765052585,25.436700615370018,1.4635293652054044,0.8954982470348358,
LNET-01097,series_then_shunt,L,9.746210015420954e-09,H,C,6.497473343613968e-12,F,1.2000000000000002,2.0,0.7804072605839526,0.761635731418957,0.924381798015002,0.5991559474423146,25.44865849093823,1.0387571778202767,0.761635731418957,
LNET-01163,series_then_shunt,L,1.2994946687227934e-08,H,L,6.768201399597882e-09,H,1.5999999999999996,-1.2000000000000002,0.9015729986447516,0.9012805295619143,0.9245322152154145,0.8125848595928258,25.50137413876372,1.0956184660408075,0.9012805295619143,
LNET-02375,shunt_then_series,C,4.060920839758731e-12,F,C,1.1045704684143746e-11,F,-0.7999999999999998,3.4000000000000004,0.8984230105336228,0.9019133612539726,0.9245664809669786,0.8135383219843645,25.513412414506202,1.366710665524766,0.9019133612539726,
LNET-02331,shunt_then_series,C,3.248736671806984e-12,F,C,9.096462681059554e-12,F,-1.0,2.8,0.8914972246602021,0.8935141349833711,0.92459883137265,0.7985812089991589,25.524787830338035,1.524138383321352,0.8935141349833711,
LNET-01205,series_then_shunt,L,1.4619315023131425e-08,H,L,8.12184167951746e-09,H,1.7999999999999998,-1.0,0.9005023306316483,0.9003902306691981,0.9248442891543454,0.811003014869244,25.6114175156609,1.1436810794423653,0.9003902306691981,
LNET-02159,shunt_then_series,C,1.8048537065594359e-12,F,C,3.898484006168382e-12,F,-1.7999999999999998,1.2000000000000002,0.8722129085894386,0.8637727936930403,0.924886328039589,0.7475665230323545,25.62631113353252,2.1802042536343165,0.8637727936930403,
LNET-03143,shunt_then_series,L,2.4365525038552382e-08,H,C,3.898484006168382e-12,F,3.0,1.2000000000000002,0.9152035120981934,0.9143777819975545,0.9250761463307999,0.8361563157030183,25.69376843361924,2.8280111972997357,0.9143777819975545,
LNET-00393,series_then_shunt,C,1.4766984871849927e-12,F,C,1.949242003084189e-12,F,-2.2,0.5999999999999996,0.8958502755940579,0.8914448823343655,0.9250837008319581,0.795098667187832,25.696460212401533,1.3138134896031433,0.8914448823343655,
LNET-02884,shunt_then_series,L,1.4619315023131425e-08,H,L,5.801315485369615e-09,H,1.7999999999999998,-1.4,0.8731375825426847,0.8753880100210472,0.9251434906587861,0.7674433093655945,25.71778336448365,2.2394644950729305,0.8753880100210472,
LNET-03103,shunt_then_series,L,2.2741156702648887e-08,H,C,4.548231340529779e-12,F,2.8,1.4000000000000004,0.913394325469297,0.9130710095182953,0.9252738742534711,0.8337704129378873,25.76440107150746,2.631380039419292,0.9130710095182953,
LNET-02943,shunt_then_series,L,1.624368335903492e-08,H,C,7.147220677975366e-12,F,2.0,2.2,0.900894196413791,0.9032252601828318,0.9253436363535837,0.8159542758267657,25.789410872893573,1.9205993010534324,0.9032252601828318,
LNET-00689,series_then_shunt,C,4.060920839758731e-12,F,C,7.796968012336763e-12,F,-0.7999999999999998,2.4000000000000004,0.9055672792054833,0.9014205834688958,0.9256982633897249,0.8128089538822335,25.9172712677004,0.991314001153943,0.9014205834688958,
LNET-01457,series_then_shunt,L,2.4365525038552382e-08,H,C,6.497473343613974e-13,F,3.0,0.20000000000000018,0.8788204836698071,0.8773626658726031,0.925708414750204,0.7710566418787104,25.920949300990898,9.617543222042073,0.8773626658726031,
LNET-03011,shunt_then_series,L,1.9492420030841907e-08,H,L,1.3536402799195764e-08,H,2.4000000000000004,-0.6000000000000001,0.8690409147940639,0.8655471428083766,0.9258356027379379,0.7513620823786329,25.96711729393471,2.668281278003763,0.8655471428083766,
LNET-02755,shunt_then_series,L,9.746210015420954e-09,H,L,3.1237852613528696e-09,H,1.2000000000000002,-2.6,0.8915584623717236,0.897747938892876,0.9259159656674005,0.8061743047277675,25.996369973873477,1.7206624790342964,0.897747938892876,
LNET-01860,shunt_then_series,C,1.0152302099396824e-12,F,L,6.768201399597882e-09,H,-3.2,-1.2000000000000002,0.9174867843289304,0.9151336090603058,0.9259510529916831,0.8375227552749881,26.00916192333387,2.9430982104897745,0.9151336090603058,
LNET-03063,shunt_then_series,L,2.1116788366745392e-08,H,C,5.197978674891173e-12,F,2.5999999999999996,1.5999999999999996,0.9113429863906031,0.9116251132854591,0.9259885941191801,0.8311413458817637,26.022861898078084,2.4441768988603725,0.9116251132854591,
LNET-03183,shunt_then_series,L,2.5989893374455874e-08,H,C,3.248736671806984e-12,F,3.2,1.0,0.9170958916151316,0.9159407658075517,0.9262352624202138,0.8390240502974794,26.113225988728544,3.036790585491486,0.9159407658075517,
LNET-00561,series_then_shunt,C,2.320526194147846e-12,F,C,4.548231340529779e-12,F,-1.4,1.4000000000000004,0.905778042845073,0.902064391313345,0.9263623957850955,0.8139559679731206,26.160036252173356,1.0581712735575457,0.902064391313345,
LNET-00646,series_then_shunt,C,3.248736671806984e-12,F,C,6.497473343613968e-12,F,-1.0,2.0,0.9066194377132627,0.9025640524266885,0.9263897669893488,0.8148614486102093,26.170135430906818,1.0082797373952592,0.9025640524266885,
LNET-02259,shunt_then_series,C,2.707280559839153e-12,F,L,2.388776964563959e-09,H,-1.2000000000000002,-3.4,0.881382909769671,0.8845797186763421,0.9264087625593338,0.7827939295681853,26.177148660022514,1.2995291828716953,0.8845797186763421,
LNET-00943,series_then_shunt,L,3.248736671806987e-09,H,C,1.2994946687227937e-11,F,0.40000000000000036,4.0,0.828982537191537,0.843556351848514,0.9264244704938007,0.7139887572971224,26.1829508183354,0.9447460432137079,0.843556351848514,
LNET-02983,shunt_then_series,L,1.7868051694938416e-08,H,C,6.497473343613968e-12,F,2.2,2.0,0.9053564149368529,0.906978233334895,0.9264430708860459,0.8227250035169477,26.189824590170275,2.089878711161346,0.906978233334895,
LNET-02667,shunt_then_series,L,6.497473343613967e-09,H,L,2.1373267577677528e-09,H,0.7999999999999998,-3.8,0.9065561341287296,0.9125750981676021,0.9265159684997955,0.832831551570123,26.216797434343714,1.3825695003900256,0.9125750981676021,
LNET-03023,shunt_then_series,L,1.9492420030841907e-08,H,C,5.847726009252571e-12,F,2.4000000000000004,1.7999999999999998,0.9087539549169342,0.9096926005168491,0.9265408234913689,0.8276365883358404,26.226006267100065,2.2641699293956856,0.9096926005168491,
LNET-00740,series_then_shunt,C,8.121841679517462e-12,F,L,2.1373267577677528e-09,H,-0.3999999999999999,-3.8,0.8210383202198588,0.8201597366755857,0.9265586983712065,0.6759892115018609,26.232632805297094,0.9353471052113225,0.8201597366755857,
LNET-01820,shunt_then_series,C,9.555107858255836e-13,F,L,8.12184167951746e-09,H,-3.4,-1.0,0.9197269911499134,0.9168951899808763,0.9266283878004273,0.8407539261122653,26.25849875780225,3.1541377444766794,0.9168951899808763,
LNET-02746,shunt_then_series,L,8.12184167951746e-09,H,C,1.2345199352866539e-11,F,1.0,3.8,0.8915488155662182,0.8974548648917179,0.9266467454167346,0.8056112754585878,26.265320555473693,1.2168743611553097,0.8974548648917179,
LNET-02785,shunt_then_series,L,9.746210015420954e-09,H,C,1.1045704684143746e-11,F,1.2000000000000002,3.4000000000000004,0.8918278274895558,0.8972041697128754,0.9266842421677689,0.8051763591065112,26.279265183026713,1.3354036704497672,0.8972041697128754,
LNET-00903,series_then_shunt,L,3.248736671806987e-09,H,L,2.030460419879365e-09,H,0.40000000000000036,-4.0,0.906952525068236,0.9084884569980347,0.926712516813371,0.8254873442694242,26.289789648075825,0.9717780554035155,0.9084884569980347,
LNET-01019,series_then_shunt,L,6.497473343613967e-09,H,C,9.096462681059554e-12,F,0.7999999999999998,2.8,0.7861931064101668,0.783086788186542,0.9267961004832578,0.6253043431404794,26.320948927626272,0.951627520892523,0.783086788186542,
LNET-00435,series_then_shunt,C,1.624368335903492e-12,F,C,2.5989893374455867e-12,F,-2.0,0.7999999999999998,0.9016067843310056,0.8977845412049155,0.9268516029835137,0.8063338442812097,26.341679128651798,1.205510484423327,0.8977845412049155,
LNET-00345,series_then_shunt,C,1.3536402799195768e-12,F,L,1.0152302099396829e-08,H,-2.4,-0.7999999999999998,0.8492096665209665,0.8302697625351027,0.9269571267594862,0.6936596756524316,26.381179179718842,2.565448240103944,0.8302697625351027,
LNET-02298,shunt_then_series,C,3.248736671806984e-12,F,L,2.1373267577677528e-09,H,-1.0,-3.8,0.8818447976184003,0.8856358346769049,0.9271992754405487,0.7846504298858292,26.472254048333525,1.1885890135864126,0.8856358346769049,
LNET-01900,shunt_then_series,C,1.0829122239356614e-12,F,L,5.801315485369615e-09,H,-3.0,-1.4,0.9156537951139329,0.9138625281725427,0.9272415262247254,0.8352035762239093,26.488207163021308,2.745619735975155,0.9138625281725427,
LNET-03053,shunt_then_series,L,2.1116788366745392e-08,H,L,2.0304604198793658e-08,H,2.5999999999999996,-0.3999999999999999,0.8736405370330216,0.8699337861590694,0.9273447539481728,0.7588013012079362,26.527262086117503,2.8034569093840416,0.8699337861590694,
LNET-02841,shunt_then_series,L,1.2994946687227934e-08,H,L,4.51213426639859e-09,H,1.5999999999999996,-1.7999999999999998,0.8822100652632974,0.8864710546650586,0.9274011524200959,0.7864867077764799,26.54864666135024,2.075879148607433,0.8864710546650586,
LNET-00733,series_then_shunt,C,5.414561119678306e-12,F,C,9.746210015420952e-12,F,-0.6000000000000001,3.0,0.9076440586054484,0.9040539164116368,0.9274064771912582,0.81753450368407,26.55066736834486,0.9793299983904179,0.9040539164116368,
LNET-02711,shunt_then_series,L,8.12184167951746e-09,H,L,2.538075524849206e-09,H,1.0,-3.2,0.9011148643194014,0.9073573453073156,0.9275973347530968,0.8233892134000232,26.6232925014531,1.5465562418994863,0.9073573453073156,
LNET-00948,series_then_shunt,L,4.8731050077104735e-09,H,L,2.538075524849206e-09,H,0.5999999999999996,-3.2,0.9065537511574251,0.9064145926762278,0.9276696547828274,0.8218224283161032,26.65091185442263,0.9790034352333838,0.9064145926762278,
LNET-02798,shunt_then_series,L,1.1370578351324447e-08,H,L,3.691746217962481e-09,H,1.4000000000000004,-2.2,0.8883565723357529,0.8938239588783117,0.9276831056757795,0.7993022416165061,26.65605490514208,1.899335316701306,0.8938239588783117,
LNET-01297,series_then_shunt,L,1.7868051694938416e-08,H,C,3.248736671806984e-12,F,2.2,1.0,0.83612723727606,0.8282227842153218,0.9277785449678011,0.6923593647556697,26.69260186060124,1.8242336986698686,0.8282227842153218,
LNET-00992,series_then_shunt,L,6.497473343613967e-09,H,L,3.1237852613528696e-09,H,0.7999999999999998,-2.6,0.9069948462870847,0.9062414901343298,0.9278911581072267,0.8215353925612022,26.735849689196545,0.9908376161444098,0.9062414901343298,
LNET-00519,series_then_shunt,C,2.0304604198793647e-12,F,C,3.898484006168382e-12,F,-1.6,1.2000000000000002,0.9068547715537169,0.90330932074737,0.9279018968196711,0.8162029242271794,26.739980828589605,1.0916142309336427,0.90330932074737,
LNET-00477,series_then_shunt,C,1.8048537065594359e-12,F,C,3.248736671806984e-12,F,-1.7999999999999998,1.0,0.9053838513703781,0.9018175332671036,0.927942724252291,0.8135342875756995,26.75569821710318,1.1375936804050333,0.9018175332671036,
LNET-02288,shunt_then_series,C,2.707280559839153e-12,F,C,7.796968012336763e-12,F,-1.2000000000000002,2.4000000000000004,0.8909140414197435,0.8912615026891679,0.9279483761425943,0.7946953563826368,26.75787543606393,1.6914060110784248,0.8912615026891679,
LNET-02180,shunt_then_series,C,2.0304604198793647e-12,F,L,2.9006577426848075e-09,H,-1.6,-2.8,0.8884372482696771,0.8902994399854964,0.9280139967449449,0.7929000694805485,26.783178806493233,1.565476143587191,0.8902994399854964,
LNET-02117,shunt_then_series,C,1.624368335903492e-12,F,C,3.248736671806984e-12,F,-2.0,1.0,0.8755717467465266,0.865358494588359,0.9280350558488698,0.7504930388928303,26.79130899900227,2.3406517412689944,0.865358494588359,
LNET-01823,shunt_then_series,C,9.555107858255836e-13,F,L,2.0304604198793658e-08,H,-3.4,-0.3999999999999999,0.9085437442312715,0.9037603740824437,0.9280615005866307,0.8170588372985964,26.801525140352233,3.287081736818897,0.9037603740824437,
LNET-02202,shunt_then_series,C,2.0304604198793647e-12,F,C,5.197978674891173e-12,F,-1.6,1.5999999999999996,0.881388685073683,0.8767282878694677,0.9280817551673668,0.7695589954103533,26.809354978759043,2.0295186880732823,0.8767282878694677,
LNET-00702,series_then_shunt,C,5.414561119678306e-12,F,L,2.538075524849206e-09,H,-0.6000000000000001,-3.2,0.8011953716238875,0.7847819922056799,0.9281330615546652,0.6238433353343835,26.829208301690635,0.9329331156446118,0.7847819922056799,
LNET-00225,series_then_shunt,C,1.0829122239356614e-12,F,L,4.060920839758726e-08,H,-3.0,-0.20000000000000018,0.8834113045679567,0.8744270166322485,0.9281434402314704,0.7658387692202089,26.833227842281474,8.932304445422556,0.8744270166322485,
LNET-03222,shunt_then_series,L,2.761426171035937e-08,H,C,1.949242003084189e-12,F,3.4000000000000004,0.5999999999999996,0.9139136592752166,0.9126570355269082,0.9282141292972899,0.8331056119077465,26.86063581066927,3.297530898349477,0.9126570355269082,
LNET-01078,series_then_shunt,L,9.746210015420954e-09,H,L,4.51213426639859e-09,H,1.2000000000000002,-1.7999999999999998,0.9081283110259528,0.9074322613291618,0.9283634173617068,0.8236743252020103,26.918696374705398,1.0278865126637073,0.9074322613291618,
LNET-01058,series_then_shunt,L,8.12184167951746e-09,H,C,7.796968012336763e-12,F,1.0,2.4000000000000004,0.7871775507324277,0.7735985155728524,0.9283689630807048,0.614680071670857,26.9208578573747,0.9825700224806959,0.7735985155728524,
LNET-00778,series_then_shunt,C,8.121841679517462e-12,F,C,1.2345199352866539e-11,F,-0.3999999999999999,3.8,0.9100182868389649,0.9082226460584765,0.9284762975938022,0.8250074225748775,26.96275825657892,0.9723508916328008,0.9082226460584765,
LNET-03095,shunt_then_series,L,2.2741156702648887e-08,H,L,4.060920839758726e-08,H,2.8,-0.20000000000000018,0.8798660125143551,0.8769959680406004,0.9286150787089631,0.770708004287563,27.017121316783186,2.936216031952245,0.8769959680406004,
LNET-01414,series_then_shunt,L,2.2741156702648887e-08,H,L,4.060920839758726e-08,H,2.8,-0.20000000000000018,0.8909792839052225,0.8904369573758674,0.9287360557572242,0.7936486230812665,27.064682936809863,1.992723640155082,0.8904369573758674,
LNET-02926,shunt_then_series,L,1.624368335903492e-08,H,L,6.768201399597882e-09,H,2.0,-1.2000000000000002,0.8764799573526966,0.8771001262160626,0.9288692896232049,0.7706531656133787,27.11725047318603,2.4104206139214606,0.8771001262160626,
LNET-01865,shunt_then_series,C,1.0152302099396824e-12,F,L,4.060920839758726e-08,H,-3.2,-0.20000000000000018,0.8994114540071598,0.8932281389736859,0.9290516211889426,0.7984076093713319,27.189509521087135,3.154871824246654,0.8932281389736859,
LNET-02245,shunt_then_series,C,2.320526194147846e-12,F,C,6.497473343613968e-12,F,-1.4,2.0,0.8876327837136487,0.8858434298133467,0.9290913926466802,0.785278200801133,27.205320547821522,1.8625096111725332,0.8858434298133467,
LNET-03179,shunt_then_series,L,2.5989893374455874e-08,H,C,6.497473343613974e-13,F,3.2,0.20000000000000018,0.8983818299300816,0.8973032654852839,0.9290938853361,0.8057199167468253,27.206312099882254,3.2073805502992987,0.8973032654852839,
LNET-01940,shunt_then_series,C,1.160263097073923e-12,F,L,5.076151049698412e-09,H,-2.8,-1.6,0.9138866979232333,0.9126717799614208,0.9293783142172322,0.8330424126964474,27.31991303849636,2.5588115003188925,0.9126717799614208,
LNET-03223,shunt_then_series,L,2.761426171035937e-08,H,C,2.5989893374455867e-12,F,3.4000000000000004,0.7999999999999998,0.9194156889247372,0.918159174764852,0.9295378513817607,0.8431121845922838,27.38403368645354,3.260231316347184,0.918159174764852,
LNET-00981,series_then_shunt,L,4.8731050077104735e-09,H,C,1.1045704684143746e-11,F,0.5999999999999996,3.4000000000000004,0.8076014176091977,0.8152535716756979,0.9295865725807865,0.6708626893312093,27.403673465471236,0.9436774361474888,0.8152535716756979,
LNET-01458,series_then_shunt,L,2.4365525038552382e-08,H,C,1.2994946687227947e-12,F,3.0,0.40000000000000036,0.8777407056526791,0.8759324518834296,0.9295928390250736,0.768868988899308,27.406201475901664,7.492066045377289,0.8759324518834296,
LNET-01372,series_then_shunt,L,2.1116788366745392e-08,H,L,2.0304604198793658e-08,H,2.5999999999999996,-0.3999999999999999,0.8972556498664724,0.8971888672813317,0.929636672331436,0.8054787471764748,27.423897309415246,1.569785786529829,0.8971888672813317,
LNET-02376,shunt_then_series,C,4.060920839758731e-12,F,C,1.1695452018505142e-11,F,-0.7999999999999998,3.5999999999999996,0.9061285351029277,0.9096435435747046,0.9296425066727483,0.8275189187447549,27.426254339356,1.3664036780489925,0.9096435435747046,
LNET-02864,shunt_then_series,L,1.2994946687227934e-08,H,C,9.096462681059554e-12,F,1.5999999999999996,2.8,0.8992199379078322,0.9031400420283404,0.929862634907737,0.8158443556578602,27.515470995653708,1.615515564222321,0.9031400420283404,
LNET-01456,series_then_shunt,L,2.4365525038552382e-08,H,none,0.0,,3.0,0.0,0.8881238164989962,0.8867977591449276,0.9299486465352534,0.7874403658475316,27.550483339433303,3.071597987935823,0.8867977591449276,
LNET-03137,shunt_then_series,L,2.4365525038552382e-08,H,none,0.0,,3.0,0.0,0.8881238164989962,0.8867977591449275,0.9299486465352536,0.7874403658475314,27.55048333943335,3.071597987935823,0.8867977591449275,
LNET-01137,series_then_shunt,L,1.1370578351324447e-08,H,C,5.847726009252571e-12,F,1.4000000000000004,1.7999999999999998,0.8019785211965618,0.7824457950332433,0.9300466397297524,0.628512392938353,27.590477888031295,1.1114913368835253,0.7824457950332433,
LNET-01035,series_then_shunt,L,8.12184167951746e-09,H,L,3.691746217962481e-09,H,1.0,-2.2,0.9102885942623704,0.9094760659639524,0.9300998190603801,0.8273860448506608,27.612229226239183,1.0068100989462776,0.9094760659639524,
LNET-02075,shunt_then_series,C,1.4766984871849927e-12,F,C,2.5989893374455867e-12,F,-2.2,0.7999999999999998,0.8781310934745504,0.8664606647305478,0.9301023356622748,0.752550470959833,27.613259383555118,2.492577688626104,0.8664606647305478,
LNET-02332,shunt_then_series,C,3.248736671806984e-12,F,C,9.746210015420952e-12,F,-1.0,3.0,0.9005984289386183,0.902894604961023,0.9302183487401264,0.8153755537360988,27.660829371202585,1.524287170587145,0.902894604961023,
LNET-01780,shunt_then_series,C,9.024268532797177e-13,F,L,1.0152302099396829e-08,H,-3.6,-0.7999999999999998,0.9227014409236852,0.9195282530606494,0.9302554363070458,0.8456052246706133,27.676070135084164,3.3808813350586044,0.9195282530606494,
LNET-00585,series_then_shunt,C,2.707280559839153e-12,F,L,4.06092083975873e-09,H,-1.2000000000000002,-2.0,0.8001939925764788,0.7530116640969049,0.9302930665830291,0.5846026671252986,27.6915504952206,1.047557934739074,0.7530116640969049,
LNET-01781,shunt_then_series,C,9.024268532797177e-13,F,L,1.3536402799195764e-08,H,-3.6,-0.6000000000000001,0.9190354929481526,0.9152947657951025,0.9305392817633455,0.8378920885224643,27.793252514118105,3.4264343026675945,0.9152947657951025,
LNET-03221,shunt_then_series,L,2.761426171035937e-08,H,C,1.2994946687227947e-12,F,3.4000000000000004,0.40000000000000036,0.9101222858995444,0.909021091454633,0.9306588729678377,0.8266002339027319,27.84291163990376,3.3485014268362443,0.909021091454633,
LNET-01418,series_then_shunt,L,2.2741156702648887e-08,H,C,1.949242003084189e-12,F,2.8,0.5999999999999996,0.8686852850740546,0.865855416030087,0.930684019839006,0.7521389032994881,27.85337544610605,3.8138669986342975,0.865855416030087,
LNET-00268,series_then_shunt,C,1.160263097073923e-12,F,C,6.497473343613974e-13,F,-2.8,0.20000000000000018,0.8949522854504661,0.8885654816771644,0.9309936150330622,0.7902696337824825,27.98282529882179,1.9619011507311672,0.8885654816771644,
LNET-01257,series_then_shunt,L,1.624368335903492e-08,H,C,3.898484006168382e-12,F,2.0,1.2000000000000002,0.8319682360434685,0.8207753285081931,0.9311792019416081,0.6820463188468385,28.060982383596794,1.509721899481968,0.8207753285081931,
LNET-02666,shunt_then_series,L,6.497473343613967e-09,H,L,2.030460419879365e-09,H,0.7999999999999998,-4.0,0.9134278661236469,0.919044132376116,0.931198309343728,0.8446715926215826,28.069053113706886,1.381769745505794,0.919044132376116,
LNET-02033,shunt_then_series,C,1.3536402799195768e-12,F,C,1.949242003084189e-12,F,-2.4,0.5999999999999996,0.880439567166585,0.8679675043938002,0.931319783238977,0.755214134107756,28.120467207596658,2.6348276512322375,0.8679675043938002,
LNET-02140,shunt_then_series,C,1.8048537065594359e-12,F,L,3.1237852613528696e-09,H,-1.7999999999999998,-2.6,0.8957184634106891,0.8969799523222931,0.9313250072745164,0.8048005740696671,28.12268237136411,1.7181670693468651,0.8969799523222931,
LNET-00385,series_then_shunt,C,1.4766984871849927e-12,F,L,8.12184167951746e-09,H,-2.2,-1.0,0.8457169409831752,0.8218763645912869,0.9313282631313763,0.6813641945132054,28.124063132787967,1.890225503549115,0.8218763645912869,
LNET-01980,shunt_then_series,C,1.2495141045411476e-12,F,L,4.51213426639859e-09,H,-2.6,-1.7999999999999998,0.9118646923761927,0.9111943138925971,0.9314902077178747,0.8303685469554256,28.19290707763268,2.380041632148843,0.9111943138925971,
LNET-02968,shunt_then_series,L,1.7868051694938416e-08,H,L,8.12184167951746e-09,H,2.2,-1.0,0.8790074511489794,0.8779907021100467,0.9315390170750452,0.7724328174244747,28.213720203116985,2.573480937272541,0.8779907021100467,
LNET-01330,series_then_shunt,L,1.9492420030841907e-08,H,L,1.3536402799195764e-08,H,2.4000000000000004,-0.6000000000000001,0.9041166665682958,0.9042100905059647,0.9315404580737102,0.8179643582349155,28.214335120053754,1.3590439341749865,0.9042100905059647,
LNET-02754,shunt_then_series,L,9.746210015420954e-09,H,L,2.9006577426848075e-09,H,1.2000000000000002,-2.8,0.9013235900039559,0.9072183699069828,0.9316619435576577,0.823203537783297,28.26626983732596,1.721010800941446,0.9072183699069828,
LNET-01991,shunt_then_series,C,1.2495141045411476e-12,F,C,1.2994946687227947e-12,F,-2.6,0.40000000000000036,0.8831195715508733,0.8708956332284394,0.9319027587855606,0.7601869385856885,28.369765416809845,2.768456777082789,0.8708956332284394,
LNET-00310,series_then_shunt,C,1.2495141045411476e-12,F,C,1.2994946687227947e-12,F,-2.6,0.40000000000000036,0.9011356399875028,0.8962386374468049,0.9319392994052624,0.8037328089013707,28.385533538786984,1.5490620434715967,0.8962386374468049,
LNET-00224,series_then_shunt,C,1.0829122239356614e-12,F,L,2.0304604198793658e-08,H,-3.0,-0.3999999999999999,0.882652970701302,0.8724731277000752,0.9320327923569967,0.7627227329919041,28.425955094476848,7.955835869418103,0.8724731277000752,
LNET-01949,shunt_then_series,C,1.160263097073923e-12,F,C,6.497473343613974e-13,F,-2.8,0.20000000000000018,0.8868284288397611,0.8761371119960895,0.9320802870320897,0.7690302409944745,28.446531980265135,2.896883991241141,0.8761371119960895,
LNET-00226,series_then_shunt,C,1.0829122239356614e-12,F,none,0.0,,-3.0,0.0,0.8921475784236942,0.8840865028107661,0.9321221781696233,0.7825828620329005,28.46470505488376,3.0248574855831434,0.8840865028107661,
LNET-01907,shunt_then_series,C,1.0829122239356614e-12,F,none,0.0,,-3.0,0.0,0.8921475784236941,0.8840865028107661,0.9321221781696233,0.7825828620329004,28.46470505488376,3.0248574855831443,0.8840865028107661,
LNET-02883,shunt_then_series,L,1.4619315023131425e-08,H,L,5.076151049698412e-09,H,1.7999999999999998,-1.6,0.8866310340829966,0.8896349311206191,0.9322672914377648,0.792232334164347,28.527831419325693,2.2573564785455447,0.8896349311206191,
LNET-00604,series_then_shunt,C,2.707280559839153e-12,F,C,5.847726009252571e-12,F,-1.2000000000000002,1.7999999999999998,0.9142636227818198,0.9106953531633399,0.9322718876565054,0.8295593931161824,28.529835260381393,1.027109408373324,0.9106953531633399,
LNET-02160,shunt_then_series,C,1.8048537065594359e-12,F,C,4.548231340529779e-12,F,-1.7999999999999998,1.4000000000000004,0.8858123954784533,0.8795112058815987,0.9324558348093488,0.7745826294556591,28.610255665382333,2.202467924046344,0.8795112058815987,
LNET-01120,series_then_shunt,L,1.1370578351324447e-08,H,L,5.076151049698412e-09,H,1.4000000000000004,-1.6,0.9134871553198678,0.9129750022892426,0.9325246655010468,0.8337287041894724,28.640460693544675,1.0504474511142938,0.9129750022892426,
LNET-02710,shunt_then_series,L,8.12184167951746e-09,H,L,2.388776964563959e-09,H,1.0,-3.4,0.9091497377462595,0.9150012681766158,0.9326746900628768,0.8372942738087081,28.70651010545442,1.545699930792685,0.9150012681766158,
LNET-01177,series_then_shunt,L,1.2994946687227934e-08,H,C,5.197978674891173e-12,F,1.5999999999999996,1.5999999999999996,0.8166809340771474,0.7991080796579417,0.9327048268413229,0.6518655012349371,28.719813563509934,1.2019738383531648,0.7991080796579417,
LNET-00690,series_then_shunt,C,4.060920839758731e-12,F,C,8.446715346698158e-12,F,-0.7999999999999998,2.5999999999999996,0.9148909414393812,0.9111517236467864,0.9329182939971083,0.8303990371951067,28.814387843889765,0.9922902240476065,0.9111517236467864,
LNET-01217,series_then_shunt,L,1.4619315023131425e-08,H,C,4.548231340529779e-12,F,1.7999999999999998,1.4000000000000004,0.8261106288638088,0.8115632393063952,0.9329549413916649,0.6692720472411003,28.830684639767895,1.3246648147181863,0.8115632393063952,
LNET-02219,shunt_then_series,C,2.320526194147846e-12,F,L,2.538075524849206e-09,H,-1.4,-3.2,0.8913428357399616,0.8936872360608125,0.9330021047633972,0.7989678122810253,28.851684040774824,1.4362233489243568,0.8936872360608125,
LNET-02020,shunt_then_series,C,1.3536402799195768e-12,F,L,4.06092083975873e-09,H,-2.4,-2.0,0.9092969828534181,0.909125288884262,0.9330212158391599,0.8266291074735428,28.8602016303742,2.207381415448626,0.909125288884262,
LNET-02100,shunt_then_series,C,1.624368335903492e-12,F,L,3.384100699798942e-09,H,-2.0,-2.4,0.9014718922998758,0.9022285654820219,0.9331357587910135,0.8142048275101804,28.911354168350336,1.8765339758506452,0.9022285654820219,
LNET-00264,series_then_shunt,C,1.160263097073923e-12,F,L,1.3536402799195764e-08,H,-2.8,-0.6000000000000001,0.8745597767131301,0.8615465343546564,0.9333393412910763,0.7445349928952253,29.00270382465131,4.080196018614721,0.8615465343546564,
LNET-03010,shunt_then_series,L,1.9492420030841907e-08,H,L,1.0152302099396829e-08,H,2.4000000000000004,-0.7999999999999998,0.8812586943682285,0.8787917380302851,0.9333980001023578,0.7740163951963284,29.029128300557296,2.7266304953619045,0.8787917380302851,
LNET-00947,series_then_shunt,L,4.8731050077104735e-09,H,L,2.388776964563959e-09,H,0.5999999999999996,-3.4,0.914093264988274,0.9140142286451146,0.9334455515627705,0.8356172955482555,29.050583348854452,0.9809128835116887,0.9140142286451146,
LNET-00734,series_then_shunt,C,5.414561119678306e-12,F,C,1.039595734978235e-11,F,-0.6000000000000001,3.2,0.915457971427182,0.9122207903014284,0.9334783500875493,0.8323292707450972,29.065399800398893,0.9813039206609843,0.9122207903014284,
LNET-00779,series_then_shunt,C,8.121841679517462e-12,F,C,1.2994946687227937e-11,F,-0.3999999999999999,4.0,0.91647639581231,0.9149205084374192,0.9335071315694186,0.8371951000420801,29.07841362849311,0.9745836601773898,0.9149205084374192,
LNET-01288,series_then_shunt,L,1.7868051694938416e-08,H,L,1.0152302099396829e-08,H,2.2,-0.7999999999999998,0.9099437251471967,0.9100133242851126,0.9335245749128759,0.8283961776907073,29.08630629106556,1.2390507597598224,0.9100133242851126,
LNET-02060,shunt_then_series,C,1.4766984871849927e-12,F,L,3.691746217962481e-09,H,-2.2,-2.2,0.9059169610067672,0.9062106162535801,0.9336411140487515,0.821369948603946,29.139143708188957,2.0396856046088887,0.9062106162535801,
LNET-02825,shunt_then_series,L,1.1370578351324447e-08,H,C,1.039595734978235e-11,F,1.4000000000000004,3.2,0.9012718425872158,0.9058380323494987,0.9336779538619125,0.820734699195304,29.155885055715117,1.478888241662567,0.9058380323494987,
LNET-02904,shunt_then_series,L,1.4619315023131425e-08,H,C,8.446715346698158e-12,F,1.7999999999999998,2.5999999999999996,0.9060675526661849,0.909275137814115,0.933693990494035,0.826940850577252,29.16317849470457,1.774542343498381,0.909275137814115,
LNET-02797,shunt_then_series,L,1.1370578351324447e-08,H,L,3.384100699798942e-09,H,1.4000000000000004,-2.4,0.8991393099746102,0.9045001380391268,0.9337138189148038,0.8183870430114328,29.17220131341466,1.901779179564506,0.9045001380391268,
LNET-02289,shunt_then_series,C,2.707280559839153e-12,F,C,8.446715346698158e-12,F,-1.2000000000000002,2.5999999999999996,0.9007569737284226,0.9016598312356185,0.9337475995441553,0.8132434220630792,29.18758544957088,1.6924617572418006,0.9016598312356185,
LNET-00663,series_then_shunt,C,4.060920839758731e-12,F,L,2.9006577426848075e-09,H,-0.7999999999999998,-2.8,0.8061717862466493,0.7738170246597211,0.933767086216157,0.6110255218962501,29.19646706963818,0.9512333257752883,0.7738170246597211,
LNET-03184,shunt_then_series,L,2.5989893374455874e-08,H,C,3.898484006168382e-12,F,3.2,1.2000000000000002,0.9247857649252599,0.9240603882483123,0.9337697219586001,0.8539443175180391,29.19766878752674,3.027369538339632,0.9240603882483123,
LNET-01498,series_then_shunt,L,2.5989893374455874e-08,H,C,6.497473343613974e-13,F,3.2,0.20000000000000018,0.8919222958943883,0.8905635878445102,0.9337851254437419,0.7941393408414672,29.20469363421873,11.693469828176642,0.8905635878445102,
LNET-00352,series_then_shunt,C,1.3536402799195768e-12,F,C,1.949242003084189e-12,F,-2.4,0.5999999999999996,0.9079410077298256,0.9040519601717859,0.9338842077301834,0.8176434041934593,29.249958918106284,1.3447034077795752,0.9040519601717859,
LNET-02840,shunt_then_series,L,1.2994946687227934e-08,H,L,4.06092083975873e-09,H,1.5999999999999996,-2.0,0.8942881161543679,0.898776351588098,0.9338921384857517,0.808251053664504,29.253587912066067,2.0833410177885088,0.898776351588098,
LNET-01819,shunt_then_series,C,9.555107858255836e-13,F,L,6.768201399597882e-09,H,-3.4,-1.2000000000000002,0.9263098384408033,0.9242004796607595,0.93410871083858,0.8541904921492932,29.35302580133796,3.1378761343873536,0.9242004796607595,
LNET-01779,shunt_then_series,C,9.024268532797177e-13,F,L,8.12184167951746e-09,H,-3.6,-1.0,0.9278439063032154,0.9252952409783983,0.9341760083745921,0.8562182143964812,29.38405831389912,3.3499236488824455,0.9252952409783983,
LNET-00739,series_then_shunt,C,8.121841679517462e-12,F,L,2.030460419879365e-09,H,-0.3999999999999999,-4.0,0.8376758271545584,0.835600775430713,0.9341944119758637,0.7011833350640386,29.392555709196568,0.9419179904323979,0.835600775430713,
LNET-02747,shunt_then_series,L,8.12184167951746e-09,H,C,1.2994946687227937e-11,F,1.0,4.0,0.9006456723009908,0.9062290050985524,0.9342109177615012,0.8214276057441476,29.40018088031072,1.2277051259066756,0.9062290050985524,
LNET-03224,shunt_then_series,L,2.761426171035937e-08,H,C,3.248736671806984e-12,F,3.4000000000000004,1.0,0.9259555188238087,0.9249257471842284,0.9342384049841099,0.8555498027910371,29.412887636267598,3.2373643599163295,0.9249257471842284,
LNET-02377,shunt_then_series,C,4.060920839758731e-12,F,C,1.2345199352866539e-11,F,-0.7999999999999998,3.8,0.9130453122444437,0.9165412125649121,0.9342462551734327,0.8400986799881695,29.416518561417607,1.365755407606421,0.9165412125649121,
LNET-00647,series_then_shunt,C,3.248736671806984e-12,F,C,7.147220677975366e-12,F,-1.0,2.2,0.9170583351340521,0.9134308669797658,0.9343982116923477,0.8345431449390234,29.486973779138655,1.0072070170618306,0.9134308669797658,
LNET-03144,shunt_then_series,L,2.4365525038552382e-08,H,C,4.548231340529779e-12,F,3.0,1.4000000000000004,0.9237403856086466,0.92346540815603,0.9345350363451115,0.852847070891816,29.55069289495668,2.8292145053448743,0.92346540815603,
LNET-00624,series_then_shunt,C,3.248736671806984e-12,F,L,3.384100699798942e-09,H,-1.0,-2.4,0.8073323385341387,0.7647802921380781,0.9345572671925195,0.6003855194228425,29.56107094249262,0.9858318792468163,0.7647802921380781,
LNET-00991,series_then_shunt,L,6.497473343613967e-09,H,L,2.9006577426848075e-09,H,0.7999999999999998,-2.8,0.9156972217623706,0.9150142454014351,0.9345631245949813,0.8374648207411133,29.563806532953866,0.9918091233257981,0.9150142454014351,
LNET-03052,shunt_then_series,L,2.1116788366745392e-08,H,L,1.3536402799195764e-08,H,2.5999999999999996,-0.6000000000000001,0.8838462075227809,0.8804336429837177,0.9346653544894947,0.7769599072838628,29.611630083435845,2.869774627876344,0.8804336429837177,
LNET-01378,series_then_shunt,L,2.1116788366745392e-08,H,C,2.5989893374455867e-12,F,2.5999999999999996,0.7999999999999998,0.864332076861022,0.859711482222227,0.934673074415899,0.7425452429472716,29.615247573915386,2.390786902949481,0.859711482222227,
LNET-01162,series_then_shunt,L,1.2994946687227934e-08,H,L,5.801315485369615e-09,H,1.5999999999999996,-1.4,0.9159991732579358,0.9156607927627326,0.9347614346346701,0.8386254252199477,29.656713384179827,1.0779433519681776,0.9156607927627326,
LNET-02203,shunt_then_series,C,2.0304604198793647e-12,F,C,5.847726009252571e-12,F,-1.6,1.7999999999999998,0.8935688338731433,0.8904162514507589,0.9348354688075932,0.7934834792106431,29.691542828639975,2.039476606272572,0.8904162514507589,
LNET-00425,series_then_shunt,C,1.624368335903492e-12,F,L,6.768201399597882e-09,H,-2.0,-1.2000000000000002,0.8428170427910506,0.8137982856983174,0.9348712359021772,0.6699122514797436,29.70839785929332,1.5506172731318235,0.8137982856983174,
LNET-01782,shunt_then_series,C,9.024268532797177e-13,F,L,2.0304604198793658e-08,H,-3.6,-0.3999999999999999,0.9173670333551477,0.9130375181977535,0.9349287729009754,0.8338621381281321,29.73555070594297,3.4841163675214566,0.9130375181977535,
LNET-02786,shunt_then_series,L,9.746210015420954e-09,H,C,1.1695452018505142e-11,F,1.2000000000000002,3.5999999999999996,0.9015651776216596,0.9066788281774282,0.9349574698169136,0.822257294335713,29.749111302562447,1.3484388094545248,0.9066788281774282,
LNET-01246,series_then_shunt,L,1.624368335903492e-08,H,L,8.12184167951746e-09,H,2.0,-1.0,0.9140294928011752,0.9139919801046563,0.9349684132259632,0.8356004437406345,29.754285712715856,1.1641710666065557,0.9139919801046563,
LNET-00545,series_then_shunt,C,2.320526194147846e-12,F,L,4.51213426639859e-09,H,-1.4,-1.7999999999999998,0.8186555739123391,0.7744342565995735,0.9349923434349563,0.6145145703811926,29.765606786623525,1.125041123320284,0.7744342565995735,
LNET-02297,shunt_then_series,C,3.248736671806984e-12,F,L,2.030460419879365e-09,H,-1.0,-4.0,0.892029667965867,0.8953911449907068,0.935022562421017,0.8020083254708138,29.779914913833128,1.2000362814880468,0.8953911449907068,
LNET-02258,shunt_then_series,C,2.707280559839153e-12,F,L,2.256067133199294e-09,H,-1.2000000000000002,-3.6,0.8923460790701252,0.8951695404084477,0.935111904724877,0.8016252743323761,29.82229477564535,1.3132883354596416,0.8951695404084477,
LNET-02246,shunt_then_series,C,2.320526194147846e-12,F,C,7.147220677975366e-12,F,-1.4,2.2,0.8985056877141014,0.8976704806350577,0.9352609485136352,0.8062131525472153,29.893254597979936,1.8662715860690413,0.8976704806350577,
LNET-02333,shunt_then_series,C,3.248736671806984e-12,F,C,1.039595734978235e-11,F,-1.0,3.2,0.9086917632704473,0.9111686729804066,0.9352659494246155,0.8303445621847702,29.89564120000412,1.5237279433677071,0.9111686729804066,
LNET-03263,shunt_then_series,L,2.923863004626285e-08,H,C,1.949242003084189e-12,F,3.5999999999999996,0.5999999999999996,0.922489159155777,0.9213480519394781,0.9353299883038951,0.8490139860817226,29.92623532215105,3.4995119559226118,0.9213480519394781,
LNET-01204,series_then_shunt,L,1.4619315023131425e-08,H,L,6.768201399597882e-09,H,1.7999999999999998,-1.2000000000000002,0.9161015096223286,0.9159224145678354,0.9354773575063603,0.8391085040722115,29.99687059774635,1.1139240381751991,0.9159224145678354,
LNET-02118,shunt_then_series,C,1.624368335903492e-12,F,C,3.898484006168382e-12,F,-2.0,1.2000000000000002,0.8888872331849571,0.8809373747103113,0.9355520845080435,0.777244390585101,30.032811297824093,2.3715626233604157,0.8809373747103113,
LNET-03094,shunt_then_series,L,2.2741156702648887e-08,H,L,2.0304604198793658e-08,H,2.8,-0.3999999999999999,0.8874214549415401,0.8839039535351811,0.935557905031073,0.7829344262581736,30.035614235762633,3.0055015666671934,0.8839039535351811,
LNET-03104,shunt_then_series,L,2.2741156702648887e-08,H,C,5.197978674891173e-12,F,2.8,1.5999999999999996,0.9225359630441822,0.9227910085766821,0.9357743956002899,0.8516096788289227,30.14022855359888,2.640130079519525,0.9227910085766821,
LNET-01859,shunt_then_series,C,1.0152302099396824e-12,F,L,5.801315485369615e-09,H,-3.2,-1.4,0.9251896381217162,0.9235837043561202,0.9358066119607239,0.8530556516649098,30.155856718083168,2.9391208046224304,0.9235837043561202,
LNET-02925,shunt_then_series,L,1.624368335903492e-08,H,L,5.801315485369615e-09,H,2.0,-1.4,0.8897017118463897,0.8913561660071114,0.93585017645554,0.7954486262611367,30.177014830194675,2.435991964300479,0.8913561660071114,
LNET-00184,series_then_shunt,C,1.0152302099396824e-12,F,L,4.060920839758726e-08,H,-3.2,-0.20000000000000018,0.8958326613792189,0.8877236563879527,0.9358502458881889,0.7890329691638593,30.177048574715645,10.71625545014325,0.8877236563879527,
LNET-00562,series_then_shunt,C,2.320526194147846e-12,F,C,5.197978674891173e-12,F,-1.4,1.5999999999999996,0.9187176495995601,0.9155039830812048,0.9358674846284173,0.8383157102601468,30.185428926528672,1.048429461876656,0.9155039830812048,
LNET-00394,series_then_shunt,C,1.4766984871849927e-12,F,C,2.5989893374455867e-12,F,-2.2,0.7999999999999998,0.913789642275984,0.9104884092572523,0.9359330169620284,0.8292305837035298,30.21732763371465,1.2289340816570493,0.9104884092572523,
LNET-01824,shunt_then_series,C,9.555107858255836e-13,F,L,4.060920839758726e-08,H,-3.4,-0.20000000000000018,0.9093544347572581,0.9037621437544073,0.9360159755018317,0.8172337720772415,30.257802485638496,3.35193784222401,0.9037621437544073,
LNET-02944,shunt_then_series,L,1.624368335903492e-08,H,C,7.796968012336763e-12,F,2.0,2.4000000000000004,0.9114587152958753,0.9140229260646817,0.9360983141618616,0.8355740703072105,30.298078818545694,1.9389518583735195,0.9140229260646817,
LNET-03220,shunt_then_series,L,2.761426171035937e-08,H,C,6.497473343613974e-13,F,3.4000000000000004,0.20000000000000018,0.9085879003256269,0.9075976642224854,0.9361643760308197,0.8241921270401055,30.330468406881955,3.4098209812958302,0.9075976642224854,
LNET-01455,series_then_shunt,L,2.4365525038552382e-08,H,L,4.060920839758726e-08,H,3.0,-0.20000000000000018,0.9023092214119024,0.9017891022183386,0.936238095946626,0.8138488386960285,30.366691909417167,2.072194358889324,0.9017891022183386,
LNET-03136,shunt_then_series,L,2.4365525038552382e-08,H,L,4.060920839758726e-08,H,3.0,-0.20000000000000018,0.8925694091245578,0.8898915871384061,0.9363092082006326,0.793197001223163,30.40171355225425,3.138549732244522,0.8898915871384061,
LNET-01077,series_then_shunt,L,9.746210015420954e-09,H,L,4.06092083975873e-09,H,1.2000000000000002,-2.0,0.9191307583091329,0.9184604717566441,0.9366479482312027,0.8437537542927118,30.569616834178944,1.023974099289305,0.9184604717566441,
LNET-01020,series_then_shunt,L,6.497473343613967e-09,H,C,9.746210015420952e-12,F,0.7999999999999998,3.0,0.8129415422245752,0.8080926330143476,0.9366818509468526,0.6630473329339995,30.58652029327736,0.9589030232269586,0.8080926330143476,
LNET-03264,shunt_then_series,L,2.923863004626285e-08,H,C,2.5989893374455867e-12,F,3.5999999999999996,0.7999999999999998,0.9275583190099241,0.92642566325307,0.9366830121240916,0.8583423385192099,30.587099561964195,3.461747631635348,0.92642566325307,
LNET-02753,shunt_then_series,L,9.746210015420954e-09,H,L,2.7072805598391537e-09,H,1.2000000000000002,-3.0,0.9099513423621604,0.9155262003479171,0.936810803032785,0.8383018902112368,30.650979850838688,1.72034305451432,0.9155262003479171,
LNET-00701,series_then_shunt,C,5.414561119678306e-12,F,L,2.388776964563959e-09,H,-0.6000000000000001,-3.4,0.8234170831155998,0.806597512277802,0.9368481671101013,0.6574087220716528,30.66970630111206,0.941480904046459,0.806597512277802,
LNET-00465,series_then_shunt,C,1.8048537065594359e-12,F,L,5.801315485369615e-09,H,-1.7999999999999998,-1.4,0.838442181249669,0.8041638684345341,0.9368839375360272,0.6563325112125585,30.687654804854414,1.3520694153621637,0.8041638684345341,
LNET-03064,shunt_then_series,L,2.1116788366745392e-08,H,C,5.847726009252571e-12,F,2.5999999999999996,1.7999999999999998,0.9209227535693145,0.9217392793217078,0.9368959082252666,0.8496820646947589,30.693665874148444,2.4578082708416003,0.9217392793217078,
LNET-01739,shunt_then_series,C,8.549307031071011e-13,F,L,1.0152302099396829e-08,H,-3.8,-0.7999999999999998,0.9300930746690022,0.9272227532686387,0.9369500662247985,0.8598018820646072,30.720889781277297,3.577434831398145,0.9272227532686387,
LNET-00505,series_then_shunt,C,2.0304604198793647e-12,F,L,5.076151049698412e-09,H,-1.6,-1.6,0.8308976769381613,0.79141369270156,0.9370267139567892,0.6383515635605191,30.759498759960618,1.221174229930798,0.79141369270156,
LNET-01740,shunt_then_series,C,8.549307031071011e-13,F,L,1.3536402799195764e-08,H,-3.8,-0.6000000000000001,0.9266603667671197,0.9232704115123341,0.937038626962715,0.8525325529528947,30.76550801736206,3.6233623212480492,0.9232704115123341,
LNET-01497,series_then_shunt,L,2.5989893374455874e-08,H,none,0.0,,3.2,0.0,0.899640095604774,0.8984136650055758,0.9371796369517141,0.8079805706640809,30.836810596951373,3.274018335121908,0.8984136650055758,
LNET-03178,shunt_then_series,L,2.5989893374455874e-08,H,none,0.0,,3.2,0.0,0.899640095604774,0.8984136650055758,0.9371796369517141,0.8079805706640811,30.836810596951373,3.274018335121908,0.8984136650055758,
LNET-01098,series_then_shunt,L,9.746210015420954e-09,H,C,7.147220677975366e-12,F,1.2000000000000002,2.2,0.8141359816038559,0.795288720660494,0.9372043433324807,0.6475894333728954,30.849336500919,1.0304723508544271,0.795288720660494,
LNET-02709,shunt_then_series,L,8.12184167951746e-09,H,L,2.256067133199294e-09,H,1.0,-3.6,0.9163137171222393,0.9217877355320985,0.9372658280008861,0.8497420773716176,30.880551480431574,1.5444170790342415,0.9217877355320985,
LNET-01413,series_then_shunt,L,2.2741156702648887e-08,H,L,2.0304604198793658e-08,H,2.8,-0.3999999999999999,0.9082615018452722,0.9081945925496532,0.9372737370036698,0.8252441835425004,30.88457122205749,1.6139776816108393,0.9081945925496532,
LNET-02984,shunt_then_series,L,1.7868051694938416e-08,H,C,7.147220677975366e-12,F,2.2,2.2,0.9155922414412028,0.9175570412647717,0.9372990348161184,0.8420251815590467,30.89743561577799,2.107776096497742,0.9175570412647717,
LNET-01034,series_then_shunt,L,8.12184167951746e-09,H,L,3.384100699798942e-09,H,1.0,-2.4,0.9197625599082635,0.9190037568982004,0.9373361471935089,0.8447583217505003,30.916326724692347,1.005985383721838,0.9190037568982004,
LNET-03262,shunt_then_series,L,2.923863004626285e-08,H,C,1.2994946687227947e-12,F,3.5999999999999996,0.40000000000000036,0.9189326063052268,0.9179272595407136,0.9373884993156489,0.8428182108720104,30.9430133144832,3.550861286525739,0.9179272595407136,
LNET-00304,series_then_shunt,C,1.2495141045411476e-12,F,L,1.0152302099396829e-08,H,-2.6,-0.7999999999999998,0.871065308448695,0.8545287881932876,0.9374136904720491,0.7334187280002947,30.955870462481993,2.502469634888178,0.8545287881932876,
LNET-00436,series_then_shunt,C,1.624368335903492e-12,F,C,3.248736671806984e-12,F,-2.0,1.0,0.917997709927853,0.9149883330226224,0.9374863780712793,0.8373944023408045,30.993027092246255,1.156985818456109,0.9149883330226224,
LNET-03024,shunt_then_series,L,1.9492420030841907e-08,H,C,6.497473343613968e-12,F,2.4000000000000004,2.0,0.9186778563397162,0.920064673878798,0.9374951697660346,0.8466139163691035,30.997527111323834,2.280650719967672,0.920064673878798,
LNET-02076,shunt_then_series,C,1.4766984871849927e-12,F,C,3.248736671806984e-12,F,-2.2,1.0,0.8909805584876158,0.8814661559979676,0.9376218929089617,0.7783297311229412,31.06253112299611,2.5339704657496953,0.8814661559979676,
LNET-01499,series_then_shunt,L,2.5989893374455874e-08,H,C,1.2994946687227947e-12,F,3.2,0.40000000000000036,0.8917283160770713,0.8900488350089141,0.9376573460845179,0.7934607774716039,31.080764522976494,7.61299589947174,0.8900488350089141,
LNET-00982,series_then_shunt,L,4.8731050077104735e-09,H,C,1.1695452018505142e-11,F,0.5999999999999996,3.5999999999999996,0.8278625505105484,0.8333561194648686,0.9376943596468651,0.6998446745556867,31.099822562843947,0.9503482528307453,0.8333561194648686,
LNET-00520,series_then_shunt,C,2.0304604198793647e-12,F,C,4.548231340529779e-12,F,-1.6,1.4000000000000004,0.9206170313654867,0.9176187694181009,0.937717038845798,0.8421836747667956,31.111511124982357,1.074552808241527,0.9176187694181009,
LNET-02179,shunt_then_series,C,2.0304604198793647e-12,F,L,2.7072805598391537e-09,H,-1.6,-3.0,0.899759077024863,0.9014515050503819,0.9378409566448044,0.8128729484724587,31.17552735764277,1.582512353940095,0.9014515050503819,
LNET-00227,series_then_shunt,C,1.0829122239356614e-12,F,C,6.497473343613974e-13,F,-3.0,0.20000000000000018,0.9057119364717365,0.8999177763745964,0.938162887501947,0.8104395613228882,31.343036717035766,2.038489415853633,0.8999177763745964,
LNET-00478,series_then_shunt,C,1.8048537065594359e-12,F,C,3.898484006168382e-12,F,-1.7999999999999998,1.2000000000000002,0.9203159960959211,0.9173918024164365,0.9381696346703107,0.8417738037146064,31.3465661141687,1.1088786588943567,0.9173918024164365,
LNET-01899,shunt_then_series,C,1.0829122239356614e-12,F,L,5.076151049698412e-09,H,-3.0,-1.6,0.9241776177617315,0.9230748060587506,0.9382425911879558,0.8521272519450558,31.384778417224528,2.7507339802856876,0.9230748060587506,
LNET-02967,shunt_then_series,L,1.7868051694938416e-08,H,L,6.768201399597882e-09,H,2.2,-1.2000000000000002,0.891783836714739,0.8920042328330079,0.9384213606265528,0.796778219198592,31.47879492547545,2.608950327883595,0.8920042328330079,
LNET-02378,shunt_then_series,C,4.060920839758731e-12,F,C,1.2994946687227937e-11,F,-0.7999999999999998,4.0,0.9192696444704799,0.9227148377242944,0.9384316778286288,0.8514414439105367,31.484237501764902,1.3648566546481407,0.9227148377242944,
LNET-02882,shunt_then_series,L,1.4619315023131425e-08,H,L,4.51213426639859e-09,H,1.7999999999999998,-1.7999999999999998,0.8985857828134362,0.9020563318191328,0.9385578413387217,0.81424198834846,31.550939673615773,2.268622446396375,0.9020563318191328,
LNET-00946,series_then_shunt,L,4.8731050077104735e-09,H,L,2.256067133199294e-09,H,0.5999999999999996,-3.6,0.9207910534574327,0.9207628790272533,0.9385815939768535,0.8479675357415343,31.563528256436154,0.9825766401216561,0.9207628790272533,
LNET-00735,series_then_shunt,C,5.414561119678306e-12,F,C,1.1045704684143746e-11,F,-0.6000000000000001,3.4000000000000004,0.9223586227450403,0.9194314503121644,0.9388485218067493,0.8455058838192633,31.705668923972787,0.9830116313174595,0.9194314503121644,
LNET-02034,shunt_then_series,C,1.3536402799195768e-12,F,C,2.5989893374455867e-12,F,-2.4,0.7999999999999998,0.8924990897957361,0.8817053283863405,0.9388630323453191,0.7788756612165367,31.713431442929465,2.6873313212042516,0.8817053283863405,
LNET-02865,shunt_then_series,L,1.2994946687227934e-08,H,C,9.746210015420952e-12,F,1.5999999999999996,3.0,0.9092277478209124,0.9130714874622186,0.9389036459121077,0.8338736266791483,31.735177570871592,1.6317979346582923,0.9130714874622186,
LNET-02290,shunt_then_series,C,2.707280559839153e-12,F,C,9.096462681059554e-12,F,-1.2000000000000002,2.8,0.9094521172059601,0.9107537639246632,0.9389167413045321,0.8296577915268946,31.742195533002725,1.6922939812380733,0.9107537639246632,
LNET-00185,series_then_shunt,C,1.0152302099396824e-12,F,none,0.0,,-3.2,0.0,0.9030928482696544,0.8957980956744832,0.939038754739506,0.8032454046353027,31.807728770201216,3.2218407938046205,0.8957980956744832,
LNET-01866,shunt_then_series,C,1.0152302099396824e-12,F,none,0.0,,-3.2,0.0,0.9030928482696545,0.8957980956744832,0.939038754739506,0.8032454046353027,31.807728770201216,3.2218407938046205,0.8957980956744832,
LNET-02161,shunt_then_series,C,1.8048537065594359e-12,F,C,5.197978674891173e-12,F,-1.7999999999999998,1.5999999999999996,0.8978667397669731,0.8933248018565798,0.9390725680272088,0.7987669594906855,31.82593628586144,2.2170760385635693,0.8933248018565798,
LNET-02796,shunt_then_series,L,1.1370578351324447e-08,H,L,3.1237852613528696e-09,H,1.4000000000000004,-2.6,0.9086182794236122,0.9137917409952981,0.9390829761933245,0.8352036147216413,31.83154486251891,1.9023491494459612,0.9137917409952981,
LNET-00691,series_then_shunt,C,4.060920839758731e-12,F,C,9.096462681059554e-12,F,-0.7999999999999998,2.8,0.9229566898994545,0.9195742465019224,0.9391856911119008,0.8457808528471655,31.886997099318844,0.9931128618742872,0.9195742465019224,
LNET-01059,series_then_shunt,L,8.12184167951746e-09,H,C,8.446715346698158e-12,F,1.0,2.5999999999999996,0.8169970372326173,0.8028725402079098,0.9391865647464386,0.6576596743718556,31.887469547822885,0.9858537601757522,0.8028725402079098,
LNET-01338,series_then_shunt,L,1.9492420030841907e-08,H,C,3.248736671806984e-12,F,2.4000000000000004,1.0,0.8627943377951082,0.8557776600385553,0.939218723216978,0.736906284198247,31.904869819362826,1.8064679800894847,0.8557776600385553,
LNET-00269,series_then_shunt,C,1.160263097073923e-12,F,C,1.2994946687227947e-12,F,-2.8,0.40000000000000036,0.9115653696158316,0.9071560374862335,0.9392262597069827,0.8233272029018249,31.90895031895533,1.5914006483666479,0.9071560374862335,
LNET-01371,series_then_shunt,L,2.1116788366745392e-08,H,L,1.3536402799195764e-08,H,2.5999999999999996,-0.6000000000000001,0.9148981609121906,0.9150001110014129,0.9392922506339932,0.8375156592099862,31.944723217163077,1.3883995207227249,0.9150001110014129,
LNET-01908,shunt_then_series,C,1.0829122239356614e-12,F,C,6.497473343613974e-13,F,-3.0,0.20000000000000018,0.8986636147154502,0.8889365988136742,0.9393227703939309,0.7913616335410634,31.96129393158638,3.093701622526042,0.8889365988136742,
LNET-01459,series_then_shunt,L,2.4365525038552382e-08,H,C,1.949242003084189e-12,F,3.0,0.5999999999999996,0.8853202590158797,0.8827186879577629,0.9394031566201843,0.7810635330155744,32.00501954308369,3.6907092664386454,0.8827186879577629,
LNET-01992,shunt_then_series,C,1.2495141045411476e-12,F,C,1.949242003084189e-12,F,-2.6,0.5999999999999996,0.8939155421697453,0.8824459240123657,0.939445412057907,0.7802239236679981,32.02805068895118,2.83059204747757,0.8824459240123657,
LNET-01950,shunt_then_series,C,1.160263097073923e-12,F,C,1.2994946687227947e-12,F,-2.8,0.40000000000000036,0.8957762170874778,0.8845946793677317,0.9395358714583946,0.783921437160473,32.077463419055114,2.964887377712517,0.8845946793677317,
LNET-02839,shunt_then_series,L,1.2994946687227934e-08,H,L,3.691746217962481e-09,H,1.5999999999999996,-2.2,0.9048969837533428,0.9094398746009741,0.9396399065896784,0.8273947983057948,32.13447489890731,2.0872350144870637,0.9094398746009741,
LNET-00183,series_then_shunt,C,1.0152302099396824e-12,F,L,2.0304604198793658e-08,H,-3.2,-0.3999999999999999,0.8958696190531864,0.886736034634589,0.9397060447773707,0.7875029252935177,32.17082106514998,8.205770441106022,0.886736034634589,
LNET-02334,shunt_then_series,C,3.248736671806984e-12,F,C,1.1045704684143746e-11,F,-1.0,3.4000000000000004,0.915906536144409,0.9184900790475985,0.9398120915652463,0.8437109007983424,32.22926567830622,1.5226608859189212,0.9184900790475985,
LNET-00605,series_then_shunt,C,2.707280559839153e-12,F,C,6.497473343613968e-12,F,-1.2000000000000002,2.0,0.9246424226946772,0.9214829469366447,0.9401586725628837,0.8492774177150465,32.42171849549427,1.0232797450396833,0.9214829469366447,
LNET-03009,shunt_then_series,L,1.9492420030841907e-08,H,L,8.12184167951746e-09,H,2.4000000000000004,-1.0,0.8932765485100945,0.8920539951439505,0.9401949134970627,0.7970480120868138,32.44197152698329,2.77350172938012,0.8920539951439505,
LNET-00990,series_then_shunt,L,6.497473343613967e-09,H,L,2.7072805598391537e-09,H,0.7999999999999998,-3.0,0.9232818005908487,0.9226638335228261,0.9403910123835351,0.8514844668145098,32.551987375936726,0.9926360480438365,0.9226638335228261,
LNET-01939,shunt_then_series,C,1.160263097073923e-12,F,L,4.51213426639859e-09,H,-2.8,-1.7999999999999998,0.9229946959678496,0.922352369093855,0.9406464262035086,0.8508109367059378,32.696370278519375,2.5700338191999528,0.922352369093855,
LNET-01738,shunt_then_series,C,8.549307031071011e-13,F,L,8.12184167951746e-09,H,-3.8,-1.0,0.9348367122295883,0.9325364338239005,0.9406513999675904,0.8696629189789408,32.69919423386268,3.5460340968960717,0.9325364338239005,
LNET-01539,series_then_shunt,L,2.761426171035937e-08,H,C,6.497473343613974e-13,F,3.4000000000000004,0.20000000000000018,0.9031174038797046,0.9018643055576461,0.9406523963587873,0.8141954451767934,32.6997600120646,13.728244015242103,0.9018643055576461,
LNET-02247,shunt_then_series,C,2.320526194147846e-12,F,C,7.796968012336763e-12,F,-1.4,2.4000000000000004,0.9080631007597549,0.9079421156103488,0.9407178361893066,0.824648301454627,32.73696018226712,1.8677671036307288,0.9079421156103488,
LNET-02204,shunt_then_series,C,2.0304604198793647e-12,F,C,6.497473343613968e-12,F,-1.6,2.0,0.9042682914233887,0.9022838722790576,0.9407672658208638,0.8145732154899246,32.76511362706042,2.0451570804137233,0.9022838722790576,
LNET-01119,series_then_shunt,L,1.1370578351324447e-08,H,L,4.51213426639859e-09,H,1.4000000000000004,-1.7999999999999998,0.9246926719730236,0.92418320687427,0.9408457937675214,0.8542658738248193,32.80993723658321,1.042679499847554,0.92418320687427,
LNET-01741,shunt_then_series,C,8.549307031071011e-13,F,L,2.0304604198793658e-08,H,-3.8,-0.3999999999999999,0.9250238379922756,0.9210955471439192,0.9408861729798814,0.8486010019503615,32.83303197946104,3.6813321653422593,0.9210955471439192,
LNET-01778,shunt_then_series,C,9.024268532797177e-13,F,L,6.768201399597882e-09,H,-3.6,-1.2000000000000002,0.9338488510614177,0.9319534808879314,0.9410316797830895,0.86857368611745,32.91651640479419,3.3331165893435526,0.9319534808879314,
LNET-03265,shunt_then_series,L,2.923863004626285e-08,H,C,3.248736671806984e-12,F,3.5999999999999996,1.0,0.9335265694609264,0.9326061268315383,0.9410470965024937,0.8698048955981155,32.92538588170812,3.4383580043984674,0.9326061268315383,
LNET-03225,shunt_then_series,L,2.761426171035937e-08,H,C,3.898484006168382e-12,F,3.4000000000000004,1.2000000000000002,0.9329046708752889,0.9322658193487229,0.9410837951491979,0.869165895124621,32.94651785641574,3.2273248548901887,0.9322658193487229,
LNET-02139,shunt_then_series,C,1.8048537065594359e-12,F,L,2.9006577426848075e-09,H,-1.7999999999999998,-2.8,0.9065868169902837,0.9077821352655997,0.9411385842474411,0.8242902627486003,32.978115789935856,1.7358690616655532,0.9077821352655997,
LNET-00648,series_then_shunt,C,3.248736671806984e-12,F,C,7.796968012336763e-12,F,-1.0,2.4000000000000004,0.9259219743318217,0.9226641488580074,0.9412455124873742,0.8514572425073289,33.0399531111597,1.0063288815625964,0.9226641488580074,
LNET-00311,series_then_shunt,C,1.2495141045411476e-12,F,C,1.949242003084189e-12,F,-2.6,0.5999999999999996,0.9181248438837053,0.9146769307000192,0.9412639895615713,0.8368982309625749,33.05066134167461,1.3727058409173183,0.9146769307000192,
LNET-02218,shunt_then_series,C,2.320526194147846e-12,F,L,2.388776964563959e-09,H,-1.4,-3.4,0.9017621661221976,0.9038198341084163,0.9413261065348134,0.8171653075737962,33.08671015136697,1.4510289808831176,0.9038198341084163,
LNET-03051,shunt_then_series,L,2.1116788366745392e-08,H,L,1.0152302099396829e-08,H,2.5999999999999996,-0.7999999999999998,0.894643433433217,0.8921527859263853,0.9413516577757242,0.797371414586722,33.10156066051865,2.927729298272465,0.8921527859263853,
LNET-02708,shunt_then_series,L,8.12184167951746e-09,H,L,2.1373267577677528e-09,H,1.0,-3.8,0.9227177336879894,0.9278324267107739,0.9414270427366365,0.8609100539236887,33.145450280192165,1.5428331734136231,0.9278324267107739,
LNET-02752,shunt_then_series,L,9.746210015420954e-09,H,L,2.538075524849206e-09,H,1.2000000000000002,-3.2,0.9175905214844259,0.9228372105442378,0.9414357793391223,0.8517109898211613,33.15054409382837,1.7189578298144628,0.9228372105442378,
LNET-01329,series_then_shunt,L,1.9492420030841907e-08,H,L,1.0152302099396829e-08,H,2.4000000000000004,-0.7999999999999998,0.9207161739048705,0.9208152286861319,0.9414614325580256,0.8481091901731237,33.16550980654719,1.260948524071585,0.9208152286861319,
LNET-03304,shunt_then_series,L,3.0862998382166346e-08,H,C,1.949242003084189e-12,F,3.8,0.5999999999999996,0.9298951223225841,0.9288579712505927,0.9414689138079758,0.8628844970102453,33.16987672906936,3.701731236977815,0.9288579712505927,
LNET-02826,shunt_then_series,L,1.1370578351324447e-08,H,C,1.1045704684143746e-11,F,1.4000000000000004,3.4000000000000004,0.9104976369763307,0.9148594834634198,0.9415157828617794,0.8371487579009409,33.19726035270736,1.4929537232731327,0.9148594834634198,
LNET-00223,series_then_shunt,C,1.0829122239356614e-12,F,L,1.3536402799195764e-08,H,-3.0,-0.6000000000000001,0.8901791040698468,0.8786365065013815,0.9415916354970201,0.7737595922765342,33.24167098357911,3.9326826868246703,0.8786365065013815,
LNET-02787,shunt_then_series,L,9.746210015420954e-09,H,C,1.2345199352866539e-11,F,1.2000000000000002,3.8,0.9101683858585291,0.9150002008076725,0.9419908890028996,0.8374041779307023,33.47734270742352,1.3603424032866,0.9150002008076725,
LNET-00344,series_then_shunt,C,1.3536402799195768e-12,F,L,8.12184167951746e-09,H,-2.4,-1.0,0.8703060674707795,0.8498727953916209,0.9419921262139577,0.7264945725477349,33.4780780515564,1.8677113916577657,0.8498727953916209,
LNET-02924,shunt_then_series,L,1.624368335903492e-08,H,L,5.076151049698412e-09,H,2.0,-1.6,0.9015431576605542,0.9039250347656543,0.94201451663036,0.8177197326593599,33.49139135825773,2.452892033488321,0.9039250347656543,
LNET-01783,shunt_then_series,C,9.024268532797177e-13,F,L,4.060920839758726e-08,H,-3.6,-0.20000000000000018,0.9179573021398083,0.9128887963790026,0.9420326780917984,0.8337320972129495,33.502197689367904,3.5491884549245274,0.9128887963790026,
LNET-03093,shunt_then_series,L,2.2741156702648887e-08,H,L,1.3536402799195764e-08,H,2.8,-0.6000000000000001,0.8964218524304683,0.8931336105327894,0.9420605697228037,0.7991669713970366,33.518806802750994,3.071614913072701,0.8931336105327894,
LNET-00584,series_then_shunt,C,2.707280559839153e-12,F,L,3.691746217962481e-09,H,-1.2000000000000002,-2.2,0.8310757245036032,0.7875245525464324,0.9420966100961246,0.6340836465794858,33.54029208514683,1.0372807554578538,0.7875245525464324,
LNET-02119,shunt_then_series,C,1.624368335903492e-12,F,C,4.548231340529779e-12,F,-2.0,1.4000000000000004,0.900822476167773,0.8948448659890952,0.9421149533774233,0.8015965542152724,33.551237611337584,2.392811767651444,0.8948448659890952,
LNET-03185,shunt_then_series,L,2.5989893374455874e-08,H,C,4.548231340529779e-12,F,3.2,1.4000000000000004,0.9324296405425857,0.9321963014065334,0.9422364126434873,0.8690379734475969,33.6238883616446,3.0278839634020986,0.9321963014065334,
LNET-03261,shunt_then_series,L,2.923863004626285e-08,H,C,6.497473343613974e-13,F,3.5999999999999996,0.20000000000000018,0.9173986147610845,0.9164932185072093,0.9422584519523336,0.8403333937850133,33.637103916039344,3.6124545561360235,0.9164932185072093,
LNET-00143,series_then_shunt,C,9.555107858255836e-13,F,L,4.060920839758726e-08,H,-3.4,-0.20000000000000018,0.9064675995805844,0.8991385189578986,0.9424166008601428,0.8092442246472206,33.73223237729413,12.46905301202989,0.8991385189578986,
LNET-02257,shunt_then_series,C,2.707280559839153e-12,F,L,2.1373267577677528e-09,H,-1.2000000000000002,-3.8,0.9020172448829092,0.9044871603138063,0.9424435480819381,0.8183748683641885,33.748493580654085,1.325852030014093,0.9044871603138063,
LNET-03135,shunt_then_series,L,2.4365525038552382e-08,H,L,2.0304604198793658e-08,H,3.0,-0.3999999999999999,0.8991891819222162,0.8958766427971362,0.9424976602965327,0.8039484886511645,33.781193431671845,3.2078096866227424,0.8958766427971362,
LNET-01979,shunt_then_series,C,1.2495141045411476e-12,F,L,4.06092083975873e-09,H,-2.6,-2.0,0.9213955088503153,0.9211576752318202,0.9425478646120875,0.8486300605964834,33.81158683652314,2.39501192596316,0.9211576752318202,
LNET-01138,series_then_shunt,L,1.1370578351324447e-08,H,C,6.497473343613968e-12,F,1.4000000000000004,2.0,0.8337519377667267,0.814439362486657,0.9425874874985976,0.6761402249382049,33.83561183550615,1.0847075093755838,0.814439362486657,
LNET-02905,shunt_then_series,L,1.4619315023131425e-08,H,C,9.096462681059554e-12,F,1.7999999999999998,2.8,0.9156746498424414,0.91888877705124,0.9426060021495876,0.8445091337459684,33.846849407714295,1.7915795651326765,0.91888877705124,
LNET-01496,series_then_shunt,L,2.5989893374455874e-08,H,L,4.060920839758726e-08,H,3.2,-0.20000000000000018,0.9120421361888809,0.9115517268662042,0.9426497408277634,0.8314371034784772,33.87342566305622,2.1478936849009256,0.9115517268662042,
LNET-01699,shunt_then_series,C,8.12184167951746e-13,F,L,1.3536402799195764e-08,H,-4.0,-0.6000000000000001,0.9332960003262016,0.9302156317935312,0.9426922476103727,0.8653869292826398,33.89929227030724,3.820475287345668,0.9302156317935312,
LNET-00662,series_then_shunt,C,4.060920839758731e-12,F,L,2.7072805598391537e-09,H,-0.7999999999999998,-3.0,0.8307451670324726,0.7998880788864545,0.9427012975979193,0.6499034303462424,33.90480440491396,0.9587881046617471,0.7998880788864545,
LNET-01698,shunt_then_series,C,8.12184167951746e-13,F,L,1.0152302099396829e-08,H,-4.0,-0.7999999999999998,0.9365110318119343,0.9339073031647753,0.9427523790042919,0.8722321880467503,33.935949568104164,3.774214029938874,0.9339073031647753,
LNET-03305,shunt_then_series,L,3.0862998382166346e-08,H,C,2.5989893374455867e-12,F,3.8,0.7999999999999998,0.9345740811896827,0.9335508992207111,0.9428256707910299,0.8715808178813004,33.98073397048649,3.663555166107532,0.9335508992207111,
LNET-03177,shunt_then_series,L,2.5989893374455874e-08,H,L,4.060920839758726e-08,H,3.2,-0.20000000000000018,0.9034640975491502,0.9009791076800667,0.9428611448557,0.8128182954839965,34.002451395799724,3.3411028258830524,0.9009791076800667,
LNET-01298,series_then_shunt,L,1.7868051694938416e-08,H,C,3.898484006168382e-12,F,2.2,1.2000000000000002,0.861906034072884,0.8521966592137311,0.942987208144529,0.7319754884620957,34.079846731064386,1.5119932461088121,0.8521966592137311,
LNET-01818,shunt_then_series,C,9.555107858255836e-13,F,L,5.801315485369615e-09,H,-3.4,-1.4,0.9332684895499995,0.9318273098269162,0.9429937924858204,0.8683425897637626,34.08389852986666,3.133271162139311,0.9318273098269162,
LNET-02099,shunt_then_series,C,1.624368335903492e-12,F,L,3.1237852613528696e-09,H,-2.0,-2.6,0.911962967679772,0.9127619996203674,0.94310599997682,0.8333208270787112,34.15309170009405,1.894585628579143,0.9127619996203674,
LNET-00945,series_then_shunt,L,4.8731050077104735e-09,H,L,2.1373267577677528e-09,H,0.5999999999999996,-3.8,0.926762956000326,0.9267775207956902,0.9431653466489069,0.8590538510301899,34.189798513331404,0.9840345806389946,0.9267775207956902,
LNET-03303,shunt_then_series,L,3.0862998382166346e-08,H,C,1.2994946687227947e-12,F,3.8,0.40000000000000036,0.9265603313956531,0.9256431298162885,0.9432116594824984,0.8570011367343304,34.218496997347906,3.7534155126305238,0.9256431298162885,
LNET-01287,series_then_shunt,L,1.7868051694938416e-08,H,L,8.12184167951746e-09,H,2.2,-1.0,0.925070870063763,0.9250886619108374,0.9432293067879131,0.8559514583387541,34.22944475115523,1.181990834716282,0.9250886619108374,
LNET-01161,series_then_shunt,L,1.2994946687227934e-08,H,L,5.076151049698412e-09,H,1.5999999999999996,-1.6,0.9277258326192942,0.9273673101682389,0.943289304176993,0.8601446667740433,34.26671593383303,1.064698438764326,0.9273673101682389,
LNET-01538,series_then_shunt,L,2.761426171035937e-08,H,none,0.0,,3.4000000000000004,0.0,0.9095517051152548,0.9084254223804966,0.9433789672257695,0.8259153971536787,34.32256304781226,3.476641181403406,0.9084254223804966,
LNET-03219,shunt_then_series,L,2.761426171035937e-08,H,none,0.0,,3.4000000000000004,0.0,0.9095517051152548,0.9084254223804966,0.9433789672257696,0.8259153971536787,34.32256304781233,3.4766411814034064,0.9084254223804966,
LNET-00353,series_then_shunt,C,1.3536402799195768e-12,F,C,2.5989893374455867e-12,F,-2.4,0.7999999999999998,0.923922415218055,0.9210536169528727,0.9434668051806958,0.8485261112526062,34.377445169914,1.2497499197693853,0.9210536169528727,
LNET-02291,shunt_then_series,C,2.707280559839153e-12,F,C,9.746210015420952e-12,F,-1.2000000000000002,3.0,0.917149614168141,0.9187303791036119,0.9435375229037255,0.8442026063807416,34.421754461636326,1.6912604579252306,0.9187303791036119,
LNET-01033,series_then_shunt,L,8.12184167951746e-09,H,L,3.1237852613528696e-09,H,1.0,-2.6,0.9278759105658211,0.9271710603145762,0.943563867696223,0.859799299254714,34.43828959140332,1.0053013251836174,0.9271710603145762,
LNET-01419,series_then_shunt,L,2.2741156702648887e-08,H,C,2.5989893374455867e-12,F,2.8,0.7999999999999998,0.8832852534879861,0.8791426760786863,0.943613722027781,0.7754537029849672,34.469622608986235,2.32820820329301,0.8791426760786863,
LNET-00736,series_then_shunt,C,5.414561119678306e-12,F,C,1.1695452018505142e-11,F,-0.6000000000000001,3.5999999999999996,0.9284774099785084,0.9258230513515666,0.9436167602995422,0.8572752073551827,34.47153392790521,0.9844983477634192,0.9258230513515666,
LNET-01076,series_then_shunt,L,9.746210015420954e-09,H,L,3.691746217962481e-09,H,1.2000000000000002,-2.2,0.9283702398596615,0.9277340895754309,0.9436725370304051,0.8608333656366687,34.50665864499496,1.0208244502134074,0.9277340895754309,
LNET-02019,shunt_then_series,C,1.3536402799195768e-12,F,L,3.691746217962481e-09,H,-2.4,-2.2,0.9191609507908073,0.9192807820004102,0.9436868891632174,0.8452013747571953,34.515707981339936,2.2244009079363636,0.9192807820004102,
LNET-01454,series_then_shunt,L,2.4365525038552382e-08,H,L,2.0304604198793658e-08,H,3.0,-0.3999999999999999,0.9176622194782467,0.9175998614940344,0.9437664252398987,0.8423351989477552,34.56594096200045,1.6549945338186014,0.9175998614940344,
LNET-03145,shunt_then_series,L,2.4365525038552382e-08,H,C,5.197978674891173e-12,F,3.0,1.5999999999999996,0.9318526310126864,0.9320862692614815,0.9438143694678434,0.8688391196533167,34.59629003104883,2.837234006115685,0.9320862692614815,
LNET-00563,series_then_shunt,C,2.320526194147846e-12,F,C,5.847726009252571e-12,F,-1.4,1.7999999999999998,0.9293423873522881,0.9265372520457128,0.9438206539038407,0.858594115725862,34.60027196786349,1.040921537127232,0.9265372520457128,
LNET-02795,shunt_then_series,L,1.1370578351324447e-08,H,L,2.9006577426848075e-09,H,1.4000000000000004,-2.8,0.9169605635867669,0.9218983134700856,0.9438740421612916,0.8500308544989672,34.63413573711268,1.9015983807146788,0.9218983134700856,
LNET-02059,shunt_then_series,C,1.4766984871849927e-12,F,L,3.384100699798942e-09,H,-2.2,-2.4,0.9160850431141105,0.9165393857542015,0.9439120503178104,0.8401980164940475,34.6582833092059,2.057599704709421,0.9165393857542015,
LNET-02335,shunt_then_series,C,3.248736671806984e-12,F,C,1.1695452018505142e-11,F,-1.0,3.5999999999999996,0.9223547475298361,0.9249896595807567,0.9439174850037425,0.8556714231210393,34.661738781391385,1.5212340427628916,0.9249896595807567,
LNET-02881,shunt_then_series,L,1.4619315023131425e-08,H,L,4.06092083975873e-09,H,1.7999999999999998,-2.0,0.9091073029886482,0.9128210687689248,0.9441140488175452,0.833611774036651,34.7871693633783,2.27501657042096,0.9128210687689248,
LNET-00700,series_then_shunt,C,5.414561119678306e-12,F,L,2.256067133199294e-09,H,-0.6000000000000001,-3.6,0.8424130196895059,0.8255639418353953,0.9441227528411011,0.6873765253960153,34.79274394661165,0.9485557928903541,0.8255639418353953,
LNET-02077,shunt_then_series,C,1.4766984871849927e-12,F,C,3.898484006168382e-12,F,-2.2,1.2000000000000002,0.9027244510486118,0.8952864672993888,0.9441943650317041,0.8025130519282666,34.83867473484052,2.564036677830588,0.8952864672993888,
LNET-01245,series_then_shunt,L,1.624368335903492e-08,H,L,6.768201399597882e-09,H,2.0,-1.2000000000000002,0.9277476350953933,0.9276531051716368,0.9442635486604009,0.8606791443868167,34.88315997755418,1.1294969192808622,0.9276531051716368,
LNET-00186,series_then_shunt,C,1.0152302099396824e-12,F,C,6.497473343613974e-13,F,-3.2,0.20000000000000018,0.9149730202224464,0.9097072201214766,0.9443021186701541,0.8280490044958947,34.90800856779258,2.111459738319903,0.9097072201214766,
LNET-01203,series_then_shunt,L,1.4619315023131425e-08,H,L,5.801315485369615e-09,H,1.7999999999999998,-1.4,0.9286677423292993,0.9284469161890457,0.9443475918238089,0.86214420471715,34.93734872475166,1.0924246652647038,0.9284469161890457,
LNET-00623,series_then_shunt,C,3.248736671806984e-12,F,L,3.1237852613528696e-09,H,-1.0,-2.6,0.8345433719355322,0.7950813565672454,0.9444240190141943,0.6445520265229973,34.98676918560926,0.9886628521834987,0.7950813565672454,
LNET-01540,series_then_shunt,L,2.761426171035937e-08,H,C,1.2994946687227947e-12,F,3.4000000000000004,0.40000000000000036,0.9035627002287967,0.9020207516464477,0.9444484853056161,0.8146560171019729,35.00261866850939,7.638499303665439,0.9020207516464477,
LNET-02966,shunt_then_series,L,1.7868051694938416e-08,H,L,5.801315485369615e-09,H,2.2,-1.4,0.9034450446631306,0.9046442833911211,0.9445128944588116,0.8191458023184747,35.04441032728564,2.633675216820941,0.9046442833911211,
LNET-00983,series_then_shunt,L,4.8731050077104735e-09,H,C,1.2345199352866539e-11,F,0.5999999999999996,3.8,0.8453334502998764,0.8491276530679039,0.9445229321340795,0.7256373292311012,35.050931978483234,0.9559388290279622,0.8491276530679039,
LNET-00692,series_then_shunt,C,4.060920839758731e-12,F,C,9.746210015420952e-12,F,-0.7999999999999998,3.0,0.9299712985493501,0.9269018460426277,0.9446522895973875,0.8592816804174368,35.13518943153238,0.9938121162612391,0.9269018460426277,
LNET-02838,shunt_then_series,L,1.2994946687227934e-08,H,L,3.384100699798942e-09,H,1.5999999999999996,-2.4,0.9142033528025626,0.9186823844112594,0.9447381984044915,0.8441972464301285,35.19136441911717,2.0885910918358466,0.9186823844112594,
LNET-01021,series_then_shunt,L,6.497473343613967e-09,H,C,1.039595734978235e-11,F,0.7999999999999998,3.2,0.8354288644817961,0.8294459758362892,0.9447706904687561,0.6963137155701123,35.21265623225968,0.9647301783644058,0.8294459758362892,
LNET-02162,shunt_then_series,C,1.8048537065594359e-12,F,C,5.847726009252571e-12,F,-1.7999999999999998,1.7999999999999998,0.9084785247249947,0.9053329494792597,0.9448632246042905,0.8201496994137615,35.27343067573791,2.2259111345714158,0.9053329494792597,
LNET-00144,series_then_shunt,C,9.555107858255836e-13,F,none,0.0,,-3.4,0.0,0.9125306412603817,0.9059179527238883,0.9449796861599197,0.821334044621292,35.35021068424135,3.4190247461971905,0.9059179527238883,
LNET-01825,shunt_then_series,C,9.555107858255836e-13,F,none,0.0,,-3.4,0.0,0.9125306412603819,0.9059179527238884,0.9449796861599197,0.8213340446212918,35.35021068424135,3.4190247461971905,0.9059179527238884,
LNET-02945,shunt_then_series,L,1.624368335903492e-08,H,C,8.446715346698158e-12,F,2.0,2.5999999999999996,0.9207494047189108,0.9234084048712722,0.9450241779525026,0.8528139748738434,35.37962881704728,1.9564978097810009,0.9234084048712722,
LNET-02707,shunt_then_series,L,8.12184167951746e-09,H,L,2.030460419879365e-09,H,1.0,-4.0,0.9284575810803767,0.9332336996674896,0.9452073340116648,0.8709533099373461,35.50123541033356,1.5410416375154576,0.9332336996674896,
LNET-03105,shunt_then_series,L,2.2741156702648887e-08,H,C,5.847726009252571e-12,F,2.8,1.7999999999999998,0.9309613128929551,0.9316790087967994,0.9452978559144692,0.8680899957256768,35.561638185019866,2.6530153227626436,0.9316790087967994,
LNET-00395,series_then_shunt,C,1.4766984871849927e-12,F,C,3.248736671806984e-12,F,-2.2,1.0,0.9283318034292366,0.925772615511972,0.9452994825148205,0.857197429088502,35.56272539911308,1.1738735348156166,0.925772615511972,
LNET-01258,series_then_shunt,L,1.624368335903492e-08,H,C,4.548231340529779e-12,F,2.0,1.4000000000000004,0.8598733893398456,0.847400206769439,0.9454181272174982,0.7251413461056927,35.642201852794834,1.3402326507282425,0.847400206769439,
LNET-00228,series_then_shunt,C,1.0829122239356614e-12,F,C,1.2994946687227947e-12,F,-3.0,0.40000000000000036,0.9204934109925631,0.9165121536762493,0.9454343584110094,0.8403160821832528,35.653101507809076,1.6307153379715522,0.9165121536762493,
LNET-01178,series_then_shunt,L,1.2994946687227934e-08,H,C,5.847726009252571e-12,F,1.5999999999999996,1.7999999999999998,0.8470227359275765,0.8293869522097033,0.9454414830049638,0.6984231089006386,35.65788790010479,1.1481123434057416,0.8293869522097033,
LNET-02035,shunt_then_series,C,1.3536402799195768e-12,F,C,3.248736671806984e-12,F,-2.4,1.0,0.903874415617695,0.8950430913753279,0.9454862354713773,0.8022065093132053,35.68798178393811,2.7280614184278402,0.8950430913753279,
LNET-01867,shunt_then_series,C,1.0152302099396824e-12,F,C,6.497473343613974e-13,F,-3.2,0.20000000000000018,0.9088266021119337,0.8999667962660833,0.9454996159080692,0.8108861856056362,35.6969890822497,3.2907460410023104,0.8999667962660833,
LNET-00989,series_then_shunt,L,6.497473343613967e-09,H,L,2.538075524849206e-09,H,0.7999999999999998,-3.2,0.9299242969749485,0.9293655930995129,0.9455047838797923,0.8638662579884446,35.700469185924895,0.9933453463517303,0.9293655930995129,
LNET-02248,shunt_then_series,C,2.320526194147846e-12,F,C,8.446715346698158e-12,F,-1.4,2.5999999999999996,0.9164733023914456,0.916879222175793,0.9455582243766177,0.8408783387224988,35.73649466974802,1.867659367374091,0.916879222175793,
LNET-01858,shunt_then_series,C,1.0152302099396824e-12,F,L,5.076151049698412e-09,H,-3.2,-1.6,0.932819904667004,0.9318224458710794,0.9455952713855195,0.8683428047149176,35.76151045936241,2.9435532364682966,0.9318224458710794,
LNET-02751,shunt_then_series,L,9.746210015420954e-09,H,L,2.388776964563959e-09,H,1.2000000000000002,-3.4,0.9243709584580637,0.9292925326305816,0.945600435528353,0.863645126121174,35.76500022426466,1.7170732406990796,0.9292925326305816,
LNET-00384,series_then_shunt,C,1.4766984871849927e-12,F,L,6.768201399597882e-09,H,-2.2,-1.2000000000000002,0.8702061004664444,0.8457819055393617,0.9458089971521209,0.7206250583197366,35.906495449332205,1.5504555804510667,0.8457819055393617,
LNET-00263,series_then_shunt,C,1.160263097073923e-12,F,L,1.0152302099396829e-08,H,-2.8,-0.7999999999999998,0.8887400350080403,0.8743023132455148,0.9458309105583582,0.7668018182814207,35.921425495894084,2.430596706476857,0.8743023132455148,
LNET-01412,series_then_shunt,L,2.2741156702648887e-08,H,L,1.3536402799195764e-08,H,2.8,-0.6000000000000001,0.9240244442506698,0.9241335045691362,0.9458323970849035,0.8542539307059283,35.92243873399465,1.4151119995109664,0.9241335045691362,
LNET-00521,series_then_shunt,C,2.0304604198793647e-12,F,C,5.197978674891173e-12,F,-1.6,1.5999999999999996,0.9317854475968823,0.9292172428032013,0.9458950724046151,0.8635561195300697,35.96520980411771,1.0617985639939134,0.9292172428032013,
LNET-02178,shunt_then_series,C,2.0304604198793647e-12,F,L,2.538075524849206e-09,H,-1.6,-3.2,0.909695127870573,0.9111826866663717,0.9459438463649392,0.8304980366270054,35.99856289262138,1.5982422919495682,0.9111826866663717,
LNET-02205,shunt_then_series,C,2.0304604198793647e-12,F,C,7.147220677975366e-12,F,-1.6,2.2,0.91365395116359,0.9125588830769441,0.9459899352009935,0.833091098153891,36.0301351691174,2.0477655698868724,0.9125588830769441,
LNET-01909,shunt_then_series,C,1.0829122239356614e-12,F,C,1.2994946687227947e-12,F,-3.0,0.40000000000000036,0.906589798399735,0.896357650290016,0.9459931140979211,0.804619395361192,36.032314798269326,3.161601007849205,0.896357650290016,
LNET-01700,shunt_then_series,C,8.12184167951746e-13,F,L,2.0304604198793658e-08,H,-4.0,-0.3999999999999999,0.9317025835047047,0.928129036606485,0.9460830072231717,0.8615751996757768,36.09405693819655,3.8787010576857814,0.928129036606485,
LNET-01993,shunt_then_series,C,1.2495141045411476e-12,F,C,2.5989893374455867e-12,F,-2.6,0.7999999999999998,0.9046159508930348,0.8946505773443487,0.9461314456427382,0.8016091456670458,36.127411787140126,2.882622413123299,0.8946505773443487,
LNET-00142,series_then_shunt,C,9.555107858255836e-13,F,L,2.0304604198793658e-08,H,-3.4,-0.3999999999999999,0.9070774602772175,0.8988703746902449,0.9461830655414772,0.8089297890758811,36.16302350037087,8.325176091725185,0.8988703746902449,
LNET-01697,shunt_then_series,C,8.12184167951746e-13,F,L,8.12184167951746e-09,H,-4.0,-1.0,0.9408955759905445,0.938813321304196,0.9462423646544841,0.8814025523169792,36.20401738553826,3.74241794972565,0.938813321304196,
LNET-03008,shunt_then_series,L,1.9492420030841907e-08,H,L,6.768201399597882e-09,H,2.4000000000000004,-1.2000000000000002,0.9045880169130333,0.9045195653592851,0.9462447460609016,0.8190660811507339,36.205665557191566,2.808282600642513,0.9045195653592851,
LNET-01951,shunt_then_series,C,1.160263097073923e-12,F,C,1.949242003084189e-12,F,-2.8,0.5999999999999996,0.905359797683148,0.8948175341668344,0.9462564211209693,0.8019435802831414,36.213747980976876,3.026737884289451,0.8948175341668344,
LNET-01218,series_then_shunt,L,1.4619315023131425e-08,H,C,5.197978674891173e-12,F,1.7999999999999998,1.5999999999999996,0.855312642872495,0.8401347937217598,0.9462916235012329,0.7144434287983151,36.23813919502686,1.2284133920535338,0.8401347937217598,
LNET-03065,shunt_then_series,L,2.1116788366745392e-08,H,C,6.497473343613968e-12,F,2.5999999999999996,2.0,0.9295725306905371,0.930770500445676,0.9463475791910175,0.8664108752050418,36.27697594709763,2.4735481400820163,0.930770500445676,
LNET-02985,shunt_then_series,L,1.7868051694938416e-08,H,C,7.796968012336763e-12,F,2.2,2.4000000000000004,0.9246358588323913,0.9267891267293916,0.9463537265678932,0.8590488167960568,36.281247550794795,2.125443915362785,0.9267891267293916,
LNET-00437,series_then_shunt,C,1.624368335903492e-12,F,C,3.898484006168382e-12,F,-2.0,1.2000000000000002,0.9311536703426385,0.9287202368307494,0.9464439337436077,0.8626408255332548,36.344042230907604,1.123592799770338,0.9287202368307494,
LNET-02866,shunt_then_series,L,1.2994946687227934e-08,H,C,1.039595734978235e-11,F,1.5999999999999996,3.2,0.9180057553489518,0.9217089614366658,0.9464537264307344,0.8497107215691797,36.35087181020862,1.6467994968975592,0.9217089614366658,
LNET-01580,series_then_shunt,L,2.923863004626285e-08,H,C,6.497473343613974e-13,F,3.5999999999999996,0.20000000000000018,0.9127387283661637,0.9115906064811322,0.946533042128843,0.8316770509419431,36.4062800584155,15.491467708616977,0.9115906064811322,
LNET-01500,series_then_shunt,L,2.5989893374455874e-08,H,C,1.949242003084189e-12,F,3.2,0.5999999999999996,0.8991369226914919,0.8967759275678324,0.9466151711019889,0.8056590837798713,36.46382710752702,3.542120969357181,0.8967759275678324,
LNET-00544,series_then_shunt,C,2.320526194147846e-12,F,L,4.06092083975873e-09,H,-1.4,-2.0,0.8478913721143952,0.8071569468845385,0.9466318944316869,0.6631204086487151,36.475566702286805,1.0946813210020194,0.8071569468845385,
LNET-00479,series_then_shunt,C,1.8048537065594359e-12,F,C,4.548231340529779e-12,F,-1.7999999999999998,1.4000000000000004,0.9323295143096003,0.92988619388732,0.9466993548344482,0.8647985774163317,36.522997963495584,1.0881907085612907,0.92988619388732,
LNET-03025,shunt_then_series,L,1.9492420030841907e-08,H,C,7.147220677975366e-12,F,2.4000000000000004,2.2,0.9275190650895028,0.9291918048809084,0.9467496578369802,0.8634901381238338,36.55844411059799,2.2978284623161676,0.9291918048809084,
LNET-03345,shunt_then_series,L,3.248736671806984e-08,H,C,1.949242003084189e-12,F,4.0,0.5999999999999996,0.9363262898047456,0.9353822147045232,0.9467967063243418,0.8750279634354211,36.59165761790133,3.9041512989343317,0.9353822147045232,
LNET-00606,series_then_shunt,C,2.707280559839153e-12,F,C,7.147220677975366e-12,F,-1.2000000000000002,2.2,0.9333399831426212,0.9305270554182937,0.9468384203055069,0.8659935832689334,36.62115444073564,1.0202016313342357,0.9305270554182937,
LNET-03306,shunt_then_series,L,3.0862998382166346e-08,H,C,3.248736671806984e-12,F,3.8,1.0,0.9400365454350165,0.939211384266955,0.9468803493124291,0.8821596066447895,36.65084999830332,3.6397017670063443,0.939211384266955,
LNET-01737,shunt_then_series,C,8.549307031071011e-13,F,L,6.768201399597882e-09,H,-3.8,-1.2000000000000002,0.940330667553326,0.9386228708756414,0.9469492772579347,0.8810431273422697,36.6997691383787,3.5287428447307967,0.9386228708756414,
LNET-00649,series_then_shunt,C,3.248736671806984e-12,F,C,8.446715346698158e-12,F,-1.0,2.5999999999999996,0.9334964675681856,0.9305589998080908,0.9471307764917919,0.8660585926387303,36.829191867920926,1.005601190796624,0.9305589998080908,
LNET-01099,series_then_shunt,L,9.746210015420954e-09,H,C,7.796968012336763e-12,F,1.2000000000000002,2.4000000000000004,0.8417530955318984,0.8235136932848833,0.9472209229668804,0.6900496542635214,36.893803992536164,1.0246317451943703,0.8235136932848833,
LNET-01742,shunt_then_series,C,8.549307031071011e-13,F,L,4.060920839758726e-08,H,-3.8,-0.20000000000000018,0.9254396088010943,0.9208348484191132,0.9472612626869864,0.8482381612594629,36.92278886257082,3.7465939897157376,0.9208348484191132,
LNET-00944,series_then_shunt,L,4.8731050077104735e-09,H,L,2.030460419879365e-09,H,0.5999999999999996,-4.0,0.9321063956107479,0.9321566564831275,0.9472705068668428,0.8690321132434405,36.92943723068647,0.9853189089383886,0.9321566564831275,
LNET-03266,shunt_then_series,L,2.923863004626285e-08,H,C,3.898484006168382e-12,F,3.5999999999999996,1.2000000000000002,0.9398295649967859,0.9392652144780981,0.9472858453549557,0.8822571462474933,36.94047373930568,3.427772684757601,0.9392652144780981,
LNET-03050,shunt_then_series,L,2.1116788366745392e-08,H,L,8.12184167951746e-09,H,2.5999999999999996,-1.0,0.9053086941865169,0.9039614788353966,0.9473643214519014,0.8182093817543954,36.99704031880953,2.9740802930704295,0.9039614788353966,
LNET-02923,shunt_then_series,L,1.624368335903492e-08,H,L,4.51213426639859e-09,H,2.0,-1.7999999999999998,0.9120268546627777,0.9148686790253555,0.9474519942928705,0.8374224645170415,37.060435845021026,2.4631965624866603,0.9148686790253555,
LNET-00270,series_then_shunt,C,1.160263097073923e-12,F,C,1.949242003084189e-12,F,-2.8,0.5999999999999996,0.9267669075349989,0.923696768016076,0.9475048170022651,0.8534272432507672,37.09873374641435,1.3982036762699066,0.923696768016076,
LNET-03302,shunt_then_series,L,3.0862998382166346e-08,H,C,6.497473343613974e-13,F,3.8,0.20000000000000018,0.9250454826937238,0.924219488602464,0.947542795037786,0.8544880192498767,37.12631651725712,3.8152499282262315,0.924219488602464,
LNET-02336,shunt_then_series,C,3.248736671806984e-12,F,C,1.2345199352866539e-11,F,-1.0,3.8,0.9281331199072768,0.9307785672114376,0.9476345082391987,0.8663986724697059,37.19309115124398,1.519557131661221,0.9307785672114376,
LNET-02292,shunt_then_series,C,2.707280559839153e-12,F,C,1.039595734978235e-11,F,-1.2000000000000002,3.2,0.9239805304343222,0.9257496840790019,0.9476800050943832,0.8571148257166484,37.22630341627367,1.6896219947138702,0.9257496840790019,
LNET-01060,series_then_shunt,L,8.12184167951746e-09,H,C,9.096462681059554e-12,F,1.0,2.8,0.8416344200842136,0.827525014483412,0.9478410645562846,0.6952905416527916,37.3443408686551,0.9883794502056306,0.827525014483412,
LNET-01118,series_then_shunt,L,1.1370578351324447e-08,H,L,4.06092083975873e-09,H,1.4000000000000004,-2.0,0.9339791462461365,0.9334850902983969,0.9478413732932907,0.8715081083491086,37.34456783622973,1.0365613450958537,0.9334850902983969,
LNET-02120,shunt_then_series,C,1.624368335903492e-12,F,C,5.197978674891173e-12,F,-2.0,1.5999999999999996,0.9113944230631327,0.9070403463451012,0.9478442218195702,0.8233219550825013,37.34666205307336,2.4064186133529577,0.9070403463451012,
LNET-00737,series_then_shunt,C,5.414561119678306e-12,F,C,1.2345199352866539e-11,F,-0.6000000000000001,3.8,0.9339239149303055,0.9315101847151794,0.9478664930438493,0.8678180029218152,37.36304359271652,0.9858001936552347,0.9315101847151794,
LNET-02788,shunt_then_series,L,9.746210015420954e-09,H,C,1.2994946687227937e-11,F,1.2000000000000002,4.0,0.9177859205104916,0.922330809427706,0.9480034487525822,0.8508601517454494,37.4640894832294,1.3712327243526783,0.922330809427706,
LNET-03092,shunt_then_series,L,2.2741156702648887e-08,H,L,1.0152302099396829e-08,H,2.8,-0.7999999999999998,0.9060094597071628,0.9035469755124741,0.9480069000703011,0.8175840695187494,37.466642741137704,3.129219626800026,0.9035469755124741,
LNET-00102,series_then_shunt,C,9.024268532797177e-13,F,L,4.060920839758726e-08,H,-3.6,-0.20000000000000018,0.9156253064975571,0.9089884738032575,0.9480504657195438,0.826908008850808,37.49890143774424,14.06939319147341,0.9089884738032575,
LNET-01370,series_then_shunt,L,2.1116788366745392e-08,H,L,1.0152302099396829e-08,H,2.5999999999999996,-0.7999999999999998,0.9297284701681039,0.929848851137707,0.9480914848079115,0.8647807642131798,37.52932399624532,1.2805144999514193,0.929848851137707,
LNET-02827,shunt_then_series,L,1.1370578351324447e-08,H,C,1.1695452018505142e-11,F,1.4000000000000004,3.5999999999999996,0.9186194440315459,0.9227496580698388,0.9481341118891722,0.8516351203271791,37.560990139152146,1.5058362098147169,0.9227496580698388,
LNET-03346,shunt_then_series,L,3.248736671806984e-08,H,C,2.5989893374455867e-12,F,4.0,0.7999999999999998,0.9406534721212176,0.9397269116393129,0.9481395569097484,0.8831388616679556,37.56503880075692,3.865608003360907,0.9397269116393129,
LNET-01898,shunt_then_series,C,1.0829122239356614e-12,F,L,4.51213426639859e-09,H,-3.0,-1.7999999999999998,0.9322583747245651,0.931655906137629,0.9481514351158625,0.8680460283451011,37.573873827930754,2.7612477496969405,0.931655906137629,
LNET-02794,shunt_then_series,L,1.1370578351324447e-08,H,L,2.7072805598391537e-09,H,1.4000000000000004,-3.0,0.9243158398283869,0.9289924861477392,0.9481596908928271,0.8631239496648757,37.58001687191466,1.8999280455856082,0.9289924861477392,
LNET-01537,series_then_shunt,L,2.761426171035937e-08,H,L,4.060920839758726e-08,H,3.4000000000000004,-0.20000000000000018,0.9204502805715485,0.9199929918304378,0.9481663844328587,0.846806718035748,37.58499890692274,2.2200733702687696,0.9199929918304378,
LNET-01379,series_then_shunt,L,2.1116788366745392e-08,H,C,3.248736671806984e-12,F,2.5999999999999996,1.0,0.8838015801764846,0.8776796555261628,0.9482076962249116,0.7735930411864607,37.6157759787079,1.7815443275651035,0.8776796555261628,
LNET-03344,shunt_then_series,L,3.248736671806984e-08,H,C,1.2994946687227947e-12,F,4.0,0.40000000000000036,0.9331992813510802,0.9323622708335075,0.948279586684551,0.8694522210940665,37.66945122425379,3.956133774464277,0.9323622708335075,
LNET-02217,shunt_then_series,C,2.320526194147846e-12,F,L,2.256067133199294e-09,H,-1.4,-3.6,0.9109237536890705,0.9127008449284261,0.9482834811575238,0.8332790671584277,37.67236319775927,1.464596624712039,0.9127008449284261,
LNET-03134,shunt_then_series,L,2.4365525038552382e-08,H,L,1.3536402799195764e-08,H,3.0,-0.6000000000000001,0.9071660380318315,0.9040268413497378,0.9483054728789467,0.8184882388584912,37.68881507159534,3.273738027368764,0.9040268413497378,
LNET-00424,series_then_shunt,C,1.624368335903492e-12,F,L,5.801315485369615e-09,H,-2.0,-1.4,0.8690918375774604,0.8406630111636904,0.9483507058561085,0.7131627278244763,37.72269763122284,1.366293702230321,0.8406630111636904,
LNET-03176,shunt_then_series,L,2.5989893374455874e-08,H,L,2.0304604198793658e-08,H,3.2,-0.3999999999999999,0.9092945664096859,0.9061906631920746,0.9484059262519348,0.8222987776731401,37.76414197812785,3.4103343160349326,0.9061906631920746,
LNET-00182,series_then_shunt,C,1.0152302099396824e-12,F,L,1.3536402799195764e-08,H,-3.2,-0.6000000000000001,0.9031887027656456,0.8929357138929529,0.9484374757164108,0.7987052785585672,37.78786052056299,3.759213535601602,0.8929357138929529,
LNET-03218,shunt_then_series,L,2.761426171035937e-08,H,L,4.060920839758726e-08,H,3.4000000000000004,-0.20000000000000018,0.9128590076556887,0.910560541698592,0.9484794445868452,0.8299882727557948,37.819457281885924,3.543837385863301,0.910560541698592,
LNET-02256,shunt_then_series,C,2.707280559839153e-12,F,L,2.030460419879365e-09,H,-1.2000000000000002,-4.0,0.9105633783630591,0.9127073234108113,0.9486598908760937,0.8332921955120178,37.955896941572895,1.3373433136005124,0.9127073234108113,
LNET-03226,shunt_then_series,L,2.761426171035937e-08,H,C,4.548231340529779e-12,F,3.4000000000000004,1.4000000000000004,0.9397791616072962,0.9395814058989962,0.9486971326214337,0.8828525917722804,37.98417578187017,3.2272345161343723,0.9395814058989962,
LNET-03260,shunt_then_series,L,2.923863004626285e-08,H,none,0.0,,3.5999999999999996,0.0,0.9181283872243038,0.9170985656493299,0.9487282649508172,0.8416259696289231,38.00784707366514,3.679432512695995,0.9170985656493299,
LNET-01579,series_then_shunt,L,2.923863004626285e-08,H,none,0.0,,3.5999999999999996,0.0,0.9181283872243039,0.9170985656493299,0.9487282649508173,0.8416259696289231,38.007847073665225,3.6794325126959944,0.9170985656493299,
LNET-00504,series_then_shunt,C,2.0304604198793647e-12,F,L,4.51213426639859e-09,H,-1.6,-1.7999999999999998,0.8590125091383124,0.8223114229662314,0.9489346267687996,0.6857252187901249,38.165482859489224,1.1616887036926025,0.8223114229662314,
LNET-01032,series_then_shunt,L,8.12184167951746e-09,H,L,2.9006577426848075e-09,H,1.0,-2.8,0.9348656297646346,0.9342128901662564,0.9489512245398659,0.872878079955979,38.1782169498243,1.0047277722485526,0.9342128901662564,
LNET-02880,shunt_then_series,L,1.4619315023131425e-08,H,L,3.691746217962481e-09,H,1.7999999999999998,-2.2,0.9183347371486142,0.9221292789963349,0.9490271518032639,0.8505788588101549,38.2365753681401,2.2779186222611885,0.9221292789963349,
LNET-01777,shunt_then_series,C,9.024268532797177e-13,F,L,5.801315485369615e-09,H,-3.6,-1.4,0.9401586595259841,0.9388630153455204,0.9490737686752536,0.8814973706945557,38.272491758645955,3.3279574330634336,0.9388630153455204,
LNET-02138,shunt_then_series,C,1.8048537065594359e-12,F,L,2.7072805598391537e-09,H,-1.7999999999999998,-3.0,0.9161245646958929,0.9171938517745439,0.949180771537278,0.8414555070870561,38.355182290244365,1.7523871073112156,0.9171938517745439,
LNET-02837,shunt_then_series,L,1.2994946687227934e-08,H,L,3.1237852613528696e-09,H,1.5999999999999996,-2.6,0.9223686227368244,0.9267067589734356,0.9492698737954782,0.8589410654412154,38.42430562732825,2.0881658767277593,0.9267067589734356,
LNET-01495,series_then_shunt,L,2.5989893374455874e-08,H,L,2.0304604198793658e-08,H,3.2,-0.3999999999999999,0.92574230078505,0.925686902101033,0.9493262035620194,0.8571783816071864,38.46813028796427,1.6931621999240323,0.925686902101033,
LNET-02750,shunt_then_series,L,9.746210015420954e-09,H,L,2.256067133199294e-09,H,1.2000000000000002,-3.6,0.9304050788043844,0.9350118178469647,0.9493598841795574,0.874292018971078,38.49438044516938,1.714848774668153,0.9350118178469647,
LNET-00464,series_then_shunt,C,1.8048537065594359e-12,F,L,5.076151049698412e-09,H,-1.7999999999999998,-1.6,0.865712494170714,0.8332026559374286,0.9494342121494836,0.7020520368905583,38.552434264693794,1.2469447323678284,0.8332026559374286,
LNET-00693,series_then_shunt,C,4.060920839758731e-12,F,C,1.039595734978235e-11,F,-0.7999999999999998,3.2,0.9361027370004545,0.9333085410994214,0.9494426529174288,0.8711762163747128,38.55903771480657,0.9944112033739133,0.9333085410994214,
LNET-00145,series_then_shunt,C,9.555107858255836e-13,F,C,6.497473343613974e-13,F,-3.4,0.20000000000000018,0.9229886199456231,0.918192962126317,0.949594039961001,0.8434758475476655,38.67784758890821,2.1810525698029672,0.918192962126317,
LNET-01075,series_then_shunt,L,9.746210015420954e-09,H,L,3.384100699798942e-09,H,1.2000000000000002,-2.4,0.9361836305725529,0.9355852914126118,0.9496601480900098,0.8754321788292108,38.72995398508688,1.0182527810717852,0.9355852914126118,
LNET-00312,series_then_shunt,C,1.2495141045411476e-12,F,C,2.5989893374455867e-12,F,-2.6,0.7999999999999998,0.9324244807202917,0.929916333134992,0.9497767850317116,0.8648899429629788,38.822221681006006,1.2683653979296727,0.929916333134992,
LNET-02249,shunt_then_series,C,2.320526194147846e-12,F,C,9.096462681059554e-12,F,-1.4,2.8,0.9238872407769004,0.9246757984077204,0.9498645168644769,0.855180382019897,38.89190638880902,1.8664311517413157,0.9246757984077204,
LNET-02965,shunt_then_series,L,1.7868051694938416e-08,H,L,5.076151049698412e-09,H,2.2,-1.6,0.9138900055995334,0.9157850426511215,0.9498880168072268,0.8391853418371072,38.91061364117845,2.649722021218939,0.9157850426511215,
LNET-02078,shunt_then_series,C,1.4766984871849927e-12,F,C,4.548231340529779e-12,F,-2.2,1.4000000000000004,0.9132525759700962,0.9076288056799584,0.9499270902723054,0.8244827887492638,38.941757147254975,2.58441166420391,0.9076288056799584,
LNET-02163,shunt_then_series,C,1.8048537065594359e-12,F,C,6.497473343613968e-12,F,-1.7999999999999998,2.0,0.9177859572143519,0.9157226660327648,0.9499409382591536,0.838918916268867,38.95280635410056,2.2305409694936817,0.9157226660327648,
LNET-00661,series_then_shunt,C,4.060920839758731e-12,F,L,2.538075524849206e-09,H,-0.7999999999999998,-3.2,0.8513285824776874,0.8221878965714673,0.9500103816769347,0.6843056464653571,39.00830706637338,0.9647948731281973,0.8221878965714673,
LNET-00988,series_then_shunt,L,6.497473343613967e-09,H,L,2.388776964563959e-09,H,0.7999999999999998,-3.4,0.9357687384241152,0.935263607963382,0.9500116403402222,0.8748397892092108,39.009314440642946,0.9939580515011449,0.935263607963382,
LNET-02906,shunt_then_series,L,1.4619315023131425e-08,H,C,9.746210015420952e-12,F,1.7999999999999998,3.0,0.9240901609086085,0.9272308279891643,0.9500126617113639,0.8599002096180682,39.010131934843805,1.8074158681100405,0.9272308279891643,
LNET-01328,series_then_shunt,L,1.9492420030841907e-08,H,L,8.12184167951746e-09,H,2.4000000000000004,-1.0,0.9341793633213539,0.9342373571319826,0.9500463833270418,0.8729217418756836,39.03714111620426,1.197621809439454,0.9342373571319826,
LNET-01784,shunt_then_series,C,9.024268532797177e-13,F,none,0.0,,-3.6,0.0,0.9207121142347814,0.9147051426641221,0.9501150470848255,0.8372174546088714,39.09224992956987,3.616376023201777,0.9147051426641221,
LNET-00103,series_then_shunt,C,9.024268532797177e-13,F,none,0.0,,-3.6,0.0,0.9207121142347814,0.9147051426641222,0.9501150470848255,0.8372174546088714,39.09224992956987,3.616376023201777,0.9147051426641222,
LNET-01581,series_then_shunt,L,2.923863004626285e-08,H,C,1.2994946687227947e-12,F,3.5999999999999996,0.40000000000000036,0.9136418940167371,0.9122360916192748,0.9502139662551891,0.832989023422489,39.17190865718349,7.562883105195076,0.9122360916192748,
LNET-00699,series_then_shunt,C,5.414561119678306e-12,F,L,2.1373267577677528e-09,H,-0.6000000000000001,-3.8,0.858721205565065,0.8421068966990867,0.9502468890495328,0.7141222757071437,39.198491346423424,0.9544655631951788,0.8421068966990867,
LNET-01938,shunt_then_series,C,1.160263097073923e-12,F,L,4.06092083975873e-09,H,-2.8,-2.0,0.9313756141757144,0.9311073913971489,0.9502609747579508,0.8670413698761935,39.209875249207876,2.5842913646963157,0.9311073913971489,
LNET-00984,series_then_shunt,L,4.8731050077104735e-09,H,C,1.2994946687227937e-11,F,0.5999999999999996,4.0,0.8604590526710445,0.8629200996722348,0.9503193796479373,0.7486143117438192,39.25714626401526,0.9606635878945856,0.8629200996722348,
LNET-00303,series_then_shunt,C,1.2495141045411476e-12,F,L,8.12184167951746e-09,H,-2.6,-1.0,0.8897580781782262,0.8722403127418917,0.9504101717060889,0.7638529003024936,39.33085148321777,1.8388103862153329,0.8722403127418917,
LNET-01160,series_then_shunt,L,1.2994946687227934e-08,H,L,4.51213426639859e-09,H,1.5999999999999996,-1.7999999999999998,0.9373224095984519,0.9369606938639379,0.9504110446666184,0.8779926969445977,39.33156146472939,1.0545311085760538,0.9369606938639379,
LNET-03186,shunt_then_series,L,2.5989893374455874e-08,H,C,5.197978674891173e-12,F,3.2,1.5999999999999996,0.939665012717127,0.9398811980027939,0.9504843466425825,0.8834210731095408,39.39126749602707,3.035265240216334,0.9398811980027939,
LNET-00564,series_then_shunt,C,2.320526194147846e-12,F,C,6.497473343613968e-12,F,-1.4,2.0,0.9381313494747763,0.9356640737893968,0.9505008482336417,0.8755589122279304,39.40473278088136,1.0350186895084588,0.9356640737893968,
LNET-02206,shunt_then_series,C,2.0304604198793647e-12,F,C,7.796968012336763e-12,F,-1.6,2.4000000000000004,0.9218880432417744,0.9214607553838885,0.9506010187668456,0.8493264480613283,39.48666490833797,2.048204034518634,0.9214607553838885,
LNET-00187,series_then_shunt,C,1.0152302099396824e-12,F,C,1.2994946687227947e-12,F,-3.2,0.40000000000000036,0.9281831591944121,0.924577829526609,0.9507608700861426,0.8551077506228568,39.61810197497295,1.6673147307703002,0.924577829526609,
LNET-01826,shunt_then_series,C,9.555107858255836e-13,F,C,6.497473343613974e-13,F,-3.4,0.20000000000000018,0.9176018660764416,0.9095189860550927,0.9508040221176711,0.8280051108512589,39.653729961090924,3.487978515993512,0.9095189860550927,
LNET-01460,series_then_shunt,L,2.4365525038552382e-08,H,C,2.5989893374455867e-12,F,3.0,0.7999999999999998,0.8987154058782783,0.8950404750768551,0.9508781440516177,0.8030260757820583,39.71507400090135,2.2664644665691127,0.8950404750768551,
LNET-02337,shunt_then_series,C,3.248736671806984e-12,F,C,1.2994946687227937e-11,F,-1.0,4.0,0.9333250662643381,0.935951218926163,0.9510084289864653,0.8760430789360282,39.82334896848825,1.517711615071108,0.935951218926163,
LNET-02098,shunt_then_series,C,1.624368335903492e-12,F,L,2.9006577426848075e-09,H,-2.0,-2.8,0.9211868746090317,0.9219400787145118,0.9512410361644434,0.850152507353868,40.01809888219031,1.911700711092298,0.9219400787145118,
LNET-02036,shunt_then_series,C,1.3536402799195768e-12,F,C,3.898484006168382e-12,F,-2.4,1.2000000000000002,0.9142832713982129,0.9073538870275464,0.9512720099063019,0.8240901705042862,40.044171864142946,2.7573927986015287,0.9073538870275464,
LNET-00583,series_then_shunt,C,2.707280559839153e-12,F,L,3.384100699798942e-09,H,-1.2000000000000002,-2.4,0.8562850584652504,0.8166251708426561,0.9513158170977802,0.6777602574175581,40.081104391069275,1.030010955717111,0.8166251708426561,
LNET-01453,series_then_shunt,L,2.4365525038552382e-08,H,L,1.3536402799195764e-08,H,3.0,-0.6000000000000001,0.9318055026143567,0.9319200174983866,0.9513945128199964,0.8686606788469795,40.147617605256826,1.4395199140149728,0.9319200174983866,
LNET-02293,shunt_then_series,C,2.707280559839153e-12,F,C,1.1045704684143746e-11,F,-1.2000000000000002,3.4000000000000004,0.9300583930455816,0.9319476024267834,0.951404267530025,0.8686034612840965,40.15587724160156,1.6875686789393043,0.9319476024267834,
LNET-01286,series_then_shunt,L,1.7868051694938416e-08,H,L,6.768201399597882e-09,H,2.2,-1.2000000000000002,0.9372003751991494,0.937167817827942,0.9514097805232097,0.8783844815667798,40.16054674244316,1.142891681377393,0.937167817827942,
LNET-01022,series_then_shunt,L,6.497473343613967e-09,H,C,1.1045704684143746e-11,F,0.7999999999999998,3.4000000000000004,0.8544156915627849,0.8477460532522799,0.9514558248095908,0.725603171166361,40.199587636523205,0.9694518733029023,0.8477460532522799,
LNET-01868,shunt_then_series,C,1.0152302099396824e-12,F,C,1.2994946687227947e-12,F,-3.2,0.40000000000000036,0.9158818956765645,0.9065091082904086,0.9514968661486448,0.8227195127393087,40.23444901785702,3.3585478221653258,0.9065091082904086,
LNET-03007,shunt_then_series,L,1.9492420030841907e-08,H,L,5.801315485369615e-09,H,2.4000000000000004,-1.4,0.9149237337515844,0.9157765660835572,0.9515975755877047,0.8392750433548535,40.320244270490655,2.832272216338313,0.9157765660835572,
LNET-01621,series_then_shunt,L,3.0862998382166346e-08,H,C,6.497473343613974e-13,F,3.8,0.20000000000000018,0.9210540053217341,0.9200062179315132,0.9516023910025726,0.8469675432053888,40.3243555090978,16.947284351690467,0.9200062179315132,
LNET-00738,series_then_shunt,C,5.414561119678306e-12,F,C,1.2994946687227937e-11,F,-0.6000000000000001,4.0,0.9387899022500715,0.9365889409299654,0.9516677505993841,0.877289222476765,40.38023834608689,0.9869462825662852,0.9365889409299654,
LNET-00101,series_then_shunt,C,9.024268532797177e-13,F,L,2.0304604198793658e-08,H,-3.6,-0.3999999999999999,0.9166442446445802,0.9092539588986146,0.9516939671619338,0.8275181128350351,40.40269615400823,8.295375575426297,0.9092539588986146,
LNET-01978,shunt_then_series,C,1.2495141045411476e-12,F,L,3.691746217962481e-09,H,-2.6,-2.2,0.9299918898934396,0.9300044496110579,0.9517173155877242,0.8650088343104185,40.422717571426155,2.411331379485738,0.9300044496110579,
LNET-01202,series_then_shunt,L,1.4619315023131425e-08,H,L,5.076151049698412e-09,H,1.7999999999999998,-1.6,0.938837551533871,0.9385948344926829,0.9517293238633505,0.8810506056208881,40.433022283305064,1.076416844713053,0.9385948344926829,
LNET-01817,shunt_then_series,C,9.555107858255836e-13,F,L,5.076151049698412e-09,H,-3.4,-1.6,0.9401292065484862,0.9392282878002575,0.9517494353630886,0.8821909360948803,40.45029213751446,3.1371044589744357,0.9392282878002575,
LNET-00354,series_then_shunt,C,1.3536402799195768e-12,F,C,3.248736671806984e-12,F,-2.4,1.0,0.9368862242997391,0.9346932007229971,0.9517665706600094,0.8737594315206998,40.46501767274896,1.1887040651110774,0.9346932007229971,
LNET-01701,shunt_then_series,C,8.12184167951746e-13,F,L,4.060920839758726e-08,H,-4.0,-0.20000000000000018,0.9319799579300989,0.9277858826531054,0.9518300373554874,0.861036243322633,40.51965021770338,3.944130793866383,0.9277858826531054,
LNET-03347,shunt_then_series,L,3.248736671806984e-08,H,C,3.248736671806984e-12,F,4.0,1.0,0.9456672596806452,0.9449251907363848,0.9519108004057685,0.8929179089970464,40.58938008691472,3.8413404253221453,0.9449251907363848,
LNET-01994,shunt_then_series,C,1.2495141045411476e-12,F,C,3.248736671806984e-12,F,-2.6,1.0,0.9147344513892817,0.9065538356963223,0.9520013972825325,0.8227487380882407,40.667879620840864,2.9227707479437357,0.9065538356963223,
LNET-02793,shunt_then_series,L,1.1370578351324447e-08,H,L,2.538075524849206e-09,H,1.4000000000000004,-3.2,0.9308157145028646,0.9352216044098148,0.9520029469538023,0.8747101188171957,40.669224943351765,1.897628330158103,0.9352216044098148,
LNET-01910,shunt_then_series,C,1.0829122239356614e-12,F,C,1.949242003084189e-12,F,-3.0,0.5999999999999996,0.9151372954911419,0.9054446709000886,0.9520127190755096,0.8208596677416149,40.67771045721605,3.2231955120769897,0.9054446709000886,
LNET-01244,series_then_shunt,L,1.624368335903492e-08,H,L,5.801315485369615e-09,H,2.0,-1.4,0.9387622392171179,0.9386283643475319,0.9520133522580038,0.881114530926372,40.678260393456696,1.1046169547937992,0.9386283643475319,
LNET-01696,shunt_then_series,C,8.12184167951746e-13,F,L,6.768201399597882e-09,H,-4.0,-1.2000000000000002,0.9459365456868345,0.9443932163807898,0.9520416912927169,0.8919037670791053,40.70288848606274,3.724694120199316,0.9443932163807898,
LNET-01339,series_then_shunt,L,1.9492420030841907e-08,H,C,3.898484006168382e-12,F,2.4000000000000004,1.2000000000000002,0.8849543401334033,0.8766789851152336,0.9520719393049109,0.7725461120994607,40.72920771244404,1.505424041551664,0.8766789851152336,
LNET-03343,shunt_then_series,L,3.248736671806984e-08,H,C,6.497473343613974e-13,F,4.0,0.20000000000000018,0.9317163658978357,0.9309634872061201,0.9521510306223334,0.8669459161065305,40.798183451230116,4.018182169335889,0.9309634872061201,
LNET-03146,shunt_then_series,L,2.4365525038552382e-08,H,C,5.847726009252571e-12,F,3.0,1.7999999999999998,0.9393050020522141,0.9399417734848127,0.952187633478226,0.883542814463516,40.83018213685761,2.849470074332393,0.9399417734848127,
LNET-00650,series_then_shunt,C,3.248736671806984e-12,F,C,9.096462681059554e-12,F,-1.0,2.8,0.9400094121612009,0.9373506011146616,0.9522157375590556,0.8787220290740543,40.85478435440457,1.0049915928158615,0.9373506011146616,
LNET-01952,shunt_then_series,C,1.160263097073923e-12,F,C,2.5989893374455867e-12,F,-2.8,0.7999999999999998,0.914898949320054,0.9057044563938023,0.9522164182846321,0.8212991766119555,40.855380618250535,3.078348681493348,0.9057044563938023,
LNET-02922,shunt_then_series,L,1.624368335903492e-08,H,L,4.06092083975873e-09,H,2.0,-2.0,0.921244177283542,0.9243369189580909,0.9522492972924844,0.8546999288802731,40.88420036979301,2.4686831598999803,0.9243369189580909,
LNET-01139,series_then_shunt,L,1.1370578351324447e-08,H,C,7.147220677975366e-12,F,1.4000000000000004,2.2,0.8596842669365831,0.8413260235222649,0.9522700544135322,0.7177855144763379,40.90241525368576,1.0663863686413826,0.8413260235222649,
LNET-02058,shunt_then_series,C,1.4766984871849927e-12,F,L,3.1237852613528696e-09,H,-2.2,-2.6,0.9250649754929964,0.9255602063303051,0.952282139618251,0.8568114769174159,40.913027616907904,2.0750141137484035,0.9255602063303051,
LNET-00622,series_then_shunt,C,3.248736671806984e-12,F,L,2.9006577426848075e-09,H,-1.0,-2.8,0.8569597232206265,0.8206709382011317,0.9523175606248325,0.6834086849334199,40.94416280307965,0.9908047943619706,0.8206709382011317,
LNET-02018,shunt_then_series,C,1.3536402799195768e-12,F,L,3.384100699798942e-09,H,-2.4,-2.4,0.927942675133323,0.9282012549264166,0.9524147934355915,0.8616812268126517,41.02986903698571,2.2416406020855395,0.9282012549264166,
LNET-02946,shunt_then_series,L,1.624368335903492e-08,H,C,9.096462681059554e-12,F,2.0,2.8,0.9288882610118411,0.931544520593885,0.9524197472381228,0.8678985905786214,41.03424496312186,1.9730250776768785,0.931544520593885,
LNET-00607,series_then_shunt,C,2.707280559839153e-12,F,C,7.796968012336763e-12,F,-1.2000000000000002,2.4000000000000004,0.9406811631147914,0.9381638547182257,0.9525259395662202,0.8802397922499112,41.1282692427319,1.0176918502461512,0.9381638547182257,
LNET-03307,shunt_then_series,L,3.0862998382166346e-08,H,C,3.898484006168382e-12,F,3.8,1.2000000000000002,0.9457738604095997,0.9452736744905724,0.9525837775112886,0.8935736346187184,41.17965698292712,3.62863137537264,0.9452736744905724,
LNET-01541,series_then_shunt,L,2.761426171035937e-08,H,C,1.949242003084189e-12,F,3.4000000000000004,0.5999999999999996,0.9107060692113408,0.9085790104401069,0.9526402854477202,0.8266531565753195,41.22998425787013,3.3932863688045765,0.9085790104401069,
LNET-02177,shunt_then_series,C,2.0304604198793647e-12,F,L,2.388776964563959e-09,H,-1.6,-3.4,0.918410803597989,0.9196839863428908,0.9526655100359578,0.8460458889218858,41.25248865086126,1.6127289546220056,0.9196839863428908,
LNET-00222,series_then_shunt,C,1.0829122239356614e-12,F,L,1.0152302099396829e-08,H,-3.0,-0.7999999999999998,0.9031790095986296,0.8905483104147724,0.9526942153994928,0.794892398706379,41.27812765161405,2.361216494097176,0.8905483104147724,
LNET-03049,shunt_then_series,L,2.1116788366745392e-08,H,L,6.768201399597882e-09,H,2.5999999999999996,-1.2000000000000002,0.9153712250320544,0.9150970664128791,0.9527165330235433,0.8381544198354295,41.29808277374916,3.008257832447441,0.9150970664128791,
LNET-00522,series_then_shunt,C,2.0304604198793647e-12,F,C,5.847726009252571e-12,F,-1.6,1.7999999999999998,0.940910561844579,0.9386869518400002,0.952720071406032,0.8812131859263791,41.301248319887705,1.0520273152120994,0.9386869518400002,
LNET-02749,shunt_then_series,L,9.746210015420954e-09,H,L,2.1373267577677528e-09,H,1.2000000000000002,-3.8,0.9357897951154454,0.9400963394510683,0.9527619077307075,0.8838148684715247,41.33871233830741,1.7124011664403662,0.9400963394510683,
LNET-02867,shunt_then_series,L,1.2994946687227934e-08,H,C,1.1045704684143746e-11,F,1.5999999999999996,3.4000000000000004,0.9257104082003308,0.9292353576758352,0.9527886752170212,0.8636296128680916,41.3627171911317,1.6605961663196525,0.9292353576758352,
LNET-00229,series_then_shunt,C,1.0829122239356614e-12,F,C,1.949242003084189e-12,F,-3.0,0.5999999999999996,0.9341525770302855,0.9314069987513073,0.9528238486628383,0.8676897881666896,41.39430185193077,1.421515623302355,0.9314069987513073,
LNET-02121,shunt_then_series,C,1.624368335903492e-12,F,C,5.847726009252571e-12,F,-2.0,1.7999999999999998,0.920691744632905,0.917626810227783,0.952851484576989,0.8424625682522672,41.41915110277029,2.414297321515488,0.917626810227783,
LNET-00061,series_then_shunt,C,8.549307031071011e-13,F,L,4.060920839758726e-08,H,-3.8,-0.20000000000000018,0.9235547370416244,0.9175312299462137,0.9529158623737215,0.8423957341106315,41.477150497575735,15.507513944535228,0.9175312299462137,
LNET-01578,series_then_shunt,L,2.923863004626285e-08,H,L,4.060920839758726e-08,H,3.5999999999999996,-0.20000000000000018,0.9277533540420648,0.9273300502904531,0.9529428384434631,0.8602881284285554,41.501501022264065,2.2889653555014933,0.9273300502904531,
LNET-00396,series_then_shunt,C,1.4766984871849927e-12,F,C,3.898484006168382e-12,F,-2.2,1.2000000000000002,0.9399857486061022,0.9379424642202407,0.9531974173563769,0.8798236982294215,41.732684544973516,1.1362684633219682,0.9379424642202407,
LNET-02836,shunt_then_series,L,1.2994946687227934e-08,H,L,2.9006577426848075e-09,H,1.5999999999999996,-2.8,0.9295413847208094,0.9336918887113695,0.953307401099006,0.8718918958745053,41.83334076650475,2.0865076723220066,0.9336918887113695,
LNET-03259,shunt_then_series,L,2.923863004626285e-08,H,L,4.060920839758726e-08,H,3.5999999999999996,-0.20000000000000018,0.9210039521941418,0.9188818414094732,0.9533286324553751,0.8450618947966375,41.85282615915847,3.7467237369066733,0.9188818414094732,
LNET-03091,shunt_then_series,L,2.2741156702648887e-08,H,L,8.12184167951746e-09,H,2.8,-1.0,0.9155189124331504,0.9141051412327934,0.9533572374168063,0.836469494961553,41.87910683748052,3.1751109067161885,0.9141051412327934,
LNET-03301,shunt_then_series,L,3.0862998382166346e-08,H,none,0.0,,3.8,0.0,0.9255887263617383,0.9246494383226599,0.9533720689966131,0.8554353726020588,41.89274597782874,3.882365516116773,0.9246494383226599,
LNET-01620,series_then_shunt,L,3.0862998382166346e-08,H,none,0.0,,3.8,0.0,0.9255887263617383,0.9246494383226599,0.9533720689966132,0.8554353726020589,41.89274597782884,3.882365516116773,0.9246494383226599,
LNET-02879,shunt_then_series,L,1.4619315023131425e-08,H,L,3.384100699798942e-09,H,1.7999999999999998,-2.4,0.9264163431430993,0.9301797738540065,0.9533790903835392,0.8654141274415289,41.89920588108483,2.2783629316728438,0.9301797738540065,
LNET-03217,shunt_then_series,L,2.761426171035937e-08,H,L,2.0304604198793658e-08,H,3.4000000000000004,-0.3999999999999999,0.9180204346572677,0.9151212567891803,0.9534716749584364,0.8383741359856626,41.98456903861052,3.61303900648426,0.9151212567891803,
LNET-03106,shunt_then_series,L,2.2741156702648887e-08,H,C,6.497473343613968e-12,F,2.8,2.0,0.9385477934297961,0.9395927608015766,0.9535191528343501,0.8828970188388939,42.02847564013487,2.668112382836674,0.9395927608015766,
LNET-03175,shunt_then_series,L,2.5989893374455874e-08,H,L,1.3536402799195764e-08,H,3.2,-0.6000000000000001,0.9163984566795271,0.9134204273670951,0.9536197274306698,0.835354159196948,42.12178193886977,3.4760946850791012,0.9134204273670951,
LNET-03133,shunt_then_series,L,2.4365525038552382e-08,H,L,1.0152302099396829e-08,H,3.0,-0.7999999999999998,0.9157196546112635,0.9133192657936772,0.9536226771720804,0.8351384688951502,42.124524617794016,3.3310304777448083,0.9133192657936772,
LNET-01031,series_then_shunt,L,8.12184167951746e-09,H,L,2.7072805598391537e-09,H,1.0,-3.0,0.9409218084654368,0.9403182416527496,0.9536352170158996,0.8843003139060047,42.136188099615346,1.0042422159965714,0.9403182416527496,
LNET-00694,series_then_shunt,C,4.060920839758731e-12,F,C,1.1045704684143746e-11,F,-0.7999999999999998,3.4000000000000004,0.9414881095598391,0.9389366588979057,0.9536592949667956,0.8816948705097595,42.1586010304967,0.9949281840217524,0.9389366588979057,
LNET-01411,series_then_shunt,L,2.2741156702648887e-08,H,L,1.0152302099396829e-08,H,2.8,-0.7999999999999998,0.9373318877929989,0.9374671423578577,0.9536800100390999,0.8789718125720275,42.1779022769273,1.2980985681710973,0.9374671423578577,
LNET-02250,shunt_then_series,C,2.320526194147846e-12,F,C,9.746210015420952e-12,F,-1.4,3.0,0.930437746578712,0.9314988565126566,0.9537071714464391,0.8678052635621921,42.203236062492856,1.8644317662418433,0.9314988565126566,
LNET-01117,series_then_shunt,L,1.1370578351324447e-08,H,L,3.691746217962481e-09,H,1.4000000000000004,-2.2,0.9417335064571329,0.9412618776274926,0.9537513373250824,0.8860609129797309,42.244493663698464,1.0316602715087917,0.9412618776274926,
LNET-02828,shunt_then_series,L,1.1370578351324447e-08,H,C,1.2345199352866539e-11,F,1.4000000000000004,3.8,0.925783233948551,0.9296705703685805,0.9537542355494858,0.8644423529693004,42.24720379830941,1.5176457790009998,0.9296705703685805,
LNET-00480,series_then_shunt,C,1.8048537065594359e-12,F,C,5.197978674891173e-12,F,-1.7999999999999998,1.5999999999999996,0.9420389861856934,0.9399659356111518,0.9537947833660421,0.8836115903309939,42.285155783256855,1.0728221047195066,0.9399659356111518,
LNET-02986,shunt_then_series,L,1.7868051694938416e-08,H,C,8.446715346698158e-12,F,2.2,2.5999999999999996,0.9325734918545224,0.9347996860111385,0.9538547626311024,0.8739556202286721,42.34141753376309,2.1424318067321466,0.9347996860111385,
LNET-00438,series_then_shunt,C,1.624368335903492e-12,F,C,4.548231340529779e-12,F,-2.0,1.4000000000000004,0.9417061572268882,0.9396952485488388,0.9539115794827374,0.8831050197177042,42.39484793693229,1.0996966405559299,0.9396952485488388,
LNET-00987,series_then_shunt,L,6.497473343613967e-09,H,L,2.256067133199294e-09,H,0.7999999999999998,-3.6,0.9409337321625659,0.9404767762368537,0.9540003314498129,0.8845989076755945,42.478574151418854,0.9944907504565303,0.9404767762368537,
LNET-01536,series_then_shunt,L,2.761426171035937e-08,H,L,2.0304604198793658e-08,H,3.4000000000000004,-0.3999999999999999,0.9327287504137354,0.932681326242401,0.9541192166619238,0.8701264255775739,42.59123481530035,1.728764207301441,0.932681326242401,
LNET-02216,shunt_then_series,C,2.320526194147846e-12,F,L,2.1373267577677528e-09,H,-1.4,-3.8,0.9189902491635559,0.9205041074866621,0.9541376938216154,0.8475640677280931,42.60879699814619,1.4770370576716834,0.9205041074866621,
LNET-03267,shunt_then_series,L,2.923863004626285e-08,H,C,4.548231340529779e-12,F,3.5999999999999996,1.4000000000000004,0.9460382707702764,0.9458707746892907,0.95416176409337,0.8947039167497017,42.63169656166283,3.42714747242709,0.9458707746892907,
LNET-00141,series_then_shunt,C,9.555107858255836e-13,F,L,1.3536402799195764e-08,H,-3.4,-0.6000000000000001,0.9141115693220679,0.9049821835162701,0.9541720011626728,0.820072172790495,42.64144302043984,3.5893950522876286,0.9049821835162701,
LNET-00104,series_then_shunt,C,9.024268532797177e-13,F,C,6.497473343613974e-13,F,-3.6,0.20000000000000018,0.9299632739439752,0.9255857443838507,0.9541837531850714,0.8570390389981772,42.65263719830338,2.247489495295585,0.9255857443838507,
LNET-01736,shunt_then_series,C,8.549307031071011e-13,F,L,5.801315485369615e-09,H,-3.8,-1.4,0.9460727162425384,0.944905228523654,0.9542561845480841,0.892873903541473,42.72175736198313,3.523090929497942,0.944905228523654,
LNET-00343,series_then_shunt,C,1.3536402799195768e-12,F,L,6.768201399597882e-09,H,-2.4,-1.2000000000000002,0.8913944633637367,0.8708382071919488,0.9542702789171029,0.7620515831874533,42.73523285599046,1.5418426296137406,0.8708382071919488,
LNET-03066,shunt_then_series,L,2.1116788366745392e-08,H,C,7.147220677975366e-12,F,2.5999999999999996,2.2,0.9372602139536389,0.9386989491951606,0.9543095230086966,0.8812304160445165,42.77279756524924,2.490101992899798,0.9386989491951606,
LNET-01857,shunt_then_series,C,1.0152302099396824e-12,F,L,4.51213426639859e-09,H,-3.2,-1.7999999999999998,0.9400259047818834,0.9394679767439578,0.9543645999447187,0.882652101003477,42.825626543807246,2.9534470731480242,0.9394679767439578,
LNET-02164,shunt_then_series,C,1.8048537065594359e-12,F,C,7.147220677975366e-12,F,-1.7999999999999998,2.2,0.9259374749683975,0.9246991311067859,0.9544046489756929,0.8553340019913421,42.864121123528356,2.2321798958499555,0.9246991311067859,
LNET-03026,shunt_then_series,L,1.9492420030841907e-08,H,C,7.796968012336763e-12,F,2.4000000000000004,2.4000000000000004,0.9353138950037807,0.9371410525971896,0.9544511068632773,0.8783222741603303,42.90886061702226,2.3149008750364235,0.9371410525971896,
LNET-00062,series_then_shunt,C,8.549307031071011e-13,F,none,0.0,,-3.8,0.0,0.927841058355483,0.9223716268483898,0.9545804733671407,0.8512097394346344,43.03392435519299,3.8138682812744427,0.9223716268483898,
LNET-01743,shunt_then_series,C,8.549307031071011e-13,F,none,0.0,,-3.8,0.0,0.927841058355483,0.9223716268483898,0.9545804733671407,0.8512097394346344,43.03392435519299,3.8138682812744427,0.9223716268483898,
LNET-02964,shunt_then_series,L,1.7868051694938416e-08,H,L,4.51213426639859e-09,H,2.2,-1.7999999999999998,0.923133401874259,0.9254757114876987,0.9546253267643217,0.8568629488394809,43.07745240636553,2.659200112520028,0.9254757114876987,
LNET-02207,shunt_then_series,C,2.0304604198793647e-12,F,C,8.446715346698158e-12,F,-1.6,2.5999999999999996,0.9291202546658119,0.9291881972668957,0.9546842354434195,0.8635632220099819,43.13475132926058,2.047132269898498,0.9291881972668957,
LNET-02294,shunt_then_series,C,2.707280559839153e-12,F,C,1.1695452018505142e-11,F,-1.2000000000000002,3.5999999999999996,0.9354810777133222,0.9374392028998348,0.9547618834608084,0.8788509249670219,43.2105054985505,1.6852391155533843,0.9374392028998348,
LNET-01074,series_then_shunt,L,9.746210015420954e-09,H,L,3.1237852613528696e-09,H,1.2000000000000002,-2.6,0.9428361371603922,0.9422764483801325,0.9547916426282075,0.8879743868094292,43.23960781304317,1.0161267202809143,0.9422764483801325,
LNET-01299,series_then_shunt,L,1.7868051694938416e-08,H,C,4.548231340529779e-12,F,2.2,1.4000000000000004,0.8852789796823816,0.8748300171913566,0.9547920641755522,0.7700574696945932,43.240020331085944,1.3446348233429088,0.8748300171913566,
LNET-01061,series_then_shunt,L,8.12184167951746e-09,H,C,9.746210015420952e-12,F,1.0,3.0,0.8620594364818778,0.848329731441699,0.9548448855753726,0.7281075581147982,43.291771275176075,0.9903387547775038,0.848329731441699,
LNET-02079,shunt_then_series,C,1.4766984871849927e-12,F,C,5.197978674891173e-12,F,-2.2,1.5999999999999996,0.9225743868857277,0.91844588056956,0.9549263697275419,0.8440312629909719,43.37184198189785,2.5971563757452256,0.91844588056956,
LNET-00271,series_then_shunt,C,1.160263097073923e-12,F,C,2.5989893374455867e-12,F,-2.8,0.7999999999999998,0.939617094345161,0.9374113821730556,0.9551084339697054,0.8788550906375535,43.55179840797532,1.2851081776591113,0.9374113821730556,
LNET-01100,series_then_shunt,L,9.746210015420954e-09,H,C,8.446715346698158e-12,F,1.2000000000000002,2.5999999999999996,0.8643379409632085,0.8471049683810157,0.9551393266742068,0.7269000647356071,43.58247840988319,1.0203430853521145,0.8471049683810157,
LNET-01622,series_then_shunt,L,3.0862998382166346e-08,H,C,1.2994946687227947e-12,F,3.8,0.40000000000000036,0.9222811878325384,0.9210046657283835,0.9551456311285854,0.8489082871386557,43.588744649009826,7.382438162133698,0.9210046657283835,
LNET-01179,series_then_shunt,L,1.2994946687227934e-08,H,C,6.497473343613968e-12,F,1.5999999999999996,2.0,0.8718717544442738,0.8550514985033115,0.9551765023076654,0.7392659078294261,43.61945414719443,1.1127718259544113,0.8550514985033115,
LNET-00146,series_then_shunt,C,9.555107858255836e-13,F,C,1.2994946687227947e-12,F,-3.4,0.40000000000000036,0.9348451943100093,0.9315704563952063,0.9553611690751687,0.8680411190382374,43.80404075473795,1.7014675512310136,0.9315704563952063,
LNET-01420,series_then_shunt,L,2.2741156702648887e-08,H,C,3.248736671806984e-12,F,2.8,1.0,0.900554096940319,0.8952551461407647,0.9553827285465105,0.8038659740440824,43.82569047470476,1.7554059926260486,0.8952551461407647,
LNET-01785,shunt_then_series,C,9.024268532797177e-13,F,C,6.497473343613974e-13,F,-3.6,0.20000000000000018,0.9252194070401488,0.9178312190507795,0.9553886138489341,0.8430616202445581,43.831604048963534,3.6853686427167904,0.9178312190507795,
LNET-00698,series_then_shunt,C,5.414561119678306e-12,F,L,2.030460419879365e-09,H,-0.6000000000000001,-4.0,0.8727854482102322,0.8565854030459479,0.9554437459889558,0.738002001913615,43.887076896191864,0.9594444280642159,0.8565854030459479,
LNET-02792,shunt_then_series,L,1.1370578351324447e-08,H,L,2.388776964563959e-09,H,1.4000000000000004,-3.4,0.9365745491507388,0.9407104920684571,0.9554583471360669,0.8849883347443956,43.90179127635089,1.8949089599185494,0.9407104920684571,
LNET-00543,series_then_shunt,C,2.320526194147846e-12,F,L,3.691746217962481e-09,H,-1.4,-2.2,0.8716838294782657,0.834832562560654,0.9556169906140486,0.7059486840263933,44.06228909824807,1.073960445967473,0.834832562560654,
LNET-01369,series_then_shunt,L,2.1116788366745392e-08,H,L,8.12184167951746e-09,H,2.5999999999999996,-1.0,0.9417676928109644,0.9418543403903427,0.9557302278748524,0.8871830468907413,44.17755353124786,1.2114379969063445,0.9418543403903427,
LNET-02137,shunt_then_series,C,1.8048537065594359e-12,F,L,2.538075524849206e-09,H,-1.7999999999999998,-3.2,0.9244794020895217,0.9253951810859379,0.9558051000421135,0.8565531425526247,44.254090447219205,1.7677094022779165,0.9253951810859379,
LNET-02748,shunt_then_series,L,9.746210015420954e-09,H,L,2.030460419879365e-09,H,1.2000000000000002,-4.0,0.9406084445276913,0.9446318182801955,0.9558479593861379,0.892354926291124,44.298019574933825,1.7098158894020454,0.9446318182801955,
LNET-01662,series_then_shunt,L,3.248736671806984e-08,H,C,6.497473343613974e-13,F,4.0,0.20000000000000018,0.9282793587865688,0.9273252055532502,0.9559995357456046,0.8603901406071108,44.45406585795764,18.14418375921356,0.9273252055532502,
LNET-00660,series_then_shunt,C,4.060920839758731e-12,F,L,2.388776964563959e-09,H,-0.7999999999999998,-3.4,0.8686539524447253,0.8413196214896079,0.9560508924201205,0.71468431159219,44.507181149581044,0.9696305218768836,0.8413196214896079,
LNET-03227,shunt_then_series,L,2.761426171035937e-08,H,C,5.197978674891173e-12,F,3.4000000000000004,1.5999999999999996,0.9462638729442915,0.9464653940346294,0.956068407672944,0.895833147001859,44.52532457987566,3.234053871679231,0.9464653940346294,
LNET-00565,series_then_shunt,C,2.320526194147846e-12,F,C,7.147220677975366e-12,F,-1.4,2.2,0.9454578989382039,0.9432729358838491,0.9561393374112279,0.8898335219465574,44.598946344052294,1.0302972407014503,0.9432729358838491,
LNET-01494,series_then_shunt,L,2.5989893374455874e-08,H,L,1.3536402799195764e-08,H,3.2,-0.6000000000000001,0.9384847663951694,0.9386031179938129,0.95615992853336,0.8811264066496826,44.62036358726955,1.4619068548218184,0.9386031179938129,
LNET-02907,shunt_then_series,L,1.4619315023131425e-08,H,C,1.039595734978235e-11,F,1.7999999999999998,3.2,0.9314602553083321,0.9344772597835618,0.9561914508889051,0.8733803263253872,44.65318963036562,1.8220676554457,0.9344772597835618,
LNET-01827,shunt_then_series,C,9.555107858255836e-13,F,C,1.2994946687227947e-12,F,-3.4,0.40000000000000036,0.9239113050437059,0.9153135016805435,0.9562209634370906,0.8385972650789804,44.68396559220873,3.555688996575822,0.9153135016805435,
LNET-01259,series_then_shunt,L,1.624368335903492e-08,H,C,5.197978674891173e-12,F,2.0,1.5999999999999996,0.8837495347546941,0.8711383166526753,0.9562578369641543,0.7644870817903395,44.72247600926931,1.2410722127214735,0.8711383166526753,
LNET-02037,shunt_then_series,C,1.3536402799195768e-12,F,C,4.548231340529779e-12,F,-2.4,1.4000000000000004,0.9236178048275535,0.9183553007997625,0.9563147651830669,0.8439434361853252,44.782059049955436,2.777007756796256,0.9183553007997625,
LNET-03006,shunt_then_series,L,1.9492420030841907e-08,H,L,5.076151049698412e-09,H,2.4000000000000004,-1.6,0.9241843053594193,0.9256981269062708,0.9563182846597483,0.8573463210667174,44.785747753295006,2.8475781754650917,0.9256981269062708,
LNET-01159,series_then_shunt,L,1.2994946687227934e-08,H,L,4.06092083975873e-09,H,1.5999999999999996,-2.0,0.9452359986950661,0.9448816144756177,0.9563808296924313,0.8928733286624244,44.85139941675978,1.0465644037159338,0.9448816144756177,
LNET-00060,series_then_shunt,C,8.549307031071011e-13,F,L,2.0304604198793658e-08,H,-3.8,-0.3999999999999999,0.9248617419175975,0.9181901342610884,0.956417464307782,0.8437028428336919,44.88994119397036,8.107012951532862,0.9181901342610884,
LNET-01219,series_then_shunt,L,1.4619315023131425e-08,H,C,5.847726009252571e-12,F,1.7999999999999998,1.7999999999999998,0.8795556995903688,0.8647894987104513,0.9564221427280863,0.754572633448745,44.89486783438109,1.1683632486391289,0.8647894987104513,
LNET-02921,shunt_then_series,L,1.624368335903492e-08,H,L,3.691746217962481e-09,H,2.0,-2.2,0.9293180503539494,0.9325093773298846,0.9564864854554239,0.8697826344358462,44.9627318301573,2.4707432062561168,0.9325093773298846,
LNET-01897,shunt_then_series,C,1.0829122239356614e-12,F,L,4.06092083975873e-09,H,-3.0,-2.0,0.9396703770313832,0.9393932996605199,0.9565739505284808,0.882525284675116,45.055306074104045,2.7748838378019594,0.9393932996605199,
LNET-00651,series_then_shunt,C,3.248736671806984e-12,F,C,9.746210015420952e-12,F,-1.0,3.0,0.9456426989664299,0.9432272027458889,0.9566318621057874,0.889755862374551,45.116805957373096,1.0044759527327511,0.9432272027458889,
LNET-01501,series_then_shunt,L,2.5989893374455874e-08,H,C,2.5989893374455867e-12,F,3.2,0.7999999999999998,0.9114026512170185,0.9081590550897639,0.956851751217052,0.8262218937518261,45.351823223713126,2.210143519352507,0.9081590550897639,
LNET-02835,shunt_then_series,L,1.2994946687227934e-08,H,L,2.7072805598391537e-09,H,1.5999999999999996,-3.0,0.9358543683115019,0.9397918688980765,0.9569137360817637,0.8832893065092575,45.4185059952134,2.0840110703262735,0.9397918688980765,
LNET-01869,shunt_then_series,C,1.0152302099396824e-12,F,C,1.949242003084189e-12,F,-3.2,0.5999999999999996,0.9235401577086557,0.9146211241930853,0.9569151720193544,0.8373875860312188,45.42005303812357,3.419911193228257,0.9146211241930853,
LNET-01776,shunt_then_series,C,9.024268532797177e-13,F,L,5.076151049698412e-09,H,-3.6,-1.6,0.9463536918461399,0.9455399251262993,0.9569441177732138,0.8940799045422927,45.45126046809337,3.331260406431219,0.9455399251262993,
LNET-00383,series_then_shunt,C,1.4766984871849927e-12,F,L,5.801315485369615e-09,H,-2.2,-1.4,0.8922760167326966,0.86875188367538,0.9570301064655791,0.7590907413112373,45.544215856571874,1.3695394576742521,0.86875188367538,
LNET-01023,series_then_shunt,L,6.497473343613967e-09,H,C,1.1695452018505142e-11,F,0.7999999999999998,3.5999999999999996,0.8705264539402804,0.8634920548409429,0.9570331239109344,0.7513949327708439,45.54748452864531,0.9733199716924272,0.8634920548409429,
LNET-01619,series_then_shunt,L,3.0862998382166346e-08,H,L,4.060920839758726e-08,H,3.8,-0.20000000000000018,0.9341294447578167,0.9337394546010392,0.9571027197247369,0.8721583194196093,45.62300237139532,2.3547831478823014,0.9337394546010392,
LNET-01995,shunt_then_series,C,1.2495141045411476e-12,F,C,3.898484006168382e-12,F,-2.6,1.2000000000000002,0.9240051376170548,0.9175658064559522,0.957127085693686,0.8425845491290573,45.64949962838086,2.9514576394360215,0.9175658064559522,
LNET-03348,shunt_then_series,L,3.248736671806984e-08,H,C,3.898484006168382e-12,F,4.0,1.2000000000000002,0.9509075124967307,0.9504626655271144,0.9571405554981472,0.9034052165843992,45.664160565906144,3.829836232847664,0.9504626655271144,
LNET-00020,series_then_shunt,C,8.12184167951746e-13,F,L,4.060920839758726e-08,H,-4.0,-0.20000000000000018,0.9304571616342168,0.9249768679946936,0.9571432126752181,0.8560221406847912,45.66705380511573,16.809118427805664,0.9249768679946936,
LNET-02251,shunt_then_series,C,2.320526194147846e-12,F,C,1.039595734978235e-11,F,-1.4,3.2,0.9362403007696455,0.9374905199328252,0.9571463938363034,0.878974823603072,45.67051805069087,1.8619132275111412,0.9374905199328252,
LNET-00262,series_then_shunt,C,1.160263097073923e-12,F,L,8.12184167951746e-09,H,-2.8,-1.0,0.9053346792680217,0.8902724587675976,0.9571575904981344,0.7948237700165447,45.682715170651406,1.8093651719502117,0.8902724587675976,
LNET-00313,series_then_shunt,C,1.2495141045411476e-12,F,C,3.248736671806984e-12,F,-2.6,1.0,0.9440356759079982,0.9421425753025693,0.9571735094864968,0.8877157279254884,45.70006755210074,1.2018258367648214,0.9421425753025693,
LNET-02122,shunt_then_series,C,1.624368335903492e-12,F,C,6.497473343613968e-12,F,-2.0,2.0,0.928836474796801,0.9267712006204656,0.9572364141760871,0.8592054697454984,45.768762756130286,2.418033307883656,0.9267712006204656,
LNET-02878,shunt_then_series,L,1.4619315023131425e-08,H,L,3.1237852613528696e-09,H,1.7999999999999998,-2.6,0.9334957271311686,0.9371548768462852,0.9572422103851703,0.8783865545886063,45.77510268927326,2.2771049372175907,0.9371548768462852,
LNET-01327,series_then_shunt,L,1.9492420030841907e-08,H,L,6.768201399597882e-09,H,2.4000000000000004,-1.2000000000000002,0.9449617118153907,0.9449739794639276,0.9572916466740518,0.8930505446229173,45.82924637098718,1.1545256423098484,0.9449739794639276,
LNET-01911,shunt_then_series,C,1.0829122239356614e-12,F,C,2.5989893374455867e-12,F,-3.0,0.7999999999999998,0.9236802158888227,0.9151958592827644,0.9573537788888521,0.8384120254385393,45.89747292702544,3.2744320949890584,0.9151958592827644,
LNET-00695,series_then_shunt,C,4.060920839758731e-12,F,C,1.1695452018505142e-11,F,-0.7999999999999998,3.5999999999999996,0.9462398961841393,0.9439031556975434,0.9573869031619884,0.891031056871111,45.93392755759458,0.9953772643765832,0.9439031556975434,
LNET-00188,series_then_shunt,C,1.0152302099396824e-12,F,C,1.949242003084189e-12,F,-3.2,0.5999999999999996,0.9405065298764144,0.9380408443379186,0.9573901119411837,0.8800597183460601,45.93746196280341,1.4429089859378996,0.9380408443379186,
LNET-00608,series_then_shunt,C,2.707280559839153e-12,F,C,8.446715346698158e-12,F,-1.2000000000000002,2.5999999999999996,0.946920898322591,0.944657267421082,0.9573952867805907,0.8924474063512027,45.943163065087056,1.0156194688652578,0.944657267421082,
LNET-01661,series_then_shunt,L,3.248736671806984e-08,H,none,0.0,,4.0,0.0,0.9321105517223169,0.9312548481185869,0.9574262695267242,0.8676164520969851,45.97732563641397,4.085418773174347,0.9312548481185869,
LNET-03342,shunt_then_series,L,3.248736671806984e-08,H,none,0.0,,4.0,0.0,0.932110551722317,0.931254848118587,0.9574262695267242,0.867616452096985,45.97732563641397,4.085418773174348,0.931254848118587,
LNET-01953,shunt_then_series,C,1.160263097073923e-12,F,C,3.248736671806984e-12,F,-2.8,1.0,0.923941787276158,0.9163706753111764,0.957448968778207,0.8404866846245831,46.00238613666488,3.117982598976524,0.9163706753111764,
LNET-03048,shunt_then_series,L,2.1116788366745392e-08,H,L,5.801315485369615e-09,H,2.5999999999999996,-1.4,0.924577000732891,0.925166626962554,0.9574510780772053,0.8564517207319925,46.004716209473266,3.03160338108592,0.925166626962554,
LNET-03300,shunt_then_series,L,3.0862998382166346e-08,H,L,4.060920839758726e-08,H,3.8,-0.20000000000000018,0.9281016291659056,0.926143812667602,0.9575395281204669,0.8583400609215767,46.10263243598211,3.949738330420961,0.926143812667602,
LNET-00986,series_then_shunt,L,6.497473343613967e-09,H,L,2.1373267577677528e-09,H,0.7999999999999998,-3.8,0.9455174246378766,0.9451036503936853,0.9575446276853158,0.8933074565300366,46.10829021061845,0.9949566534257124,0.9451036503936853,
LNET-01582,series_then_shunt,L,2.923863004626285e-08,H,C,1.949242003084189e-12,F,3.5999999999999996,0.5999999999999996,0.9204688824355374,0.9185598127957889,0.9577199455570056,0.8446514333133127,46.30362877598869,3.2575216478332307,0.9185598127957889,
LNET-01030,series_then_shunt,L,8.12184167951746e-09,H,L,2.538075524849206e-09,H,1.0,-3.2,0.946197699443971,0.9456398645240044,0.9577276648296252,0.8943189919003223,46.31226680378985,1.0038275841787543,0.9456398645240044,
LNET-02295,shunt_then_series,C,2.707280559839153e-12,F,C,1.2345199352866539e-11,F,-1.2000000000000002,3.8,0.9403327529363006,0.942321783859099,0.9577971935745093,0.8880153793306905,46.39021333879804,1.6827343967721824,0.942321783859099,
LNET-03258,shunt_then_series,L,2.923863004626285e-08,H,L,2.0304604198793658e-08,H,3.5999999999999996,-0.3999999999999999,0.9255954281875202,0.9228925217863252,0.9578437582255398,0.8525043492681946,46.4425592940705,3.8158950385323136,0.9228925217863252,
LNET-01201,series_then_shunt,L,1.4619315023131425e-08,H,L,4.51213426639859e-09,H,1.7999999999999998,-1.7999999999999998,0.9471244055665399,0.9468736930315717,0.9578805883660335,0.8966341061007695,46.484044112029665,1.0641941124624565,0.9468736930315717,
LNET-03187,shunt_then_series,L,2.5989893374455874e-08,H,C,5.847726009252571e-12,F,3.2,1.7999999999999998,0.9462929632244217,0.9468626282627504,0.9578942817614491,0.8965914564560834,46.499486617683466,3.0469320163342735,0.9468626282627504,
LNET-02097,shunt_then_series,C,1.624368335903492e-12,F,L,2.7072805598391537e-09,H,-2.0,-3.0,0.929266577448057,0.9299255810197213,0.9579005759644904,0.8649298023600487,46.5065881735831,1.9277473100315141,0.9299255810197213,
LNET-00503,series_then_shunt,C,2.0304604198793647e-12,F,L,4.06092083975873e-09,H,-1.6,-2.0,0.8819667226885138,0.8487057841211427,0.9580333319527283,0.7276696685559493,46.65686896436906,1.12277452700755,0.8487057841211427,
LNET-03090,shunt_then_series,L,2.2741156702648887e-08,H,L,6.768201399597882e-09,H,2.8,-1.2000000000000002,0.9245125193132717,0.9240944058907326,0.9581206289637602,0.8545740154625379,46.756209095626645,3.2087557688723436,0.9240944058907326,
LNET-02868,shunt_then_series,L,1.2994946687227934e-08,H,C,1.1695452018505142e-11,F,1.5999999999999996,3.5999999999999996,0.9324835318755436,0.9358110288113733,0.9581334587675598,0.8758810792259417,46.770843760322535,1.6732790274502,0.9358110288113733,
LNET-03216,shunt_then_series,L,2.761426171035937e-08,H,L,1.3536402799195764e-08,H,3.4000000000000004,-0.6000000000000001,0.9243763314132848,0.9215631675545649,0.9581745752199954,0.8501287125251846,46.817804852424004,3.6786463861902923,0.9215631675545649,
LNET-00063,series_then_shunt,C,8.549307031071011e-13,F,C,6.497473343613974e-13,F,-3.8,0.20000000000000018,0.9360630615046415,0.932057581224335,0.9581873752580559,0.8690070676737103,46.832443247546465,2.3109745542003255,0.932057581224335,
LNET-01937,shunt_then_series,C,1.160263097073923e-12,F,L,3.691746217962481e-09,H,-2.8,-2.2,0.9389143817224704,0.9388623347300052,0.958211842417514,0.881543725819346,46.86044936420523,2.6000016841130575,0.9388623347300052,
LNET-01285,series_then_shunt,L,1.7868051694938416e-08,H,L,5.801315485369615e-09,H,2.2,-1.4,0.946914415366358,0.9468439797767882,0.9582286594499098,0.8965787712642911,46.879717855875214,1.1150070972781922,0.9468439797767882,
LNET-01577,series_then_shunt,L,2.923863004626285e-08,H,L,2.0304604198793658e-08,H,3.5999999999999996,-0.3999999999999999,0.9388037513971711,0.9387644843151259,0.9582771197820171,0.8814708318266948,46.935329237840705,1.7620482366670558,0.9387644843151259,
LNET-02176,shunt_then_series,C,2.0304604198793647e-12,F,L,2.256067133199294e-09,H,-1.6,-3.6,0.926061709983848,0.9271263997432959,0.9582789763639666,0.8597724596094131,46.93746235585294,1.6260576404847988,0.9271263997432959,
LNET-02208,shunt_then_series,C,2.0304604198793647e-12,F,C,9.096462681059554e-12,F,-1.6,2.8,0.9354844714461817,0.9359150016245738,0.9583111299076569,0.8760639855077825,46.97443527660718,2.045026949767405,0.9359150016245738,
LNET-02165,shunt_then_series,C,1.8048537065594359e-12,F,C,7.796968012336763e-12,F,-1.7999999999999998,2.4000000000000004,0.9330774350732772,0.9324599530089706,0.9583397768062494,0.8696733585119953,47.00742402887598,2.231731243430172,0.9324599530089706,
LNET-00181,series_then_shunt,C,1.0152302099396824e-12,F,L,1.0152302099396829e-08,H,-3.2,-0.7999999999999998,0.9150904633405232,0.9040047678173623,0.9583560451888229,0.8186161641089673,47.02617832692504,2.298578379045014,0.9040047678173623,
LNET-03174,shunt_then_series,L,2.5989893374455874e-08,H,L,1.0152302099396829e-08,H,3.2,-0.7999999999999998,0.9240643901786605,0.921747277057372,0.9583986128333215,0.850441805550571,47.07531998841476,3.5331069599355263,0.921747277057372,
LNET-03132,shunt_then_series,L,2.4365525038552382e-08,H,L,8.12184167951746e-09,H,3.0,-1.0,0.924237425528784,0.9227981043283274,0.9584098469572536,0.8522904162745203,47.08830585317633,3.376512816014515,0.9227981043283274,
LNET-01452,series_then_shunt,L,2.4365525038552382e-08,H,L,1.0152302099396829e-08,H,3.0,-0.7999999999999998,0.9437971355856826,0.9439422454416422,0.9584297762115994,0.8911279790172014,47.11135995274732,1.313984598662769,0.9439422454416422,
LNET-00523,series_then_shunt,C,2.0304604198793647e-12,F,C,6.497473343613968e-12,F,-1.6,2.0,0.9484240956050355,0.9464810217245904,0.9584370413033334,0.8958851293173754,47.119769687147,1.0443836520501206,0.9464810217245904,
LNET-01243,series_then_shunt,L,1.624368335903492e-08,H,L,5.076151049698412e-09,H,2.0,-1.6,0.9476448587009445,0.9474874194735846,0.9584542747738785,0.8977945469133984,47.13973011939423,1.086196014412914,0.9474874194735846,
LNET-00021,series_then_shunt,C,8.12184167951746e-13,F,none,0.0,,-4.0,0.0,0.934083521817126,0.9290913021094908,0.9584849460418561,0.8635773733172181,47.17529568952094,4.01148042149019,0.9290913021094908,
LNET-01702,shunt_then_series,C,8.12184167951746e-13,F,none,0.0,,-4.0,0.0,0.934083521817126,0.9290913021094908,0.9584849460418561,0.8635773733172181,47.17529568952094,4.011480421490189,0.9290913021094908,
LNET-02829,shunt_then_series,L,1.1370578351324447e-08,H,C,1.2994946687227937e-11,F,1.4000000000000004,4.0,0.93211696086833,0.9357608432024204,0.9585543796494559,0.8757902448362566,47.2560034832183,1.5284869563224759,0.9357608432024204,
LNET-02947,shunt_then_series,L,1.624368335903492e-08,H,C,9.746210015420952e-12,F,2.0,3.0,0.9360070931969078,0.9385960128549602,0.9585596057863617,0.881077027369551,47.26208915121242,1.98845284422109,0.9385960128549602,
LNET-02791,shunt_then_series,L,1.1370578351324447e-08,H,L,2.256067133199294e-09,H,1.4000000000000004,-3.6,0.9416909969050701,0.9455645021032667,0.9585730423507002,0.8941310713515467,47.27774264600874,1.8919214540945273,0.9455645021032667,
LNET-00423,series_then_shunt,C,1.624368335903492e-12,F,L,5.076151049698412e-09,H,-2.0,-1.6,0.8914707950194319,0.8649319713335442,0.9586020752239622,0.753237721701369,47.311600420068736,1.2589230270420575,0.8649319713335442,
LNET-00582,series_then_shunt,C,2.707280559839153e-12,F,L,3.1237852613528696e-09,H,-1.2000000000000002,-2.6,0.8768550757495203,0.8410360013194506,0.9586044464911719,0.7158481783270667,47.31436786014898,1.0246763715602571,0.8410360013194506,
LNET-01695,shunt_then_series,C,8.12184167951746e-13,F,L,5.801315485369615e-09,H,-4.0,-1.4,0.9511799182979833,0.9501251656707406,0.9587048079749155,0.9027612716911408,47.43178834923722,3.718601339332064,0.9501251656707406,
LNET-00621,series_then_shunt,C,3.248736671806984e-12,F,L,2.7072805598391537e-09,H,-1.0,-3.0,0.8755000017333354,0.8423064943140497,0.9587062858994474,0.7174102911879763,47.433521749336556,0.9924419943428034,0.8423064943140497,
LNET-01116,series_then_shunt,L,1.1370578351324447e-08,H,L,3.384100699798942e-09,H,1.4000000000000004,-2.4,0.9482572764381814,0.9478114771656512,0.9587712404938777,0.89841422520864,47.509827216678936,1.0276757609251146,0.9478114771656512,
LNET-00355,series_then_shunt,C,1.3536402799195768e-12,F,C,3.898484006168382e-12,F,-2.4,1.2000000000000002,0.9472644025377567,0.9455337219887394,0.9587736726730628,0.8940993618450963,47.51268909159424,1.147292234664322,0.9455337219887394,
LNET-02963,shunt_then_series,L,1.7868051694938416e-08,H,L,4.06092083975873e-09,H,2.2,-2.0,0.9312540975107031,0.9338487432207994,0.9588010880473651,0.8723192218207089,47.5449713404892,2.6639074172116826,0.9338487432207994,
LNET-03308,shunt_then_series,L,3.0862998382166346e-08,H,C,4.548231340529779e-12,F,3.8,1.4000000000000004,0.9514038450213909,0.9512620110855323,0.9588194001413254,0.9049261865272432,47.566558206138026,3.6275299302907946,0.9512620110855323,
LNET-00463,series_then_shunt,C,1.8048537065594359e-12,F,L,4.51213426639859e-09,H,-1.7999999999999998,-1.7999999999999998,0.8882699554475214,0.8585116869956093,0.9589619150397665,0.7431406670253996,47.73521758966159,1.1815838817501594,0.8585116869956093,
LNET-00100,series_then_shunt,C,9.024268532797177e-13,F,L,1.3536402799195764e-08,H,-3.6,-0.6000000000000001,0.9233527412148377,0.9151995396363353,0.959018530974634,0.8384477848552778,47.80254533487008,3.4366162625744323,0.9151995396363353,
LNET-02215,shunt_then_series,C,2.320526194147846e-12,F,L,2.030460419879365e-09,H,-1.4,-4.0,0.9261065055029644,0.9273800472149906,0.9590969679534278,0.8602499626888127,47.89613067615134,1.4884573982487828,0.9273800472149906,
LNET-02057,shunt_then_series,C,1.4766984871849927e-12,F,L,2.9006577426848075e-09,H,-2.2,-2.8,0.9329450622803244,0.9334084297326664,0.9591032038892474,0.8713936289869741,47.90358634900889,2.091609690866854,0.9334084297326664,
LNET-01380,series_then_shunt,L,2.1116788366745392e-08,H,C,3.898484006168382e-12,F,2.5999999999999996,1.2000000000000002,0.9029520129119197,0.8959469962639256,0.9591915865026278,0.8055265874570433,48.00950143844205,1.495292875835591,0.8959469962639256,
LNET-01977,shunt_then_series,C,1.2495141045411476e-12,F,L,3.384100699798942e-09,H,-2.6,-2.4,0.9376271253719968,0.9377597113850402,0.9592056824564197,0.8794924150406223,48.02643604378018,2.427984043538386,0.9377597113850402,
LNET-01073,series_then_shunt,L,9.746210015420954e-09,H,L,2.9006577426848075e-09,H,1.2000000000000002,-2.8,0.9485373425251449,0.9480154846276744,0.9592133924239764,0.8988054510216117,48.03570360128946,1.0143495261156719,0.9480154846276744,
LNET-02080,shunt_then_series,C,1.4766984871849927e-12,F,C,5.847726009252571e-12,F,-2.2,1.7999999999999998,0.9307662109424439,0.9278257114821943,0.9592908354820477,0.8612049558017922,48.128986646680595,2.6042123490687463,0.9278257114821943,
LNET-00105,series_then_shunt,C,9.024268532797177e-13,F,C,1.2994946687227947e-12,F,-3.6,0.40000000000000036,0.94064887027993,0.937665444680792,0.9593586697370826,0.8793973573665574,48.21098760945018,1.7334087175951398,0.937665444680792,
LNET-01744,shunt_then_series,C,8.549307031071011e-13,F,C,6.497473343613974e-13,F,-3.8,0.20000000000000018,0.9318658980627994,0.9250984870325708,0.95937492641767,0.8563475883126452,48.2306800613379,3.8828922234626706,0.9250984870325708,
LNET-03147,shunt_then_series,L,2.4365525038552382e-08,H,C,6.497473343613968e-12,F,3.0,2.0,0.9459993727496282,0.9469190918018289,0.9593927143890965,0.8967063505545446,48.252245500077855,2.8640051799290354,0.9469190918018289,
LNET-01663,series_then_shunt,L,3.248736671806984e-08,H,C,1.2994946687227947e-12,F,4.0,0.40000000000000036,0.929731542137351,0.9285747788797905,0.9593935108482773,0.8627879923143994,48.253211537869454,7.104431418040895,0.9285747788797905,
LNET-02017,shunt_then_series,C,1.3536402799195768e-12,F,L,3.1237852613528696e-09,H,-2.4,-2.6,0.9356820184359668,0.9359787703713623,0.9595165262579064,0.8761756520359167,48.402875176703404,2.258497813868867,0.9359787703713623,
LNET-01816,shunt_then_series,C,9.555107858255836e-13,F,L,4.51213426639859e-09,H,-3.4,-1.7999999999999998,0.9465865727127428,0.9460737857984591,0.9595565640841519,0.8950984629634968,48.45178258745033,3.1464518080925172,0.9460737857984591,
LNET-00230,series_then_shunt,C,1.0829122239356614e-12,F,C,2.5989893374455867e-12,F,-3.0,0.7999999999999998,0.9457486167444149,0.9437979941588127,0.9596499894310534,0.8908464710400563,48.5662819364712,1.3002445795110613,0.9437979941588127,
LNET-00481,series_then_shunt,C,1.8048537065594359e-12,F,C,5.847726009252571e-12,F,-1.7999999999999998,1.7999999999999998,0.9499403671402568,0.9481590554325362,0.9597043798546273,0.8990590282589599,48.63318576025608,1.0611093208030657,0.9481590554325362,
LNET-00397,series_then_shunt,C,1.4766984871849927e-12,F,C,4.548231340529779e-12,F,-2.2,1.4000000000000004,0.9493113065415301,0.9476398837463018,0.9597806471923098,0.898077457774639,48.72730440400294,1.109518773152452,0.9476398837463018,
LNET-01140,series_then_shunt,L,1.1370578351324447e-08,H,C,7.796968012336763e-12,F,1.4000000000000004,2.4000000000000004,0.8807453356828329,0.8637170336602618,0.9598323550348076,0.7536877408377589,48.79131840398198,1.0533533654481886,0.8637170336602618,
LNET-02987,shunt_then_series,L,1.7868051694938416e-08,H,C,9.096462681059554e-12,F,2.2,2.8,0.9395165429668574,0.9417350491341218,0.9600623827902518,0.8869630922793033,49.07810029066603,2.158505525015223,0.9417350491341218,
LNET-00439,series_then_shunt,C,1.624368335903492e-12,F,C,5.197978674891173e-12,F,-2.0,1.5999999999999996,0.9502067742604543,0.9485155248645095,0.9601161264129362,0.8997342319575186,49.1455806601667,1.0820423571553262,0.9485155248645095,
LNET-02834,shunt_then_series,L,1.2994946687227934e-08,H,L,2.538075524849206e-09,H,1.5999999999999996,-3.2,0.9414239289858467,0.9451376826773581,0.9601433501845043,0.8933441589936306,49.179832205124924,2.0809590674608067,0.9451376826773581,
LNET-02252,shunt_then_series,C,2.320526194147846e-12,F,C,1.1045704684143746e-11,F,-1.4,3.4000000000000004,0.9413945487694444,0.9427709628093788,0.96023365226926,0.8888824719480204,49.293781403867065,1.8590570980496046,0.9427709628093788,
LNET-02920,shunt_then_series,L,1.624368335903492e-08,H,L,3.384100699798942e-09,H,2.0,-2.4,0.9363802030995474,0.9395648578853503,0.9602354629484618,0.8829284625512707,49.29607153247713,2.4704147098149765,0.9395648578853503,
LNET-01535,series_then_shunt,L,2.761426171035937e-08,H,L,1.3536402799195764e-08,H,3.4000000000000004,-0.6000000000000001,0.9442548301450635,0.9443755659663197,0.960270760215724,0.8919683337349587,49.3407568546418,1.4825120758262087,0.9443755659663197,
LNET-01786,shunt_then_series,C,9.024268532797177e-13,F,C,1.2994946687227947e-12,F,-3.6,0.40000000000000036,0.930887021879241,0.9229867239168262,0.9603024491826568,0.8525717497332027,49.38094186723064,3.752993849853961,0.9229867239168262,
LNET-03107,shunt_then_series,L,2.2741156702648887e-08,H,C,7.147220677975366e-12,F,2.8,2.2,0.9452766818385094,0.9465262911111353,0.9604279741303443,0.8959720993898292,49.54075337430789,2.6841217468935463,0.9465262911111353,
LNET-03005,shunt_then_series,L,1.9492420030841907e-08,H,L,4.51213426639859e-09,H,2.4000000000000004,-1.7999999999999998,0.9323777852892979,0.9343222488607528,0.9604760399245711,0.8732511547802688,49.602216887759475,2.8563392347555574,0.9343222488607528,
LNET-00652,series_then_shunt,C,3.248736671806984e-12,F,C,1.039595734978235e-11,F,-1.0,3.2,0.9505424779367573,0.9483402700719535,0.9604862695919005,0.8994137955938157,49.61531724147318,1.0040359785305468,0.9483402700719535,
LNET-00019,series_then_shunt,C,8.12184167951746e-13,F,L,2.0304604198793658e-08,H,-4.0,-0.3999999999999999,0.9319626314302326,0.9259231890683918,0.9604937004453821,0.8578489771156416,49.624837622034846,7.7766946028871855,0.9259231890683918,
LNET-01410,series_then_shunt,L,2.2741156702648887e-08,H,L,8.12184167951746e-09,H,2.8,-1.0,0.9481473556626578,0.9482539478930858,0.9605139612203182,0.8992579311341033,49.65081385244276,1.2237339292280538,0.9482539478930858,
LNET-02296,shunt_then_series,C,2.707280559839153e-12,F,C,1.2994946687227937e-11,F,-1.2000000000000002,4.0,0.9446857262852728,0.9466776453083464,0.9605483948509265,0.8962334488120758,49.69502222894896,1.6801282135198758,0.9466776453083464,
LNET-01062,series_then_shunt,L,8.12184167951746e-09,H,C,1.039595734978235e-11,F,1.0,3.2,0.8790765333548096,0.8659460302718234,0.9605755778207955,0.7566783812736246,49.7299762291749,0.9918754178312458,0.8659460302718234,
LNET-02877,shunt_then_series,L,1.4619315023131425e-08,H,L,2.9006577426848075e-09,H,1.7999999999999998,-2.8,0.9397049538057148,0.9432148822606554,0.9606796922115113,0.8897454900911408,49.86430174347499,2.2746886906562005,0.9432148822606554,
LNET-00696,series_then_shunt,C,4.060920839758731e-12,F,C,1.2345199352866539e-11,F,-0.7999999999999998,3.8,0.9504508553796246,0.9483046106731395,0.9606957302363167,0.8993474203835877,49.88505681507351,0.9957697332877454,0.9483046106731395,
LNET-00985,series_then_shunt,L,6.497473343613967e-09,H,L,2.030460419879365e-09,H,0.7999999999999998,-4.0,0.9496014287317688,0.9492262933834513,0.9607061090356259,0.901104176163125,49.89849721966465,0.995366378143249,0.9492262933834513,
LNET-02038,shunt_then_series,C,1.3536402799195768e-12,F,C,5.197978674891173e-12,F,-2.4,1.5999999999999996,0.9318811940182185,0.927994557956315,0.9607085802266249,0.8615730627714844,49.90169842514194,2.789003392875875,0.927994557956315,
LNET-01660,series_then_shunt,L,3.248736671806984e-08,H,L,4.060920839758726e-08,H,4.0,-0.20000000000000018,0.93972362953509,0.9393653999602901,0.9607454893818209,0.88264937318913,49.94955887881542,2.4177232580348145,0.9393653999602901,
LNET-03268,shunt_then_series,L,2.923863004626285e-08,H,C,5.197978674891173e-12,F,3.5999999999999996,1.5999999999999996,0.9518770740254217,0.9520659430995826,0.9607832248250828,0.9064595226581631,49.99858392434033,3.43346860315157,0.9520659430995826,
LNET-03027,shunt_then_series,L,1.9492420030841907e-08,H,C,8.446715346698158e-12,F,2.4000000000000004,2.5999999999999996,0.9421444271677036,0.9440286468918107,0.9608218878847004,0.8912738178503175,50.04891205870458,2.3313989019531043,0.9440286468918107,
LNET-03067,shunt_then_series,L,2.1116788366745392e-08,H,C,7.796968012336763e-12,F,2.5999999999999996,2.4000000000000004,0.9440259210055203,0.9455926919775604,0.9609231697352247,0.8942166267614567,50.18122392344716,2.506654394892599,0.9455926919775604,
LNET-00566,series_then_shunt,C,2.320526194147846e-12,F,C,7.796968012336763e-12,F,-1.4,2.4000000000000004,0.9516122767473556,0.9496653598596252,0.9609245412054646,0.9019181844073025,50.18302028176551,1.0264637532769108,0.9496653598596252,
LNET-00302,series_then_shunt,C,1.2495141045411476e-12,F,L,6.768201399597882e-09,H,-2.6,-1.2000000000000002,0.9080199344361923,0.8906562132883586,0.9609336831264218,0.7958925194208581,50.19499763625437,1.5300016999727257,0.8906562132883586,
LNET-02123,shunt_then_series,C,1.624368335903492e-12,F,C,7.147220677975366e-12,F,-2.0,2.2,0.9359604850674361,0.9346579137570663,0.961086122715541,0.8738003886611655,50.39554677063073,2.418848500527457,0.9346579137570663,
LNET-00659,series_then_shunt,C,4.060920839758731e-12,F,L,2.256067133199294e-09,H,-0.7999999999999998,-3.6,0.8833162693262205,0.8577914887672302,0.9610906890792769,0.7414925436234764,50.40157850841809,0.973569157382425,0.8577914887672302,
LNET-01828,shunt_then_series,C,9.555107858255836e-13,F,C,1.949242003084189e-12,F,-3.4,0.5999999999999996,0.9308028948371034,0.9225855010519346,0.9611204042043868,0.851879096683829,50.44086400779048,3.6168428212442696,0.9225855010519346,
LNET-01461,series_then_shunt,L,2.4365525038552382e-08,H,C,3.248736671806984e-12,F,3.0,1.0,0.9140740066710332,0.9094989561795723,0.9611913234466456,0.8289511092305046,50.53486739622228,1.7305931917437782,0.9094989561795723,
LNET-03341,shunt_then_series,L,3.248736671806984e-08,H,L,4.060920839758726e-08,H,4.0,-0.20000000000000018,0.9343171982862152,0.9325109592430413,0.9612169613359446,0.8700771127989771,50.56893500079518,4.15286224308292,0.9325109592430413,
LNET-02136,shunt_then_series,C,1.8048537065594359e-12,F,L,2.388776964563959e-09,H,-1.7999999999999998,-3.4,0.9317969971554548,0.9325522589864326,0.9612965679615815,0.8698350635371478,50.67500386050318,1.7818762592950066,0.9325522589864326,
LNET-01029,series_then_shunt,L,8.12184167951746e-09,H,L,2.388776964563959e-09,H,1.0,-3.4,0.9508175384385779,0.9503018459911073,0.9613201469581822,0.9031437724139065,50.706504619801684,1.0034707422391613,0.9503018459911073,
LNET-00147,series_then_shunt,C,9.555107858255836e-13,F,C,1.949242003084189e-12,F,-3.4,0.5999999999999996,0.9460069846359226,0.9437836485639043,0.9613364360472557,0.890841780674291,50.72828874349135,1.4626095334619669,0.9437836485639043,
LNET-01735,shunt_then_series,C,8.549307031071011e-13,F,L,5.076151049698412e-09,H,-3.8,-1.6,0.951689302260303,0.9509535211969917,0.9613634971362418,0.9043410469564753,50.764519347221764,3.525921398717814,0.9509535211969917,
LNET-02908,shunt_then_series,L,1.4619315023131425e-08,H,C,1.1045704684143746e-11,F,1.7999999999999998,3.4000000000000004,0.9379210841702791,0.9407856705045794,0.961372179475508,0.885199164746779,50.7761544100553,1.8355909484393682,0.9407856705045794,
LNET-02790,shunt_then_series,L,1.1370578351324447e-08,H,L,2.1373267577677528e-09,H,1.4000000000000004,-3.8,0.9462497970222583,0.9498724436416159,0.9613878011728848,0.9022869380406026,50.797101971709296,1.888775193244427,0.9498724436416159,
LNET-01158,series_then_shunt,L,1.2994946687227934e-08,H,L,3.691746217962481e-09,H,1.5999999999999996,-2.2,0.9518137752901917,0.9514728680832188,0.9614095923722288,0.9053550421578702,50.826350716252065,1.0402107689488016,0.9514728680832188,
LNET-01101,series_then_shunt,L,9.746210015420954e-09,H,C,9.096462681059554e-12,F,1.2000000000000002,2.8,0.8828590005844936,0.8668274009266157,0.9614759752531679,0.7587032476754909,50.91565557190287,1.0170932687276075,0.8668274009266157,
LNET-02209,shunt_then_series,C,2.0304604198793647e-12,F,C,9.746210015420952e-12,F,-1.6,3.0,0.9410981572670454,0.9417901721016076,0.961542714882795,0.8870633183129858,51.00575115754178,2.042230120712528,0.9417901721016076,
LNET-00609,series_then_shunt,C,2.707280559839153e-12,F,C,9.096462681059554e-12,F,-1.2000000000000002,2.8,0.9522600563752913,0.9502153495101933,0.9615871539123813,0.9029654150618802,51.06591553872498,1.0138889982885126,0.9502153495101933,
LNET-01996,shunt_then_series,C,1.2495141045411476e-12,F,C,4.548231340529779e-12,F,-2.6,1.4000000000000004,0.9323229890345663,0.927414796416768,0.9615918793969879,0.8605643138076777,51.072321389324934,2.970406368591367,0.927414796416768,
LNET-03047,shunt_then_series,L,2.1116788366745392e-08,H,L,5.076151049698412e-09,H,2.5999999999999996,-1.6,0.9328288449267488,0.9340433066412814,0.9616247872807268,0.8727906784751721,51.1169749502271,3.0462606790056586,0.9340433066412814,
LNET-03299,shunt_then_series,L,3.0862998382166346e-08,H,L,2.0304604198793658e-08,H,3.8,-0.3999999999999999,0.9322051034819461,0.9296875052594367,0.9616403941712313,0.8649680711726722,51.13817912852614,4.018879480171282,0.9296875052594367,
LNET-00022,series_then_shunt,C,8.12184167951746e-13,F,C,6.497473343613974e-13,F,-4.0,0.20000000000000018,0.9414235194834455,0.9377494760318394,0.9616985309004428,0.879605790215479,51.21731821307921,2.3716956088545125,0.9377494760318394,
LNET-01870,shunt_then_series,C,1.0152302099396824e-12,F,C,2.5989893374455867e-12,F,-3.2,0.7999999999999998,0.9312246552839947,0.9233901674124865,0.9617252651429546,0.853340442669064,51.253791109720865,3.470812127436544,0.9233901674124865,
LNET-01024,series_then_shunt,L,6.497473343613967e-09,H,C,1.2345199352866539e-11,F,0.7999999999999998,3.8,0.8842690111542665,0.8770973889308067,0.9617272300195265,0.7741297292802092,51.25647375458813,0.9765213420736202,0.8770973889308067,
LNET-00272,series_then_shunt,C,1.160263097073923e-12,F,C,3.248736671806984e-12,F,-2.8,1.0,0.9500640385269937,0.9484184159253118,0.9617356673191125,0.8995622373460163,51.267996326484315,1.2135139156786316,0.9484184159253118,
LNET-01856,shunt_then_series,C,1.0152302099396824e-12,F,L,4.06092083975873e-09,H,-3.2,-2.0,0.9466171188154838,0.9463438093376496,0.9617941859326605,0.8956201040108547,51.348053531195795,2.9665372258159115,0.9463438093376496,
LNET-01542,series_then_shunt,L,2.761426171035937e-08,H,C,2.5989893374455867e-12,F,3.4000000000000004,0.7999999999999998,0.9219337728866753,0.9190757033573548,0.9618175094124882,0.8458322991105521,51.380029935871534,2.1603946678812838,0.9190757033573548,
LNET-02166,shunt_then_series,C,1.8048537065594359e-12,F,C,8.446715346698158e-12,F,-1.7999999999999998,2.5999999999999996,0.9393388939823429,0.939183635096746,0.9618194968282865,0.8822058294827028,51.382756481892685,2.229851780969479,0.939183635096746,
LNET-01618,series_then_shunt,L,3.0862998382166346e-08,H,L,2.0304604198793658e-08,H,3.8,-0.3999999999999999,0.944114406828061,0.9440830012013847,0.961905104766828,0.8914528371393038,51.50047251103749,1.7932314952333643,0.9440830012013847,
LNET-01340,series_then_shunt,L,1.9492420030841907e-08,H,C,4.548231340529779e-12,F,2.4000000000000004,1.4000000000000004,0.904696785024234,0.8960165622065119,0.9619950075051146,0.8060704361295317,51.62466504286648,1.343488619347611,0.8960165622065119,
LNET-01954,shunt_then_series,C,1.160263097073923e-12,F,C,3.898484006168382e-12,F,-2.8,1.2000000000000002,0.9322380046607347,0.9262615920371727,0.9620167606174648,0.8585042400085289,51.65480334253966,3.1461000587783006,0.9262615920371727,
LNET-01623,series_then_shunt,L,3.0862998382166346e-08,H,C,1.949242003084189e-12,F,3.8,0.5999999999999996,0.9287684077937043,0.9270575554181976,0.9620384330678785,0.8601534226748168,51.68486423587757,3.138820608176316,0.9270575554181976,
LNET-01912,shunt_then_series,C,1.0829122239356614e-12,F,C,3.248736671806984e-12,F,-3.0,1.0,0.9317984598570058,0.9247919228393212,0.9620433018223941,0.8558645784634852,51.6916221912047,3.313608151243257,0.9247919228393212,
LNET-03257,shunt_then_series,L,2.923863004626285e-08,H,L,1.3536402799195764e-08,H,3.5999999999999996,-0.6000000000000001,0.931307354418471,0.9286572766356578,0.962104675549625,0.8631183433546141,51.776959400863696,3.8813626276617583,0.9286572766356578,
LNET-01368,series_then_shunt,L,2.1116788366745392e-08,H,L,6.768201399597882e-09,H,2.5999999999999996,-1.2000000000000002,0.9514020717662042,0.9514463618616046,0.9621852497118688,0.9053064004049979,51.889414441743234,1.164717959728109,0.9514463618616046,
LNET-03089,shunt_then_series,L,2.2741156702648887e-08,H,L,5.801315485369615e-09,H,2.8,-1.4,0.9327509182966581,0.9331406385508891,0.9623337788401296,0.8711812172652896,52.09797315507723,3.2315328577091957,0.9331406385508891,
LNET-02962,shunt_then_series,L,1.7868051694938416e-08,H,L,3.691746217962481e-09,H,2.2,-2.2,0.9383606370470298,0.941065180000751,0.962485846071215,0.8857739431411855,52.313210896258006,2.6652453425183187,0.941065180000751,
LNET-03215,shunt_then_series,L,2.761426171035937e-08,H,L,1.0152302099396829e-08,H,3.4000000000000004,-0.7999999999999998,0.9312767180143835,0.9290551255667789,0.962490000791729,0.8638348679895607,52.319116028106876,3.735405988331707,0.9290551255667789,
LNET-01493,series_then_shunt,L,2.5989893374455874e-08,H,L,1.0152302099396829e-08,H,3.2,-0.7999999999999998,0.9493347703319754,0.9494858884279747,0.9624975048378085,0.9016045301436336,52.32978489432134,1.328405178721774,0.9494858884279747,
LNET-00542,series_then_shunt,C,2.320526194147846e-12,F,L,3.384100699798942e-09,H,-1.4,-2.4,0.8909696937961967,0.8579829021224737,0.9626350999852383,0.7430682724868396,52.526170261659054,1.0592646785767654,0.8579829021224737,
LNET-00221,series_then_shunt,C,1.0829122239356614e-12,F,L,8.12184167951746e-09,H,-3.0,-1.0,0.9179553088984539,0.9049469222745747,0.9626404939936475,0.8205954593370304,52.53389843163143,1.7817536632163808,0.9049469222745747,
LNET-03228,shunt_then_series,L,2.761426171035937e-08,H,C,5.847726009252571e-12,F,3.4000000000000004,1.7999999999999998,0.9521893565860726,0.9527026808405555,0.9626654558951664,0.9076772642087975,52.56969123244403,3.245217800185948,0.9527026808405555,
LNET-02869,shunt_then_series,L,1.2994946687227934e-08,H,C,1.2345199352866539e-11,F,1.5999999999999996,3.8,0.938450603928519,0.9415739877473022,0.9626694022600256,0.8866880781365765,52.57535429598435,1.684943154496391,0.9415739877473022,
LNET-03131,shunt_then_series,L,2.4365525038552382e-08,H,L,6.768201399597882e-09,H,3.0,-1.2000000000000002,0.9323121992438826,0.9317957326322759,0.9626727546453944,0.8687630117667602,52.580165935101064,3.4096841703865772,0.9317957326322759,
LNET-01180,series_then_shunt,L,1.2994946687227934e-08,H,C,7.147220677975366e-12,F,1.5999999999999996,2.2,0.8919923456817194,0.876438483848668,0.9626900236649203,0.774375110652383,52.6049656541742,1.0885123392375526,0.876438483848668,
LNET-03173,shunt_then_series,L,2.5989893374455874e-08,H,L,8.12184167951746e-09,H,3.2,-1.0,0.931727539139377,0.9302911588902848,0.9627037814605078,0.8660561523397938,52.62473940574546,3.578223315781633,0.9302911588902848,
LNET-03349,shunt_then_series,L,3.248736671806984e-08,H,C,4.548231340529779e-12,F,4.0,1.4000000000000004,0.9560321956103233,0.9559120995958754,0.9628175682350525,0.9137901803553632,52.78884341516988,3.8283081988382803,0.9559120995958754,
LNET-00064,series_then_shunt,C,8.549307031071011e-13,F,C,1.2994946687227947e-12,F,-3.8,0.40000000000000036,0.9457312227057805,0.943005124112784,0.9628522059598235,0.8894099891349627,52.83899775682333,1.7633443887633153,0.943005124112784,
LNET-01703,shunt_then_series,C,8.12184167951746e-13,F,C,6.497473343613974e-13,F,-4.0,0.20000000000000018,0.9376935288503871,0.9314810172194821,0.9628604940347265,0.8681104683083627,52.851012500544776,4.080529763308287,0.9314810172194821,
LNET-02175,shunt_then_series,C,2.0304604198793647e-12,F,L,2.1373267577677528e-09,H,-1.6,-3.8,0.9327886825691388,0.9336592642430023,0.9629996932910447,0.8719104343576993,53.0536059804049,1.6383218264667117,0.9336592642430023,
LNET-02253,shunt_then_series,C,2.320526194147846e-12,F,C,1.1695452018505142e-11,F,-1.4,3.5999999999999996,0.9459860926022989,0.9474414929065713,0.9630129986674284,0.8976953626474355,53.07305074604018,1.8559940258686916,0.9474414929065713,
LNET-01200,series_then_shunt,L,1.4619315023131425e-08,H,L,4.06092083975873e-09,H,1.7999999999999998,-2.0,0.9539303578740176,0.9536807384084124,0.9630249595778899,0.9095538943003016,53.09054262464183,1.054660204088516,0.9536807384084124,
LNET-02833,shunt_then_series,L,1.2994946687227934e-08,H,L,2.388776964563959e-09,H,1.5999999999999996,-3.4,0.9463508753467214,0.9498398642045545,0.9630432725163951,0.9022393454682146,53.11734577655068,2.077554231362411,0.9498398642045545,
LNET-01072,series_then_shunt,L,9.746210015420954e-09,H,L,2.7072805598391537e-09,H,1.2000000000000002,-3.0,0.9534537270195432,0.9529679583608063,0.9630439295866662,0.9082066186851109,53.11830797027587,1.0128492243957856,0.9529679583608063,
LNET-01115,series_then_shunt,L,1.1370578351324447e-08,H,L,3.1237852613528696e-09,H,1.4000000000000004,-2.6,0.9537858563483789,0.9533670509491948,0.9630591854572392,0.9089620667910232,53.14065782672182,1.0243940988497797,0.9533670509491948,
LNET-00140,series_then_shunt,C,9.555107858255836e-13,F,L,1.0152302099396829e-08,H,-3.4,-0.7999999999999998,0.9250084377535377,0.9152403809075744,0.9630762801424408,0.83874334611673,53.16572348927495,2.2435145617782366,0.9152403809075744,
LNET-02081,shunt_then_series,C,1.4766984871849927e-12,F,C,6.497473343613968e-12,F,-2.2,2.0,0.9379357372395135,0.9359169521484687,0.9631086437856982,0.8761845965489014,53.21324139947587,2.6071802825617794,0.9359169521484687,
LNET-00059,series_then_shunt,C,8.549307031071011e-13,F,L,1.3536402799195764e-08,H,-3.8,-0.6000000000000001,0.9312278948379008,0.9239223649123716,0.9631480846117603,0.8543200094763244,53.271263214672544,3.3039867028831464,0.9239223649123716,
LNET-00524,series_then_shunt,C,2.0304604198793647e-12,F,C,7.147220677975366e-12,F,-1.6,2.2,0.9546607164342359,0.9529490904646045,0.9632494064801032,0.9081561170320802,53.42088979915919,1.0382961960251664,0.9529490904646045,
LNET-01326,series_then_shunt,L,1.9492420030841907e-08,H,L,5.801315485369615e-09,H,2.4000000000000004,-1.4,0.9535794240269202,0.953554868143833,0.9633309510689699,0.9093144241469532,53.5419109113452,1.1239566663859752,0.953554868143833,
LNET-02096,shunt_then_series,C,1.624368335903492e-12,F,L,2.538075524849206e-09,H,-2.0,-3.2,0.9363338687245952,0.9368767525428907,0.9633825247807605,0.8778936210591702,53.61873021079185,1.9426912953890025,0.9368767525428907,
LNET-00314,series_then_shunt,C,1.2495141045411476e-12,F,C,3.898484006168382e-12,F,-2.6,1.2000000000000002,0.9533247772387873,0.9518466941544323,0.9634263632451715,0.906061628459236,53.684198167303045,1.1569607295118678,0.9518466941544323,
LNET-01896,shunt_then_series,C,1.0829122239356614e-12,F,L,3.691746217962481e-09,H,-3.0,-2.2,0.9463219700119212,0.946232520917006,0.9635230214027545,0.895421720653431,53.829102543899445,2.7900603799709094,0.946232520917006,
LNET-00189,series_then_shunt,C,1.0152302099396824e-12,F,C,2.5989893374455867e-12,F,-3.2,0.7999999999999998,0.9510128308051788,0.9492786313277538,0.9635473886424955,0.9012039678955003,53.86575379703921,1.313993162189432,0.9492786313277538,
LNET-02919,shunt_then_series,L,1.624368335903492e-08,H,L,3.1237852613528696e-09,H,2.0,-2.6,0.942558433930881,0.9456672008659768,0.9635596768700408,0.8943901139468572,53.88425535820001,2.468451980487843,0.9456672008659768,
LNET-00697,series_then_shunt,C,4.060920839758731e-12,F,C,1.2994946687227937e-11,F,-0.7999999999999998,4.0,0.9541978810798478,0.9522211726184538,0.9636443099367817,0.9067810641031414,54.0120214063393,0.996114646553882,0.9522211726184538,
LNET-02948,shunt_then_series,L,1.624368335903492e-08,H,C,1.039595734978235e-11,F,2.0,3.2,0.9422342974273504,0.9447159215569095,0.9636781638303485,0.8925932785001552,54.06329555197683,2.0027776376766155,0.9447159215569095,
LNET-00342,series_then_shunt,C,1.3536402799195768e-12,F,L,5.801315485369615e-09,H,-2.4,-1.4,0.910092929673805,0.8905605865037893,0.9637370243186522,0.7960978252150788,54.152671903555785,1.367430901852409,0.8905605865037893,
LNET-02876,shunt_then_series,L,1.4619315023131425e-08,H,L,2.7072805598391537e-09,H,1.7999999999999998,-3.0,0.945161782414886,0.9484974263826219,0.9637463334214489,0.8997134239643139,54.16683383366435,2.2715030669983793,0.9484974263826219,
LNET-01300,series_then_shunt,L,1.7868051694938416e-08,H,C,5.197978674891173e-12,F,2.2,1.5999999999999996,0.9050158400707294,0.894687159154618,0.9637506996068873,0.8041649639404097,54.17347861367268,1.2461926562352283,0.894687159154618,
LNET-01242,series_then_shunt,L,1.624368335903492e-08,H,L,4.51213426639859e-09,H,2.0,-1.7999999999999998,0.9548575444579246,0.9546883664040083,0.9638124982308056,0.9114734608317335,54.26770023407793,1.0721966097240259,0.9546883664040083,
LNET-01576,series_then_shunt,L,2.923863004626285e-08,H,L,1.3536402799195764e-08,H,3.5999999999999996,-0.6000000000000001,0.949269219322947,0.9493910983625166,0.9638394283032145,0.9014449321210477,54.30886006920592,1.5015387641398048,0.9493910983625166,
LNET-01745,shunt_then_series,C,8.549307031071011e-13,F,C,1.2994946687227947e-12,F,-3.8,0.40000000000000036,0.9369785593269517,0.9297055601730898,0.9638502639832764,0.8649131101771632,54.32543858895019,3.9504378203199595,0.9297055601730898,
LNET-00653,series_then_shunt,C,3.248736671806984e-12,F,C,1.1045704684143746e-11,F,-1.0,3.4000000000000004,0.9548268647991002,0.952812357483762,0.963866545001233,0.907905002291752,54.35036713395519,1.003657607761876,0.952812357483762,
LNET-01284,series_then_shunt,L,1.7868051694938416e-08,H,L,5.076151049698412e-09,H,2.2,-1.6,0.9547257881887771,0.9546304482012062,0.9638904953484578,0.9113630070351475,54.387079365947045,1.0944638739684687,0.9546304482012062,
LNET-01775,shunt_then_series,C,9.024268532797177e-13,F,L,4.51213426639859e-09,H,-3.6,-1.7999999999999998,0.9521670580023718,0.9516977771167806,0.9639330680970428,0.9057640939870032,54.45245726421263,3.3401227163346694,0.9516977771167806,
LNET-00620,series_then_shunt,C,3.248736671806984e-12,F,L,2.538075524849206e-09,H,-1.0,-3.2,0.8909182072182251,0.8606473696606693,0.9639347481063695,0.7470818914242549,54.45504037788849,0.9937091263308738,0.8606473696606693,
LNET-02789,shunt_then_series,L,1.1370578351324447e-08,H,L,2.030460419879365e-09,H,1.4000000000000004,-4.0,0.9503235789694392,0.953709209688312,0.9639379010795132,0.9095835699647885,54.459888910232074,1.8855489817704816,0.953709209688312,
LNET-03004,shunt_then_series,L,1.9492420030841907e-08,H,L,4.06092083975873e-09,H,2.4000000000000004,-2.0,0.9395721502709153,0.9417658572824135,0.9641382266006793,0.8871240430031836,54.76969040906055,2.860371083938676,0.9417658572824135,
LNET-01220,series_then_shunt,L,1.4619315023131425e-08,H,C,6.497473343613968e-12,F,1.7999999999999998,2.0,0.8992385334782232,0.8854684120553643,0.9641585701239459,0.7891726635716975,54.80134517278881,1.1287871409340962,0.8854684120553643,
LNET-03188,shunt_then_series,L,2.5989893374455874e-08,H,C,6.497473343613968e-12,F,3.2,2.0,0.9522344245957326,0.9530504858144794,0.9642528048046715,0.9083463101556165,54.94844543947215,3.0609723362036054,0.9530504858144794,
LNET-02210,shunt_then_series,C,2.0304604198793647e-12,F,C,1.039595734978235e-11,F,-1.6,3.2,0.9460631291774303,0.9469400113802057,0.9644309933455368,0.8967664993415608,55.228727988641815,2.038986278155929,0.9469400113802057,
LNET-00581,series_then_shunt,C,2.707280559839153e-12,F,L,2.9006577426848075e-09,H,-1.2000000000000002,-2.8,0.8936966686835853,0.8614927359242842,0.9644383449853824,0.7488271871502258,55.24035212022333,1.0206451666270364,0.8614927359242842,
LNET-02124,shunt_then_series,C,1.624368335903492e-12,F,C,7.796968012336763e-12,F,-2.0,2.4000000000000004,0.9421922437840133,0.9414647059911565,0.9644757344805891,0.8865109760818936,55.2995454165597,2.4176473064377033,0.9414647059911565,
LNET-01260,series_then_shunt,L,1.624368335903492e-08,H,C,5.847726009252571e-12,F,2.0,1.7999999999999998,0.9033669461599184,0.8913571408060347,0.9644774532983766,0.7988208009028593,55.30226956415265,1.1788787816577047,0.8913571408060347,
LNET-01028,series_then_shunt,L,8.12184167951746e-09,H,L,2.256067133199294e-09,H,1.0,-3.6,0.9548826149123723,0.9544055330394748,0.9644879701849705,0.9109488065714586,55.3189434796417,1.0031614541519474,0.9544055330394748,
LNET-02039,shunt_then_series,C,1.3536402799195768e-12,F,C,5.847726009252571e-12,F,-2.4,1.7999999999999998,0.9391390309738344,0.936346365426078,0.9645409812133522,0.8770255492624168,55.403139975015485,2.79534515685885,0.936346365426078,
LNET-01451,series_then_shunt,L,2.4365525038552382e-08,H,L,8.12184167951746e-09,H,3.0,-1.0,0.9535560655596601,0.9536760899188415,0.9645748222664462,0.9095548610302076,55.45702090876604,1.2347444413630846,0.9536760899188415,
LNET-00356,series_then_shunt,C,1.3536402799195768e-12,F,C,4.548231340529779e-12,F,-2.4,1.4000000000000004,0.9555535689455503,0.9541510706538496,0.9646146337946531,0.9104454646136484,55.520539829761276,1.1179913148691434,0.9541510706538496,
LNET-00482,series_then_shunt,C,1.8048537065594359e-12,F,C,6.497473343613968e-12,F,-1.7999999999999998,2.0,0.9564217006870526,0.9548746561346348,0.9646438287800552,0.9118243557645431,55.56721106927371,1.0519873328458234,0.9548746561346348,
LNET-02056,shunt_then_series,C,1.4766984871849927e-12,F,L,2.7072805598391537e-09,H,-2.2,-3.0,0.9398373740728594,0.940229292733945,0.9646831151877633,0.8841637659487757,55.6301362827741,2.1072334241126986,0.940229292733945,
LNET-01936,shunt_then_series,C,1.160263097073923e-12,F,L,3.384100699798942e-09,H,-2.8,-2.4,0.9455968189411127,0.9456488700355956,0.964694386574257,0.8943312952943648,55.64821556511193,2.616140403526641,0.9456488700355956,
LNET-01787,shunt_then_series,C,9.024268532797177e-13,F,C,1.949242003084189e-12,F,-3.6,0.5999999999999996,0.9371145471216701,0.9295321579459205,0.9647516297305717,0.864630757263512,55.7402119505833,3.813956946400061,0.9295321579459205,
LNET-00106,series_then_shunt,C,9.024268532797177e-13,F,C,1.949242003084189e-12,F,-3.6,0.5999999999999996,0.9507963724410887,0.9487837561750713,0.9647681644018968,0.9002851124495177,55.76684072934528,1.4808092020920904,0.9487837561750713,
LNET-03309,shunt_then_series,L,3.0862998382166346e-08,H,C,5.197978674891173e-12,F,3.8,1.5999999999999996,0.956684021201566,0.9568617348994989,0.9647956360502392,0.915609157511974,55.81113860924023,3.6334064968944575,0.9568617348994989,
LNET-01421,series_then_shunt,L,2.2741156702648887e-08,H,C,3.898484006168382e-12,F,2.8,1.2000000000000002,0.9172036271497424,0.9112786642032223,0.9648635944754408,0.8324404293542279,55.92101881628343,1.4841649605582492,0.9112786642032223,
LNET-02167,shunt_then_series,C,1.8048537065594359e-12,F,C,9.096462681059554e-12,F,-1.7999999999999998,2.8,0.9448406555486143,0.9450258463444993,0.964906218326867,0.8931770077312088,55.99015337327274,2.2270128607412234,0.9450258463444993,
LNET-03340,shunt_then_series,L,3.248736671806984e-08,H,L,2.0304604198793658e-08,H,4.0,-0.3999999999999999,0.9380007332438766,0.9356563040593262,0.9649562274977915,0.8760003908020597,56.07148109907286,4.221973801499211,0.9356563040593262,
LNET-00567,series_then_shunt,C,2.320526194147846e-12,F,C,8.446715346698158e-12,F,-1.4,2.5999999999999996,0.9568205324853163,0.955075971714765,0.9650086848832706,0.9122124114986851,56.15704006345845,1.0233100383505462,0.955075971714765,
LNET-00502,series_then_shunt,C,2.0304604198793647e-12,F,L,3.691746217962481e-09,H,-1.6,-2.2,0.9005171272486215,0.870822463128081,0.9650557841523968,0.7639596987845408,56.23407870196,1.0961384236166243,0.870822463128081,
LNET-01659,series_then_shunt,L,3.248736671806984e-08,H,L,2.0304604198793658e-08,H,4.0,-0.3999999999999999,0.9487802303428173,0.9487561342515936,0.9650878896080021,0.9002725564313754,56.28671161793795,1.8225051813047555,0.9487561342515936,
LNET-01694,shunt_then_series,C,8.12184167951746e-13,F,L,5.076151049698412e-09,H,-4.0,-1.6,0.9562915890603015,0.9556252445482826,0.9651508132994495,0.9132434052966117,56.3901485043382,3.7210083125683626,0.9556252445482826,
LNET-02988,shunt_then_series,L,1.7868051694938416e-08,H,C,9.746210015420952e-12,F,2.2,3.0,0.9455823754566653,0.9477403265622515,0.9652122069665441,0.8983021735697614,56.49143091878727,2.173565039267017,0.9477403265622515,
LNET-00610,series_then_shunt,C,2.707280559839153e-12,F,C,9.746210015420952e-12,F,-1.2000000000000002,3.0,0.9568577558653621,0.9550030054578788,0.9652153285338156,0.9120763300142318,56.4965901846819,1.0124295281729738,0.9550030054578788,
LNET-00398,series_then_shunt,C,1.4766984871849927e-12,F,C,5.197978674891173e-12,F,-2.2,1.5999999999999996,0.9568034699051567,0.9554090842225299,0.9652456184085871,0.9128438069223193,56.546700830785646,1.0898524079505536,0.9554090842225299,
LNET-00440,series_then_shunt,C,1.624368335903492e-12,F,C,5.847726009252571e-12,F,-2.0,1.7999999999999998,0.9571017641496795,0.9556587073422551,0.9652755870415837,0.913320145057116,56.59636606081918,1.0686492463657409,0.9556587073422551,
LNET-01976,shunt_then_series,C,1.2495141045411476e-12,F,L,3.1237852613528696e-09,H,-2.6,-2.6,0.9443442339709144,0.9445116627361708,0.9652915810754066,0.8921972831187089,56.62290712075207,2.4443525391057044,0.9445116627361708,
LNET-03046,shunt_then_series,L,2.1116788366745392e-08,H,L,4.51213426639859e-09,H,2.5999999999999996,-1.7999999999999998,0.9401293743927217,0.9417554859226205,0.9652987999875113,0.8871445983350806,56.63489444976592,3.0543943689388566,0.9417554859226205,
LNET-02016,shunt_then_series,C,1.3536402799195768e-12,F,L,2.9006577426848075e-09,H,-2.4,-2.8,0.9424626808677551,0.9427369673297333,0.9652988057888899,0.8888655594284999,56.63490408522231,2.2746346863697116,0.9427369673297333,
LNET-01063,series_then_shunt,L,8.12184167951746e-09,H,C,1.1045704684143746e-11,F,1.0,3.4000000000000004,0.893337017274697,0.8809237205032899,0.9653133753431065,0.7815509765347229,56.6591126920885,0.9930948018516869,0.8809237205032899,
LNET-00658,series_then_shunt,C,4.060920839758731e-12,F,L,2.1373267577677528e-09,H,-0.7999999999999998,-3.8,0.8957954494813418,0.8720280658799199,0.9653329155990816,0.7651591614831156,56.69161250684865,0.9768122590197019,0.8720280658799199,
LNET-03148,shunt_then_series,L,2.4365525038552382e-08,H,C,7.147220677975366e-12,F,3.0,2.2,0.951926604026729,0.9530217716662582,0.9654352973397998,0.9082989129255947,56.86249688480373,2.8795361983605257,0.9530217716662582,
LNET-01829,shunt_then_series,C,9.555107858255836e-13,F,C,2.5989893374455867e-12,F,-3.4,0.7999999999999998,0.937744339628631,0.9305020970856787,0.965472244434011,0.8664135507696764,56.92441377133905,3.667441133482496,0.9305020970856787,
LNET-01997,shunt_then_series,C,1.2495141045411476e-12,F,C,5.197978674891173e-12,F,-2.6,1.5999999999999996,0.9396860730973162,0.9360437986187095,0.9654793835546753,0.8765057194880255,56.93639297165192,2.9817457935971263,0.9360437986187095,
LNET-03298,shunt_then_series,L,3.0862998382166346e-08,H,L,1.3536402799195764e-08,H,3.8,-0.6000000000000001,0.9373599618276188,0.934867758749229,0.9655168280810833,0.874580585949988,56.999304840714046,4.084218935091408,0.934867758749229,
LNET-02254,shunt_then_series,C,2.320526194147846e-12,F,C,1.2345199352866539e-11,F,-1.4,3.8,0.9500883027815463,0.9515874447305197,0.9655222032153379,0.9055572248022455,57.00834700927657,1.8528178441365757,0.9515874447305197,
LNET-00382,series_then_shunt,C,1.4766984871849927e-12,F,L,5.076151049698412e-09,H,-2.2,-1.6,0.9108475019204265,0.8891558203061682,0.9655395625350436,0.7940157993322982,57.03756850254279,1.2634788106037653,0.8891558203061682,
LNET-00231,series_then_shunt,C,1.0829122239356614e-12,F,C,3.248736671806984e-12,F,-3.0,1.0,0.9551887599332691,0.9537488532028481,0.9656173631972317,0.9096879391516192,57.16889529074658,1.2239880906152527,0.9537488532028481,
LNET-02832,shunt_then_series,L,1.2994946687227934e-08,H,L,2.256067133199294e-09,H,1.5999999999999996,-3.6,0.9507219190986761,0.9539913717944553,0.9656540739207048,0.9101321223661402,57.23106925061666,2.0739412967866104,0.9539913717944553,
LNET-01157,series_then_shunt,L,1.2994946687227934e-08,H,L,3.384100699798942e-09,H,1.5999999999999996,-2.4,0.9573245728012941,0.9570004154699937,0.965669074002191,0.9158916347257751,57.256511931185386,1.0350652183038844,0.9570004154699937,
LNET-01025,series_then_shunt,L,6.497473343613967e-09,H,C,1.2994946687227937e-11,F,0.7999999999999998,4.0,0.8960547052812734,0.8889035333769806,0.9657103577841433,0.7942025467089704,57.32665116217311,0.9791961394660957,0.8889035333769806,
LNET-01664,series_then_shunt,L,3.248736671806984e-08,H,C,1.949242003084189e-12,F,4.0,0.5999999999999996,0.9358732289806946,0.9343400197402557,0.9657380358710221,0.8735692221730418,57.37376959683561,3.0366342205702663,0.9343400197402557,
LNET-02909,shunt_then_series,L,1.4619315023131425e-08,H,C,1.1695452018505142e-11,F,1.7999999999999998,3.5999999999999996,0.9435949917198381,0.9462932431471536,0.9657411824698515,0.8955814004075755,57.379131102232535,1.8480611026071503,0.9462932431471536,
LNET-02961,shunt_then_series,L,1.7868051694938416e-08,H,L,3.384100699798942e-09,H,2.2,-2.4,0.944570154776522,0.9472858673838351,0.9657429872992722,0.8974697161885384,57.38220680455043,2.6642550085370686,0.9472858673838351,
LNET-01141,series_then_shunt,L,1.1370578351324447e-08,H,C,8.446715346698158e-12,F,1.4000000000000004,2.5999999999999996,0.8978691555166309,0.8823099928040236,0.9658135006879806,0.7843944571203514,57.50262648263699,1.0437751946250187,0.8823099928040236,
LNET-02135,shunt_then_series,C,1.8048537065594359e-12,F,L,2.256067133199294e-09,H,-1.7999999999999998,-3.6,0.9382126999886726,0.9388125492254569,0.9658808162221671,0.8815344319894227,57.61804939482154,1.7949549765555226,0.9388125492254569,
LNET-00023,series_then_shunt,C,8.12184167951746e-13,F,C,1.2994946687227947e-12,F,-4.0,0.40000000000000036,0.9502038227746045,0.9477056454826898,0.9659215500580068,0.898273387731969,57.68811531640412,1.791456159717292,0.9477056454826898,
LNET-01871,shunt_then_series,C,1.0152302099396824e-12,F,C,3.248736671806984e-12,F,-3.2,1.0,0.9385445258154357,0.932057130341723,0.96594914673368,0.869252188529927,57.735679378061874,3.509578219809696,0.932057130341723,
LNET-01502,series_then_shunt,L,2.5989893374455874e-08,H,C,3.248736671806984e-12,F,3.2,1.0,0.9251094548344911,0.9211566748754556,0.9659536714705608,0.8498517867011426,57.74348531503586,1.7079814416650962,0.9211566748754556,
LNET-01583,series_then_shunt,L,2.923863004626285e-08,H,C,2.5989893374455867e-12,F,3.5999999999999996,0.7999999999999998,0.9307534874811453,0.9282340530721893,0.9659862854320251,0.8625010270568257,57.79981135265573,2.1169451048370167,0.9282340530721893,
LNET-01955,shunt_then_series,C,1.160263097073923e-12,F,C,4.548231340529779e-12,F,-2.8,1.4000000000000004,0.9396858111460352,0.9351164819789205,0.9659937252316623,0.874827975019386,57.81267541430745,3.1644604352822308,0.9351164819789205,
LNET-01534,series_then_shunt,L,2.761426171035937e-08,H,L,1.0152302099396829e-08,H,3.4000000000000004,-0.7999999999999998,0.9541100625212213,0.9542642732018914,0.9660056146395926,0.910686010331955,57.83324492547992,1.3415526002573226,0.9542642732018914,
LNET-03256,shunt_then_series,L,2.923863004626285e-08,H,L,1.0152302099396829e-08,H,3.5999999999999996,-0.7999999999999998,0.9375444677278658,0.9354244689546996,0.9660187462932792,0.8756022777994803,57.855980337312914,3.937893283678134,0.9354244689546996,
LNET-03088,shunt_then_series,L,2.2741156702648887e-08,H,L,5.076151049698412e-09,H,2.8,-1.6,0.9401395986297203,0.9411179742827745,0.9660466955385534,0.8859960049470105,57.904428647614104,3.2456178853658084,0.9411179742827745,
LNET-03028,shunt_then_series,L,1.9492420030841907e-08,H,C,9.096462681059554e-12,F,2.4000000000000004,2.8,0.9481118174667063,0.9499857360023095,0.966089469839371,0.9025505376482158,57.97872992625915,2.347070605806728,0.9499857360023095,
LNET-01913,shunt_then_series,C,1.0829122239356614e-12,F,C,3.898484006168382e-12,F,-3.0,1.2000000000000002,0.9392565085817777,0.9337117271950358,0.9661362426291281,0.8722695311317983,58.06019164076317,3.341219123373432,0.9337117271950358,
LNET-01815,shunt_then_series,C,9.555107858255836e-13,F,L,4.06092083975873e-09,H,-3.4,-2.0,0.9524785572538503,0.9522160979371547,0.9661523208232616,0.9067593496864401,58.08824618541318,3.1590590477931912,0.9522160979371547,
LNET-03108,shunt_then_series,L,2.2741156702648887e-08,H,C,7.796968012336763e-12,F,2.8,2.4000000000000004,0.9511896527236258,0.9525465594824308,0.9661582252902802,0.9074018019902663,58.09855547337983,2.700217578297244,0.9525465594824308,
LNET-00462,series_then_shunt,C,1.8048537065594359e-12,F,L,4.06092083975873e-09,H,-1.7999999999999998,-2.0,0.9065443270181599,0.8798899781386802,0.9662370046288078,0.7788585947177883,58.23645038042067,1.1386229817652602,0.8798899781386802,
LNET-00261,series_then_shunt,C,1.160263097073923e-12,F,L,6.768201399597882e-09,H,-2.8,-1.2000000000000002,0.9212460028276682,0.9064964629337634,0.9662652514765878,0.8236319193532541,58.28605036471472,1.5174106828237601,0.9064964629337634,
LNET-01409,series_then_shunt,L,2.2741156702648887e-08,H,L,6.768201399597882e-09,H,2.8,-1.2000000000000002,0.9567983400885803,0.9568651726486401,0.9662965836839333,0.9156339064705327,58.34116533600737,1.1737163661513348,0.9568651726486401,
LNET-00422,series_then_shunt,C,1.624368335903492e-12,F,L,4.51213426639859e-09,H,-2.0,-1.7999999999999998,0.9098088093417249,0.8857959869459052,0.9663727348082346,0.7885778273978449,58.47554725591415,1.1917661392500676,0.8857959869459052,
LNET-01071,series_then_shunt,L,9.746210015420954e-09,H,L,2.538075524849206e-09,H,1.2000000000000002,-3.2,0.9577183152664902,0.957266428506869,0.9663794769894993,0.9164072493756773,58.487474343434265,1.011571405142831,0.957266428506869,
LNET-03214,shunt_then_series,L,2.761426171035937e-08,H,L,8.12184167951746e-09,H,3.4000000000000004,-1.0,0.9381999951355443,0.936785974214639,0.9663800485626348,0.8780850131548485,58.48848569058913,3.780192999370136,0.936785974214639,
LNET-03068,shunt_then_series,L,2.1116788366745392e-08,H,C,8.446715346698158e-12,F,2.5999999999999996,2.5999999999999996,0.9499467420342054,0.9515587758478126,0.966387894966616,0.9055306264912849,58.50237267239213,2.522721363345504,0.9515587758478126,
LNET-03130,shunt_then_series,L,2.4365525038552382e-08,H,L,5.801315485369615e-09,H,3.0,-1.4,0.9397185508167347,0.9399564562301302,0.9664430233112317,0.8838762183762767,58.60012484287383,3.431956089417521,0.9399564562301302,
LNET-02082,shunt_then_series,C,1.4766984871849927e-12,F,C,7.147220677975366e-12,F,-2.2,2.2,0.944200203504158,0.9428852182524893,0.9664568258518362,0.8892068591436821,58.6246494492676,2.6072886106083635,0.9428852182524893,
LNET-02875,shunt_then_series,L,1.4619315023131425e-08,H,L,2.538075524849206e-09,H,1.7999999999999998,-3.2,0.9499692318193963,0.9531191292801867,0.9664894659057237,0.9084844788477233,58.682725270010145,2.267824843318509,0.9531191292801867,
LNET-02918,shunt_then_series,L,1.624368335903492e-08,H,L,2.9006577426848075e-09,H,2.0,-2.8,0.9479702526660873,0.9509601722238419,0.9665144829225559,0.9043995294844387,58.727314210931056,2.465395304245503,0.9509601722238419,
LNET-03172,shunt_then_series,L,2.5989893374455874e-08,H,L,6.768201399597882e-09,H,3.2,-1.2000000000000002,0.9390088739067607,0.9384275916454479,0.9665384224680704,0.8810817599848321,58.77004515377578,3.610971156937728,0.9384275916454479,
LNET-02870,shunt_then_series,L,1.2994946687227934e-08,H,C,1.2994946687227937e-11,F,1.5999999999999996,4.0,0.9437209596086386,0.9466417570223817,0.9665419405637905,0.8962453702574673,58.77632993967155,1.695681409618183,0.9466417570223817,
LNET-01102,series_then_shunt,L,9.746210015420954e-09,H,C,9.746210015420952e-12,F,1.2000000000000002,3.0,0.8981247259153281,0.8833560864277956,0.966607420708278,0.7860824701953708,58.89354648311932,1.0145681312573342,0.8833560864277956,
LNET-03269,shunt_then_series,L,2.923863004626285e-08,H,C,5.847726009252571e-12,F,3.5999999999999996,1.7999999999999998,0.9572006006749386,0.9576660743926388,0.9666893736978825,0.9171529642144998,59.0409005180688,3.4441854473310074,0.9576660743926388,
LNET-00018,series_then_shunt,C,8.12184167951746e-13,F,L,1.3536402799195764e-08,H,-4.0,-0.6000000000000001,0.937984810062813,0.9314161031458895,0.9666931289374008,0.8680918557735898,59.04766993095998,3.1902031368927664,0.9314161031458895,
LNET-01114,series_then_shunt,L,1.1370578351324447e-08,H,L,2.9006577426848075e-09,H,1.4000000000000004,-2.8,0.958503813591689,0.9581118190125492,0.9667426356134998,0.9180208600879819,59.137056465359585,1.021660089111233,0.9581118190125492,
LNET-00654,series_then_shunt,C,3.248736671806984e-12,F,C,1.1695452018505142e-11,F,-1.0,3.5999999999999996,0.9585918912481719,0.9567432052173468,0.9668445981101795,0.9154024472693522,59.32199539146741,1.003329889490799,0.9567432052173468,
LNET-00148,series_then_shunt,C,9.555107858255836e-13,F,C,2.5989893374455867e-12,F,-3.4,0.7999999999999998,0.9555623076345184,0.954012796788689,0.966914957304779,0.9102006923846401,59.45027713652898,1.3265348797757004,0.954012796788689,
LNET-01704,shunt_then_series,C,8.12184167951746e-13,F,C,1.2994946687227947e-12,F,-4.0,0.40000000000000036,0.9423240775411581,0.9356153069187936,0.9669517103325421,0.8758496733016831,59.51750393513913,4.148001015915904,0.9356153069187936,
LNET-01617,series_then_shunt,L,3.0862998382166346e-08,H,L,1.3536402799195764e-08,H,3.8,-0.6000000000000001,0.9536512289694485,0.9537732256680069,0.966955652005199,0.9097676304639036,59.524722724584095,1.5191605409419053,0.9537732256680069,
LNET-02174,shunt_then_series,C,2.0304604198793647e-12,F,L,2.030460419879365e-09,H,-1.6,-4.0,0.9387162029425876,0.9394111187939579,0.9669972518926236,0.8826663724124629,59.60101399716424,1.6496151746085235,0.9394111187939579,
LNET-02211,shunt_then_series,C,2.0304604198793647e-12,F,C,1.1045704684143746e-11,F,-1.6,3.4000000000000004,0.9504669889082533,0.9514709251679876,0.9670203134995401,0.9053509199044635,59.64339028729427,2.0354697070038648,0.9514709251679876,
LNET-00099,series_then_shunt,C,9.024268532797177e-13,F,L,1.0152302099396829e-08,H,-3.6,-0.7999999999999998,0.9333388665174331,0.9246948220832324,0.9670493721867329,0.855905506614646,59.696870825469674,2.195529808091654,0.9246948220832324,
LNET-00180,series_then_shunt,C,1.0152302099396824e-12,F,L,8.12184167951746e-09,H,-3.2,-1.0,0.9282949535553031,0.9170015461947841,0.9671509511264745,0.8421497931376071,59.88456343744828,1.7567347225651624,0.9170015461947841,
LNET-01027,series_then_shunt,L,8.12184167951746e-09,H,L,2.1373267577677528e-09,H,1.0,-3.8,0.9584759873085029,0.9580341556329144,0.9672933359913441,0.9178791917380581,60.14961768863673,1.0028916490064366,0.9580341556329144,
LNET-00525,series_then_shunt,C,2.0304604198793647e-12,F,C,7.796968012336763e-12,F,-1.6,2.4000000000000004,0.9598790930405149,0.958360606013497,0.9673227716382314,0.9184888178181624,60.20470126346284,1.0333721237157043,0.958360606013497,
LNET-00273,series_then_shunt,C,1.160263097073923e-12,F,C,3.898484006168382e-12,F,-2.8,1.2000000000000002,0.9584184722113198,0.9571462586913898,0.9673455083194594,0.9161670094847653,60.2473168949017,1.1655048336015748,0.9571462586913898,
LNET-01199,series_then_shunt,L,1.4619315023131425e-08,H,L,3.691746217962481e-09,H,1.7999999999999998,-2.2,0.9595662982846938,0.9593233886905193,0.9673483366704935,0.9203363905756018,60.25262225745932,1.047086246391065,0.9593233886905193,
LNET-03003,shunt_then_series,L,1.9492420030841907e-08,H,L,3.691746217962481e-09,H,2.4000000000000004,-2.2,0.9458633547423805,0.9481733901692214,0.9673672927991652,0.8991719683690663,60.28820350978536,2.8610838588004683,0.9481733901692214,
LNET-02125,shunt_then_series,C,1.624368335903492e-12,F,C,8.446715346698158e-12,F,-2.0,2.5999999999999996,0.9476501524868621,0.9473519657084246,0.9674695159798821,0.8975889332108936,60.48079440696712,2.4150837770884643,0.9473519657084246,
LNET-01367,series_then_shunt,L,2.1116788366745392e-08,H,L,5.801315485369615e-09,H,2.5999999999999996,-1.4,0.9590899737460111,0.9590983517872811,0.9675666783965396,0.9199049107490054,60.6649760531039,1.1317387992729973,0.9590983517872811,
LNET-01381,series_then_shunt,L,2.1116788366745392e-08,H,C,4.548231340529779e-12,F,2.5999999999999996,1.4000000000000004,0.9197756207710565,0.9125680617365108,0.9676356948920184,0.8350215441456807,60.796475880669064,1.3397706656174004,0.9125680617365108,
LNET-01734,shunt_then_series,C,8.549307031071011e-13,F,L,4.51213426639859e-09,H,-3.8,-1.7999999999999998,0.9569458176357252,0.9565172762795676,0.9676520592957559,0.9149547324076609,60.82773791648501,3.5343505328158393,0.9565172762795676,
LNET-02168,shunt_then_series,C,1.8048537065594359e-12,F,C,9.746210015420952e-12,F,-1.7999999999999998,3.0,0.9496867369456968,0.9501196415660325,0.9676530565644964,0.9028041863121441,60.82964408948839,2.2235502288860003,0.9501196415660325,
LNET-00065,series_then_shunt,C,8.549307031071011e-13,F,C,1.949242003084189e-12,F,-3.8,0.5999999999999996,0.9549893660961504,0.9531607393072268,0.9677695727045652,0.9085941537025958,61.05316428688134,1.4976721582397534,0.9531607393072268,
LNET-02255,shunt_then_series,C,2.320526194147846e-12,F,C,1.2994946687227937e-11,F,-1.4,4.0,0.9537640177434868,0.9552807470261798,0.9677937190498834,0.9125913223134194,61.0996880421476,1.849595714057813,0.9552807470261798,
LNET-02040,shunt_then_series,C,1.3536402799195768e-12,F,C,6.497473343613968e-12,F,-2.4,2.0,0.9454864459329535,0.9435430052557137,0.967890275989742,0.8904722709298057,61.28642760557719,2.79764708433018,0.9435430052557137,
LNET-01746,shunt_then_series,C,8.549307031071011e-13,F,C,1.949242003084189e-12,F,-3.8,0.5999999999999996,0.9426282410257005,0.9356200002203167,0.9679066214704938,0.8758921082385002,61.318150710160566,4.011226666786173,0.9356200002203167,
LNET-01855,shunt_then_series,C,1.0152302099396824e-12,F,L,3.691746217962481e-09,H,-3.2,-2.2,0.9525200910342114,0.9524105026809575,0.9679121162609781,0.9071391519857704,61.328822189286626,2.98124288267626,0.9524105026809575,
LNET-02095,shunt_then_series,C,1.624368335903492e-12,F,L,2.388776964563959e-09,H,-2.0,-3.4,0.9425166191777752,0.9429379901636927,0.9679254117583896,0.8892742770913182,61.35465861430453,1.9565547881007574,0.9429379901636927,
LNET-02949,shunt_then_series,L,1.624368335903492e-08,H,C,1.1045704684143746e-11,F,2.0,3.4000000000000004,0.9476882022910793,0.9500401219226424,0.9679682101991944,0.9026718464670279,61.43797216569216,2.016039408666324,0.9500401219226424,
LNET-02831,shunt_then_series,L,1.2994946687227934e-08,H,L,2.1373267577677528e-09,H,1.5999999999999996,-3.8,0.9546113380478302,0.9576703075001839,0.96801075960072,0.9171570461830862,61.52102191351243,2.0702233954504647,0.9576703075001839,
LNET-01492,series_then_shunt,L,2.5989893374455874e-08,H,L,8.12184167951746e-09,H,3.2,-1.0,0.958177198784679,0.9583058135828689,0.9680492041494211,0.9183950916992781,61.596249850964576,1.2446588953418714,0.9583058135828689,
LNET-00541,series_then_shunt,C,2.320526194147846e-12,F,L,3.1237852613528696e-09,H,-1.4,-2.6,0.9066302688753665,0.8772655105113909,0.9681870556243478,0.774932742742646,61.86749118169288,1.0484983305803066,0.8772655105113909,
LNET-03350,shunt_then_series,L,3.248736671806984e-08,H,C,5.197978674891173e-12,F,4.0,1.5999999999999996,0.9608267927340916,0.9609945033953,0.9682353431367782,0.923531032380298,61.96306012723424,3.833785788303377,0.9609945033953,
LNET-00619,series_then_shunt,C,3.248736671806984e-12,F,L,2.388776964563959e-09,H,-1.0,-3.4,0.9038199129075251,0.8762512429749879,0.9682584324158591,0.7729529724015888,62.00886037522804,0.9947027475946427,0.8762512429749879,
LNET-01241,series_then_shunt,L,1.624368335903492e-08,H,L,4.06092083975873e-09,H,2.0,-2.0,0.9607615743163097,0.9605887934814825,0.9682853214678624,0.9227622353741983,62.062281964274966,1.061320215961471,0.9605887934814825,
LNET-03229,shunt_then_series,L,2.761426171035937e-08,H,C,6.497473343613968e-12,F,3.4000000000000004,2.0,0.9574914973674552,0.9582208421340466,0.9683129130794079,0.9182206939664496,62.11719360672078,3.2588195866958976,0.9582208421340466,
LNET-01325,series_then_shunt,L,1.9492420030841907e-08,H,L,5.076151049698412e-09,H,2.4000000000000004,-1.6,0.9604929585458643,0.960442577688522,0.968342026808017,0.9224813498774465,62.17523828425229,1.1015348593135672,0.960442577688522,
LNET-00611,series_then_shunt,C,2.707280559839153e-12,F,C,1.039595734978235e-11,F,-1.2000000000000002,3.2,0.960840817251626,0.9591517398948475,0.9683720649098511,0.9200094095873588,62.23523790912718,1.0111875409888667,0.9591517398948475,
LNET-03339,shunt_then_series,L,3.248736671806984e-08,H,L,1.3536402799195764e-08,H,4.0,-0.6000000000000001,0.9426714238389517,0.9403298525767334,0.9684964397005777,0.8847318477330153,62.48488808855926,4.287195447054874,0.9403298525767334,
LNET-00568,series_then_shunt,C,2.320526194147846e-12,F,C,9.096462681059554e-12,F,-1.4,2.8,0.9612594995129525,0.9596882267578776,0.9685143860562185,0.9210351448876295,62.521073578906915,1.0206852201880185,0.9596882267578776,
LNET-03045,shunt_then_series,L,2.1116788366745392e-08,H,L,4.06092083975873e-09,H,2.5999999999999996,-2.0,0.9465371973883516,0.948406377157507,0.9685329305831019,0.899639951275756,62.5585085316518,3.0578357886751864,0.948406377157507,
LNET-01181,series_then_shunt,L,1.2994946687227934e-08,H,C,7.796968012336763e-12,F,1.5999999999999996,2.4000000000000004,0.9082485859463707,0.8941283135342151,0.9685607495721087,0.8042103526669486,62.61474821377107,1.0712135785007177,0.8941283135342151,
LNET-01283,series_then_shunt,L,1.7868051694938416e-08,H,L,4.51213426639859e-09,H,2.2,-1.7999999999999998,0.9610503215217128,0.9609404657643523,0.9685943183947436,0.9234368289841303,62.682744579097445,1.0789160439745324,0.9609404657643523,
LNET-02960,shunt_then_series,L,1.7868051694938416e-08,H,L,3.1237852613528696e-09,H,2.2,-2.6,0.9499965639939185,0.9526582038265788,0.9686284303432894,0.9076420600703836,62.7519901581394,2.661689649193245,0.9526582038265788,
LNET-00315,series_then_shunt,C,1.2495141045411476e-12,F,C,4.548231340529779e-12,F,-2.6,1.4000000000000004,0.960733100541271,0.959545654226213,0.9686395912359789,0.9207586411170553,62.77467892875621,1.1253676391816072,0.959545654226213,
LNET-01788,shunt_then_series,C,9.024268532797177e-13,F,C,2.5989893374455867e-12,F,-3.6,0.7999999999999998,0.9434098494480323,0.9367060260512478,0.9687056999541603,0.8779065433299302,62.90940193806586,3.864281110049244,0.9367060260512478,
LNET-00483,series_then_shunt,C,1.8048537065594359e-12,F,C,7.147220677975366e-12,F,-1.7999999999999998,2.2,0.9617826693731708,0.960426741238569,0.9687925844826817,0.9224482735065564,63.08733202818783,1.0447500633305526,0.960426741238569,
LNET-01998,shunt_then_series,C,1.2495141045411476e-12,F,C,5.847726009252571e-12,F,-2.6,1.7999999999999998,0.9461507540242889,0.9435158954750753,0.968867601772504,0.8904526624870971,63.241758228365676,2.987462421515166,0.9435158954750753,
LNET-00657,series_then_shunt,C,4.060920839758731e-12,F,L,2.030460419879365e-09,H,-0.7999999999999998,-4.0,0.9064774819954667,0.8843823602175624,0.9689331820271893,0.786076200380137,63.377368861863246,0.9795096408376145,0.8843823602175624,
LNET-00190,series_then_shunt,C,1.0152302099396824e-12,F,C,3.248736671806984e-12,F,-3.2,1.0,0.9595781873537528,0.9583105221092529,0.9689454660367318,0.9183997856637306,63.4028341357701,1.2334259287024842,0.9583105221092529,
LNET-02874,shunt_then_series,L,1.4619315023131425e-08,H,L,2.388776964563959e-09,H,1.7999999999999998,-3.4,0.9542163617008009,0.957178102768621,0.9689498844006419,0.9162257894974928,63.41199851897961,2.263850413013777,0.957178102768621,
LNET-00301,series_then_shunt,C,1.2495141045411476e-12,F,L,5.801315485369615e-09,H,-2.6,-1.4,0.9240021085413854,0.9076803421367904,0.9690154830098524,0.8259863418077843,63.54836783920036,1.3628888304814026,0.9076803421367904,
LNET-01575,series_then_shunt,L,2.923863004626285e-08,H,L,1.0152302099396829e-08,H,3.5999999999999996,-0.7999999999999998,0.9582538899819588,0.9584090064385742,0.9690506885263817,0.918601556188834,63.621793014840726,1.35358716020064,0.9584090064385742,
LNET-03297,shunt_then_series,L,3.0862998382166346e-08,H,L,1.0152302099396829e-08,H,3.8,-0.7999999999999998,0.9430197627551722,0.9410032341584924,0.969081392351105,0.8859817181644977,63.685965898321406,4.140541239747528,0.9410032341584924,
LNET-02917,shunt_then_series,L,1.624368335903492e-08,H,L,2.7072805598391537e-09,H,2.0,-3.0,0.9527203375010503,0.9555669253439273,0.9691478360383552,0.9131620028745954,63.82527457349137,2.4616285396575965,0.9555669253439273,
LNET-00580,series_then_shunt,C,2.707280559839153e-12,F,L,2.7072805598391537e-09,H,-1.2000000000000002,-3.0,0.9075620952023342,0.8786639803167337,0.9691639972273723,0.7772809238584424,63.859249583910064,1.0175246211377351,0.8786639803167337,
LNET-01895,shunt_then_series,C,1.0829122239356614e-12,F,L,3.384100699798942e-09,H,-3.0,-2.4,0.9522078709828902,0.9522089904295395,0.9691811622771946,0.9067659336633116,63.89537399134419,2.80574643996697,0.9522089904295395,
LNET-01064,series_then_shunt,L,8.12184167951746e-09,H,C,1.1695452018505142e-11,F,1.0,3.5999999999999996,0.9053619135342411,0.893715841052766,0.9692682603098713,0.8032276944796746,64.07929652425177,0.9940737573212193,0.893715841052766,
LNET-02055,shunt_then_series,C,1.4766984871849927e-12,F,L,2.538075524849206e-09,H,-2.2,-3.2,0.9458591491406398,0.946161843849759,0.9692746445430104,0.8953440971998405,64.09281895207582,2.121833301075122,0.946161843849759,
LNET-01830,shunt_then_series,C,9.555107858255836e-13,F,C,3.248736671806984e-12,F,-3.4,1.0,0.9443716175653223,0.9383593538497396,0.9692943667159061,0.8809564413444766,64.13462795232549,3.7058381448852264,0.9383593538497396,
LNET-01156,series_then_shunt,L,1.2994946687227934e-08,H,L,3.1237852613528696e-09,H,1.5999999999999996,-2.6,0.9619769528200065,0.9616709856876022,0.969297822680738,0.9248437630145523,64.14195977707546,1.030841615031961,0.9616709856876022,
LNET-01070,series_then_shunt,L,9.746210015420954e-09,H,L,2.388776964563959e-09,H,1.2000000000000002,-3.4,0.9614380687344858,0.9610176698621798,0.9692984287840233,0.9235949505056241,64.1432457945092,1.0104743401563179,0.9610176698621798,
LNET-03087,shunt_then_series,L,2.2741156702648887e-08,H,L,4.51213426639859e-09,H,2.8,-1.7999999999999998,0.9466768010816805,0.9480466572504939,0.9693136726199683,0.8989919570674637,64.17560655699201,3.2531984636633573,0.9480466572504939,
LNET-02212,shunt_then_series,C,2.0304604198793647e-12,F,C,1.1695452018505142e-11,F,-1.6,3.5999999999999996,0.954384785043532,0.9554723098102794,0.969348545708662,0.9129687352082401,64.24975882025913,2.0318042759948156,0.9554723098102794,
LNET-02083,shunt_then_series,C,1.4766984871849927e-12,F,C,7.796968012336763e-12,F,-2.2,2.4000000000000004,0.9496741161640286,0.9488904865907556,0.969401765134818,0.9005188854028343,64.36324754719165,2.605442582800237,0.9488904865907556,
LNET-02910,shunt_then_series,L,1.4619315023131425e-08,H,C,1.2345199352866539e-11,F,1.7999999999999998,3.8,0.948589520136555,0.9511174365935235,0.9694480185063536,0.9047243557454748,64.46220252247547,1.8595607963155927,0.9511174365935235,
LNET-01462,series_then_shunt,L,2.4365525038552382e-08,H,C,3.898484006168382e-12,F,3.0,1.2000000000000002,0.9286398722043205,0.9236153230852264,0.9694488383312544,0.8545325574640074,64.46395916741969,1.4732008491336808,0.9236153230852264,
LNET-01956,shunt_then_series,C,1.160263097073923e-12,F,C,5.197978674891173e-12,F,-2.8,1.5999999999999996,0.9462791993941359,0.9428752782987624,0.969454477402008,0.8892842864904946,64.47604460142625,3.17522070490547,0.9428752782987624,
LNET-00357,series_then_shunt,C,1.3536402799195768e-12,F,C,5.197978674891173e-12,F,-2.4,1.5999999999999996,0.9621984533654426,0.9610371502389906,0.9694603657409212,0.9236194111633085,64.48866902050216,1.0965423839395068,0.9610371502389906,
LNET-00655,series_then_shunt,C,3.248736671806984e-12,F,C,1.2345199352866539e-11,F,-1.0,3.8,0.9619161043579962,0.9602144638690668,0.9694797368734831,0.9220496630191762,64.53023451040765,1.0030441955177556,0.9602144638690668,
LNET-02989,shunt_then_series,L,1.7868051694938416e-08,H,C,1.039595734978235e-11,F,2.2,3.2,0.9508837365434565,0.9529488115183103,0.9695036045238492,0.9081939083755405,64.58152098873676,2.1875908311654517,0.9529488115183103,
LNET-01341,series_then_shunt,L,1.9492420030841907e-08,H,C,5.197978674891173e-12,F,2.4000000000000004,1.5999999999999996,0.9211979488454863,0.9127584477540012,0.9695082709996585,0.8356194218665288,64.59155763117278,1.247351845185653,0.9127584477540012,
LNET-01624,series_then_shunt,L,3.0862998382166346e-08,H,C,2.5989893374455867e-12,F,3.8,0.7999999999999998,0.9382017752695674,0.9359769844009074,0.9695174250044223,0.8767485239354802,64.61125496419353,2.079060443202677,0.9359769844009074,
LNET-03255,shunt_then_series,L,2.923863004626285e-08,H,L,8.12184167951746e-09,H,3.5999999999999996,-1.0,0.9438242709343048,0.9424454960709223,0.969549147100836,0.8886407849709392,64.67960531755433,3.982382426533276,0.9424454960709223,
LNET-03189,shunt_then_series,L,2.5989893374455874e-08,H,C,7.147220677975366e-12,F,3.2,2.2,0.9574870968913826,0.9584547863058109,0.969576271968188,0.9186747524789775,64.73816324905137,3.07608043902637,0.9584547863058109,
LNET-00441,series_then_shunt,C,1.624368335903492e-12,F,C,6.497473343613968e-12,F,-2.0,2.0,0.9627398939236933,0.9614937396708858,0.9695805050017879,0.9244964061133014,64.7473110621183,1.0582590698011949,0.9614937396708858,
LNET-01872,shunt_then_series,C,1.0152302099396824e-12,F,C,3.898484006168382e-12,F,-3.2,1.2000000000000002,0.9452781983002497,0.9401324418099541,0.9696352034564203,0.8842267180458795,64.86574677454499,3.536735950368754,0.9401324418099541,
LNET-01658,series_then_shunt,L,3.248736671806984e-08,H,L,1.3536402799195764e-08,H,4.0,-0.6000000000000001,0.9575005965337599,0.9576218845534981,0.9696916355614604,0.9171101448249618,64.98838429753194,1.5355266156062328,0.9576218845534981,
LNET-01914,shunt_then_series,C,1.0829122239356614e-12,F,C,4.548231340529779e-12,F,-3.0,1.4000000000000004,0.9459560875998807,0.9417056190401031,0.9696984476529606,0.887129443495661,65.0032191451542,3.3590564176268396,0.9417056190401031,
LNET-02134,shunt_then_series,C,1.8048537065594359e-12,F,L,2.1373267577677528e-09,H,-1.7999999999999998,-3.8,0.9438479591946859,0.9443040618259021,0.96973517910012,0.8918600563000013,65.08332514559596,1.8070248135238127,0.9443040618259021,
LNET-03129,shunt_then_series,L,2.4365525038552382e-08,H,L,5.076151049698412e-09,H,3.0,-1.6,0.9463649676205678,0.9471562126381682,0.9697648651435701,0.8973487680421424,65.14820835087733,3.4455327699238993,0.9471562126381682,
LNET-01450,series_then_shunt,L,2.4365525038552382e-08,H,L,6.768201399597882e-09,H,3.0,-1.2000000000000002,0.9613600914751154,0.9614424751672839,0.969781482894232,0.924404903168879,65.18458453800999,1.1817157735631847,0.9614424751672839,
LNET-00399,series_then_shunt,C,1.4766984871849927e-12,F,C,5.847726009252571e-12,F,-2.2,1.7999999999999998,0.9628640036207845,0.9616819467399269,0.9697844038731059,0.9248577918346079,65.19098268327248,1.0749932170915981,0.9616819467399269,
LNET-01026,series_then_shunt,L,8.12184167951746e-09,H,L,2.030460419879365e-09,H,1.0,-4.0,0.9616661545642247,0.9612564416067351,0.9697878603909822,0.9240562422306867,65.198555477449,1.0026548948904892,0.9612564416067351,
LNET-01774,shunt_then_series,C,9.024268532797177e-13,F,L,4.06092083975873e-09,H,-3.6,-2.0,0.9574599674704388,0.9572120253248683,0.9698231547083513,0.9162909787662302,65.27598016527902,3.3523000762296804,0.9572120253248683,
LNET-00107,series_then_shunt,C,9.024268532797177e-13,F,C,2.5989893374455867e-12,F,-3.6,0.7999999999999998,0.9595182254389606,0.9581272181189466,0.9698431397369933,0.9180572590746626,65.3199014273178,1.3380207736453964,0.9581272181189466,
LNET-03213,shunt_then_series,L,2.761426171035937e-08,H,L,6.768201399597882e-09,H,3.4000000000000004,-1.2000000000000002,0.9447929756078106,0.9441714558523079,0.9698458749258513,0.8918264209203853,65.32591710361412,3.8125599173532523,0.9441714558523079,
LNET-01543,series_then_shunt,L,2.761426171035937e-08,H,C,3.248736671806984e-12,F,3.4000000000000004,1.0,0.9342130608274227,0.9307890506102338,0.9699029395729016,0.8673738841405512,65.45167240981675,1.687720365578904,0.9307890506102338,
LNET-01113,series_then_shunt,L,1.1370578351324447e-08,H,L,2.7072805598391537e-09,H,1.4000000000000004,-3.0,0.9625566866094503,0.9621905408861204,0.9699243958033308,0.9258450641516214,65.49907968337654,1.019358917352711,0.9621905408861204,
LNET-03171,shunt_then_series,L,2.5989893374455874e-08,H,L,5.801315485369615e-09,H,3.2,-1.4,0.945696145058343,0.945818799945703,0.9699299009932417,0.8948731292680523,65.511254237989,3.6327913629181925,0.945818799945703,
LNET-01935,shunt_then_series,C,1.160263097073923e-12,F,L,3.1237852613528696e-09,H,-2.8,-2.6,0.951466992399133,0.9515503747464907,0.9699579340797979,0.9055238731281542,65.57331773761537,2.6320783704036312,0.9515503747464907,
LNET-02015,shunt_then_series,C,1.3536402799195768e-12,F,L,2.7072805598391537e-09,H,-2.4,-3.0,0.9483862704053266,0.9486053108627278,0.9700267232777031,0.8999563015495976,65.72610467417518,2.2898812764363154,0.9486053108627278,
LNET-02169,shunt_then_series,C,1.8048537065594359e-12,F,C,1.039595734978235e-11,F,-1.7999999999999998,3.2,0.9539671036399501,0.9545774611188628,0.9701051938753809,0.9112759844768438,65.90125340377934,2.2197018774565866,0.9545774611188628,
LNET-03310,shunt_then_series,L,3.0862998382166346e-08,H,C,5.847726009252571e-12,F,3.8,1.7999999999999998,0.9614888220094467,0.9619132293812832,0.9701105284630555,0.9253007333129049,65.9131937487728,3.64372344865989,0.9619132293812832,
LNET-02126,shunt_then_series,C,1.624368335903492e-12,F,C,9.096462681059554e-12,F,-2.0,2.8,0.9524398294858885,0.9524592883997436,0.9701221959625156,0.9072621419792645,65.93932383687967,2.4116245763715334,0.9524592883997436,
LNET-01221,series_then_shunt,L,1.4619315023131425e-08,H,C,7.147220677975366e-12,F,1.7999999999999998,2.2,0.9150904924944716,0.9025681154371966,0.9701304964253443,0.8184977005727635,65.95792566492479,1.1014849814170697,0.9025681154371966,
LNET-02830,shunt_then_series,L,1.2994946687227934e-08,H,L,2.030460419879365e-09,H,1.5999999999999996,-4.0,0.9580826303212979,0.9609423348803615,0.9701435588589113,0.9234289828774235,65.98722029691561,2.066473676161252,0.9609423348803615,
LNET-03002,shunt_then_series,L,1.9492420030841907e-08,H,L,3.384100699798942e-09,H,2.4000000000000004,-2.4,0.9513557582843455,0.9536897221494454,0.9702193881203934,0.9096214478306651,66.15778735794134,2.859521329286811,0.9536897221494454,
LNET-01975,shunt_then_series,C,1.2495141045411476e-12,F,L,2.9006577426848075e-09,H,-2.6,-2.8,0.9502215754035592,0.950372801457144,0.9702435341720445,0.9032975117443484,66.21228292242434,2.460083964849421,0.950372801457144,
LNET-00024,series_then_shunt,C,8.12184167951746e-13,F,C,1.949242003084189e-12,F,-4.0,0.5999999999999996,0.958678953836847,0.9570116461316925,0.9704086403264173,0.9159373830707129,66.58729649673623,1.5133396125861855,0.9570116461316925,
LNET-00058,series_then_shunt,C,8.549307031071011e-13,F,L,1.0152302099396829e-08,H,-3.8,-0.7999999999999998,0.9403930553894153,0.932709762290531,0.9704228210363276,0.8706166651801878,66.61970106941102,2.1537336572612333,0.932709762290531,
LNET-03149,shunt_then_series,L,2.4365525038552382e-08,H,C,7.796968012336763e-12,F,3.0,2.4000000000000004,0.9571284736734608,0.9583144280035828,0.9704408797251721,0.9184121662963113,66.66101228334496,2.8952289157827327,0.9583144280035828,
LNET-03029,shunt_then_series,L,1.9492420030841907e-08,H,C,9.746210015420952e-12,F,2.4000000000000004,3.0,0.9533204912216072,0.955140287149658,0.9704572166659959,0.9123640906364092,66.69842832303408,2.361800401052714,0.955140287149658,
LNET-01301,series_then_shunt,L,1.7868051694938416e-08,H,C,5.847726009252571e-12,F,2.2,1.7999999999999998,0.9211065840697072,0.9114177600475913,0.9705365051518211,0.8334914350467822,66.88060989728847,1.183942765008507,0.9114177600475913,
LNET-00501,series_then_shunt,C,2.0304604198793647e-12,F,L,3.384100699798942e-09,H,-1.6,-2.4,0.9154870891602453,0.8891875502254835,0.9705437974577144,0.7949378024068383,66.89741471694845,1.0771944725046585,0.8891875502254835,
LNET-00220,series_then_shunt,C,1.0829122239356614e-12,F,L,6.768201399597882e-09,H,-3.0,-1.2000000000000002,0.9319053348943415,0.9192937188611171,0.9705919419431779,0.8464939853761196,67.00857085277813,1.5051709956802433,0.9192937188611171,
LNET-01142,series_then_shunt,L,1.1370578351324447e-08,H,C,9.096462681059554e-12,F,1.4000000000000004,2.8,0.9118546736989773,0.8977624442257275,0.9706040381616515,0.8105613540415834,67.03655587111635,1.0365413326900093,0.8977624442257275,
LNET-01705,shunt_then_series,C,8.12184167951746e-13,F,C,1.949242003084189e-12,F,-4.0,0.5999999999999996,0.9474686646733936,0.940979501691209,0.9706636138338846,0.885873088380239,67.17472297627681,4.208630105450986,0.940979501691209,
LNET-00232,series_then_shunt,C,1.0829122239356614e-12,F,C,3.898484006168382e-12,F,-3.0,1.2000000000000002,0.9627367172247646,0.9616337118892772,0.9706754001591594,0.924769038840623,67.20212418430299,1.1731066512820045,0.9616337118892772,
LNET-01261,series_then_shunt,L,1.624368335903492e-08,H,C,6.497473343613968e-12,F,2.0,2.0,0.9191954316915493,0.9081625311647628,0.9707525223913842,0.8280061863139356,67.38196533607518,1.1376090456446828,0.9081625311647628,
LNET-00526,series_then_shunt,C,2.0304604198793647e-12,F,C,8.446715346698158e-12,F,-1.6,2.5999999999999996,0.9642795296831786,0.9629238236805928,0.9707906721141194,0.9272485463773705,67.47127766218728,1.0293345018762774,0.9629238236805928,
LNET-01103,series_then_shunt,L,9.746210015420954e-09,H,C,1.039595734978235e-11,F,1.2000000000000002,3.2,0.9107867195035333,0.8972615584575253,0.9708098670877419,0.8096459991148904,67.51630330056214,1.0125654030035298,0.8972615584575253,
LNET-02041,shunt_then_series,C,1.3536402799195768e-12,F,C,7.147220677975366e-12,F,-2.4,2.2,0.9510278655871676,0.9497333243774455,0.9708248965000277,0.9021352635834887,67.55159914006465,2.7971432408304313,0.9497333243774455,
LNET-01693,shunt_then_series,C,8.12184167951746e-13,F,L,4.51213426639859e-09,H,-4.0,-1.7999999999999998,0.9610641670846761,0.9606731170098639,0.9708359970133504,0.9229174061975383,67.57769150947976,3.7290484003088307,0.9606731170098639,
LNET-03109,shunt_then_series,L,2.2741156702648887e-08,H,C,8.446715346698158e-12,F,2.8,2.5999999999999996,0.9563585048216255,0.9577517204363326,0.9708887595784729,0.917341316393404,67.70198490480823,2.7159037619039688,0.9577517204363326,
LNET-00341,series_then_shunt,C,1.3536402799195768e-12,F,L,5.076151049698412e-09,H,-2.4,-1.6,0.925679261307902,0.9078388236963523,0.9709009221628887,0.8264945135653162,67.73070037461167,1.2641614084014454,0.9078388236963523,
LNET-00139,series_then_shunt,C,9.555107858255836e-13,F,L,8.12184167951746e-09,H,-3.4,-1.0,0.936853963182442,0.9269947469168217,0.9709026692867058,0.8602816862039586,67.73482724950516,1.7343793027294458,0.9269947469168217,
LNET-03069,shunt_then_series,L,2.1116788366745392e-08,H,C,9.096462681059554e-12,F,2.5999999999999996,2.8,0.9551142770502307,0.956714691410653,0.9709033167269026,0.9153643745302296,67.73635669152654,2.5380365921763035,0.956714691410653,
LNET-01198,series_then_shunt,L,1.4619315023131425e-08,H,L,3.384100699798942e-09,H,1.7999999999999998,-2.4,0.9642718212243064,0.9640388689791524,0.9710020390117728,0.9293975886599337,67.97036659963703,1.0409731181258508,0.9640388689791524,
LNET-01533,series_then_shunt,L,2.761426171035937e-08,H,L,8.12184167951746e-09,H,3.4000000000000004,-1.0,0.9621536905828361,0.9622873136008898,0.9710432642431214,0.92603302240447,68.06855858312356,1.253631566806874,0.9622873136008898,
LNET-01408,series_then_shunt,L,2.2741156702648887e-08,H,L,5.801315485369615e-09,H,2.8,-1.4,0.9636927620332797,0.9637245798694353,0.9711187220609663,0.9287916579742319,68.24901329580548,1.1385630973140515,0.9637245798694353,
LNET-00612,series_then_shunt,C,2.707280559839153e-12,F,C,1.1045704684143746e-11,F,-1.2000000000000002,3.4000000000000004,0.9643109765558247,0.9627671024261071,0.9711324313011378,0.9269513717667842,68.2818997284946,1.010122053293645,0.9627671024261071,
LNET-02873,shunt_then_series,L,1.4619315023131425e-08,H,L,2.256067133199294e-09,H,1.7999999999999998,-3.6,0.9579796103832656,0.9607566193882658,0.9711627217022242,0.9230801548015038,68.3546727727858,2.2597186729367764,0.9607566193882658,
LNET-02959,shunt_then_series,L,1.7868051694938416e-08,H,L,2.9006577426848075e-09,H,2.2,-2.8,0.9547446599141438,0.9573113738326484,0.9711909327439379,0.9165055480484181,68.42258776459174,2.658086186001265,0.9573113738326484,
LNET-03044,shunt_then_series,L,2.1116788366745392e-08,H,L,3.691746217962481e-09,H,2.5999999999999996,-2.2,0.9521373217901964,0.9541256987857938,0.9713827216639016,0.9104701211762749,68.88784805147459,3.0580027278935185,0.9541256987857938,
LNET-02213,shunt_then_series,C,2.0304604198793647e-12,F,C,1.2345199352866539e-11,F,-1.6,3.8,0.9578806753275477,0.9590192306308816,0.9714480891995352,0.9197499243995175,69.04785122708637,2.028077645315989,0.9590192306308816,
LNET-02916,shunt_then_series,L,1.624368335903492e-08,H,L,2.538075524849206e-09,H,2.0,-3.2,0.956900135897015,0.9595915505112866,0.9715011048139176,0.9208554440089737,69.1781590809426,2.45742303042459,0.9595915505112866,
LNET-01747,shunt_then_series,C,8.549307031071011e-13,F,C,2.5989893374455867e-12,F,-3.8,0.7999999999999998,0.9483591218530618,0.9421441964194227,0.9715135438793153,0.88804946742152,69.20880349338202,4.061301384162544,0.9421441964194227,
LNET-00569,series_then_shunt,C,2.320526194147846e-12,F,C,9.746210015420952e-12,F,-1.4,3.0,0.9650683215152801,0.9636464476624274,0.9715404479213502,0.9286415743913283,69.2751749034163,1.01847787935622,0.9636464476624274,
LNET-01814,shunt_then_series,C,9.555107858255836e-13,F,L,3.691746217962481e-09,H,-3.4,-2.2,0.9577459421701555,0.9576270953074911,0.9715746433969639,0.9170932242340676,69.35971537420848,3.1733466862783732,0.9576270953074911,
LNET-02950,shunt_then_series,L,1.624368335903492e-08,H,C,1.1695452018505142e-11,F,2.0,3.5999999999999996,0.9524743571916362,0.9546861888531181,0.9715853410839012,0.9115121642580187,69.38620473698045,2.028300644348042,0.9546861888531181,
LNET-01616,series_then_shunt,L,3.0862998382166346e-08,H,L,1.0152302099396829e-08,H,3.8,-0.7999999999999998,0.9618707803892155,0.9620251804178378,0.971709644588359,0.9255367582547417,69.69547097937945,1.364643504766418,0.9620251804178378,
LNET-02094,shunt_then_series,C,1.624368335903492e-12,F,L,2.256067133199294e-09,H,-2.0,-3.6,0.9479324113556618,0.9482365408420814,0.9717172481978377,0.8992814975357442,69.71447693597806,1.969390448839002,0.9482365408420814,
LNET-03270,shunt_then_series,L,2.923863004626285e-08,H,C,6.497473343613968e-12,F,3.5999999999999996,2.0,0.9619565496908496,0.9626126107666393,0.9717348759135511,0.9266505203070857,69.75857844752424,3.4573961829039903,0.9626126107666393,
LNET-03338,shunt_then_series,L,3.248736671806984e-08,H,L,1.0152302099396829e-08,H,4.0,-0.7999999999999998,0.9478264598856705,0.9459124807831836,0.9717550486288772,0.8951719136352871,69.8091146527789,4.343327379879029,0.9459124807831836,
LNET-00149,series_then_shunt,C,9.555107858255836e-13,F,C,3.248736671806984e-12,F,-3.4,1.0,0.96336399237596,0.9622415506618716,0.9718190255722969,0.925941626694956,69.96986674931712,1.2419723401665759,0.9622415506618716,
LNET-00656,series_then_shunt,C,3.248736671806984e-12,F,C,1.2994946687227937e-11,F,-1.0,4.0,0.9648641322966156,0.9632933649420214,0.9718211079078154,0.927966227424111,69.9751112093828,1.0027936548174512,0.9632933649420214,
LNET-01999,shunt_then_series,C,1.2495141045411476e-12,F,C,6.497473343613968e-12,F,-2.6,2.0,0.951801245013497,0.9499488711447069,0.9718264050479207,0.9025656916751217,69.98845580061112,2.9891820153309787,0.9499488711447069,
LNET-00461,series_then_shunt,C,1.8048537065594359e-12,F,L,3.691746217962481e-09,H,-1.7999999999999998,-2.2,0.9212432258913733,0.8976576732761028,0.9718533702497109,0.8093064365776033,70.05646458363117,1.1090514865419596,0.8976576732761028,
LNET-01069,series_then_shunt,L,9.746210015420954e-09,H,L,2.256067133199294e-09,H,1.2000000000000002,-3.6,0.9646995458751583,0.9643082212348136,0.971864929195825,0.9299237648561588,70.0856572539074,1.0095256077655146,0.9643082212348136,
LNET-00618,series_then_shunt,C,3.248736671806984e-12,F,L,2.256067133199294e-09,H,-1.0,-3.6,0.9146865336842508,0.8895821376834692,0.971868660675726,0.7955219024776812,70.0950864068614,0.9954919583364431,0.8895821376834692,
LNET-00381,series_then_shunt,C,1.4766984871849927e-12,F,L,4.51213426639859e-09,H,-2.2,-1.7999999999999998,0.9259579968499405,0.9064997339813191,0.9719836643595361,0.8243410995807847,70.38692317461411,1.1965561510035034,0.9064997339813191,
LNET-02084,shunt_then_series,C,1.4766984871849927e-12,F,C,8.446715346698158e-12,F,-2.2,2.5999999999999996,0.9544630697166845,0.9540770597948718,0.9720001941695269,0.9103546855888116,70.42906676243209,2.6022937913861464,0.9540770597948718,
LNET-00274,series_then_shunt,C,1.160263097073923e-12,F,C,4.548231340529779e-12,F,-2.8,1.4000000000000004,0.9650735197613188,0.964059680089746,0.9720239863426849,0.9294344281653161,70.48981354164616,1.1318427876594481,0.964059680089746,
LNET-01366,series_then_shunt,L,2.1116788366745392e-08,H,L,5.076151049698412e-09,H,2.5999999999999996,-1.6,0.9652456149410326,0.9652276562856876,0.9720296648927449,0.9316874282218297,70.5043274358636,1.1076441358558002,0.9652276562856876,
LNET-01240,series_then_shunt,L,1.624368335903492e-08,H,L,3.691746217962481e-09,H,2.0,-2.2,0.9656354774565882,0.9654643830680936,0.9720371884990857,0.9321446482407422,70.52356621703103,1.0527092128506594,0.9654643830680936,
LNET-01422,series_then_shunt,L,2.2741156702648887e-08,H,C,4.548231340529779e-12,F,2.8,1.4000000000000004,0.9316650706479975,0.9256576979283295,0.9721276418791551,0.8584307111873916,70.75567963531087,1.334989085173475,0.9256576979283295,
LNET-01789,shunt_then_series,C,9.024268532797177e-13,F,C,3.248736671806984e-12,F,-3.6,1.0,0.9494335164624472,0.9438548731701923,0.9721791472028471,0.8912319901171634,70.88852241814375,3.902344189939988,0.9438548731701923,
LNET-03086,shunt_then_series,L,2.2741156702648887e-08,H,L,4.06092083975873e-09,H,2.8,-2.0,0.9524131225991259,0.9540178797395539,0.9721880508527919,0.9102866596070349,70.91153663535196,3.256119809892812,0.9540178797395539,
LNET-00484,series_then_shunt,C,1.8048537065594359e-12,F,C,7.796968012336763e-12,F,-1.7999999999999998,2.4000000000000004,0.9662539006846825,0.9650559873518093,0.9722967244037558,0.9313548237816905,71.19362898267327,1.0389151688157023,0.9650559873518093,
LNET-03296,shunt_then_series,L,3.0862998382166346e-08,H,L,8.12184167951746e-09,H,3.8,-1.0,0.9487373895204829,0.9474020725363597,0.9722984575487409,0.8979423525648944,71.19814577181043,4.184759741195435,0.9474020725363597,
LNET-02170,shunt_then_series,C,1.8048537065594359e-12,F,C,1.1045704684143746e-11,F,-1.7999999999999998,3.4000000000000004,0.9577589910310058,0.958493755501365,0.9723010880406817,0.9187542781330379,71.20500223754,2.2156358143894024,0.958493755501365,
LNET-00421,series_then_shunt,C,1.624368335903492e-12,F,L,4.06092083975873e-09,H,-2.0,-2.0,0.924582275594208,0.9032533062606585,0.9723048842466621,0.8188449283103334,71.21489947226348,1.1472945652548097,0.9032533062606585,
LNET-00066,series_then_shunt,C,8.549307031071011e-13,F,C,2.5989893374455867e-12,F,-3.8,0.7999999999999998,0.9629776384074848,0.9617234083085499,0.9724041501011799,0.9249528831630941,71.47466584044257,1.348577864485595,0.9617234083085499,
LNET-01155,series_then_shunt,L,1.2994946687227934e-08,H,L,2.9006577426848075e-09,H,1.5999999999999996,-2.8,0.965933456693348,0.9656459814327439,0.9724072298941382,0.9324980475478561,71.48275516835912,1.0273333494471477,0.9656459814327439,
LNET-01957,shunt_then_series,C,1.160263097073923e-12,F,C,5.847726009252571e-12,F,-2.8,1.7999999999999998,0.9520666532821432,0.9495910290918682,0.972468836308695,0.9019130648088864,71.6449496441607,3.1803860495397807,0.9495910290918682,
LNET-02127,shunt_then_series,C,1.624368335903492e-12,F,C,9.746210015420952e-12,F,-2.0,3.0,0.9566536198359913,0.956905716402915,0.9724802803859306,0.9157307383902634,71.67515905131184,2.4075999321725616,0.956905716402915,
LNET-01324,series_then_shunt,L,1.9492420030841907e-08,H,L,4.51213426639859e-09,H,2.4000000000000004,-1.7999999999999998,0.966077078101568,0.9660102268462558,0.9725007768123857,0.9331972237076303,71.72932716516885,1.0846273355814982,0.9660102268462558,
LNET-01282,series_then_shunt,L,1.7868051694938416e-08,H,L,4.06092083975873e-09,H,2.2,-2.0,0.9662129842811911,0.9660960885293173,0.9725149421218566,0.9333631945025036,71.76681056547591,1.0668788791769064,0.9660960885293173,
LNET-01665,series_then_shunt,L,3.248736671806984e-08,H,C,2.5989893374455867e-12,F,4.0,0.7999999999999998,0.9445409340278844,0.9425713109773026,0.9725329157873994,0.8889946815783942,71.81442706184649,2.0459359627034885,0.9425713109773026,
LNET-01065,series_then_shunt,L,8.12184167951746e-09,H,C,1.2345199352866539e-11,F,1.0,3.8,0.9155660034829474,0.9046933992753129,0.9725992168038131,0.822155043796191,71.9906143806255,0.9948685392424108,0.9046933992753129,
LNET-02911,shunt_then_series,L,1.4619315023131425e-08,H,C,1.2994946687227937e-11,F,1.7999999999999998,4.0,0.9529979122419914,0.9553578824286322,0.9726122819270997,0.9127988208366559,72.02543405319216,1.8701731249042777,0.9553578824286322,
LNET-01831,shunt_then_series,C,9.555107858255836e-13,F,C,3.898484006168382e-12,F,-3.4,1.2000000000000002,0.9504762556220065,0.9456973360733144,0.9726295596755431,0.894660848880365,72.07153177995814,3.7325880386491566,0.9456973360733144,
LNET-00540,series_then_shunt,C,2.320526194147846e-12,F,L,2.9006577426848075e-09,H,-1.4,-2.8,0.9194103778042967,0.8933254051246581,0.9726351468781327,0.8021541695577994,72.08645111644306,1.0403914149879645,0.8933254051246581,
LNET-03128,shunt_then_series,L,2.4365525038552382e-08,H,L,4.51213426639859e-09,H,3.0,-1.7999999999999998,0.9522462216570069,0.9534084415156368,0.9726867163726479,0.90915353985628,72.22444372807519,3.4526223370300295,0.9534084415156368,
LNET-01112,series_then_shunt,L,1.1370578351324447e-08,H,L,2.538075524849206e-09,H,1.4000000000000004,-3.2,0.9660599816972766,0.9657183027186073,0.9726875850842601,0.9326399543574885,72.22677273943359,1.01740422199061,0.9657183027186073,
LNET-03254,shunt_then_series,L,2.923863004626285e-08,H,L,6.768201399597882e-09,H,3.5999999999999996,-1.2000000000000002,0.9498172926861673,0.9491734781314619,0.9726954391906664,0.9012406919625061,72.24783628515027,4.014404977972678,0.9491734781314619,
LNET-03001,shunt_then_series,L,1.9492420030841907e-08,H,L,3.1237852613528696e-09,H,2.4000000000000004,-2.6,0.956151151048618,0.9584477155806876,0.9727440484387259,0.918690925785924,72.37846912091099,2.8564357027603036,0.9584477155806876,
LNET-01491,series_then_shunt,L,2.5989893374455874e-08,H,L,6.768201399597882e-09,H,3.2,-1.2000000000000002,0.9652478675892211,0.9653406569238445,0.9727593684669797,0.9319086901372013,72.41973689470677,1.1888714402484568,0.9653406569238445,
LNET-01915,shunt_then_series,C,1.0829122239356614e-12,F,C,5.197978674891173e-12,F,-3.0,1.5999999999999996,0.9518879989073831,0.9487115000485613,0.972796792534325,0.9002780230234854,72.520742086153,3.369302077534356,0.9487115000485613,
LNET-01873,shunt_then_series,C,1.0152302099396824e-12,F,C,4.548231340529779e-12,F,-3.2,1.4000000000000004,0.9513310918656371,0.9473774757918535,0.9728423323812213,0.8977913963055068,72.64402672846109,3.554105347503071,0.9473774757918535,
LNET-01854,shunt_then_series,C,1.0152302099396824e-12,F,L,3.384100699798942e-09,H,-3.2,-2.4,0.9577358200772587,0.9577053099236237,0.9728879850721907,0.9172511842666082,72.76803256140727,2.9965279075961258,0.9577053099236237,
LNET-03212,shunt_then_series,L,2.761426171035937e-08,H,L,5.801315485369615e-09,H,3.4000000000000004,-1.4,0.9508558077701601,0.9508910696702517,0.9729112636735641,0.9044463852863993,72.83142483646228,3.833973935167725,0.9508910696702517,
LNET-03170,shunt_then_series,L,2.5989893374455874e-08,H,L,5.076151049698412e-09,H,3.2,-1.6,0.9517010595144205,0.9523431676978434,0.9729174864779868,0.9071616263742274,72.84838923367883,3.6459136682555644,0.9523431676978434,
LNET-01733,shunt_then_series,C,8.549307031071011e-13,F,L,4.06092083975873e-09,H,-3.8,-2.0,0.9617225669377434,0.9614907271886575,0.9729405485348739,0.9244943234651579,72.91132826833444,3.5461429944374965,0.9614907271886575,
LNET-00316,series_then_shunt,C,1.2495141045411476e-12,F,C,5.197978674891173e-12,F,-2.6,1.5999999999999996,0.9666610406329152,0.9656846170286955,0.9729625947320403,0.9325667047103943,72.97159528359293,1.1023301125055873,0.9656846170286955,
LNET-02133,shunt_then_series,C,1.8048537065594359e-12,F,L,2.030460419879365e-09,H,-1.7999999999999998,-4.0,0.9488094376053573,0.9491364878674753,0.9729988455918731,0.9009952688579239,73.07090710899507,1.8181682147742035,0.9491364878674753,
LNET-03230,shunt_then_series,L,2.761426171035937e-08,H,C,7.147220677975366e-12,F,3.4000000000000004,2.2,0.9621728507739209,0.9630342107935489,0.973034138954448,0.9274667576511352,73.1678523308233,3.2735515324561058,0.9630342107935489,
LNET-00579,series_then_shunt,C,2.707280559839153e-12,F,L,2.538075524849206e-09,H,-1.2000000000000002,-3.2,0.9190532755617814,0.8931247499498074,0.9730353557106242,0.80180411529784,73.17119909080375,1.0150598262995367,0.8931247499498074,
LNET-03351,shunt_then_series,L,3.248736671806984e-08,H,C,5.847726009252571e-12,F,4.0,1.7999999999999998,0.9651821491625114,0.9655709823146251,0.9730409650325379,0.9323469876670265,73.18663176978987,3.8437430971751763,0.9655709823146251,
LNET-02054,shunt_then_series,C,1.4766984871849927e-12,F,L,2.388776964563959e-09,H,-2.2,-3.4,0.9511226115969775,0.9513318086875397,0.973079108598378,0.905143027823923,73.2917450303855,2.135416679205051,0.9513318086875397,
LNET-02990,shunt_then_series,L,1.7868051694938416e-08,H,C,1.1045704684143746e-11,F,2.2,3.4000000000000004,0.9555236187595122,0.9574780040423927,0.9730996446209721,0.916838770227397,73.3484601530299,2.200609723059661,0.9574780040423927,
LNET-02872,shunt_then_series,L,1.4619315023131425e-08,H,L,2.1373267577677528e-09,H,1.7999999999999998,-3.8,0.9613243155763729,0.9639236163488464,0.9731582407607333,0.9291690876233565,73.5107644462517,2.2555273895987438,0.9639236163488464,
LNET-00442,series_then_shunt,C,1.624368335903492e-12,F,C,7.147220677975366e-12,F,-2.0,2.2,0.9673897992345064,0.9663026860914119,0.9731898105874338,0.9337601060628402,73.59850317441551,1.0500430658901039,0.9663026860914119,
LNET-01503,series_then_shunt,L,2.5989893374455874e-08,H,C,3.898484006168382e-12,F,3.2,1.2000000000000002,0.9379313746783421,0.9336512067515571,0.9732041639638627,0.8727927673846616,73.63846238284057,1.4628831201857244,0.9336512067515571,
LNET-01182,series_then_shunt,L,1.2994946687227934e-08,H,C,8.446715346698158e-12,F,1.5999999999999996,2.5999999999999996,0.9214218479536784,0.9087361514059624,0.9732079582463076,0.8294218201277226,73.64903266375224,1.0584784986288063,0.9087361514059624,
LNET-01584,series_then_shunt,L,2.923863004626285e-08,H,C,3.248736671806984e-12,F,3.5999999999999996,1.0,0.9417973284942381,0.9388203974437195,0.9732117225736011,0.8821588442404884,73.6595224532456,1.6696724813025192,0.9388203974437195,
LNET-00260,series_then_shunt,C,1.160263097073923e-12,F,L,5.801315485369615e-09,H,-2.8,-1.4,0.9350239929278436,0.9212786465041289,0.9732375261151163,0.8502570040723922,73.73150683314302,1.3573821962222687,0.9212786465041289,
LNET-00017,series_then_shunt,C,8.12184167951746e-13,F,L,1.0152302099396829e-08,H,-4.0,-0.7999999999999998,0.9464119464203979,0.9395523834321454,0.9733099441753409,0.8832939690133467,73.93427563955065,2.1172064772457255,0.9395523834321454,
LNET-02214,shunt_then_series,C,2.0304604198793647e-12,F,C,1.2994946687227937e-11,F,-1.6,4.0,0.9610094736430203,0.9621747780535014,0.9733467248403066,0.9258053233576563,74.03768253683562,2.024351433584974,0.9621747780535014,
LNET-02042,shunt_then_series,C,1.3536402799195768e-12,F,C,7.796968012336763e-12,F,-2.4,2.4000000000000004,0.9558656031067397,0.9550615060403047,0.9734037908708056,0.9122447067632743,74.19868678595336,2.794739531156673,0.9550615060403047,
LNET-02958,shunt_then_series,L,1.7868051694938416e-08,H,L,2.7072805598391537e-09,H,2.2,-3.0,0.9589077546510718,0.9613558487042673,0.9734726980898251,0.9242489266829021,74.39402261007443,2.653824037864894,0.9613558487042673,
LNET-00358,series_then_shunt,C,1.3536402799195768e-12,F,C,5.847726009252571e-12,F,-2.4,1.7999999999999998,0.9675614042939161,0.9665828314411589,0.9734808405560623,0.9343007064237947,74.41717165764857,1.0803945352745146,0.9665828314411589,
LNET-00191,series_then_shunt,C,1.0152302099396824e-12,F,C,3.898484006168382e-12,F,-3.2,1.2000000000000002,0.9664265804830786,0.9654637880694885,0.9735270027690717,0.9321437073498491,74.54868013446567,1.179911551222112,0.9654637880694885,
LNET-00613,series_then_shunt,C,2.707280559839153e-12,F,C,1.1695452018505142e-11,F,-1.2000000000000002,3.5999999999999996,0.9673503882490625,0.965934369442497,0.9735577780446452,0.9330549479689395,74.63660888168961,1.0092012640994101,0.965934369442497,
LNET-00400,series_then_shunt,C,1.4766984871849927e-12,F,C,6.497473343613968e-12,F,-2.2,2.0,0.9678068238301839,0.9667914125205919,0.9735660380098972,0.9347037751193287,74.66024346818769,1.0635051193771796,0.9667914125205919,
LNET-02915,shunt_then_series,L,1.624368335903492e-08,H,L,2.388776964563959e-09,H,2.0,-3.4,0.9605885781988837,0.9631214037760993,0.9736098970594894,0.9276321415845834,74.78598706145497,2.4529697929173033,0.9631214037760993,
LNET-01574,series_then_shunt,L,2.923863004626285e-08,H,L,8.12184167951746e-09,H,3.5999999999999996,-1.0,0.9655980601002341,0.9657340542004653,0.9736405065773778,0.932671554106153,74.87399226282405,1.2617893367903246,0.9657340542004653,
LNET-00527,series_then_shunt,C,2.0304604198793647e-12,F,C,9.096462681059554e-12,F,-1.6,2.8,0.9680178541360126,0.9668005551642203,0.9737604011430725,0.9347240318415045,75.22067741603378,1.0259837459238548,0.9668005551642203,
LNET-01894,shunt_then_series,C,1.0829122239356614e-12,F,L,3.1237852613528696e-09,H,-3.0,-2.6,0.9573718473009709,0.9574008670291402,0.97377195262662,0.9166771046223563,75.25424689562999,2.821303269110021,0.9574008670291402,
LNET-03043,shunt_then_series,L,2.1116788366745392e-08,H,L,3.384100699798942e-09,H,2.5999999999999996,-2.4,0.9570229747691382,0.9590441949526984,0.9738981564864571,0.9198456263217875,75.62294040504456,3.055941227713344,0.9590441949526984,
LNET-02014,shunt_then_series,C,1.3536402799195768e-12,F,L,2.538075524849206e-09,H,-2.4,-3.2,0.9535570209814737,0.9537062020386473,0.9739164215892993,0.9096508491079022,75.67659584543442,2.3041710303878875,0.9537062020386473,
LNET-01706,shunt_then_series,C,8.12184167951746e-13,F,C,2.5989893374455867e-12,F,-4.0,0.7999999999999998,0.952704325358472,0.9469331924811721,0.9739660134892955,0.8970348426217154,75.82265638332602,4.258476933239335,0.9469331924811721,
LNET-03190,shunt_then_series,L,2.5989893374455874e-08,H,C,7.796968012336763e-12,F,3.2,2.4000000000000004,0.9620919486381447,0.9631371291830718,0.9739816106048993,0.9276699274974824,75.86870888236466,3.091415256007334,0.9631371291830718,
LNET-01382,series_then_shunt,L,2.1116788366745392e-08,H,C,5.197978674891173e-12,F,2.5999999999999996,1.5999999999999996,0.9337240628030661,0.9268019142997612,0.9740182062622574,0.86067655684347,75.97697934899281,1.2464769471767523,0.9268019142997612,
LNET-01657,series_then_shunt,L,3.248736671806984e-08,H,L,1.0152302099396829e-08,H,4.0,-0.7999999999999998,0.9650448969965494,0.9651973928770881,0.9740442819636675,0.9316428345717458,76.05431216352513,1.3748355313801297,0.9651973928770881,
LNET-00098,series_then_shunt,C,9.024268532797177e-13,F,L,8.12184167951746e-09,H,-3.6,-1.0,0.9440072391489411,0.9353514852225027,0.9740545396211416,0.8756282251345919,76.0847759413704,1.7144939384070736,0.9353514852225027,
LNET-03030,shunt_then_series,L,1.9492420030841907e-08,H,C,1.039595734978235e-11,F,2.4000000000000004,3.2,0.9578696260668003,0.9596087645311725,0.9740959825587335,0.9209135434992209,76.20810119645358,2.375555628438952,0.9596087645311725,
LNET-01197,series_then_shunt,L,1.4619315023131425e-08,H,L,3.1237852613528696e-09,H,1.7999999999999998,-2.6,0.9682319058345088,0.9680105965435043,0.9741079684077253,0.9370651402424446,76.24384210147228,1.0359701553689973,0.9680105965435043,
LNET-01449,series_then_shunt,L,2.4365525038552382e-08,H,L,5.801315485369615e-09,H,3.0,-1.4,0.9675732310599962,0.9676215356329145,0.97412480288798,0.9363117952905164,76.29409717504812,1.144592738686113,0.9676215356329145,
LNET-01068,series_then_shunt,L,9.746210015420954e-09,H,L,2.1373267577677528e-09,H,1.2000000000000002,-3.8,0.9675732439505331,0.9672086568382782,0.9741317105637717,0.9355207219321263,76.31473721640894,1.0086997173764916,0.9672086568382782,
LNET-00179,series_then_shunt,C,1.0152302099396824e-12,F,L,6.768201399597882e-09,H,-3.2,-1.2000000000000002,0.9406003452369931,0.9297417100515261,0.97414774356066,0.8654596819681962,76.3626861041249,1.493727849720705,0.9297417100515261,
LNET-00570,series_then_shunt,C,2.320526194147846e-12,F,C,1.039595734978235e-11,F,-1.4,3.2,0.9683572121694197,0.9670649435206012,0.974166677496449,0.9352366652567862,76.41938729426252,1.016604339246322,0.9670649435206012,
LNET-01934,shunt_then_series,C,1.160263097073923e-12,F,L,2.9006577426848075e-09,H,-2.8,-2.8,0.9565977040401084,0.9566690426853627,0.9742387178382329,0.9152863536570142,76.63588735378418,2.6474503839244616,0.9566690426853627,
LNET-02171,shunt_then_series,C,1.8048537065594359e-12,F,C,1.1695452018505142e-11,F,-1.7999999999999998,3.5999999999999996,0.9611284251460496,0.9619476583202914,0.9742735190042595,0.9253770895970787,76.74090830110572,2.2114700740421855,0.9619476583202914,
LNET-01104,series_then_shunt,L,9.746210015420954e-09,H,C,1.1045704684143746e-11,F,1.2000000000000002,3.4000000000000004,0.9213613741202514,0.9090148678624755,0.9742877835454418,0.829950203406476,76.78403715349255,1.010949486863965,0.9090148678624755,
LNET-01974,shunt_then_series,C,1.2495141045411476e-12,F,L,2.7072805598391537e-09,H,-2.6,-3.0,0.9553510470473027,0.9554586287914395,0.974291304558388,0.9129832965239537,76.7946903039975,2.4749945652723353,0.9554586287914395,
LNET-02085,shunt_then_series,C,1.4766984871849927e-12,F,C,9.096462681059554e-12,F,-2.2,2.8,0.9586612213294673,0.958570371706906,0.9743003704005838,0.9189247037936986,76.82213328263042,2.5983047347760873,0.958570371706906,
LNET-00108,series_then_shunt,C,9.024268532797177e-13,F,C,3.248736671806984e-12,F,-3.6,1.0,0.9666501647914183,0.9656509859918654,0.9743161796131052,0.9325085371282793,76.87003529352297,1.2497466824094352,0.9656509859918654,
LNET-02000,shunt_then_series,C,1.2495141045411476e-12,F,C,7.147220677975366e-12,F,-2.6,2.2,0.9567308082043131,0.9554767056435617,0.9744168706334608,0.9130517655251484,77.17651903898243,2.9881435495028206,0.9554767056435617,
LNET-01143,series_then_shunt,L,1.1370578351324447e-08,H,C,9.746210015420952e-12,F,1.4000000000000004,3.0,0.9233496208746631,0.9106455439117324,0.9744876030138647,0.8328429618945727,77.39326116973254,1.0309504483419045,0.9106455439117324,
LNET-03150,shunt_then_series,L,2.4365525038552382e-08,H,C,8.446715346698158e-12,F,3.0,2.5999999999999996,0.9616715209847162,0.9628868772907898,0.9745701989921524,0.9271934891526332,77.64788243458138,2.910577198978304,0.9628868772907898,
LNET-02128,shunt_then_series,C,1.624368335903492e-12,F,C,1.039595734978235e-11,F,-2.0,3.2,0.9603712669267238,0.960791609151889,0.9745832677054135,0.9231673587708683,77.68832141045833,2.4032421602614153,0.960791609151889,
LNET-03311,shunt_then_series,L,3.0862998382166346e-08,H,C,6.497473343613968e-12,F,3.8,2.0,0.9657753480696841,0.9663688942287322,0.9746426731136689,0.9338915072384756,77.87266701909752,3.6565835153403636,0.9663688942287322,
LNET-03070,shunt_then_series,L,2.1116788366745392e-08,H,C,9.746210015420952e-12,F,2.5999999999999996,3.0,0.9596215380331454,0.9611735775321948,0.9746460825800748,0.9239106433657879,77.88327341589564,2.5524717078840022,0.9611735775321948,
LNET-02951,shunt_then_series,L,1.624368335903492e-08,H,C,1.2345199352866539e-11,F,2.0,3.8,0.956685044586245,0.9587543662770597,0.9746540470638814,0.9192877614657536,77.90806098475582,2.0396337644600147,0.9587543662770597,
LNET-00025,series_then_shunt,C,8.12184167951746e-13,F,C,2.5989893374455867e-12,F,-4.0,0.7999999999999998,0.9660189021211812,0.9648833215492549,0.9746561478225271,0.9310339941503788,77.91460169491184,1.358313713807719,0.9648833215492549,
LNET-01773,shunt_then_series,C,9.024268532797177e-13,F,L,3.691746217962481e-09,H,-3.6,-2.2,0.9621844188892418,0.962063095382407,0.9746584793497515,0.9256011601362353,77.92186217248118,3.3662144570923296,0.962063095382407,
LNET-01748,shunt_then_series,C,8.549307031071011e-13,F,C,3.248736671806984e-12,F,-3.8,1.0,0.9538543380430987,0.9486708282007901,0.9746827128437225,0.9002903585531603,77.99740551404605,4.099060955762799,0.9486708282007901,
LNET-03337,shunt_then_series,L,3.248736671806984e-08,H,L,8.12184167951746e-09,H,4.0,-1.0,0.953050761129561,0.9517637875969699,0.9746976830562992,0.9061717638472541,78.04414463110726,4.387298938768279,0.9517637875969699,
LNET-03085,shunt_then_series,L,2.2741156702648887e-08,H,L,3.691746217962481e-09,H,2.8,-2.2,0.9574240843978596,0.9591483691931244,0.9747194638266548,0.9200598867963596,78.11224612825725,3.2558064703582783,0.9591483691931244,
LNET-03110,shunt_then_series,L,2.2741156702648887e-08,H,C,9.096462681059554e-12,F,2.8,2.8,0.9608661247195177,0.9622471440595592,0.9747955730254388,0.9259682451283486,78.35113946524558,2.7309021366667725,0.9622471440595592,
LNET-01222,series_then_shunt,L,1.4619315023131425e-08,H,C,7.796968012336763e-12,F,1.7999999999999998,2.4000000000000004,0.9278566635800833,0.9166305833754095,0.9747999313343648,0.8431325678138968,78.36486310957396,1.0819250071245694,0.9166305833754095,
LNET-00500,series_then_shunt,C,2.0304604198793647e-12,F,L,3.1237852613528696e-09,H,-1.6,-2.6,0.9276097900275433,0.9043956447483551,0.9748892274053652,0.8211978442712112,78.64709140121494,1.0632806993159418,0.9043956447483551,
LNET-00233,series_then_shunt,C,1.0829122239356614e-12,F,C,4.548231340529779e-12,F,-3.0,1.4000000000000004,0.9687436781600782,0.9678712836014572,0.9748951913218405,0.9367928128526704,78.66601242175366,1.1375690150408209,0.9678712836014572,
LNET-02093,shunt_then_series,C,1.624368335903492e-12,F,L,2.1373267577677528e-09,H,-2.0,-3.8,0.9526859919625758,0.9528823082111871,0.974905350901244,0.9081009666169622,78.6982652409012,1.9812658313023632,0.9528823082111871,
LNET-00617,series_then_shunt,C,3.248736671806984e-12,F,L,2.1373267577677528e-09,H,-1.0,-3.8,0.9238994221235296,0.9010226421970453,0.974910240386257,0.8152392726292913,78.71379681551392,0.9961265095688484,0.9010226421970453,
LNET-02871,shunt_then_series,L,1.4619315023131425e-08,H,L,2.030460419879365e-09,H,1.7999999999999998,-4.0,0.9643062179980469,0.9667369063783862,0.9749625338114731,0.9345958163799846,78.88028760340282,2.251344865905493,0.9667369063783862,
LNET-03000,shunt_then_series,L,1.9492420030841907e-08,H,L,2.9006577426848075e-09,H,2.4000000000000004,-2.8,0.9603432643822275,0.9625637402341926,0.9749844504111594,0.9265783097108657,78.95027224555564,2.852360873560907,0.9625637402341926,
LNET-01154,series_then_shunt,L,1.2994946687227934e-08,H,L,2.7072805598391537e-09,H,1.5999999999999996,-3.0,0.9693215297957052,0.9690521631188025,0.9750868679144266,0.9390828617480824,79.27894658649319,1.0243883353404586,0.9690521631188025,
LNET-01958,shunt_then_series,C,1.160263097073923e-12,F,C,6.497473343613968e-12,F,-2.8,2.0,0.9571229282694189,0.9553687615638098,0.975099423265591,0.9128635351421956,79.31942478008092,3.181592614807642,0.9553687615638098,
LNET-01111,series_then_shunt,L,1.1370578351324447e-08,H,L,2.388776964563959e-09,H,1.4000000000000004,-3.4,0.96910599733362,0.9687872064831599,0.9750996549301177,0.9385718302213855,79.32017204528874,1.0157300671119056,0.9687872064831599,
LNET-01407,series_then_shunt,L,2.2741156702648887e-08,H,L,5.076151049698412e-09,H,2.8,-1.6,0.969204144621867,0.9692094688920317,0.9751164657911074,0.9393841377352407,79.37443488575131,1.1129704926718011,0.9692094688920317,
LNET-00300,series_then_shunt,C,1.2495141045411476e-12,F,L,5.076151049698412e-09,H,-2.6,-1.6,0.9372248928056591,0.9224261000959608,0.9751216652570637,0.8524834085829415,79.39123280017195,1.262866534170073,0.9224261000959608,
LNET-03295,shunt_then_series,L,3.0862998382166346e-08,H,L,6.768201399597882e-09,H,3.8,-1.2000000000000002,0.9542051188288094,0.953552042387434,0.9751663375401611,0.9095255909166914,79.53584537658956,4.216469522262907,0.953552042387434,
LNET-01342,series_then_shunt,L,1.9492420030841907e-08,H,C,5.847726009252571e-12,F,2.4000000000000004,1.7999999999999998,0.9345715795060767,0.9267399221387017,0.9751954024882533,0.8607227456393659,79.63021377600916,1.1860048540955455,0.9267399221387017,
LNET-01239,series_then_shunt,L,1.624368335903492e-08,H,L,3.384100699798942e-09,H,2.0,-2.4,0.9696931346528483,0.9695269912532515,0.9752019878441102,0.9400000471812943,79.6516259217566,1.0457796316526373,0.9695269912532515,
LNET-01790,shunt_then_series,C,9.024268532797177e-13,F,C,3.898484006168382e-12,F,-3.6,1.2000000000000002,0.9549893320997126,0.9505464888797015,0.9752099701654808,0.9038067851664289,79.67759552330496,3.928725252207266,0.9505464888797015,
LNET-03127,shunt_then_series,L,2.4365525038552382e-08,H,L,4.06092083975873e-09,H,3.0,-2.0,0.9574060796666922,0.9587938433920301,0.9752563618207178,0.9193990464766157,79.82885732117597,3.455082395521201,0.9587938433920301,
LNET-00485,series_then_shunt,C,1.8048537065594359e-12,F,C,8.446715346698158e-12,F,-1.7999999999999998,2.5999999999999996,0.9700131901397513,0.9689474353275725,0.975273892886961,0.9388759073754703,79.8861658188532,1.0341444707883896,0.9689474353275725,
LNET-01532,series_then_shunt,L,2.761426171035937e-08,H,L,6.768201399597882e-09,H,3.4000000000000004,-1.2000000000000002,0.968586054074534,0.9686854672959303,0.9753228609641628,0.9383722626255023,80.0466722700517,1.1953084392913966,0.9686854672959303,
LNET-01066,series_then_shunt,L,8.12184167951746e-09,H,C,1.2994946687227937e-11,F,1.0,4.0,0.9242793103782297,0.914159460798897,0.9754279021682094,0.8387222862209194,80.39313190477631,0.9955206464897597,0.914159460798897,
LNET-03253,shunt_then_series,L,2.923863004626285e-08,H,L,5.801315485369615e-09,H,3.5999999999999996,-1.4,0.955335303599992,0.9553044550616122,0.9754783817665288,0.9128203971952268,80.56068579805493,4.035451872064291,0.9553044550616122,
LNET-01916,shunt_then_series,C,1.0829122239356614e-12,F,C,5.847726009252571e-12,F,-3.0,1.7999999999999998,0.9570940184399568,0.9547738203106833,0.9754940386206258,0.911750524658841,80.61279490480743,3.373977953714092,0.9547738203106833,
LNET-02914,shunt_then_series,L,1.624368335903492e-08,H,L,2.256067133199294e-09,H,2.0,-3.6,0.9638532958579755,0.9662295658716009,0.9755048376485019,0.9336215540529001,80.64877502343579,2.4484026526974776,0.9662295658716009,
LNET-02957,shunt_then_series,L,1.7868051694938416e-08,H,L,2.538075524849206e-09,H,2.2,-3.2,0.962567292081203,0.9648848194574239,0.9755100984290457,0.9310348970606501,80.66631434615701,2.649169761607843,0.9648848194574239,
LNET-01832,shunt_then_series,C,9.555107858255836e-13,F,C,4.548231340529779e-12,F,-3.4,1.4000000000000004,0.9559674520850306,0.9522882733194434,0.9755307247970633,0.9070775292797244,80.73515494075465,3.7495365743296265,0.9522882733194434,
LNET-03169,shunt_then_series,L,2.5989893374455874e-08,H,L,4.51213426639859e-09,H,3.2,-1.7999999999999998,0.9570156778022917,0.9580084918402142,0.9755445836943301,0.9179189725216178,80.78147429599485,3.6525646252585284,0.9580084918402142,
LNET-01262,series_then_shunt,L,1.624368335903492e-08,H,C,7.147220677975366e-12,F,2.0,2.2,0.9318971954343708,0.9219708379716022,0.9755984024886546,0.8524656653432776,80.96184692703457,1.1089500604453388,0.9219708379716022,
LNET-01692,shunt_then_series,C,8.12184167951746e-13,F,L,4.06092083975873e-09,H,-4.0,-2.0,0.9653937583348828,0.9651783592564972,0.9756080743330504,0.9315941647714187,80.99434629755153,3.7404944000259026,0.9651783592564972,
LNET-03211,shunt_then_series,L,2.761426171035937e-08,H,L,5.076151049698412e-09,H,3.4000000000000004,-1.6,0.95630354407951,0.9568261314839908,0.9756112517789592,0.9156880181191471,81.00502878924111,3.8466878123491393,0.9568261314839908,
LNET-01874,shunt_then_series,C,1.0152302099396824e-12,F,C,5.197978674891173e-12,F,-3.2,1.5999999999999996,0.9566915536124572,0.9537289681581637,0.9756307233388309,0.9097863596916852,81.07055251610635,3.563890939443551,0.9537289681581637,
LNET-02043,shunt_then_series,C,1.3536402799195768e-12,F,C,8.446715346698158e-12,F,-2.4,2.5999999999999996,0.9600941056352914,0.9596576463162265,0.9756773013552542,0.9210172592732356,81.2277177878879,2.7910853078009663,0.9596576463162265,
LNET-00614,series_then_shunt,C,2.707280559839153e-12,F,C,1.2345199352866539e-11,F,-1.2000000000000002,3.8,0.9700258321701775,0.9687228903404767,0.9756984840336848,0.9384456632113273,81.29939246474314,1.0084002005929902,0.9687228903404767,
LNET-01302,series_then_shunt,L,1.7868051694938416e-08,H,C,6.497473343613968e-12,F,2.2,2.0,0.9340315101149893,0.9252214519912579,0.9757168768056234,0.85813819419048,81.3617285137008,1.1423064900931597,0.9252214519912579,
LNET-01365,series_then_shunt,L,2.1116788366745392e-08,H,L,4.51213426639859e-09,H,2.5999999999999996,-1.7999999999999998,0.9702074955261095,0.9701717776123796,0.9757303805821503,0.94124882155454,81.40755512338413,1.0895343964805495,0.9701717776123796,
LNET-01463,series_then_shunt,L,2.4365525038552382e-08,H,C,4.548231340529779e-12,F,3.0,1.4000000000000004,0.9411742912557045,0.936137279371532,0.9757582903084677,0.8775009844835433,81.50243177768142,1.3298939641395495,0.936137279371532,
LNET-01281,series_then_shunt,L,1.7868051694938416e-08,H,L,3.691746217962481e-09,H,2.2,-2.2,0.9704637883205645,0.9703449187941269,0.9757984564307135,0.9415849949964036,81.63935704242203,1.05737746758888,0.9703449187941269,
LNET-00275,series_then_shunt,C,1.160263097073923e-12,F,C,5.197978674891173e-12,F,-2.8,1.5999999999999996,0.970390585819347,0.9695622998970028,0.9759023255000923,0.9400660043643169,81.99556042254854,1.107381758940283,0.9695622998970028,
LNET-01615,series_then_shunt,L,3.0862998382166346e-08,H,L,8.12184167951746e-09,H,3.8,-1.0,0.9685997148984276,0.9687361507057071,0.9759072679899333,0.938473683610107,82.01258649971034,1.2692374627891803,0.9687361507057071,
LNET-03271,shunt_then_series,L,2.923863004626285e-08,H,C,7.147220677975366e-12,F,3.5999999999999996,2.2,0.9661508956661524,0.9669226853927676,0.9759475576608106,0.9349655559849707,82.15163889786533,3.471791681041118,0.9669226853927676,
LNET-01323,series_then_shunt,L,1.9492420030841907e-08,H,L,4.06092083975873e-09,H,2.4000000000000004,-2.0,0.9706246957410305,0.9705483619123734,0.9759627700430419,0.9419792446546608,82.20426286977609,1.071578000390167,0.9705483619123734,
LNET-01813,shunt_then_series,C,9.555107858255836e-13,F,L,3.384100699798942e-09,H,-3.4,-2.4,0.9623941253568674,0.9623445878967906,0.9759806733176851,0.9261491716135707,82.26628079348178,3.1882744040965383,0.9623445878967906,
LNET-00150,series_then_shunt,C,9.555107858255836e-13,F,C,3.898484006168382e-12,F,-3.4,1.2000000000000002,0.9696024331196177,0.9687567332784033,0.9759866575510886,0.938508261373142,82.2870311267587,1.186036861232612,0.9687567332784033,
LNET-01625,series_then_shunt,L,3.0862998382166346e-08,H,C,3.248736671806984e-12,F,3.8,1.0,0.948173588354923,0.9455742526965958,0.9760097223671957,0.8947156267612669,82.36710523371367,1.653605530476346,0.9455742526965958,
LNET-02172,shunt_then_series,C,1.8048537065594359e-12,F,C,1.2345199352866539e-11,F,-1.7999999999999998,3.8,0.9641317341552321,0.9650054463094689,0.9760504817414755,0.9312617120997339,82.50898662807651,2.2072870147463517,0.9650054463094689,
LNET-03042,shunt_then_series,L,2.1116788366745392e-08,H,L,3.1237852613528696e-09,H,2.5999999999999996,-2.6,0.9612853888264384,0.9632819158112875,0.9761233399994796,0.9279685252750567,82.76380950922001,3.05240251659578,0.9632819158112875,
LNET-02991,shunt_then_series,L,1.7868051694938416e-08,H,C,1.1695452018505142e-11,F,2.2,3.5999999999999996,0.9595933337143032,0.961429085691659,0.9761314639441712,0.924413091164066,82.79231953404985,2.2126735807957565,0.961429085691659,
LNET-01067,series_then_shunt,L,9.746210015420954e-09,H,L,2.030460419879365e-09,H,1.2000000000000002,-4.0,0.9701169415688411,0.9697768847760347,0.976142337410211,0.9404910564574839,82.83050906487331,1.0079764102037125,0.9697768847760347,
LNET-00443,series_then_shunt,C,1.624368335903492e-12,F,C,7.796968012336763e-12,F,-2.0,2.4000000000000004,0.9712575321505917,0.9703008336532255,0.9762329209817457,0.9414981260469952,83.15001264833192,1.0434382050246336,0.9703008336532255,
LNET-00578,series_then_shunt,C,2.707280559839153e-12,F,L,2.388776964563959e-09,H,-1.2000000000000002,-3.4,0.9286447658254127,0.9053551312887663,0.9762403437819089,0.8229540385410737,83.17630211657529,1.0130793047289592,0.9053551312887663,
LNET-00539,series_then_shunt,C,2.320526194147846e-12,F,L,2.7072805598391537e-09,H,-1.4,-3.0,0.9299094817844942,0.9067349871212576,0.9762422885065662,0.8253730644839378,83.18319249952874,1.0341430176376922,0.9067349871212576,
LNET-00460,series_then_shunt,C,1.8048537065594359e-12,F,L,3.384100699798942e-09,H,-1.7999999999999998,-2.4,0.9330725886934516,0.9123232200002561,0.9762457606995283,0.8349899568306155,83.1954976836612,1.08790605877946,0.9123232200002561,
LNET-02053,shunt_then_series,C,1.4766984871849927e-12,F,L,2.256067133199294e-09,H,-2.2,-3.6,0.9557300685608568,0.9558493167951647,0.9762546452534736,0.913747969051974,83.22700024275576,2.148024204634298,0.9558493167951647,
LNET-01544,series_then_shunt,L,2.761426171035937e-08,H,C,3.898484006168382e-12,F,3.4000000000000004,1.2000000000000002,0.9455672254239078,0.941901152028569,0.9763158411741119,0.8879976530006702,83.44462877921106,1.4533768760230437,0.941901152028569,
LNET-00528,series_then_shunt,C,2.0304604198793647e-12,F,C,9.746210015420952e-12,F,-1.6,3.0,0.9712160423229904,0.9701173566729405,0.9763181739558056,0.9411442505300588,83.45294700956121,1.023173183634015,0.9701173566729405,
LNET-00340,series_then_shunt,C,1.3536402799195768e-12,F,L,4.51213426639859e-09,H,-2.4,-1.7999999999999998,0.9382925938696061,0.9223913497087459,0.9763228517136086,0.8525587441477215,83.46963189184018,1.1983810372619967,0.9223913497087459,
LNET-02086,shunt_then_series,C,1.4766984871849927e-12,F,C,9.746210015420952e-12,F,-2.2,3.0,0.9623508219020298,0.9624772053628715,0.976343250678153,0.9264127057089417,83.54246916134832,2.593800767238339,0.9624772053628715,
LNET-00571,series_then_shunt,C,2.320526194147846e-12,F,C,1.1045704684143746e-11,F,-1.4,3.4000000000000004,0.9712140807125353,0.970034893814712,0.9764577772597652,0.940985832799158,83.95374553490679,1.0150008026790083,0.970034893814712,
LNET-02129,shunt_then_series,C,1.624368335903492e-12,F,C,1.1045704684143746e-11,F,-2.0,3.4000000000000004,0.9636611162835967,0.9642010714594853,0.9764647262758521,0.9297193577907894,83.97882894592986,2.398713804297588,0.9642010714594853,
LNET-00067,series_then_shunt,C,8.549307031071011e-13,F,C,3.248736671806984e-12,F,-3.8,1.0,0.9695195885104415,0.9686256980452866,0.9764991688720961,0.9382576721588101,84.10337311539945,1.2568481041728095,0.9686256980452866,
LNET-00317,series_then_shunt,C,1.2495141045411476e-12,F,C,5.847726009252571e-12,F,-2.6,1.7999999999999998,0.9714361781932308,0.9706179650099394,0.976546475753502,0.9421126127594569,84.27503069388938,1.085041853603704,0.9706179650099394,
LNET-00219,series_then_shunt,C,1.0829122239356614e-12,F,L,5.801315485369615e-09,H,-3.0,-1.4,0.9438798866960227,0.932208194437185,0.9766633841437329,0.8701062358389803,84.70222916288414,1.3516388346824504,0.932208194437185,
LNET-01490,series_then_shunt,L,2.5989893374455874e-08,H,L,5.801315485369615e-09,H,3.2,-1.4,0.970872593406311,0.970932290461208,0.9766900538724247,0.9427253167521127,84.80028409563893,1.1499564425277407,0.970932290461208,
LNET-02001,shunt_then_series,C,1.2495141045411476e-12,F,C,7.796968012336763e-12,F,-2.6,2.4000000000000004,0.9610311365030396,0.9602296161284299,0.976691600229688,0.9221244350335105,84.80597637369388,2.9852534345029165,0.9602296161284299,
LNET-00057,series_then_shunt,C,8.549307031071011e-13,F,L,8.12184167951746e-09,H,-3.8,-1.0,0.9500388143867797,0.9423974673811147,0.9767264531909691,0.888697984042752,84.93447386471973,1.6968040365029986,0.9423974673811147,
LNET-00401,series_then_shunt,C,1.4766984871849927e-12,F,C,7.147220677975366e-12,F,-2.2,2.2,0.9718732723666319,0.9709912683004346,0.9767318918487106,0.942837223570255,84.9545600783692,1.054447582478229,0.9709912683004346,
LNET-01196,series_then_shunt,L,1.4619315023131425e-08,H,L,2.9006577426848075e-09,H,1.7999999999999998,-2.8,0.9715900360248756,0.971381052658906,0.9767639371087571,0.9435973592422713,85.07310151298263,1.031825398590587,0.971381052658906,
LNET-00359,series_then_shunt,C,1.3536402799195768e-12,F,C,6.497473343613968e-12,F,-2.4,2.0,0.9719256208227333,0.9710890813188389,0.9768266750219444,0.9430268472407836,85.30613008249522,1.0679480091697169,0.9710890813188389,
LNET-01707,shunt_then_series,C,8.12184167951746e-13,F,C,3.248736671806984e-12,F,-4.0,1.0,0.9577348527915442,0.9529111964098098,0.9768682665715019,0.9083076309105669,85.46131108946727,4.295959492694906,0.9529111964098098,
LNET-00420,series_then_shunt,C,1.624368335903492e-12,F,L,3.691746217962481e-09,H,-2.0,-2.2,0.9364276190346118,0.9176665827974723,0.9768866086782985,0.8443479465883255,85.52992424015974,1.1164644241819197,0.9176665827974723,
LNET-00380,series_then_shunt,C,1.4766984871849927e-12,F,L,4.06092083975873e-09,H,-2.2,-2.0,0.9380823815708165,0.9209009888139075,0.9769033322772068,0.8500079656754345,85.59257794258694,1.1518684118892542,0.9209009888139075,
LNET-01853,shunt_then_series,C,1.0152302099396824e-12,F,L,3.1237852613528696e-09,H,-3.2,-2.6,0.9623069436817928,0.9623011263786551,0.9769228452369468,0.9260723539804425,85.66579656526925,3.01174561121007,0.9623011263786551,
LNET-01183,series_then_shunt,L,1.2994946687227934e-08,H,C,9.096462681059554e-12,F,1.5999999999999996,2.8,0.9321588658784764,0.9208221517737469,0.9769340730154362,0.8506906929118032,85.70798278943846,1.0488478945244837,0.9208221517737469,
LNET-03231,shunt_then_series,L,2.761426171035937e-08,H,C,7.796968012336763e-12,F,3.4000000000000004,2.4000000000000004,0.9662730267702757,0.9672010606826462,0.9769377294281265,0.935507751463768,85.72172992537776,3.28856687972815,0.9672010606826462,
LNET-03084,shunt_then_series,L,2.2741156702648887e-08,H,L,3.384100699798942e-09,H,2.8,-2.4,0.9617932275101707,0.9635563984297986,0.9769526199280142,0.9285067674164782,85.77775928340802,3.2533064451108444,0.9635563984297986,
LNET-02999,shunt_then_series,L,1.9492420030841907e-08,H,L,2.7072805598391537e-09,H,2.4000000000000004,-3.0,0.9640155560266551,0.966137184479266,0.9769779447271819,0.933456846059555,85.87321684790585,2.84767230249249,0.966137184479266,
LNET-00138,series_then_shunt,C,9.555107858255836e-13,F,L,6.768201399597882e-09,H,-3.4,-1.2000000000000002,0.9477723012119099,0.9383578954354227,0.9771032097712903,0.8813039284479597,86.3484877147649,1.4832209863578951,0.9383578954354227,
LNET-03352,shunt_then_series,L,3.248736671806984e-08,H,C,6.497473343613968e-12,F,4.0,2.0,0.9690629002150851,0.9696026593959938,0.9771322754708729,0.9401481255206293,86.45951078134414,3.856287082884795,0.9696026593959938,
LNET-02013,shunt_then_series,C,1.3536402799195768e-12,F,L,2.388776964563959e-09,H,-2.4,-3.4,0.9580736051544094,0.9581494776507277,0.9771393223499302,0.9181367772539504,86.4864704631313,2.3174991690405387,0.9581494776507277,
LNET-03031,shunt_then_series,L,1.9492420030841907e-08,H,C,1.1045704684143746e-11,F,2.4000000000000004,3.4000000000000004,0.9618491582820233,0.9634932303898789,0.9771449007610437,0.9283774283950489,86.50782392539408,2.3883522543434137,0.9634932303898789,
LNET-01105,series_then_shunt,L,9.746210015420954e-09,H,C,1.1695452018505142e-11,F,1.2000000000000002,3.5999999999999996,0.9302550911300453,0.9190001055339453,0.9771941586334304,0.8474853123429403,86.69683029242411,1.0096264361583602,0.9190001055339453,
LNET-02913,shunt_then_series,L,1.624368335903492e-08,H,L,2.1373267577677528e-09,H,2.0,-3.8,0.9667520018011639,0.9689771356654662,0.977212271709796,0.9389333538941315,86.76653708214337,2.4438147259948617,0.9689771356654662,
LNET-01110,series_then_shunt,L,1.1370578351324447e-08,H,L,2.256067133199294e-09,H,1.4000000000000004,-3.6,0.9717689995148128,0.9714714587449411,0.977215586828757,0.9437760719927359,86.77930706261364,1.014285429026794,0.9714714587449411,
LNET-02952,shunt_then_series,L,1.624368335903492e-08,H,C,1.2994946687227937e-11,F,2.0,4.0,0.9603999523392225,0.9623294174377703,0.9772736555345275,0.9261477832206294,87.00359437649745,2.0501136951992196,0.9623294174377703,
LNET-01732,shunt_then_series,C,8.549307031071011e-13,F,L,3.691746217962481e-09,H,-3.8,-2.2,0.9659804478156414,0.9658607944829324,0.9772766840311681,0.9329166011422289,87.01532323641796,3.5597222812808083,0.9658607944829324,
LNET-03336,shunt_then_series,L,3.248736671806984e-08,H,L,6.768201399597882e-09,H,4.0,-1.2000000000000002,0.9580565432056679,0.9574036046401734,0.9773216861797281,0.9168474688461932,87.18997813727339,4.418723433147449,0.9574036046401734,
LNET-02956,shunt_then_series,L,1.7868051694938416e-08,H,L,2.388776964563959e-09,H,2.2,-3.4,0.9657934867489096,0.9679763409728778,0.9773344085257937,0.937002084557283,87.2394797539707,2.644309651087695,0.9679763409728778,
LNET-00192,series_then_shunt,C,1.0152302099396824e-12,F,C,4.548231340529779e-12,F,-3.2,1.4000000000000004,0.9718726993819577,0.971116566469467,0.9773507969680219,0.9430814269272882,87.3033278114123,1.142666707621889,0.971116566469467,
LNET-01959,shunt_then_series,C,1.160263097073923e-12,F,C,7.147220677975366e-12,F,-2.8,2.2,0.9615315728757637,0.9603293253437295,0.9774010021663919,0.9223278349067993,87.49949961169082,3.180083683280512,0.9603293253437295,
LNET-01153,series_then_shunt,L,1.2994946687227934e-08,H,L,2.538075524849206e-09,H,1.5999999999999996,-3.2,0.9722417864291327,0.9719897526108958,0.9774089341418609,0.9447809302137633,87.53057277416782,1.0218926836691336,0.9719897526108958,
LNET-01749,shunt_then_series,C,8.549307031071011e-13,F,C,3.898484006168382e-12,F,-3.8,1.2000000000000002,0.9589291129198568,0.9547935489077257,0.9774480116529026,0.9118584744519324,87.68397629592675,4.125106923281458,0.9547935489077257,
LNET-00616,series_then_shunt,C,3.248736671806984e-12,F,L,2.030460419879365e-09,H,-1.0,-4.0,0.9317608021174532,0.9108867654663408,0.9774939644140358,0.8325024399157596,87.86505099313412,0.9966425722678809,0.9108867654663408,
LNET-01893,shunt_then_series,C,1.0829122239356614e-12,F,L,2.9006577426848075e-09,H,-3.0,-2.8,0.9618812373585505,0.9619009775689548,0.9775042888851446,0.9253099277119912,87.90583586305348,2.8363554589236144,0.9619009775689548,
LNET-03126,shunt_then_series,L,2.4365525038552382e-08,H,L,3.691746217962481e-09,H,3.0,-2.2,0.9619118483957325,0.9634177038635282,0.9775183579495874,0.9282519083300865,87.96147334412771,3.454343493137094,0.9634177038635282,
LNET-01573,series_then_shunt,L,2.923863004626285e-08,H,L,6.768201399597882e-09,H,3.5999999999999996,-1.2000000000000002,0.9714720591032964,0.971575321357905,0.9775445982625537,0.9439752425572432,88.06542948482762,1.2011285702698236,0.971575321357905,
LNET-00615,series_then_shunt,C,2.707280559839153e-12,F,C,1.2994946687227937e-11,F,-1.2000000000000002,4.0,0.9723919421343091,0.9711894251142377,0.9775961253442322,0.9432271945958913,88.2702726974555,1.0076990369425658,0.9711894251142377,
LNET-02092,shunt_then_series,C,1.624368335903492e-12,F,L,2.030460419879365e-09,H,-2.0,-4.0,0.9568688705960079,0.9569691208000541,0.9776051095831159,0.9158943395938783,88.30608557441941,1.9922540390957821,0.9569691208000541,
LNET-01423,series_then_shunt,L,2.2741156702648887e-08,H,C,5.197978674891173e-12,F,2.8,1.5999999999999996,0.9435780330912468,0.937861395715096,0.9776110852771581,0.8807903407641846,88.32992173843678,1.2445918398336595,0.937861395715096,
LNET-03191,shunt_then_series,L,2.5989893374455874e-08,H,C,8.446715346698158e-12,F,3.2,2.5999999999999996,0.9661104804287871,0.9671796624316322,0.9776136517213287,0.9354705683471792,88.34016281277611,3.1064622658492733,0.9671796624316322,
LNET-01973,shunt_then_series,C,1.2495141045411476e-12,F,L,2.538075524849206e-09,H,-2.6,-3.2,0.9598254316982536,0.9598772162253614,0.9776211833313195,0.9214390694216298,88.37023032138396,2.489005790587799,0.9598772162253614,
LNET-02173,shunt_then_series,C,1.8048537065594359e-12,F,C,1.2994946687227937e-11,F,-1.7999999999999998,4.0,0.9668169481477225,0.9677226900076608,0.9776559405917578,0.9365077050523074,88.50925001847439,2.2031435038296436,0.9677226900076608,
LNET-01144,series_then_shunt,L,1.1370578351324447e-08,H,C,1.039595734978235e-11,F,1.4000000000000004,3.2,0.9328659467258088,0.9214353903604364,0.9776718067111739,0.851839694072509,88.57285411000453,1.0265433405031386,0.9214353903604364,
LNET-02044,shunt_then_series,C,1.3536402799195768e-12,F,C,9.096462681059554e-12,F,-2.4,2.8,0.9637975908268689,0.963634742931821,0.9776882120920531,0.9286467671034149,88.63871511559385,2.786639341713603,0.963634742931821,
LNET-03294,shunt_then_series,L,3.0862998382166346e-08,H,L,5.801315485369615e-09,H,3.8,-1.4,0.9592455852581863,0.9591649352574312,0.9777032261852426,0.9201792897679876,88.69907559793596,4.2371830473989665,0.9591649352574312,
LNET-01448,series_then_shunt,L,2.4365525038552382e-08,H,L,5.076151049698412e-09,H,3.0,-1.6,0.9725332464949549,0.972555188335082,0.9777247195665375,0.9458765791052006,88.78562608781117,1.1176519229428759,0.972555188335082,
LNET-01933,shunt_then_series,C,1.160263097073923e-12,F,L,2.7072805598391537e-09,H,-2.8,-3.0,0.9610720272259401,0.9611081220150978,0.9777372183495997,0.9237937804654676,88.83603358316361,2.662061251015298,0.9611081220150978,
LNET-03071,shunt_then_series,L,2.1116788366745392e-08,H,C,1.039595734978235e-11,F,2.5999999999999996,3.2,0.9635560312155805,0.9650376200719601,0.977763744936699,0.9313482771637296,88.94320285976703,2.565983142653885,0.9650376200719601,
LNET-00486,series_then_shunt,C,1.8048537065594359e-12,F,C,9.096462681059554e-12,F,-1.7999999999999998,2.8,0.9731982524336524,0.9722441458687936,0.9778184423031576,0.9452718143986907,89.16499324953661,1.0301954114603975,0.9722441458687936,
LNET-01791,shunt_then_series,C,9.024268532797177e-13,F,C,4.548231340529779e-12,F,-3.6,1.4000000000000004,0.9599902857432744,0.9565636850842224,0.9778458765408015,0.9152037899064207,89.27664776191301,3.9452933147662006,0.9565636850842224,
LNET-01917,shunt_then_series,C,1.0829122239356614e-12,F,C,6.497473343613968e-12,F,-3.0,2.0,0.96164071589915,0.9599864204613419,0.9778465539201698,0.921684951084028,89.27940812427015,3.374729441236264,0.9599864204613419,
LNET-03168,shunt_then_series,L,2.5989893374455874e-08,H,L,4.06092083975873e-09,H,3.2,-2.0,0.9616779484799536,0.9628863336863083,0.9778541889213574,0.9272448219030587,89.31053289932571,3.6546129571782293,0.9628863336863083,
LNET-01238,series_then_shunt,L,1.624368335903492e-08,H,L,3.1237852613528696e-09,H,2.0,-2.6,0.9730990465878896,0.9729397404733046,0.9778874851144234,0.9466251396118454,89.44651910238137,1.040123197608677,0.9729397404733046,
LNET-01656,series_then_shunt,L,3.248736671806984e-08,H,L,8.12184167951746e-09,H,4.0,-1.0,0.9712303272235491,0.9713658050811116,0.977896735011082,0.943571284950198,89.48436966225336,1.2760639615425866,0.9713658050811116,
LNET-03252,shunt_then_series,L,2.923863004626285e-08,H,L,5.076151049698412e-09,H,3.5999999999999996,-1.6,0.960296750755965,0.9607230221121972,0.9779293714841977,0.9231340570007064,89.6181715019136,4.047796733567817,0.9607230221121972,
LNET-03151,shunt_then_series,L,2.4365525038552382e-08,H,C,9.096462681059554e-12,F,3.0,2.8,0.9656307953177647,0.966833814651725,0.9779791929918795,0.934806445874422,89.82319277683474,2.9252929681324065,0.966833814651725,
LNET-03210,shunt_then_series,L,2.761426171035937e-08,H,L,4.51213426639859e-09,H,3.4000000000000004,-1.7999999999999998,0.9611261558658406,0.9619797908080615,0.9779849032651197,0.9255217382145975,89.84675048605328,3.8529447419323613,0.9619797908080615,
LNET-03111,shunt_then_series,L,2.2741156702648887e-08,H,C,9.746210015420952e-12,F,2.8,3.0,0.964795542094096,0.9661332010541697,0.9780331070741827,0.9334576456070589,90.04610318601011,2.745073667383182,0.9661332010541697,
LNET-01833,shunt_then_series,C,9.555107858255836e-13,F,C,5.197978674891173e-12,F,-3.4,1.5999999999999996,0.9608317014272226,0.9580684434404325,0.9780522531833754,0.9180524843973441,90.1255272220051,3.7589085600815735,0.9580684434404325,
LNET-01875,shunt_then_series,C,1.0152302099396824e-12,F,C,5.847726009252571e-12,F,-3.2,1.7999999999999998,0.9613956555139901,0.9592240356860284,0.9780570276846581,0.9202420757638373,90.14535493451153,3.5681295413524015,0.9592240356860284,
LNET-03041,shunt_then_series,L,2.1116788366745392e-08,H,L,2.9006577426848075e-09,H,2.5999999999999996,-2.8,0.9650086785945183,0.9669439847479891,0.9780967082085299,0.9350211043554902,90.31047602529173,3.0479177489953155,0.9669439847479891,
LNET-00109,series_then_shunt,C,9.024268532797177e-13,F,C,3.898484006168382e-12,F,-3.6,1.2000000000000002,0.9723541538227002,0.9716069610547021,0.9781222821631357,0.9440351243954749,90.41721339096743,1.1915782363613652,0.9716069610547021,
LNET-02130,shunt_then_series,C,1.624368335903492e-12,F,C,1.1695452018505142e-11,F,-2.0,3.5999999999999996,0.9665814962214584,0.9672044104299503,0.9781532259774062,0.9355117789574325,90.54669691422677,2.394127831090868,0.9672044104299503,
LNET-02087,shunt_then_series,C,1.4766984871849927e-12,F,C,1.039595734978235e-11,F,-2.2,3.2,0.9656028164096412,0.9658874167695427,0.9781635771412692,0.9329764207623267,90.5900929808358,2.5890092089216354,0.9658874167695427,
LNET-00499,series_then_shunt,C,2.0304604198793647e-12,F,L,2.9006577426848075e-09,H,-1.6,-2.8,0.9374871263949964,0.917004020215314,0.9783744649531192,0.8434008125232494,91.4832609072705,1.0527804824358518,0.917004020215314,
LNET-00234,series_then_shunt,C,1.0829122239356614e-12,F,C,5.197978674891173e-12,F,-3.0,1.5999999999999996,0.9735367822257642,0.9728283618990374,0.9783925399711055,0.9464064149986049,91.56062477151457,1.1118259481109953,0.9728283618990374,
LNET-01666,series_then_shunt,L,3.248736671806984e-08,H,C,3.248736671806984e-12,F,4.0,1.0,0.9535794252325022,0.9512994077138153,0.9783957723510897,0.905448296722947,91.5744735012952,1.6392729623234816,0.9512994077138153,
LNET-00026,series_then_shunt,C,8.12184167951746e-13,F,C,3.248736671806984e-12,F,-4.0,1.0,0.9720388982123379,0.97123548382574,0.9784180208236511,0.9433165181546711,91.66990685412901,1.2633596136790066,0.97123548382574,
LNET-03312,shunt_then_series,L,3.0862998382166346e-08,H,C,7.147220677975366e-12,F,3.8,2.2,0.9695519504797089,0.9702475923811807,0.9784226014657418,0.9414018632268374,91.68957964624975,3.670676512559222,0.9702475923811807,
LNET-01406,series_then_shunt,L,2.2741156702648887e-08,H,L,4.51213426639859e-09,H,2.8,-1.7999999999999998,0.9736390480625136,0.9736258448816091,0.9784291006535293,0.9479587512693087,91.717506482975,1.0937910557548314,0.9736258448816091,
LNET-00572,series_then_shunt,C,2.320526194147846e-12,F,C,1.1695452018505142e-11,F,-1.4,3.5999999999999996,0.9737095430589541,0.9726295487929046,0.9784664396416337,0.9460232866071621,91.87827775414546,1.01361796221197,0.9726295487929046,
LNET-00259,series_then_shunt,C,1.160263097073923e-12,F,L,5.076151049698412e-09,H,-2.8,-1.6,0.9463549754711251,0.9339631162174286,0.9784990915188747,0.8734318213077134,92.01932528831108,1.2606008609696238,0.9339631162174286,
LNET-01223,series_then_shunt,L,1.4619315023131425e-08,H,C,8.446715346698158e-12,F,1.7999999999999998,2.5999999999999996,0.9381830191404376,0.9281933114441678,0.9784997876901456,0.8637571407363595,92.02233722981968,1.0674648015063155,0.9281933114441678,
LNET-00529,series_then_shunt,C,2.0304604198793647e-12,F,C,1.039595734978235e-11,F,-1.6,3.2,0.9739702394885854,0.9729739304071234,0.9785334304993338,0.9466916704273826,92.16812357642587,1.02079313942575,0.9729739304071234,
LNET-01280,series_then_shunt,L,1.7868051694938416e-08,H,L,3.384100699798942e-09,H,2.2,-2.4,0.9739941832164568,0.9738766237486567,0.9785638757313272,0.9484474277719606,92.3004481095886,1.0497512478109616,0.9738766237486567,
LNET-01772,shunt_then_series,C,9.024268532797177e-13,F,L,3.384100699798942e-09,H,-3.6,-2.4,0.9663488535308999,0.9662885176812852,0.9785844734563156,0.9337479282110089,92.39018566367287,3.3808221282826527,0.9662885176812852,
LNET-02002,shunt_then_series,C,1.2495141045411476e-12,F,C,8.446715346698158e-12,F,-2.6,2.5999999999999996,0.9647869859479897,0.9643251842309949,0.9786954935088619,0.9299838460080256,92.87685186849667,2.9811589726398826,0.9643251842309949,
LNET-02992,shunt_then_series,L,1.7868051694938416e-08,H,C,1.2345199352866539e-11,F,2.2,3.8,0.963172364094728,0.9648880262025684,0.9787037290587414,0.9310691997198034,92.91315528979636,2.2238462776792116,0.9648880262025684,
LNET-01504,series_then_shunt,L,2.5989893374455874e-08,H,C,4.548231340529779e-12,F,3.2,1.4000000000000004,0.9488802390203617,0.9446271597996517,0.9787317399411999,0.8931654539183186,93.03684149387975,1.3248514459125422,0.9446271597996517,
LNET-02912,shunt_then_series,L,1.624368335903492e-08,H,L,2.030460419879365e-09,H,2.0,-4.0,0.9693338510510748,0.9714152453551237,0.9787548843922411,0.9436603444679577,93.13928532681577,2.439270124143524,0.9714152453551237,
LNET-02998,shunt_then_series,L,1.9492420030841907e-08,H,L,2.538075524849206e-09,H,2.4000000000000004,-3.2,0.9672408284620729,0.9692517635187162,0.9787566975116287,0.9394752421879908,93.1473201304183,2.84263229765799,0.9692517635187162,
LNET-01364,series_then_shunt,L,2.1116788366745392e-08,H,L,4.06092083975873e-09,H,2.5999999999999996,-2.0,0.9742403375498679,0.9741934611735344,0.9788078874221952,0.9490637413264271,93.37473459322133,1.0755956761813668,0.9741934611735344,
LNET-00444,series_then_shunt,C,1.624368335903492e-12,F,C,8.446715346698158e-12,F,-2.0,2.5999999999999996,0.9745013851550688,0.9736530133828174,0.9788139847009617,0.948011212029627,93.40189539043648,1.038051616675031,0.9736530133828174,
LNET-01383,series_then_shunt,L,2.1116788366745392e-08,H,C,5.847726009252571e-12,F,2.5999999999999996,1.7999999999999998,0.9449776846727812,0.9386039431941354,0.9788474599444293,0.8822604507201247,93.5512924095982,1.1864169712108352,0.9386039431941354,
LNET-01322,series_then_shunt,L,1.9492420030841907e-08,H,L,3.691746217962481e-09,H,2.4000000000000004,-2.2,0.9743608338126952,0.9742799090674407,0.9788583768274066,0.9492322817893963,93.60011578451882,1.0613049720611738,0.9742799090674407,
LNET-01531,series_then_shunt,L,2.761426171035937e-08,H,L,5.801315485369615e-09,H,3.4000000000000004,-1.4,0.9736996950064506,0.9737670483454087,0.9788957445998616,0.9482346890477916,93.7676173397184,1.1547569728026057,0.9737670483454087,
LNET-00577,series_then_shunt,C,2.707280559839153e-12,F,L,2.256067133199294e-09,H,-1.2000000000000002,-3.6,0.9367086260208367,0.9157494908976205,0.9789195497318655,0.8412290177313844,93.87463382237254,1.0114641951980454,0.9157494908976205,
LNET-01585,series_then_shunt,L,2.923863004626285e-08,H,C,3.898484006168382e-12,F,3.5999999999999996,1.2000000000000002,0.9519087169364202,0.9487500228154,0.9789213044357251,0.9007535208928631,93.88253169658607,1.4447023008565865,0.9487500228154,
LNET-02052,shunt_then_series,C,1.4766984871849927e-12,F,L,2.1373267577677528e-09,H,-2.2,-3.8,0.9597721156923215,0.9598090894786074,0.9789248847940636,0.921323382189004,93.89865087127222,2.159713725514311,0.9598090894786074,
LNET-03083,shunt_then_series,L,2.2741156702648887e-08,H,L,3.1237852613528696e-09,H,2.8,-2.6,0.9656025929725776,0.9673507357107157,0.978926982450537,0.9358139689848398,93.90809730051998,3.2493700300229427,0.9673507357107157,
LNET-02955,shunt_then_series,L,1.7868051694938416e-08,H,L,2.256067133199294e-09,H,2.2,-3.6,0.9686464249989486,0.9706955867379714,0.9789724980930204,0.942267852277528,94.1135331646861,2.639373089026955,0.9706955867379714,
LNET-00016,series_then_shunt,C,8.12184167951746e-13,F,L,8.12184167951746e-09,H,-4.0,-1.0,0.9551662549814643,0.9483843263291222,0.9790101104844942,0.8998969036851195,94.28396986189668,1.6810296711348436,0.9483843263291222,
LNET-01195,series_then_shunt,L,1.4619315023131425e-08,H,L,2.7072805598391537e-09,H,1.7999999999999998,-3.0,0.9744582113558357,0.9742616101005942,0.9790484182929112,0.9491985995030141,94.45818678325935,1.0283541819339974,0.9742616101005942,
LNET-01109,series_then_shunt,L,1.1370578351324447e-08,H,L,2.1373267577677528e-09,H,1.4000000000000004,-3.8,0.9741091566525275,0.9738312503447458,0.9790804173566081,0.948363464186518,94.6042017708113,1.0130303384102115,0.9738312503447458,
LNET-00276,series_then_shunt,C,1.160263097073923e-12,F,C,5.847726009252571e-12,F,-2.8,1.7999999999999998,0.9746666359037353,0.9739761499709356,0.9791154628575918,0.9486394773365865,94.76463133285301,1.0890779994902897,0.9739761499709356,
LNET-00538,series_then_shunt,C,2.320526194147846e-12,F,L,2.538075524849206e-09,H,-1.4,-3.2,0.9385991278438325,0.9179776184312292,0.9792008592259677,0.8451915855009675,95.15781833146657,1.0292299030119325,0.9179776184312292,
LNET-01263,series_then_shunt,L,1.624368335903492e-08,H,C,7.796968012336763e-12,F,2.0,2.4000000000000004,0.9421063916620553,0.9332758230557104,0.9793903918783385,0.8728328331798445,96.04211687062241,1.0882971720708063,0.9332758230557104,
LNET-00402,series_then_shunt,C,1.4766984871849927e-12,F,C,7.796968012336763e-12,F,-2.2,2.4000000000000004,0.975247993895131,0.9744745776444005,0.9793971597364454,0.9496105015694415,96.07399438211912,1.0471847256903781,0.9744745776444005,
LNET-01708,shunt_then_series,C,8.12184167951746e-13,F,C,3.898484006168382e-12,F,-4.0,1.2000000000000002,0.9623861260233553,0.9585312438959199,0.9794007056367344,0.9189765727046343,96.09070440619419,4.32169972921722,0.9585312438959199,
LNET-01960,shunt_then_series,C,1.160263097073923e-12,F,C,7.796968012336763e-12,F,-2.8,2.4000000000000004,0.9653750333618514,0.9645906127892725,0.9794207347174501,0.9305036669737942,96.18519940048043,3.176766051743028,0.9645906127892725,
LNET-03272,shunt_then_series,L,2.923863004626285e-08,H,C,7.796968012336763e-12,F,3.5999999999999996,2.4000000000000004,0.9698215812717887,0.9706511608228381,0.9794281305875787,0.9421880643272592,96.22013881696142,3.486520403378876,0.9706511608228381,
LNET-01152,series_then_shunt,L,1.2994946687227934e-08,H,L,2.388776964563959e-09,H,1.5999999999999996,-3.4,0.9747742332959576,0.9745385504791981,0.9794318384432804,0.9497392015310048,96.23766484839784,1.019759786901196,0.9745385504791981,
LNET-00151,series_then_shunt,C,9.555107858255836e-13,F,C,4.548231340529779e-12,F,-3.4,1.4000000000000004,0.9745605052823616,0.9739007356974522,0.9794664985548074,0.9484937360922227,96.40179994816461,1.1472321755755726,0.9739007356974522,
LNET-02045,shunt_then_series,C,1.3536402799195768e-12,F,C,9.746210015420952e-12,F,-2.4,3.0,0.9670495876393767,0.9670888707944698,0.9794727995227516,0.9353017438749982,96.43169811279058,2.7817226514320734,0.9670888707944698,
LNET-00178,series_then_shunt,C,1.0152302099396824e-12,F,L,5.801315485369615e-09,H,-3.2,-1.4,0.9510865942918247,0.9410935642324073,0.979478894006606,0.8864679952665153,96.46063397576273,1.3460117363959687,0.9410935642324073,
LNET-01614,series_then_shunt,L,3.0862998382166346e-08,H,L,6.768201399597882e-09,H,3.8,-1.2000000000000002,0.9739829328182529,0.9740880135361727,0.9794821371660055,0.9488609464350118,96.47603910707272,1.2064154754853484,0.9740880135361727,
LNET-03125,shunt_then_series,L,2.4365525038552382e-08,H,L,3.384100699798942e-09,H,3.0,-2.4,0.9658386385718419,0.9673872959428628,0.9795128805038354,0.9358927541911994,96.62231339424878,3.451455329784937,0.9673872959428628,
LNET-01691,shunt_then_series,C,8.12184167951746e-13,F,L,3.691746217962481e-09,H,-4.0,-2.2,0.9692483697167189,0.9691328390696051,0.9795166219942995,0.9392429885900088,96.64014506998785,3.7537713500934156,0.9691328390696051,
LNET-00318,series_then_shunt,C,1.2495141045411476e-12,F,C,6.497473343613968e-12,F,-2.6,2.0,0.9753147140287154,0.974618399998513,0.9795260397220961,0.9498903053728117,96.6850581349645,1.071752346702505,0.974618399998513,
LNET-01343,series_then_shunt,L,1.9492420030841907e-08,H,C,6.497473343613968e-12,F,2.4000000000000004,2.0,0.9452790684454513,0.9382077672886543,0.9795377360993557,0.8816309390177177,96.74089561698126,1.1446485275646312,0.9382077672886543,
LNET-01812,shunt_then_series,C,9.555107858255836e-13,F,L,3.1237852613528696e-09,H,-3.4,-2.6,0.9664641289210352,0.9664363661148778,0.979551783703946,0.9340389074972951,96.80804208267068,3.2031888526871137,0.9664363661148778,
LNET-00097,series_then_shunt,C,9.024268532797177e-13,F,L,6.768201399597882e-09,H,-3.6,-1.2000000000000002,0.9537486141327026,0.9455311674673171,0.9795847628536094,0.8946353983039442,96.96604299321592,1.4736517729199445,0.9455311674673171,
LNET-00360,series_then_shunt,C,1.3536402799195768e-12,F,C,7.147220677975366e-12,F,-2.4,2.2,0.9755085496956112,0.9747848031018567,0.9796241910894598,0.9502146584316074,97.1556123136498,1.058160318936229,0.9747848031018567,
LNET-03335,shunt_then_series,L,3.248736671806984e-08,H,L,5.801315485369615e-09,H,4.0,-1.4,0.9626765743615454,0.9625586587593903,0.9796430665480585,0.9266747391980504,97.24662465599694,4.439132943445657,0.9625586587593903,
LNET-01106,series_then_shunt,L,9.746210015420954e-09,H,C,1.2345199352866539e-11,F,1.2000000000000002,3.8,0.9377873146463181,0.9275285579916506,0.9796447488393212,0.8626735898382747,97.25474440047648,1.0085293549661505,0.9275285579916506,
LNET-02131,shunt_then_series,C,1.624368335903492e-12,F,C,1.2345199352866539e-11,F,-2.0,3.8,0.9691820859087414,0.9698603849820833,0.9796731314029151,0.9406504395931169,97.3919382588435,2.3895620033874625,0.9698603849820833,
LNET-03032,shunt_then_series,L,1.9492420030841907e-08,H,C,1.1695452018505142e-11,F,2.4000000000000004,3.5999999999999996,0.9653384232155577,0.9668812222158866,0.979715542177533,0.9349115659911639,97.59765626985626,2.400233286589211,0.9668812222158866,
LNET-01303,series_then_shunt,L,1.7868051694938416e-08,H,C,7.147220677975366e-12,F,2.2,2.2,0.9443781063014925,0.9365067874094113,0.9797195345257482,0.8786147262875487,97.61706589226044,1.113190693467173,0.9365067874094113,
LNET-00459,series_then_shunt,C,1.8048537065594359e-12,F,L,3.1237852613528696e-09,H,-1.7999999999999998,-2.6,0.942638090666611,0.9244145008158943,0.9797270691474689,0.8565563820029838,97.6537178343059,1.0722998185949775,0.9244145008158943,
LNET-00299,series_then_shunt,C,1.2495141045411476e-12,F,L,4.51213426639859e-09,H,-2.6,-1.7999999999999998,0.9478810179093276,0.9347535214465571,0.9797414731021349,0.8749744421077085,97.7238613193916,1.1985761008592952,0.9347535214465571,
LNET-02088,shunt_then_series,C,1.4766984871849927e-12,F,C,1.1045704684143746e-11,F,-2.2,3.4000000000000004,0.9684779319176019,0.9688761659068564,0.9797908393140922,0.93874989351076,97.96502042237863,2.5840878071309423,0.9688761659068564,
LNET-02012,shunt_then_series,C,1.3536402799195768e-12,F,L,2.256067133199294e-09,H,-2.4,-3.6,0.962025334528113,0.9620308695177944,0.9798297226046657,0.9255811196029511,98.15580042853715,2.3298963686286247,0.9620308695177944,
LNET-03040,shunt_then_series,L,2.1116788366745392e-08,H,L,2.7072805598391537e-09,H,2.5999999999999996,-3.0,0.968267757447151,0.9701201053342663,0.9798514970079575,0.9411623282659289,98.26295768920815,3.04285883436588,0.9701201053342663,
LNET-01750,shunt_then_series,C,8.549307031071011e-13,F,C,4.548231340529779e-12,F,-3.8,1.4000000000000004,0.9635001828192008,0.9603054043620294,0.9798526299726759,0.9223475819581952,98.26853963011413,4.1413294311401545,0.9603054043620294,
LNET-03167,shunt_then_series,L,2.5989893374455874e-08,H,L,3.691746217962481e-09,H,3.2,-2.2,0.9657480602109311,0.9670719058192322,0.9798864765969544,0.9352933551668062,98.4355866907514,3.6534945727644135,0.9670719058192322,
LNET-01918,shunt_then_series,C,1.0829122239356614e-12,F,C,7.147220677975366e-12,F,-3.0,2.2,0.9656031865577013,0.9644585724551735,0.979903659788835,0.9302592757179651,98.52060817963513,3.372803627165126,0.9644585724551735,
LNET-03293,shunt_then_series,L,3.0862998382166346e-08,H,L,5.076151049698412e-09,H,3.8,-1.6,0.9637806203321585,0.9641288582736289,0.9799373749508293,0.9296680634158656,98.68785216781362,4.249192936627793,0.9641288582736289,
LNET-01489,series_then_shunt,L,2.5989893374455874e-08,H,L,5.076151049698412e-09,H,3.2,-1.6,0.9753577018250382,0.9753913893361469,0.9799474523910371,0.9513983427391333,98.73795045902585,1.1217964124814244,0.9753913893361469,
LNET-01184,series_then_shunt,L,1.2994946687227934e-08,H,C,9.746210015420952e-12,F,1.5999999999999996,3.0,0.9409736325097686,0.9308623454776505,0.9799582562151367,0.8686509707217507,98.79171580421625,1.0413970415518792,0.9308623454776505,
LNET-00068,series_then_shunt,C,8.549307031071011e-13,F,C,3.898484006168382e-12,F,-3.8,1.2000000000000002,0.9747530694110346,0.9740893255718518,0.9799878437241579,0.9488622546668685,98.93925554210894,1.1966143867159378,0.9740893255718518,
LNET-00487,series_then_shunt,C,1.8048537065594359e-12,F,C,9.746210015420952e-12,F,-1.7999999999999998,3.0,0.9759164376950834,0.9750574921872591,0.9800060285015483,0.9507475443250432,99.03015159618859,1.0268904891513397,0.9750574921872591,
LNET-03209,shunt_then_series,L,2.761426171035937e-08,H,L,4.06092083975873e-09,H,3.4000000000000004,-2.0,0.9653566328306222,0.9664156520552688,0.98007106875298,0.9340387858169564,99.35661095971028,3.854623478136368,0.9664156520552688,
LNET-03251,shunt_then_series,L,2.923863004626285e-08,H,L,4.51213426639859e-09,H,3.5999999999999996,-1.7999999999999998,0.9646900222462351,0.965428523903884,0.9800837106895697,0.9321508269520661,99.42031268106673,4.053697855150586,0.965428523903884,
LNET-01792,shunt_then_series,C,9.024268532797177e-13,F,C,5.197978674891173e-12,F,-3.6,1.5999999999999996,0.9644215066543367,0.9618428471927056,0.9801362072061268,0.9252744993880591,99.68570593511643,3.9542915685666284,0.9618428471927056,
LNET-03232,shunt_then_series,L,2.761426171035937e-08,H,C,8.446715346698158e-12,F,3.4000000000000004,2.5999999999999996,0.9698488049287509,0.9707965688299187,0.9801545756492095,0.9424735680179899,99.77889818064452,3.30334399702145,0.9707965688299187,
LNET-01876,shunt_then_series,C,1.0152302099396824e-12,F,C,6.497473343613968e-12,F,-3.2,2.0,0.9655028777220066,0.9639467235906048,0.9801721968070944,0.929285776266989,99.86846134904171,3.5684748351620383,0.9639467235906048,
LNET-01237,series_then_shunt,L,1.624368335903492e-08,H,L,2.9006577426848075e-09,H,2.0,-2.8,0.9759803335397884,0.9758288390437849,0.9801800232271796,0.9522523780345731,99.90829181710463,1.0354478051197264,0.9758288390437849,
LNET-01852,shunt_then_series,C,1.0152302099396824e-12,F,L,2.9006577426848075e-09,H,-3.2,-2.8,0.9662956039462863,0.9662823517616391,0.9802023742771052,0.9337469361666131,100.02221488545054,3.0265119998453924,0.9662823517616391,
LNET-00573,series_then_shunt,C,2.320526194147846e-12,F,C,1.2345199352866539e-11,F,-1.4,3.8,0.9759007222907818,0.9749081706885238,0.9802357883951036,0.9504585282487593,100.19300683385316,1.0124172359079302,0.9749081706885238,
LNET-01834,shunt_then_series,C,9.555107858255836e-13,F,C,5.847726009252571e-12,F,-3.4,1.7999999999999998,0.965100223441878,0.9630687257683331,0.9802454846818419,0.9276115256750413,100.24267630912853,3.7627543164109625,0.9630687257683331,
LNET-01145,series_then_shunt,L,1.1370578351324447e-08,H,C,1.1045704684143746e-11,F,1.4000000000000004,3.4000000000000004,0.9408038279232411,0.9305202940361668,0.9803101964137847,0.8680774246398409,100.57541649629182,1.023009775997158,0.9305202940361668,
LNET-02997,shunt_then_series,L,1.9492420030841907e-08,H,L,2.388776964563959e-09,H,2.4000000000000004,-3.4,0.9700817938265953,0.9719774836436427,0.9803483446113692,0.9447597257119412,100.77259678373328,2.837422974025302,0.9719774836436427,
LNET-03072,shunt_then_series,L,2.1116788366745392e-08,H,C,1.1045704684143746e-11,F,2.5999999999999996,3.4000000000000004,0.9669966275853051,0.9683959330402605,0.9803760361883537,0.9378362589885024,100.91620914083884,2.578577777402628,0.9683959330402605,
LNET-01972,shunt_then_series,C,1.2495141045411476e-12,F,L,2.388776964563959e-09,H,-2.6,-3.4,0.9637317569945668,0.9637249304814595,0.9803804200877305,0.9288333075176466,100.93898182036313,2.5021027571310626,0.9637249304814595,
LNET-02954,shunt_then_series,L,1.7868051694938416e-08,H,L,2.1373267577677528e-09,H,2.2,-3.8,0.9711773132957691,0.9730969440308659,0.9804474573629935,0.9469312663764378,101.28848682905648,2.6344491265577132,0.9730969440308659,
LNET-00530,series_then_shunt,C,2.0304604198793647e-12,F,C,1.1045704684143746e-11,F,-1.6,3.4000000000000004,0.9763567873790008,0.9754494153049386,0.9804623080812636,0.951512519619856,101.36623692904179,1.0187603167230666,0.9754494153049386,
LNET-00339,series_then_shunt,C,1.3536402799195768e-12,F,L,4.06092083975873e-09,H,-2.4,-2.0,0.9483836163359213,0.9344015354138132,0.9804629720843329,0.8744142600680285,101.36971604038911,1.1540986246751697,0.9344015354138132,
LNET-02003,shunt_then_series,C,1.2495141045411476e-12,F,C,9.096462681059554e-12,F,-2.6,2.8,0.968073954253462,0.9678654984775623,0.9804666833248483,0.9368083699393351,101.38916581658653,2.976315578716845,0.9678654984775623,
LNET-00419,series_then_shunt,C,1.624368335903492e-12,F,L,3.384100699798942e-09,H,-2.0,-2.4,0.9459447835944347,0.9295088459558958,0.9804727188136522,0.8656673770276961,101.42081224283625,1.094279367434941,0.9295088459558958,
LNET-01464,series_then_shunt,L,2.4365525038552382e-08,H,C,5.197978674891173e-12,F,3.0,1.5999999999999996,0.9514462000326286,0.9466861406660332,0.9805164138158663,0.8970813192184205,101.65050700105112,1.2422425953891174,0.9466861406660332,
LNET-00193,series_then_shunt,C,1.0152302099396824e-12,F,C,5.197978674891173e-12,F,-3.2,1.5999999999999996,0.9762135487741338,0.9756030261519931,0.9805195122839903,0.9518100702952845,101.66683407296473,1.1157635908436443,0.9756030261519931,
LNET-03353,shunt_then_series,L,3.248736671806984e-08,H,C,7.147220677975366e-12,F,4.0,2.2,0.9724790147411262,0.9731093721359219,0.9805412865525415,0.9469596445280828,101.78171809252972,3.8701067850414694,0.9731093721359219,
LNET-01892,shunt_then_series,C,1.0829122239356614e-12,F,L,2.7072805598391537e-09,H,-3.0,-3.0,0.9658111982650658,0.9658018674975334,0.9805542497183248,0.9328249665285268,101.85023570855547,2.8506982173914635,0.9658018674975334,
LNET-03192,shunt_then_series,L,2.5989893374455874e-08,H,C,9.096462681059554e-12,F,3.2,2.8,0.9696107486717256,0.9706677140139902,0.98061124978738,0.9422269750259707,102.1526002484789,3.1209249861180535,0.9706677140139902,
LNET-01932,shunt_then_series,C,1.160263097073923e-12,F,L,2.538075524849206e-09,H,-2.8,-3.2,0.9649727435431791,0.9649633877672494,0.9806152418328019,0.9312133583267156,102.17384321999431,2.6758223928230436,0.9649633877672494,
LNET-03082,shunt_then_series,L,2.2741156702648887e-08,H,L,2.9006577426848075e-09,H,2.8,-2.8,0.9689279307163969,0.9706266320412221,0.9806769405878936,0.9421493484120903,102.50327851017963,3.244525887046941,0.9706266320412221,
LNET-00379,series_then_shunt,C,1.4766984871849927e-12,F,L,3.691746217962481e-09,H,-2.2,-2.2,0.9477829922556307,0.9327299748689669,0.9807051778846257,0.8714419176583281,102.65475193504818,1.1206620218168455,0.9327299748689669,
LNET-01447,series_then_shunt,L,2.4365525038552382e-08,H,L,4.51213426639859e-09,H,3.0,-1.7999999999999998,0.976518575837777,0.9765216189951182,0.9807060131109857,0.9536030734652956,102.65923909374948,1.0975151880642093,0.9765216189951182,
LNET-03112,shunt_then_series,L,2.2741156702648887e-08,H,C,1.039595734978235e-11,F,2.8,3.2,0.9682242583565996,0.9694999711405317,0.9807297536162858,0.9399701696142904,102.78694491889068,2.7583656162049692,0.9694999711405317,
LNET-01108,series_then_shunt,L,1.1370578351324447e-08,H,L,2.030460419879365e-09,H,1.4000000000000004,-4.0,0.9761755441363104,0.9759157259193183,0.9807312260406376,0.9524251508503542,102.79487580361732,1.0119331350049128,0.9759157259193183,
LNET-01731,shunt_then_series,C,8.549307031071011e-13,F,L,3.384100699798942e-09,H,-3.8,-2.4,0.9697299663116864,0.9696641925784707,0.9807950462762048,0.9402770091773706,103.13979792734293,3.5740418474273494,0.9696641925784707,
LNET-03152,shunt_then_series,L,2.4365525038552382e-08,H,C,9.746210015420952e-12,F,3.0,3.0,0.9690806322099917,0.9702446295110543,0.9808037501363669,0.9414098789653903,103.18701643329607,2.9392281862801126,0.9702446295110543,
LNET-01572,series_then_shunt,L,2.923863004626285e-08,H,L,5.801315485369615e-09,H,3.5999999999999996,-1.4,0.9761393907664747,0.9762116579596168,0.9808054292460345,0.9529990830420354,103.19613054315442,1.1590772776223897,0.9762116579596168,
LNET-02993,shunt_then_series,L,1.7868051694938416e-08,H,C,1.2994946687227937e-11,F,2.2,4.0,0.9663291185258521,0.9679273357110756,0.9808998120990531,0.9369373092525107,103.71101176448883,2.2341958757820937,0.9679273357110756,
LNET-01279,series_then_shunt,L,1.7868051694938416e-08,H,L,3.1237852613528696e-09,H,2.2,-2.6,0.9769509727374212,0.9768367584242433,0.980906945813478,0.9542190004315575,103.75013481142405,1.0435403608474711,0.9768367584242433,
LNET-00445,series_then_shunt,C,1.624368335903492e-12,F,C,9.096462681059554e-12,F,-2.0,2.8,0.9772435383502089,0.9764861533053395,0.9810164181386496,0.953533775943677,104.35419577861103,1.0336026852357267,0.9764861533053395,
LNET-01194,series_then_shunt,L,1.4619315023131425e-08,H,L,2.538075524849206e-09,H,1.7999999999999998,-3.2,0.9769244811605513,0.9767399394402272,0.98102451155427,0.954031325139709,104.39913139627502,1.0254187509043837,0.9767399394402272,
LNET-02132,shunt_then_series,C,1.624368335903492e-12,F,C,1.2994946687227937e-11,F,-2.0,4.0,0.9715051785562206,0.9722181638266496,0.9810452706782937,0.945224822636018,104.51456399378237,2.3850690780457704,0.9722181638266496,
LNET-02046,shunt_then_series,C,1.3536402799195768e-12,F,C,1.039595734978235e-11,F,-2.4,3.2,0.9699134656297956,0.970100756388073,0.9810618045965405,0.9411262540640045,104.60668307576181,2.7765581281130736,0.970100756388073,
LNET-01626,series_then_shunt,L,3.0862998382166346e-08,H,C,3.898484006168382e-12,F,3.8,1.2000000000000002,0.9572261867263657,0.9544882152661219,0.9811235678444833,0.9115337594367462,104.9522256919453,1.4368166261879578,0.9544882152661219,
LNET-00576,series_then_shunt,C,2.707280559839153e-12,F,L,2.1373267577677528e-09,H,-1.2000000000000002,-3.8,0.9435364785847198,0.924629046116421,0.9811793491498193,0.8570623605218028,105.26625061591841,1.0101299782263662,0.924629046116421,
LNET-01405,series_then_shunt,L,2.2741156702648887e-08,H,L,4.06092083975873e-09,H,2.8,-2.0,0.9772374286720914,0.9772119715191242,0.9811814821175244,0.9549511611074744,105.27829526694376,1.0790653791075677,0.9772119715191242,
LNET-01655,series_then_shunt,L,3.248736671806984e-08,H,L,6.768201399597882e-09,H,4.0,-1.2000000000000002,0.9761801964318464,0.9762856163093846,0.9811815228770537,0.9531446411551648,105.27852545843388,1.2112384766045563,0.9762856163093846,
LNET-02051,shunt_then_series,C,1.4766984871849927e-12,F,L,2.030460419879365e-09,H,-2.2,-4.0,0.9633275570513656,0.9632917479873844,0.9811865188987655,0.9280115051189116,105.30674829597409,2.170550529319566,0.9632917479873844,
LNET-01545,series_then_shunt,L,2.761426171035937e-08,H,C,4.548231340529779e-12,F,3.4000000000000004,1.4000000000000004,0.9552002137817851,0.9515824639811555,0.9811957592507763,0.9061419137119788,105.35898713871579,1.3200328478861945,0.9515824639811555,
LNET-01961,shunt_then_series,C,1.160263097073923e-12,F,C,8.446715346698158e-12,F,-2.8,2.5999999999999996,0.9687296352891069,0.9682591890158039,0.9811988630591514,0.9375757541135056,105.37654554042767,3.1722851379982533,0.9682591890158039,
LNET-01151,series_then_shunt,L,1.2994946687227934e-08,H,L,2.256067133199294e-09,H,1.5999999999999996,-3.6,0.9769829562792808,0.9767625534781421,0.9812030513209924,0.9540765185389167,105.40024794202878,1.0179228642827323,0.9767625534781421,
LNET-00498,series_then_shunt,C,2.0304604198793647e-12,F,L,2.7072805598391537e-09,H,-1.6,-3.0,0.9455951181562485,0.9274940051809469,0.9812040731227888,0.8621798148214505,105.40603217204811,1.0446717333540738,0.9274940051809469,
LNET-00218,series_then_shunt,C,1.0829122239356614e-12,F,L,5.076151049698412e-09,H,-3.0,-1.6,0.9536799059143882,0.943204300676606,0.9812409290772832,0.8904631365037475,105.61508814799822,1.2579022166569098,0.943204300676606,
LNET-02089,shunt_then_series,C,1.4766984871849927e-12,F,C,1.1695452018505142e-11,F,-2.2,3.5999999999999996,0.9710279262649536,0.9715061662282798,0.981250105130953,0.9438464340870355,105.66726474833055,2.5791450904944107,0.9715061662282798,
LNET-03124,shunt_then_series,L,2.4365525038552382e-08,H,L,3.1237852613528696e-09,H,3.0,-2.6,0.9692604798582088,0.9708014491437753,0.9812754062976313,0.9424939895927795,105.81139638009867,3.4471673136859167,0.9708014491437753,
LNET-00235,series_then_shunt,C,1.0829122239356614e-12,F,C,5.847726009252571e-12,F,-3.0,1.7999999999999998,0.9773860321452492,0.9767983301420026,0.9812884802750395,0.9541424785299902,105.88602686462,1.0926127576032774,0.9767983301420026,
LNET-01321,series_then_shunt,L,1.9492420030841907e-08,H,L,3.384100699798942e-09,H,2.4000000000000004,-2.4,0.9774574342229219,0.9773752045765587,0.9812938908394863,0.9552703935634217,105.9169426329314,1.0530783904848555,0.9773752045765587,
LNET-00110,series_then_shunt,C,9.024268532797177e-13,F,C,4.548231340529779e-12,F,-3.6,1.4000000000000004,0.9768852810572708,0.9763060130186961,0.9813016763598141,0.95318229378508,105.96146020821145,1.151343299006436,0.9763060130186961,
LNET-01363,series_then_shunt,L,2.1116788366745392e-08,H,L,3.691746217962481e-09,H,2.5999999999999996,-2.2,0.9775473068507735,0.9774940079719798,0.9813790539310726,0.9555023112236316,106.40592838821344,1.0646483680609578,0.9774940079719798,
LNET-03039,shunt_then_series,L,2.1116788366745392e-08,H,L,2.538075524849206e-09,H,2.5999999999999996,-3.2,0.9711279551291063,0.9728857460575211,0.9814163129082962,0.9465281796893303,106.62126967219818,3.037484284918995,0.9728857460575211,
LNET-01224,series_then_shunt,L,1.4619315023131425e-08,H,C,9.096462681059554e-12,F,1.7999999999999998,2.8,0.9465922546927847,0.9377296546410494,0.9814695526178494,0.881027338259129,106.93047565200692,1.056489468902347,0.9377296546410494,
LNET-03313,shunt_then_series,L,3.0862998382166346e-08,H,C,7.796968012336763e-12,F,3.8,2.4000000000000004,0.9728547533993902,0.9736008252686591,0.9815436833111427,0.9479186203657465,107.36398365484646,3.685146839713106,0.9736008252686591,
LNET-01709,shunt_then_series,C,8.12184167951746e-13,F,C,4.548231340529779e-12,F,-4.0,1.4000000000000004,0.9665785432228529,0.963596214562612,0.9816025736460593,0.9286552026956814,107.71085778645352,4.337607062723213,0.963596214562612,
LNET-00027,series_then_shunt,C,8.12184167951746e-13,F,C,3.898484006168382e-12,F,-4.0,1.2000000000000002,0.976856305394236,0.976263717475521,0.981626627789535,0.9531008988628329,107.85318041186004,1.2012106322198197,0.976263717475521,
LNET-00537,series_then_shunt,C,2.320526194147846e-12,F,L,2.388776964563959e-09,H,-1.4,-3.4,0.9458467186522415,0.9274508480660268,0.9816531273597097,0.862144783995886,108.0104040733315,1.025299478193008,0.9274508480660268,
LNET-00403,series_then_shunt,C,1.4766984871849927e-12,F,C,8.446715346698158e-12,F,-2.2,2.5999999999999996,0.9780724373011015,0.9773886613434225,0.9816545059318125,0.9552960289914998,108.01859565985475,1.0412746897370107,0.9773886613434225,
LNET-03166,shunt_then_series,L,2.5989893374455874e-08,H,L,3.384100699798942e-09,H,3.2,-2.4,0.9692937752792435,0.9706627737437477,0.9816777089800999,0.9422317191810164,108.15665501807436,3.650260655459434,0.9706627737437477,
LNET-03334,shunt_then_series,L,3.248736671806984e-08,H,L,5.076151049698412e-09,H,4.0,-1.6,0.9668360163770134,0.9671207082875561,0.9816873459431745,0.935428131298511,108.21409828383463,4.450837455208372,0.9671207082875561,
LNET-00056,series_then_shunt,C,8.549307031071011e-13,F,L,6.768201399597882e-09,H,-3.8,-1.2000000000000002,0.9587753326783572,0.9515563946181469,0.9816875645837988,0.9059319204927438,108.21540224139599,1.464962551799516,0.9515563946181469,
LNET-01919,shunt_then_series,C,1.0829122239356614e-12,F,C,7.796968012336763e-12,F,-3.0,2.4000000000000004,0.9690558170479292,0.9682972963098994,0.9817078330993976,0.9376563628603658,108.3364176517618,3.3691075991955657,0.9682972963098994,
LNET-01107,series_then_shunt,L,9.746210015420954e-09,H,C,1.2994946687227937e-11,F,1.2000000000000002,4.0,0.9442096813795382,0.9348519827832423,0.9817281224457899,0.8758737329713326,108.45782632716745,1.0076094940990514,0.9348519827832423,
LNET-01424,series_then_shunt,L,2.2741156702648887e-08,H,C,5.847726009252571e-12,F,2.8,1.7999999999999998,0.9531556069218856,0.9479215150215939,0.9817591456690956,0.8994537185232944,108.64398726717091,1.18592565821708,0.9479215150215939,
LNET-01771,shunt_then_series,C,9.024268532797177e-13,F,L,3.1237852613528696e-09,H,-3.6,-2.6,0.9699924182280008,0.9699512470962566,0.9817653078163672,0.940837808964346,108.6810398475039,3.395464090235931,0.9699512470962566,
LNET-02996,shunt_then_series,L,1.9492420030841907e-08,H,L,2.256067133199294e-09,H,2.4000000000000004,-3.6,0.9725920654541355,0.9743727048731063,0.981776609186474,0.9494168071318387,108.7490593526391,2.8321697924382083,0.9743727048731063,
LNET-02953,shunt_then_series,L,1.7868051694938416e-08,H,L,2.030460419879365e-09,H,2.2,-4.0,0.973429707282744,0.9752258485974504,0.9817791479886099,0.9510758845836208,108.76435123614256,2.629598218190475,0.9752258485974504,
LNET-00277,series_then_shunt,C,1.160263097073923e-12,F,C,6.497473343613968e-12,F,-2.8,2.0,0.9781341501469933,0.9775489881673586,0.9817845812147449,0.9556088543901268,108.79709133116087,1.0750419601344106,0.9775489881673586,
LNET-00574,series_then_shunt,C,2.320526194147846e-12,F,C,1.2994946687227937e-11,F,-1.4,4.0,0.9778341438393877,0.9769190348868761,0.9818012986345707,0.9543814093696782,108.89795149884954,1.0113680931368008,0.9769190348868761,
LNET-00137,series_then_shunt,C,9.555107858255836e-13,F,L,5.801315485369615e-09,H,-3.4,-1.4,0.9570197737067466,0.9483954791364775,0.9818193045307383,0.9000650024347858,109.00679283041843,1.3406633925885842,0.9483954791364775,
LNET-01530,series_then_shunt,L,2.761426171035937e-08,H,L,5.076151049698412e-09,H,3.4000000000000004,-1.6,0.9777732652052895,0.9778151272681294,0.9818563570067099,0.9561301977271341,109.23144584247191,1.1254895371706162,0.9778151272681294,
LNET-03033,shunt_then_series,L,1.9492420030841907e-08,H,C,1.2345199352866539e-11,F,2.4000000000000004,3.8,0.9684062285702332,0.9698469076619401,0.9818967901369744,0.9406498072492047,109.47764540833414,2.411255416134654,0.9698469076619401,
LNET-00488,series_then_shunt,C,1.8048537065594359e-12,F,C,1.039595734978235e-11,F,-1.7999999999999998,3.2,0.9782520323970062,0.9774748399147488,0.9818974500922606,0.9554654517294102,109.4816730346335,1.0240974717167743,0.9774748399147488,
LNET-03292,shunt_then_series,L,3.0862998382166346e-08,H,L,4.51213426639859e-09,H,3.8,-1.7999999999999998,0.9677974372507036,0.96844005866009,0.9819008115979829,0.9379599440133802,109.50219245063546,4.25477124390589,0.96844005866009,
LNET-03208,shunt_then_series,L,2.761426171035937e-08,H,L,3.691746217962481e-09,H,3.4000000000000004,-2.2,0.969048984672727,0.9702200539394074,0.9819061229406632,0.9413817411168819,109.5346296673302,3.8531647437623606,0.9702200539394074,
LNET-01751,shunt_then_series,C,8.549307031071011e-13,F,C,5.197978674891173e-12,F,-3.8,1.5999999999999996,0.9675517030143878,0.9651433304714631,0.9819414918368062,0.931614408362242,109.75111974511448,4.149988409085315,0.9651433304714631,
LNET-00361,series_then_shunt,C,1.3536402799195768e-12,F,C,7.796968012336763e-12,F,-2.4,2.4000000000000004,0.9784762233136607,0.9778436728966193,0.9819764081781762,0.9561850672810857,109.96567320051652,1.050329648738962,0.9778436728966193,
LNET-03250,shunt_then_series,L,2.923863004626285e-08,H,L,4.06092083975873e-09,H,3.5999999999999996,-2.0,0.9685438749754626,0.9694776336748075,0.9819766445159169,0.9399540960731656,109.96712827787567,4.055043083614889,0.9694776336748075,
LNET-00319,series_then_shunt,C,1.2495141045411476e-12,F,C,7.147220677975366e-12,F,-2.6,2.2,0.978493196567145,0.9778929802766467,0.9820146696149747,0.9562813044197747,110.20173814906495,1.0613259346696988,0.9778929802766467,
LNET-01877,shunt_then_series,C,1.0152302099396824e-12,F,C,7.147220677975366e-12,F,-3.2,2.2,0.969080948256276,0.9679960967648386,0.9820208389169984,0.9370821385289164,110.23989549717665,3.5661772871873683,0.9679960967648386,
LNET-02004,shunt_then_series,C,1.2495141045411476e-12,F,C,9.746210015420952e-12,F,-2.6,3.0,0.9709580264489557,0.9709372789669182,0.9820374773265693,0.9427525181868666,110.34293530820736,2.9710403892358253,0.9709372789669182,
LNET-02011,shunt_then_series,C,1.3536402799195768e-12,F,L,2.1373267577677528e-09,H,-2.4,-3.8,0.9654909068994683,0.9654324297189302,0.9820924347695315,0.932129434964044,110.68464133790401,2.341412356207258,0.9654324297189302,
LNET-01793,shunt_then_series,C,9.024268532797177e-13,F,C,5.847726009252571e-12,F,-3.6,1.7999999999999998,0.968310081397201,0.9664095570259215,0.9821276648685803,0.9340403578909222,110.90479505299686,3.957782580984369,0.9664095570259215,
LNET-01236,series_then_shunt,L,1.624368335903492e-08,H,L,2.7072805598391537e-09,H,2.0,-3.0,0.9784358644110455,0.9782925662046549,0.9821487513497205,0.9570646210491732,111.0369806718636,1.0315401677668203,0.9782925662046549,
LNET-00531,series_then_shunt,C,2.0304604198793647e-12,F,C,1.1695452018505142e-11,F,-1.6,3.5999999999999996,0.9784367539668917,0.9776071035822047,0.982150397187374,0.9557246957435186,111.04731113598146,1.0170105608804538,0.9776071035822047,
LNET-01835,shunt_then_series,C,9.555107858255836e-13,F,C,6.497473343613968e-12,F,-3.4,2.0,0.9688263475465435,0.9673645887695583,0.9821566581494217,0.9358717550355937,111.08662686329554,3.7627349883801755,0.9673645887695583,
LNET-03081,shunt_then_series,L,2.2741156702648887e-08,H,L,2.7072805598391537e-09,H,2.8,-3.0,0.9718367341137889,0.9734653175029782,0.9822322225047954,0.9476588445710636,111.56331865590852,3.2391427212658472,0.9734653175029782,
LNET-03273,shunt_then_series,L,2.923863004626285e-08,H,C,8.446715346698158e-12,F,3.5999999999999996,2.5999999999999996,0.9730210232970657,0.9738669206131391,0.9822952668518427,0.9484392788989227,111.96414259754904,3.50105462537099,0.9738669206131391,
LNET-00152,series_then_shunt,C,9.555107858255836e-13,F,C,5.197978674891173e-12,F,-3.4,1.5999999999999996,0.9785086673068899,0.9779788071493268,0.982349965093405,0.9564494414812287,112.31422348930836,1.1192748339813698,0.9779788071493268,
LNET-01264,series_then_shunt,L,1.624368335903492e-08,H,C,8.446715346698158e-12,F,2.0,2.5999999999999996,0.9503570383289021,0.9425424962049398,0.982397917378796,0.8897679196073128,112.6229185511685,1.0729512339321325,0.9425424962049398,
LNET-01185,series_then_shunt,L,1.2994946687227934e-08,H,C,1.039595734978235e-11,F,1.5999999999999996,3.2,0.9482671796530204,0.9392472716272489,0.9824407862960308,0.8838582567517839,112.900316592645,1.0355189450266395,0.9392472716272489,
LNET-01811,shunt_then_series,C,9.555107858255836e-13,F,L,2.9006577426848075e-09,H,-3.4,-2.8,0.9700132512798958,0.969979293275308,0.9824538452403236,0.9408965361937243,112.9850883223881,3.217698731965556,0.969979293275308,
LNET-01613,series_then_shunt,L,3.0862998382166346e-08,H,L,5.801315485369615e-09,H,3.8,-1.4,0.9782585353889834,0.9783337034131994,0.9824693421894466,0.957144779126403,113.08585014967353,1.1629849866661672,0.9783337034131994,
LNET-00258,series_then_shunt,C,1.160263097073923e-12,F,L,4.51213426639859e-09,H,-2.8,-1.7999999999999998,0.9554568340249574,0.9445034258539579,0.9824791538787061,0.8929416370577721,113.14973832623912,1.1978806095252206,0.9445034258539579,
LNET-02047,shunt_then_series,C,1.3536402799195768e-12,F,C,1.1045704684143746e-11,F,-2.4,3.4000000000000004,0.972443414383708,0.9727378194439649,0.9824812941011165,0.9462422965387404,113.16368375288866,2.7712992776797902,0.9727378194439649,
LNET-01146,series_then_shunt,L,1.1370578351324447e-08,H,C,1.1695452018505142e-11,F,1.4000000000000004,3.5999999999999996,0.9474750877096974,0.9382134552457966,0.9825176367147676,0.8820044663932328,113.40100902658983,1.020134362232301,0.9382134552457966,
LNET-00458,series_then_shunt,C,1.8048537065594359e-12,F,L,2.9006577426848075e-09,H,-1.7999999999999998,-2.8,0.9504270662364609,0.9344070227956089,0.9825222559698035,0.8746545844614335,113.43124447552118,1.0604720835566177,0.9344070227956089,
LNET-01384,series_then_shunt,L,2.1116788366745392e-08,H,C,6.497473343613968e-12,F,2.5999999999999996,2.0,0.9539662926341388,0.9482393017178712,0.9825357461976112,0.9001098754203364,113.51963666071062,1.1456338877974614,0.9482393017178712,
LNET-02090,shunt_then_series,C,1.4766984871849927e-12,F,C,1.2345199352866539e-11,F,-2.2,3.8,0.9732968240050577,0.9738297373956556,0.9825627275456252,0.9483616010877428,113.69683720507724,2.5742548050056175,0.9738297373956556,
LNET-03073,shunt_then_series,L,2.1116788366745392e-08,H,C,1.1695452018505142e-11,F,2.5999999999999996,3.5999999999999996,0.9700126109849546,0.9713246966547677,0.982578752779542,0.9435124950307505,113.80234306366837,2.5902911536429105,0.9713246966547677,
LNET-01488,series_then_shunt,L,2.5989893374455874e-08,H,L,4.51213426639859e-09,H,3.2,-1.7999999999999998,0.9789568453756323,0.9789715594454461,0.9826438300542982,0.9583918664441712,114.23279653615612,1.1007984201755758,0.9789715594454461,
LNET-01971,shunt_then_series,C,1.2495141045411476e-12,F,L,2.256067133199294e-09,H,-2.6,-3.6,0.9671483269799398,0.9670854131485748,0.9826841334787559,0.9353148722466258,114.50100582874612,2.5143077751431475,0.9670854131485748,
LNET-01690,shunt_then_series,C,8.12184167951746e-13,F,L,3.384100699798942e-09,H,-4.0,-2.4,0.9726398645225356,0.9725721229032073,0.9826862546848507,0.94592005268106,114.5151565184471,3.7678303558941293,0.9725721229032073,
LNET-01193,series_then_shunt,L,1.4619315023131425e-08,H,L,2.388776964563959e-09,H,1.7999999999999998,-3.4,0.9790585872194909,0.9788855652269577,0.9827431434031637,0.9582254433568231,114.89596220940152,1.0229147096870455,0.9788855652269577,
LNET-01150,series_then_shunt,L,1.2994946687227934e-08,H,L,2.1373267577677528e-09,H,1.5999999999999996,-3.8,0.978919660501016,0.9787134496795475,0.9827613465479003,0.9578895586132288,115.01834247421405,1.016329772261003,0.9787134496795475,
LNET-01962,shunt_then_series,C,1.160263097073923e-12,F,C,9.096462681059554e-12,F,-2.8,2.8,0.9716634896152941,0.9714275684585434,0.9827695465911626,0.9437082271484074,115.07355607799657,3.1670933186523182,0.9714275684585434,
LNET-03233,shunt_then_series,L,2.761426171035937e-08,H,C,9.096462681059554e-12,F,3.4000000000000004,2.8,0.972962028691368,0.9738978529347219,0.9828089229305483,0.9485022253058177,115.33942375570962,3.3175792045849293,0.9738978529347219,
LNET-03038,shunt_then_series,L,2.1116788366745392e-08,H,L,2.388776964563959e-09,H,2.5999999999999996,-3.4,0.9736455133704048,0.9753039350293019,0.9828157176795874,0.9512337312802341,115.3854249312625,3.0319724929569927,0.9753039350293019,
LNET-03123,shunt_then_series,L,2.4365525038552382e-08,H,L,2.9006577426848075e-09,H,3.0,-2.8,0.9722458328269244,0.9737467366236061,0.9828368518966996,0.948210264350024,115.5287386651056,3.44200582922695,0.9737467366236061,
LNET-01304,series_then_shunt,L,1.7868051694938416e-08,H,C,7.796968012336763e-12,F,2.2,2.4000000000000004,0.9526847431199842,0.9457154997930731,0.9828542212637648,0.8955530203901204,115.64678698864087,1.092083431644127,0.9457154997930731,
LNET-01851,shunt_then_series,C,1.0152302099396824e-12,F,L,2.7072805598391537e-09,H,-3.2,-3.0,0.9697699085791688,0.969732198628071,0.9828821892299989,0.9404220136043897,115.83737055354038,3.040614128526912,0.969732198628071,
LNET-01344,series_then_shunt,L,1.9492420030841907e-08,H,C,7.147220677975366e-12,F,2.4000000000000004,2.2,0.9538365906780893,0.9475474967478067,0.9828948419254158,0.8988855581714448,115.9237952247695,1.1155369806456747,0.9475474967478067,
LNET-01505,series_then_shunt,L,2.5989893374455874e-08,H,C,5.197978674891173e-12,F,3.2,1.5999999999999996,0.9578146700267894,0.9538165599444373,0.9828970398253427,0.9104010272475879,115.93882109154103,1.2397221973954717,0.9538165599444373,
LNET-00069,series_then_shunt,C,8.549307031071011e-13,F,C,4.548231340529779e-12,F,-3.8,1.4000000000000004,0.9789088380692659,0.9783973194053255,0.9829034013686291,0.9572684687729792,115.98233333560026,1.1550636773666354,0.9783973194053255,
LNET-01278,series_then_shunt,L,1.7868051694938416e-08,H,L,2.9006577426848075e-09,H,2.2,-2.8,0.9794472566649305,0.979337574660407,0.9829042963737304,0.9591090183396409,115.9884576687891,1.0384170162495192,0.979337574660407,
LNET-00446,series_then_shunt,C,1.624368335903492e-12,F,C,9.746210015420952e-12,F,-2.0,3.0,0.9795789120437202,0.9788986973191528,0.9829069981248958,0.958249421288756,116.00694907855716,1.0298868096940814,0.9788986973191528,
LNET-03113,shunt_then_series,L,2.2741156702648887e-08,H,C,1.1045704684143746e-11,F,2.8,3.4000000000000004,0.9712217721843897,0.9724256920078256,0.9829893958972944,0.9456476162911616,116.57371977647118,2.7707771736240963,0.9724256920078256,
LNET-01931,shunt_then_series,C,1.160263097073923e-12,F,L,2.388776964563959e-09,H,-2.8,-3.4,0.9683769060855096,0.9683197901107653,0.9830003359704417,0.9376964143520121,116.64938392444,2.6887104120674725,0.9683197901107653,
LNET-01667,series_then_shunt,L,3.248736671806984e-08,H,C,3.898484006168382e-12,F,4.0,1.2000000000000002,0.9617244587051016,0.9593370276732284,0.9830009671076121,0.9207091283334232,116.6537519905377,1.429652975266359,0.9593370276732284,
LNET-02995,shunt_then_series,L,1.9492420030841907e-08,H,L,2.1373267577677528e-09,H,2.4000000000000004,-3.8,0.9748172852938888,0.9764860533325883,0.9830618599126772,0.9535361236925715,117.07671855878013,2.8269582231325154,0.9764860533325883,
LNET-01891,shunt_then_series,C,1.0829122239356614e-12,F,L,2.538075524849206e-09,H,-3.0,-3.2,0.9692358107997933,0.9691887625252886,0.9830634094825118,0.9393737512373389,117.08752168477255,2.864234479032484,0.9691887625252886,
LNET-03193,shunt_then_series,L,2.5989893374455874e-08,H,C,9.746210015420952e-12,F,3.2,3.0,0.9726595264574682,0.9736812196026535,0.9830946988541596,0.9480833586123278,117.3060853365574,3.1346476932548684,0.9736812196026535,
LNET-00575,series_then_shunt,C,2.707280559839153e-12,F,L,2.030460419879365e-09,H,-1.2000000000000002,-4.0,0.949357552598786,0.9322544760366758,0.9831011423776217,0.870824435444445,117.35119537024212,1.0090152144880418,0.9322544760366758,
LNET-00194,series_then_shunt,C,1.0152302099396824e-12,F,C,5.847726009252571e-12,F,-3.2,1.7999999999999998,0.9796953534315295,0.9791911718979329,0.9831421736754145,0.958821097574622,117.63925760601704,1.0957316968932111,0.9791911718979329,
LNET-03153,shunt_then_series,L,2.4365525038552382e-08,H,C,1.039595734978235e-11,F,3.0,3.2,0.9720899595197149,0.9731991194149223,0.9831563930957956,0.947148280756088,117.73941320138344,2.9523223181497156,0.9731991194149223,
LNET-01446,series_then_shunt,L,2.4365525038552382e-08,H,L,4.06092083975873e-09,H,3.0,-2.0,0.9797474038839158,0.9797375309889559,0.9831812634077428,0.9598915233157342,117.91499632146784,1.0820887597692068,0.9797375309889559,
LNET-01586,series_then_shunt,L,2.923863004626285e-08,H,C,4.548231340529779e-12,F,3.5999999999999996,1.4000000000000004,0.9604404433238457,0.9573403339276941,0.9832592451753261,0.9169818931506822,118.4689260398367,1.3155100759852263,0.9573403339276941,
LNET-03165,shunt_then_series,L,2.5989893374455874e-08,H,L,3.1237852613528696e-09,H,3.2,-2.6,0.9723821257673492,0.9737489993442081,0.9832599217908552,0.9482192171596986,118.47375484228239,3.6456597692265653,0.9737489993442081,
LNET-00298,series_then_shunt,C,1.2495141045411476e-12,F,L,4.06092083975873e-09,H,-2.6,-2.0,0.9563877746640359,0.9448785013684062,0.983270103404299,0.8936953790389874,118.54646512961287,1.1549752904160757,0.9448785013684062,
LNET-01920,shunt_then_series,C,1.0829122239356614e-12,F,C,8.446715346698158e-12,F,-3.0,2.5999999999999996,0.972067585649852,0.9715994530677672,0.9832953100728651,0.9440467007563828,118.72685567489772,3.364285036725075,0.9715994530677672,
LNET-00418,series_then_shunt,C,1.624368335903492e-12,F,L,3.1237852613528696e-09,H,-2.0,-2.6,0.9536353047877264,0.9392417929682328,0.9833177212882622,0.883445616039796,118.88769847088007,1.0778162051167488,0.9392417929682328,
LNET-03354,shunt_then_series,L,3.248736671806984e-08,H,C,7.796968012336763e-12,F,4.0,2.4000000000000004,0.9754647488987048,0.9761393900214788,0.9833545980243908,0.9528647082475479,119.15330136999039,3.8843431167819933,0.9761393900214788,
LNET-01320,series_then_shunt,L,1.9492420030841907e-08,H,L,3.1237852613528696e-09,H,2.4000000000000004,-2.6,0.9800460212079445,0.9799646202089264,0.9833548040585997,0.9603367833033853,119.15478862736303,1.0463920535506155,0.9799646202089264,
LNET-02005,shunt_then_series,C,1.2495141045411476e-12,F,C,1.039595734978235e-11,F,-2.6,3.2,0.9734960374158561,0.9736133074277262,0.9834352307849865,0.9479479607901474,119.73817473939202,2.9655523429300867,0.9736133074277262,
LNET-01404,series_then_shunt,L,2.2741156702648887e-08,H,L,3.691746217962481e-09,H,2.8,-2.2,0.9801833294224563,0.9801502033547671,0.983478837570102,0.9607000582819413,120.05685713619303,1.0675243862311443,0.9801502033547671,
LNET-03333,shunt_then_series,L,3.248736671806984e-08,H,L,4.51213426639859e-09,H,4.0,-1.7999999999999998,0.9705212353150559,0.971083493924681,0.9834836888464124,0.9430747421119111,120.0924147287915,4.456121614280424,0.971083493924681,
LNET-00015,series_then_shunt,C,8.12184167951746e-13,F,L,6.768201399597882e-09,H,-4.0,-1.2000000000000002,0.9630396533123151,0.9566592814570176,0.9834842601685303,0.9155695742646558,120.09660362832346,1.457074220900897,0.9566592814570176,
LNET-00177,series_then_shunt,C,1.0152302099396824e-12,F,L,5.076151049698412e-09,H,-3.2,-1.6,0.9596343516186503,0.9506967455226404,0.9834954355897918,0.9044358214967916,120.17859946445994,1.2550594004557212,0.9506967455226404,
LNET-01571,series_then_shunt,L,2.923863004626285e-08,H,L,5.076151049698412e-09,H,3.5999999999999996,-1.6,0.979854294752172,0.9799017065865392,0.9835073502488103,0.9602134856945963,120.2661415947265,1.1287998997005337,0.9799017065865392,
LNET-01710,shunt_then_series,C,8.12184167951746e-13,F,C,5.197978674891173e-12,F,-4.0,1.5999999999999996,0.9702955976729869,0.9680439349175296,0.9835149156077047,0.9372052815870651,120.32179322871666,4.345956727914836,0.9680439349175296,
LNET-03207,shunt_then_series,L,2.761426171035937e-08,H,L,3.384100699798942e-09,H,3.4000000000000004,-2.4,0.9722645534677752,0.9734819828702531,0.9835229327537334,0.9477053226303415,120.38082403306083,3.849621024037996,0.9734819828702531,
LNET-00497,series_then_shunt,C,2.0304604198793647e-12,F,L,2.538075524849206e-09,H,-1.6,-3.2,0.9523040189578414,0.936264517468846,0.9835276364102269,0.8780987249308067,120.41548412892627,1.038285033231018,0.936264517468846,
LNET-01362,series_then_shunt,L,2.1116788366745392e-08,H,L,3.384100699798942e-09,H,2.5999999999999996,-2.4,0.9802833824200368,0.9802269258772253,0.9835392554668735,0.9608505412389796,120.50118701952327,1.055899742545416,0.9802269258772253,
LNET-00489,series_then_shunt,C,1.8048537065594359e-12,F,C,1.1045704684143746e-11,F,-1.7999999999999998,3.4000000000000004,0.9802717185237521,0.9795652625359985,0.9835417473906088,0.9595549271667632,120.51958336444481,1.0217162671102002,0.9795652625359985,
LNET-00404,series_then_shunt,C,1.4766984871849927e-12,F,C,9.096462681059554e-12,F,-2.2,2.8,0.9804554713780796,0.9798465953644939,0.9835780751682133,0.9601050909962313,120.78840303353144,1.036403012894379,0.9798465953644939,
LNET-03080,shunt_then_series,L,2.2741156702648887e-08,H,L,2.538075524849206e-09,H,2.8,-3.2,0.9743878560404403,0.9759350687268828,0.9836184046553281,0.9524669508007468,121.08823120823222,3.2334756336652455,0.9759350687268828,
LNET-03291,shunt_then_series,L,3.0862998382166346e-08,H,L,4.06092083975873e-09,H,3.8,-2.0,0.9713211721881673,0.9721491644311197,0.9836256313136676,0.9451310800833256,121.14211358691314,4.255814093737699,0.9721491644311197,
LNET-00532,series_then_shunt,C,2.0304604198793647e-12,F,C,1.2345199352866539e-11,F,-1.6,3.8,0.9802593482991343,0.9794979905627008,0.983634909995142,0.9594238483725468,121.2113657429504,1.0154938298455025,0.9794979905627008,
LNET-03249,shunt_then_series,L,2.923863004626285e-08,H,L,3.691746217962481e-09,H,3.5999999999999996,-2.2,0.9719069417480756,0.9729488615200709,0.9836412373996878,0.9466757258522595,121.25863586783936,4.0532774855778015,0.9729488615200709,
LNET-01878,shunt_then_series,C,1.0152302099396824e-12,F,C,7.796968012336763e-12,F,-3.2,2.4000000000000004,0.9721972141492181,0.9714695768034889,0.9836413767969605,0.9438002911569842,121.25967767436522,3.562144199652906,0.9714695768034889,
LNET-01730,shunt_then_series,C,8.549307031071011e-13,F,L,3.1237852613528696e-09,H,-3.8,-2.6,0.9730082810968813,0.972959363096888,0.9836447418943761,0.9466765563219962,121.2848326259238,3.588437847133378,0.972959363096888,
LNET-00338,series_then_shunt,C,1.3536402799195768e-12,F,L,3.691746217962481e-09,H,-2.4,-2.2,0.9564457936174391,0.9442276122534433,0.9836642861129467,0.8925404090994822,121.43113547581616,1.1229647750450484,0.9442276122534433,
LNET-00378,series_then_shunt,C,1.4766984871849927e-12,F,L,3.384100699798942e-09,H,-2.2,-2.4,0.955569516057804,0.9424158975837604,0.9836832729128501,0.8892396248879161,121.57360126928148,1.0980665664330007,0.9424158975837604,
LNET-00236,series_then_shunt,C,1.0829122239356614e-12,F,C,6.497473343613968e-12,F,-3.0,2.0,0.9805030440228742,0.9800069301845177,0.9836924097578009,0.9604186958062236,121.6422770192379,1.0779114635911446,0.9800069301845177,
LNET-00536,series_then_shunt,C,2.320526194147846e-12,F,L,2.256067133199294e-09,H,-1.4,-3.6,0.9519378952419855,0.9354771387838926,0.9837055270345509,0.876692924853603,121.74100575335068,1.0221075810394171,0.9354771387838926,
LNET-02091,shunt_then_series,C,1.4766984871849927e-12,F,C,1.2994946687227937e-11,F,-2.2,4.0,0.9753220557311025,0.9758905863565015,0.9837469395045187,0.9523759536008746,122.05374735767757,2.5694661214708687,0.9758905863565015,
LNET-02048,shunt_then_series,C,1.3536402799195768e-12,F,C,1.1695452018505142e-11,F,-2.4,3.5999999999999996,0.9746855712442111,0.9750562287913853,0.9837534041997835,0.9507526728989416,122.10271176767695,2.7660507126005665,0.9750562287913853,
LNET-01752,shunt_then_series,C,8.549307031071011e-13,F,C,5.847726009252571e-12,F,-3.8,1.7999999999999998,0.9711072322097022,0.969328412564753,0.983757234237211,0.9396763977767791,122.1317393360341,4.153157578823455,0.969328412564753,
LNET-03034,shunt_then_series,L,1.9492420030841907e-08,H,C,1.2994946687227937e-11,F,2.4000000000000004,4.0,0.9711116360523842,0.9724527150190695,0.983759356354469,0.9457060835345106,122.14782859916674,2.4214808959383873,0.9724527150190695,
LNET-00096,series_then_shunt,C,9.024268532797177e-13,F,L,5.801315485369615e-09,H,-3.6,-1.4,0.9619564458465103,0.9544569579748963,0.9837847599874264,0.9114555929702826,122.34075835135131,1.335658998147249,0.9544569579748963,
LNET-01836,shunt_then_series,C,9.555107858255836e-13,F,C,7.147220677975366e-12,F,-3.4,2.2,0.972071366366066,0.971046090768738,0.9838262813626945,0.9429855126260457,122.65740030786077,3.7601040600049616,0.971046090768738,
LNET-01235,series_then_shunt,L,1.624368335903492e-08,H,L,2.538075524849206e-09,H,2.0,-3.2,0.9805431011591412,0.9804080118160482,0.9838491660515145,0.9612065063996346,122.83261485934267,1.0282417115760274,0.9804080118160482,
LNET-01794,shunt_then_series,C,9.024268532797177e-13,F,C,6.497473343613968e-12,F,-3.6,2.0,0.971703990251346,0.9703317666663606,0.9838623702173345,0.9416090659896287,122.93393744528264,3.95743425047341,0.9703317666663606,
LNET-01225,series_then_shunt,L,1.4619315023131425e-08,H,C,9.746210015420952e-12,F,1.7999999999999998,3.0,0.9534941871068171,0.9456335900893192,0.98388258396026,0.8955246491839309,123.08936985114013,1.0479711475342615,0.9456335900893192,
LNET-01654,series_then_shunt,L,3.248736671806984e-08,H,L,5.801315485369615e-09,H,4.0,-1.4,0.9801103226109807,0.980186915796786,0.983927583757545,0.960772838886006,123.43679717036144,1.1665357509319811,0.980186915796786,
LNET-00111,series_then_shunt,C,9.024268532797177e-13,F,C,5.197978674891173e-12,F,-3.6,1.5999999999999996,0.9804905671482416,0.9800277197828802,0.9839361068793409,0.9604597935843291,123.50282039214257,1.122424053107447,0.9800277197828802,
LNET-00362,series_then_shunt,C,1.3536402799195768e-12,F,C,8.446715346698158e-12,F,-2.4,2.5999999999999996,0.9809555433724724,0.9803978559949683,0.9839661823020294,0.9611850922018352,123.73635647317707,1.043970108190896,0.9803978559949683,
LNET-02010,shunt_then_series,C,1.3536402799195768e-12,F,L,2.030460419879365e-09,H,-2.4,-4.0,0.9685385332356984,0.9684238213924202,0.98400934318741,0.9379069594746613,124.07303630113087,2.3521058296837607,0.9684238213924202,
LNET-00278,series_then_shunt,C,1.160263097073923e-12,F,C,7.147220677975366e-12,F,-2.8,2.2,0.9809713835246326,0.9804686970954851,0.9840118944615087,0.9613237023701731,124.09299461308973,1.064052654839609,0.9804686970954851,
LNET-03037,shunt_then_series,L,2.1116788366745392e-08,H,L,2.256067133199294e-09,H,2.5999999999999996,-3.6,0.9758684774451689,0.9774271453977627,0.9840707811056939,0.9553758132670552,124.55543453012002,3.026445433684953,0.9774271453977627,
LNET-00320,series_then_shunt,C,1.2495141045411476e-12,F,C,7.796968012336763e-12,F,-2.6,2.4000000000000004,0.9811214670648504,0.9805984761473948,0.9841049227261425,0.9615782194713419,124.82511966075054,1.0530009602044679,0.9805984761473948,
LNET-03314,shunt_then_series,L,3.0862998382166346e-08,H,C,8.446715346698158e-12,F,3.8,2.5999999999999996,0.9757321762430079,0.976491816046689,0.984113863829219,0.953554745423138,124.89593709252895,3.6994614999304063,0.976491816046689,
LNET-01465,series_then_shunt,L,2.4365525038552382e-08,H,C,5.847726009252571e-12,F,3.0,1.7999999999999998,0.9596815267769173,0.9553410995438634,0.9841154357568775,0.9133199602853223,124.90839568456784,1.184948800011332,0.9553410995438634,
LNET-01149,series_then_shunt,L,1.2994946687227934e-08,H,L,2.030460419879365e-09,H,1.5999999999999996,-4.0,0.9806263568296953,0.9804332760093316,0.9841385611059328,0.961257435104325,125.09196513363466,1.0149393285212014,0.9804332760093316,
LNET-01963,shunt_then_series,C,1.160263097073923e-12,F,C,9.746210015420952e-12,F,-2.8,3.0,0.9742360417566687,0.9741742874218032,0.9841617084765,0.9490428591336558,125.27624621206807,3.1615042344993936,0.9741742874218032,
LNET-02994,shunt_then_series,L,1.9492420030841907e-08,H,L,2.030460419879365e-09,H,2.4000000000000004,-4.0,0.9767962341386999,0.9783580918329594,0.9842216023663805,0.9571930775672506,125.75558357957307,2.8218455054766878,0.9783580918329594,
LNET-03122,shunt_then_series,L,2.4365525038552382e-08,H,L,2.7072805598391537e-09,H,3.0,-3.0,0.9748557311696363,0.9762969592682116,0.9842239385806316,0.9531757098600623,125.77435431029609,3.4363366756657197,0.9762969592682116,
LNET-01192,series_then_shunt,L,1.4619315023131425e-08,H,L,2.256067133199294e-09,H,1.7999999999999998,-3.6,0.9809161907888219,0.9807540354236889,0.9842456048303373,0.9618854733079177,125.94870088388289,1.020761810684287,0.9807540354236889,
LNET-01529,series_then_shunt,L,2.761426171035937e-08,H,L,4.51213426639859e-09,H,3.4000000000000004,-1.7999999999999998,0.9810385315133591,0.9810615626187433,0.9843061200660502,0.9624868515729312,126.43821211945821,1.103712914689563,0.9810615626187433,
LNET-00028,series_then_shunt,C,8.12184167951746e-13,F,C,4.548231340529779e-12,F,-4.0,1.4000000000000004,0.9806805144231244,0.9802264092226505,0.9843093492196623,0.9608496434022412,126.46443904711985,1.1584457196366817,0.9802264092226505,
LNET-01770,shunt_then_series,C,9.024268532797177e-13,F,L,2.9006577426848075e-09,H,-3.6,-2.8,0.9731679523494692,0.973121427780149,0.9843498747074941,0.9469952405713853,126.79450404513432,3.4097427591430254,0.973121427780149,
LNET-01147,series_then_shunt,L,1.1370578351324447e-08,H,C,1.2345199352866539e-11,F,1.4000000000000004,3.8,0.953123043484635,0.9447662733758535,0.9843810617749877,0.8939969531911208,127.0496773331998,1.0177639314327882,0.9447662733758535,
LNET-03074,shunt_then_series,L,2.1116788366745392e-08,H,C,1.2345199352866539e-11,F,2.5999999999999996,3.8,0.9726638915509322,0.9738883067570617,0.9844480993678686,0.9484949160254074,127.60164473195307,2.6011738696819444,0.9738883067570617,
LNET-01186,series_then_shunt,L,1.2994946687227934e-08,H,C,1.1045704684143746e-11,F,1.5999999999999996,3.4000000000000004,0.9543502651070054,0.946291549180781,0.9845001909212917,0.8967833458179438,128.03384743927916,1.0308027419054435,0.946291549180781,
LNET-00447,series_then_shunt,C,1.624368335903492e-12,F,C,1.039595734978235e-11,F,-2.0,3.2,0.9815817960333616,0.9809675997770361,0.984539292173906,0.9623028395137903,128.36018340793407,1.0267520649777346,0.9809675997770361,
LNET-01277,series_then_shunt,L,1.7868051694938416e-08,H,L,2.7072805598391537e-09,H,2.2,-3.0,0.9815707398311779,0.9814662137424099,0.9846172126671411,0.9632813840358719,129.01544887302921,1.0341426550357598,0.9814662137424099,
LNET-01970,shunt_then_series,C,1.2495141045411476e-12,F,L,2.1373267577677528e-09,H,-2.6,-3.8,0.9701438574462148,0.9700301464464277,0.9846220503105285,0.941012764527423,129.05634953854093,2.5256637095797143,0.9700301464464277,
LNET-03274,shunt_then_series,L,2.923863004626285e-08,H,C,9.096462681059554e-12,F,3.5999999999999996,2.8,0.9758055552165041,0.976639882318084,0.9846606604097063,0.9538459834092757,129.38370969148824,3.5150844413838893,0.976639882318084,
LNET-03164,shunt_then_series,L,2.5989893374455874e-08,H,L,2.9006577426848075e-09,H,3.2,-2.8,0.9750752032832825,0.9764095121916905,0.9846610358332456,0.9533984783087297,129.38690085310918,3.6402162090417463,0.9764095121916905,
LNET-02006,shunt_then_series,C,1.2495141045411476e-12,F,C,1.1045704684143746e-11,F,-2.6,3.4000000000000004,0.9757365521553333,0.9759542920507547,0.9846831201295291,0.9525058774182801,129.57489625258182,2.960001170068248,0.9759542920507547,
LNET-01921,shunt_then_series,C,1.0829122239356614e-12,F,C,9.096462681059554e-12,F,-3.0,2.8,0.9747000847992575,0.974449142389775,0.9846968372756272,0.9495814210338813,129.6919383935367,3.3587855527787065,0.974449142389775,
LNET-00217,series_then_shunt,C,1.0829122239356614e-12,F,L,4.51213426639859e-09,H,-3.0,-1.7999999999999998,0.961531733173382,0.9522967047943164,0.9847033229553315,0.9074859797459877,129.747350823954,1.1967100550958099,0.9522967047943164,
LNET-00153,series_then_shunt,C,9.555107858255836e-13,F,C,5.847726009252571e-12,F,-3.4,1.7999999999999998,0.9816721310197252,0.9812364410650897,0.9847356622532711,0.9628294156645327,130.02435449114708,1.0985023679042722,0.9812364410650897,
LNET-00457,series_then_shunt,C,1.8048537065594359e-12,F,L,2.7072805598391537e-09,H,-1.7999999999999998,-3.0,0.9568203397496796,0.9427018721835607,0.9847941311534492,0.8898716327523697,130.52816324952465,1.05130420201372,0.9427018721835607,
LNET-01265,series_then_shunt,L,1.624368335903492e-08,H,C,9.096462681059554e-12,F,2.0,2.8,0.9570744395062898,0.9501692315523451,0.9848144731656651,0.9038738044670954,130.7043538771364,1.0612526563156337,0.9501692315523451,
LNET-01810,shunt_then_series,C,9.555107858255836e-13,F,L,2.7072805598391537e-09,H,-3.4,-3.0,0.9731033469005544,0.9730484413853069,0.984825204501521,0.9468567850643795,130.79749277019673,3.231584097715201,0.9730484413853069,
LNET-03079,shunt_then_series,L,2.2741156702648887e-08,H,L,2.388776964563959e-09,H,2.8,-3.4,0.9766319415865581,0.9780928469600293,0.9848574359017793,0.9566787504008618,131.078027672672,3.2276996803239872,0.9780928469600293,
LNET-01546,series_then_shunt,L,2.761426171035937e-08,H,C,5.197978674891173e-12,F,3.4000000000000004,1.5999999999999996,0.9630332409408598,0.9596459685316604,0.9848708262579841,0.9213941623497782,131.1949257840635,1.2371876251398046,0.9596459685316604,
LNET-01487,series_then_shunt,L,2.5989893374455874e-08,H,L,4.06092083975873e-09,H,3.2,-2.0,0.9818690356867875,0.9818704917273567,0.9848811137441799,0.9640741166928122,131.28487642269837,1.0847443845990181,0.9818704917273567,
LNET-03114,shunt_then_series,L,2.2741156702648887e-08,H,C,1.1695452018505142e-11,F,2.8,3.5999999999999996,0.9738489213060458,0.974977062785126,0.9848949981165539,0.9506123762261656,131.40647140811305,2.7823375231050114,0.974977062785126,
LNET-02049,shunt_then_series,C,1.3536402799195768e-12,F,C,1.2345199352866539e-11,F,-2.4,3.8,0.9766791378250603,0.9771027745287775,0.9848969720867351,0.9547438332438105,131.42377697278914,2.7608826414098924,0.9771027745287775,
LNET-01425,series_then_shunt,L,2.2741156702648887e-08,H,C,6.497473343613968e-12,F,2.8,2.0,0.9607919422354977,0.9561046658690381,0.9849281902629269,0.9148012049892725,131.69806578572107,1.1458309178112094,0.9561046658690381,
LNET-01612,series_then_shunt,L,3.0862998382166346e-08,H,L,5.076151049698412e-09,H,3.8,-1.6,0.9816591730732785,0.9817102013958166,0.9849445274442874,0.9637598092889769,131.842060758905,1.1317830792136874,0.9817102013958166,
LNET-00533,series_then_shunt,C,2.0304604198793647e-12,F,C,1.2994946687227937e-11,F,-1.6,4.0,0.9818645073138141,0.9811634606516719,0.9849463808962045,0.9626880626339641,131.85841671759383,1.0141706372037669,0.9811634606516719,
LNET-03206,shunt_then_series,L,2.761426171035937e-08,H,L,3.1237852613528696e-09,H,3.4000000000000004,-2.6,0.9750642425789159,0.9762837506752927,0.9849505485579059,0.9531568613310852,131.89520935001602,3.84474008033924,0.9762837506752927,
LNET-00490,series_then_shunt,C,1.8048537065594359e-12,F,C,1.1695452018505142e-11,F,-1.7999999999999998,3.5999999999999996,0.9820286566443699,0.9813838020503268,0.9849786588110016,0.9631197742823531,132.14390338625617,1.019670016762443,0.9813838020503268,
LNET-01930,shunt_then_series,C,1.160263097073923e-12,F,L,2.256067133199294e-09,H,-2.8,-3.6,0.971353499810117,0.9712508035917667,0.9849920504451846,0.9433758171422107,132.2627080531652,2.7007405231151917,0.9712508035917667,
LNET-01627,series_then_shunt,L,3.0862998382166346e-08,H,C,4.548231340529779e-12,F,3.8,1.4000000000000004,0.9648288460110269,0.9621532110344613,0.9850037529093156,0.9261104302102732,132.36670087560742,1.3113043522365708,0.9621532110344613,
LNET-03234,shunt_then_series,L,2.761426171035937e-08,H,C,9.746210015420952e-12,F,3.4000000000000004,3.0,0.9756728890335646,0.9765766907783209,0.9850078742394958,0.9537248387648712,132.40336333549627,3.331110148609966,0.9765766907783209,
LNET-03332,shunt_then_series,L,3.248736671806984e-08,H,L,4.06092083975873e-09,H,4.0,-2.0,0.9737542623421478,0.9744923619381053,0.9850614262465478,0.9496840952494385,132.8815895686035,4.456889111067325,0.9744923619381053,
LNET-01879,shunt_then_series,C,1.0152302099396824e-12,F,C,8.446715346698158e-12,F,-3.2,2.5999999999999996,0.974914233796002,0.9744554637879705,0.985066583447489,0.9495976835383346,132.92782508726748,3.557017643297681,0.9744554637879705,
LNET-01850,shunt_then_series,C,1.0152302099396824e-12,F,L,2.538075524849206e-09,H,-3.2,-3.2,0.9727963770125072,0.9727268276417257,0.9850870168138502,0.9462350287971539,133.11132937221274,3.0539476715720246,0.9727268276417257,
LNET-03248,shunt_then_series,L,2.923863004626285e-08,H,L,3.384100699798942e-09,H,3.5999999999999996,-2.4,0.974834939664713,0.9759235971104854,0.9851073962862232,0.9524590401967838,133.29485121865235,4.049454694421282,0.9759235971104854,
LNET-01319,series_then_shunt,L,1.9492420030841907e-08,H,L,2.9006577426848075e-09,H,2.4000000000000004,-2.8,0.9822276699782098,0.9821484320436619,0.9851094850793257,0.9646202595925637,133.31368966449648,1.0408863145216594,0.9821484320436619,
LNET-03154,shunt_then_series,L,2.4365525038552382e-08,H,C,1.1045704684143746e-11,F,3.0,3.4000000000000004,0.9747203229193651,0.9757663550005905,0.9851279477125467,0.9521484496474549,133.48043090107288,2.9645679761191333,0.9757663550005905,
LNET-03290,shunt_then_series,L,3.0862998382166346e-08,H,L,3.691746217962481e-09,H,3.8,-2.2,0.974395765532078,0.9753277658185836,0.9851420014055404,0.9513034884276398,133.60763152486655,4.253770489772391,0.9753277658185836,
LNET-01890,shunt_then_series,C,1.0829122239356614e-12,F,L,2.388776964563959e-09,H,-3.0,-3.4,0.9722235857462407,0.9721369177322163,0.9851431184656523,0.9450923887592918,133.61775241164756,2.876933594041164,0.9721369177322163,
LNET-03194,shunt_then_series,L,2.5989893374455874e-08,H,C,1.039595734978235e-11,F,3.2,3.2,0.9753183824439264,0.9762912156873796,0.9851632785401228,0.9531699546688568,133.80067044519063,3.1475631526599024,0.9762912156873796,
LNET-01711,shunt_then_series,C,8.12184167951746e-13,F,C,5.847726009252571e-12,F,-4.0,1.7999999999999998,0.9735578296458154,0.9718916737823442,0.9851767888147093,0.9446406489138344,133.9235314129928,4.348832646586889,0.9718916737823442,
LNET-03036,shunt_then_series,L,2.1116788366745392e-08,H,L,2.1373267577677528e-09,H,2.5999999999999996,-3.8,0.9778377146376384,0.9792990413545928,0.9851995808318688,0.9590357135479521,134.13130792312066,3.0209854010900927,0.9792990413545928,
LNET-00405,series_then_shunt,C,1.4766984871849927e-12,F,C,9.746210015420952e-12,F,-2.2,3.0,0.9824814409897391,0.9819358103641181,0.9852271452991597,0.9642024392324862,134.38344758012363,1.032341149215035,0.9819358103641181,
LNET-01445,series_then_shunt,L,2.4365525038552382e-08,H,L,3.691746217962481e-09,H,3.0,-2.2,0.9823870139025783,0.9823686582472326,0.9852456178230782,0.9650523420510838,134.5529479999722,1.0700214582138488,0.9823686582472326,
LNET-01689,shunt_then_series,C,8.12184167951746e-13,F,L,3.1237852613528696e-09,H,-4.0,-2.6,0.9756033939237577,0.9755504791201471,0.985252853096067,0.9517207908310515,134.61945324262095,3.7820033764873373,0.9755504791201471,
LNET-01837,shunt_then_series,C,9.555107858255836e-13,F,C,7.796968012336763e-12,F,-3.4,2.4000000000000004,0.974896461695742,0.9742021665277277,0.9852892517399483,0.949109305238135,134.95501497576245,3.755768986777792,0.9742021665277277,
LNET-00195,series_then_shunt,C,1.0152302099396824e-12,F,C,6.497473343613968e-12,F,-3.2,2.0,0.9825113408305134,0.9820872885061203,0.9853179383151857,0.9644993284778064,135.22065095044525,1.0804341929805028,0.9820872885061203,
LNET-00070,series_then_shunt,C,8.549307031071011e-13,F,C,5.197978674891173e-12,F,-3.8,1.5999999999999996,0.9822131676807744,0.9818064253793934,0.985319231081448,0.9639482315851754,135.23264633452655,1.1252634921009737,0.9818064253793934,
LNET-01234,series_then_shunt,L,1.624368335903492e-08,H,L,2.388776964563959e-09,H,2.0,-3.4,0.9823632041056607,0.9822361088117559,0.985325970839402,0.964793158101015,135.2952177695205,1.0254326214781764,0.9822361088117559,
LNET-01753,shunt_then_series,C,8.549307031071011e-13,F,C,6.497473343613968e-12,F,-3.8,2.0,0.9742100853819677,0.9729220054166652,0.9853383633089381,0.946632601771307,135.4104187098872,4.152510976803953,0.9729220054166652,
LNET-01305,series_then_shunt,L,1.7868051694938416e-08,H,C,8.446715346698158e-12,F,2.2,2.5999999999999996,0.9593954493400472,0.953247712480118,0.9853427246830149,0.9095672960591125,135.4510085774511,1.0763205959767341,0.953247712480118,
LNET-01361,series_then_shunt,L,2.1116788366745392e-08,H,L,3.1237852613528696e-09,H,2.5999999999999996,-2.6,0.9825668775266592,0.982509451451848,0.9853651987460155,0.9653291142043116,135.66055078510013,1.0488018138509059,0.982509451451848,
LNET-00136,series_then_shunt,C,9.555107858255836e-13,F,L,5.076151049698412e-09,H,-3.4,-1.6,0.9645327911392716,0.9568407039204996,0.9853704832593674,0.916003301440472,135.70991567651157,1.252226806095992,0.9568407039204996,
LNET-01795,shunt_then_series,C,9.024268532797177e-13,F,C,7.147220677975366e-12,F,-3.6,2.2,0.9746588887805204,0.9736915746894202,0.98537724719432,0.9481216028774846,135.77315253685495,3.9545027693416688,0.9736915746894202,
LNET-01385,series_then_shunt,L,2.1116788366745392e-08,H,C,7.147220677975366e-12,F,2.5999999999999996,2.2,0.9611422187170767,0.9560637130276755,0.9853888936459126,0.9147647076662956,135.88217384308575,1.1167546489880842,0.9560637130276755,
LNET-01964,shunt_then_series,C,1.160263097073923e-12,F,C,1.039595734978235e-11,F,-2.8,3.2,0.9764984734670367,0.976565198982739,0.9853998217293886,0.9537001487427613,135.98462874427918,3.1557332763664863,0.976565198982739,
LNET-01403,series_then_shunt,L,2.2741156702648887e-08,H,L,3.384100699798942e-09,H,2.8,-2.4,0.982616955333813,0.9825793811868083,0.9854071305502922,0.9654663541964098,136.05323732886833,1.0583181436158178,0.9825793811868083,
LNET-00535,series_then_shunt,C,2.320526194147846e-12,F,L,2.1373267577677528e-09,H,-1.4,-3.8,0.9570951924580651,0.9423163361192362,0.9854386248963576,0.8892244425371426,136.34966552023755,1.0194810289082905,0.9423163361192362,
LNET-00055,series_then_shunt,C,8.549307031071011e-13,F,L,5.801315485369615e-09,H,-3.8,-1.4,0.966103759396702,0.9595360384829473,0.9854505848282922,0.9210721939116437,136.4625698969066,1.3310142397147087,0.9595360384829473,
LNET-00496,series_then_shunt,C,2.0304604198793647e-12,F,L,2.388776964563959e-09,H,-1.6,-3.4,0.9579001581602393,0.9436391133362453,0.9854557803623303,0.8916401495033754,136.51167472883685,1.0331682012009642,0.9436391133362453,
LNET-03121,shunt_then_series,L,2.4365525038552382e-08,H,L,2.538075524849206e-09,H,3.0,-3.2,0.9771433969879564,0.9785141046418966,0.9854596483618447,0.9575044865611879,136.5482553497407,3.430411872285704,0.9785141046418966,
LNET-00257,series_then_shunt,C,1.160263097073923e-12,F,L,4.06092083975873e-09,H,-2.8,-2.0,0.9627111080119525,0.9531276243633543,0.9855201447417591,0.9090865100767253,137.12292763504945,1.155064138822761,0.9531276243633543,
LNET-01345,series_then_shunt,L,1.9492420030841907e-08,H,C,7.796968012336763e-12,F,2.4000000000000004,2.4000000000000004,0.9607025118773789,0.9551501875923566,0.985526025760935,0.9130886477391732,137.17904930368255,1.0943161235928343,0.9551501875923566,
LNET-01191,series_then_shunt,L,1.4619315023131425e-08,H,L,2.1373267577677528e-09,H,1.7999999999999998,-3.8,0.9825420493361134,0.9823900601489494,0.9855655453601542,0.9650960439456057,137.55736499244432,1.0188975707630534,0.9823900601489494,
LNET-00417,series_then_shunt,C,1.624368335903492e-12,F,L,2.9006577426848075e-09,H,-2.0,-2.8,0.959897039097548,0.9472685415160452,0.9856043314840149,0.8982860255147972,137.9306788899164,1.0652803561245179,0.9472685415160452,
LNET-00363,series_then_shunt,C,1.3536402799195768e-12,F,C,9.096462681059554e-12,F,-2.4,2.8,0.9830439531777179,0.9825485239983037,0.9856597617575723,0.9654055437345386,138.46769685336935,1.0387370038360437,0.9825485239983037,
LNET-03355,shunt_then_series,L,3.248736671806984e-08,H,C,8.446715346698158e-12,F,4.0,2.5999999999999996,0.9780648784392055,0.9787508540153078,0.9856707158045624,0.9579685161414957,138.5743131842413,3.898458479375969,0.9787508540153078,
LNET-00237,series_then_shunt,C,1.0829122239356614e-12,F,C,7.147220677975366e-12,F,-3.0,2.2,0.9830500270251121,0.9826251897983307,0.9856968587674863,0.9655558570236172,138.82942400468096,1.0664227476864763,0.9826251897983307,
LNET-01570,series_then_shunt,L,2.923863004626285e-08,H,L,4.51213426639859e-09,H,3.5999999999999996,-1.7999999999999998,0.982829166166333,0.9828580454930025,0.9857423439299545,0.9660138986309914,139.27551163910357,1.1063161894074935,0.9828580454930025,
LNET-02007,shunt_then_series,C,1.2495141045411476e-12,F,C,1.1695452018505142e-11,F,-2.6,3.5999999999999996,0.9777208844431973,0.9780107455847951,0.9858008105150692,0.9565197075009897,139.85311011044263,2.9544880041739865,0.9780107455847951,
LNET-01226,series_then_shunt,L,1.4619315023131425e-08,H,C,1.039595734978235e-11,F,1.7999999999999998,3.2,0.9592058405800742,0.9522237161307573,0.985865633101842,0.9077420630128619,140.49908619257994,1.0412322447795013,0.9522237161307573,
LNET-00321,series_then_shunt,C,1.2495141045411476e-12,F,C,8.446715346698158e-12,F,-2.6,2.5999999999999996,0.983313838910303,0.9828539198644841,0.9858712402606482,0.9660054555703116,140.5552417123739,1.0462518145859458,0.9828539198644841,
LNET-00279,series_then_shunt,C,1.160263097073923e-12,F,C,7.796968012336763e-12,F,-2.8,2.4000000000000004,0.9833140637580532,0.9828772859652363,0.9858809295791052,0.9660512744947134,140.65238506355243,1.0552939545576223,0.9828772859652363,
LNET-03163,shunt_then_series,L,2.5989893374455874e-08,H,L,2.7072805598391537e-09,H,3.2,-3.0,0.9774284005317313,0.9787115823512168,0.9859051804809963,0.9578929682677195,140.896105679356,3.634293127155019,0.9787115823512168,
LNET-02050,shunt_then_series,C,1.3536402799195768e-12,F,C,1.2994946687227937e-11,F,-2.4,4.0,0.9784574084980954,0.978916488825787,0.9859280672943558,0.9582884712431954,141.12688774426874,2.755841082374152,0.978916488825787,
LNET-01922,shunt_then_series,C,1.0829122239356614e-12,F,C,9.746210015420952e-12,F,-3.0,3.0,0.977007073884047,0.9769177255923475,0.9859384350352971,0.9543907713923024,141.2316794055545,3.3529196241706223,0.9769177255923475,
LNET-00448,series_then_shunt,C,1.624368335903492e-12,F,C,1.1045704684143746e-11,F,-2.0,3.4000000000000004,0.9833107881684134,0.9827535065720783,0.9859564291054279,0.9658088316106891,141.41392128927907,1.024083786680131,0.9827535065720783,
LNET-01729,shunt_then_series,C,8.549307031071011e-13,F,L,2.9006577426848075e-09,H,-3.8,-2.8,0.9758641579930187,0.9758104663891976,0.9859600350803249,0.9522306447029424,141.45049837676416,3.6025072415902017,0.9758104663891976,
LNET-01148,series_then_shunt,L,1.1370578351324447e-08,H,C,1.2994946687227937e-11,F,1.4000000000000004,4.0,0.9579383267668108,0.9503803539137128,0.9859670252190295,0.9043675904847508,141.52145615711547,1.0157872407697626,0.9503803539137128,
LNET-03078,shunt_then_series,L,2.2741156702648887e-08,H,L,2.256067133199294e-09,H,2.8,-3.6,0.9786122297780596,0.9799860219358622,0.9859681339846507,0.9603824643548885,141.53271787317647,3.221933719463007,0.9799860219358622,
LNET-00297,series_then_shunt,C,1.2495141045411476e-12,F,L,3.691746217962481e-09,H,-2.6,-2.2,0.9631777019230681,0.9531372175443158,0.9860002014622063,0.9091399752635158,141.85919862352515,1.1241340221927993,0.9531372175443158,
LNET-03075,shunt_then_series,L,2.1116788366745392e-08,H,C,1.2994946687227937e-11,F,2.5999999999999996,4.0,0.975001780342986,0.9761408766237214,0.986044643475061,0.9528835625605391,142.31414582106123,2.611283221911288,0.9761408766237214,
LNET-01506,series_then_shunt,L,2.5989893374455874e-08,H,C,5.847726009252571e-12,F,3.2,1.7999999999999998,0.9649618526152812,0.9613270067913129,0.9860476070129414,0.9246198167162477,142.344586255209,1.1837240111884477,0.9613270067913129,
LNET-00377,series_then_shunt,C,1.4766984871849927e-12,F,L,3.1237852613528696e-09,H,-2.2,-2.6,0.9618601227377205,0.9503592857241003,0.9860480596246404,0.9040069509221047,142.34923646406764,1.0812105236878295,0.9503592857241003,
LNET-01276,series_then_shunt,L,1.7868051694938416e-08,H,L,2.538075524849206e-09,H,2.2,-3.2,0.9833899445823497,0.9832908303917066,0.9860948047665524,0.966865208752494,142.83113407780118,1.0305404295036111,0.9832908303917066,
LNET-00112,series_then_shunt,C,9.024268532797177e-13,F,C,5.847726009252571e-12,F,-3.6,1.7999999999999998,0.9833766073269165,0.9829975680675023,0.9861150973856999,0.9662877272463513,143.04134156045114,1.100978723456384,0.9829975680675023,
LNET-00337,series_then_shunt,C,1.3536402799195768e-12,F,L,3.384100699798942e-09,H,-2.4,-2.4,0.9629138449912625,0.9522535188182074,0.9861739065541849,0.9075162453752885,143.65402015674672,1.1002937623175617,0.9522535188182074,
LNET-01653,series_then_shunt,L,3.248736671806984e-08,H,L,5.076151049698412e-09,H,4.0,-1.6,0.9832342105596551,0.983287429870638,0.986203016423034,0.9668581100195124,143.95922161848395,1.13448454132751,0.983287429870638,
LNET-03205,shunt_then_series,L,2.761426171035937e-08,H,L,2.9006577426848075e-09,H,3.4000000000000004,-2.8,0.9775045616342763,0.9786975373067441,0.9862142931893655,0.9578680812507574,144.07779887333513,3.8390442840041814,0.9786975373067441,
LNET-03035,shunt_then_series,L,2.1116788366745392e-08,H,L,2.030460419879365e-09,H,2.5999999999999996,-4.0,0.9795879182730537,0.980956000865804,0.9862176423424265,0.9622816571731525,144.11305320109608,3.015646787818849,0.980956000865804,
LNET-01187,series_then_shunt,L,1.2994946687227934e-08,H,C,1.1695452018505142e-11,F,1.5999999999999996,3.5999999999999996,0.9594635914236785,0.9522464486806689,0.9862251700189374,0.9078175725457179,144.19235466060667,1.0269627477059138,0.9522464486806689,
LNET-03315,shunt_then_series,L,3.0862998382166346e-08,H,C,9.096462681059554e-12,F,3.8,2.8,0.9782356668254515,0.9789841576570613,0.98623400069224,0.9584268208986377,144.28549328580766,3.7133051544516715,0.9789841576570613,
LNET-00491,series_then_shunt,C,1.8048537065594359e-12,F,C,1.2345199352866539e-11,F,-1.7999999999999998,3.8,0.983565549804602,0.9829746586006051,0.9862405502649191,0.9662438303008642,144.354649968365,1.017898932356378,0.9829746586006051,
LNET-01969,shunt_then_series,C,1.2495141045411476e-12,F,L,2.030460419879365e-09,H,-2.6,-4.0,0.9727777322818448,0.9726196938967634,0.9862642126346011,0.9460375132965254,144.60504955384576,2.536223655303832,0.9726196938967634,
LNET-01880,shunt_then_series,C,1.0152302099396824e-12,F,C,9.096462681059554e-12,F,-3.2,2.8,0.9772879067965635,0.9770304456167607,0.9863242582080946,0.954613639682403,145.2443522576437,3.551244706536072,0.9770304456167607,
LNET-01528,series_then_shunt,L,2.761426171035937e-08,H,L,4.06092083975873e-09,H,3.4000000000000004,-2.0,0.9836775795504308,0.9836872445865459,0.9863376746917927,0.9676440107251256,145.38796507052476,1.0870938038031532,0.9836872445865459,
LNET-03247,shunt_then_series,L,2.923863004626285e-08,H,L,3.1237852613528696e-09,H,3.5999999999999996,-2.6,0.9773833877600097,0.9784772851412702,0.9864015687104049,0.9574404655087672,146.07578818523734,4.0443217087443655,0.9784772851412702,
LNET-03331,shunt_then_series,L,3.248736671806984e-08,H,L,3.691746217962481e-09,H,4.0,-2.2,0.9765749299172469,0.977412772045085,0.9864481785396396,0.9553692000655468,146.58163733562165,4.454592532316485,0.977412772045085,
LNET-01769,shunt_then_series,C,9.024268532797177e-13,F,L,2.7072805598391537e-09,H,-3.6,-3.0,0.9759317717612838,0.9758670202754681,0.9864618473531577,0.9523437325240856,146.7306433286882,3.4234321243093677,0.9758670202754681,
LNET-03289,shunt_then_series,L,3.0862998382166346e-08,H,L,3.384100699798942e-09,H,3.8,-2.4,0.9770719908241136,0.978050509971691,0.9864772362396281,0.9566100812033088,146.89876059662828,4.24969508292401,0.978050509971691,
LNET-01668,series_then_shunt,L,3.248736671806984e-08,H,C,4.548231340529779e-12,F,4.0,1.4000000000000004,0.9685373612426654,0.9662122273594519,0.9864912641904496,0.9338568501231892,147.0523439200022,1.3074114787838953,0.9662122273594519,
LNET-01965,shunt_then_series,C,1.160263097073923e-12,F,C,1.1045704684143746e-11,F,-2.8,3.4000000000000004,0.9784944939559058,0.9786551753835047,0.9865046062838649,0.9577815987153133,147.19871447016803,3.149926793234318,0.9786551753835047,
LNET-03115,shunt_then_series,L,2.2741156702648887e-08,H,C,1.2345199352866539e-11,F,2.8,3.8,0.9761581814856188,0.977210357071996,0.9865124804240071,0.954968732909998,147.28523426649144,2.7930920466514886,0.977210357071996,
LNET-01587,series_then_shunt,L,2.923863004626285e-08,H,C,5.197978674891173e-12,F,3.5999999999999996,1.5999999999999996,0.9673575999643164,0.9644638134185327,0.9865246241980482,0.9305498733301673,147.4188663376881,1.2347215180849993,0.9644638134185327,
LNET-00029,series_then_shunt,C,8.12184167951746e-13,F,C,5.197978674891173e-12,F,-4.0,1.5999999999999996,0.9837193805798614,0.9833599518412296,0.986532323765078,0.9670003338809964,147.50371846732995,1.1278359528990956,0.9833599518412296,
LNET-00176,series_then_shunt,C,1.0152302099396824e-12,F,L,4.51213426639859e-09,H,-3.2,-1.7999999999999998,0.9664687507019631,0.9586052600780026,0.9865335064917129,0.9193781890922728,147.516761157552,1.1953015324595644,0.9586052600780026,
LNET-03120,shunt_then_series,L,2.4365525038552382e-08,H,L,2.388776964563959e-09,H,3.0,-3.4,0.9791546174843111,0.9804498421159037,0.9865636954924845,0.9612927527071162,147.85045206301393,3.4244034690146226,0.9804498421159037,
LNET-01838,shunt_then_series,C,9.555107858255836e-13,F,C,8.446715346698158e-12,F,-3.4,2.5999999999999996,0.9773585651889892,0.9769135477470742,0.9865753329663473,0.9543886941060941,147.979486417535,3.750370346662946,0.9769135477470742,
LNET-01318,series_then_shunt,L,1.9492420030841907e-08,H,L,2.7072805598391537e-09,H,2.4000000000000004,-3.0,0.9840805688935514,0.984004285836007,0.9866125523052055,0.9682681253849339,148.3936742533582,1.0363001826478269,0.984004285836007,
LNET-01233,series_then_shunt,L,1.624368335903492e-08,H,L,2.256067133199294e-09,H,2.0,-3.6,0.9839448408495903,0.9838253925976712,0.9866153416993314,0.967916818029649,148.42480824483172,1.023021044732287,0.9838253925976712,
LNET-03275,shunt_then_series,L,2.923863004626285e-08,H,C,9.746210015420952e-12,F,3.5999999999999996,3.0,0.9782296285380937,0.9790347614965208,0.9866201843416068,0.9585276224799932,148.47889052158914,3.5284417265210997,0.9790347614965208,
LNET-01712,shunt_then_series,C,8.12184167951746e-13,F,C,6.497473343613968e-12,F,-4.0,2.0,0.9764044725198147,0.9751949837614955,0.9866235133074113,0.9510524452837128,148.51609088118065,4.347914456455071,0.9751949837614955,
LNET-00406,series_then_shunt,C,1.4766984871849927e-12,F,C,1.039595734978235e-11,F,-2.2,3.2,0.9842161849444435,0.9837244548393657,0.9866491997310848,0.9677173861281122,148.8037540608421,1.0289198751665192,0.9837244548393657,
LNET-00456,series_then_shunt,C,1.8048537065594359e-12,F,L,2.538075524849206e-09,H,-1.7999999999999998,-3.2,0.9621119078340428,0.9496262247908225,0.9866617347381107,0.9027113976595117,148.94453631946357,1.0440599118272307,0.9496262247908225,
LNET-01929,shunt_then_series,C,1.160263097073923e-12,F,L,2.1373267577677528e-09,H,-2.8,-3.8,0.9739628553442234,0.9738190693933875,0.9866678982059268,0.9483661891211987,149.01385609650123,2.711949736376209,0.9738190693933875,
LNET-01796,shunt_then_series,C,9.024268532797177e-13,F,C,7.796968012336763e-12,F,-3.6,2.4000000000000004,0.9772305427275781,0.9765703964438814,0.986704112933907,0.9537229305337623,149.42245696418246,3.9498956971326304,0.9765703964438814,
LNET-00154,series_then_shunt,C,9.555107858255836e-13,F,C,6.497473343613968e-12,F,-3.4,2.0,0.9842278750221398,0.9838626916621579,0.9867138096579936,0.967988791818544,149.53224050815248,1.0826677432688192,0.9838626916621579,
LNET-01754,shunt_then_series,C,8.549307031071011e-13,F,C,7.147220677975366e-12,F,-3.8,2.2,0.9769109650617636,0.9759991586585086,0.9867186565347978,0.952613588452835,149.58717555495113,4.149307237207971,0.9759991586585086,
LNET-01190,series_then_shunt,L,1.4619315023131425e-08,H,L,2.030460419879365e-09,H,1.7999999999999998,-4.0,0.9839724158832669,0.9838298861066259,0.9867305342750465,0.9679261164020997,149.721968876182,1.0172727672713382,0.9838298861066259,
LNET-01486,series_then_shunt,L,2.5989893374455874e-08,H,L,3.691746217962481e-09,H,3.2,-2.2,0.9842468302861875,0.9842393075707626,0.9867456832020002,0.9687301374064639,149.89423547668753,1.0722075982236374,0.9842393075707626,
LNET-01809,shunt_then_series,C,9.555107858255836e-13,F,L,2.538075524849206e-09,H,-3.4,-3.2,0.9757943589957304,0.9757121597691192,0.986776449762728,0.9520445227091763,150.24531340780118,3.244734351997147,0.9757121597691192,
LNET-01266,series_then_shunt,L,1.624368335903492e-08,H,C,9.746210015420952e-12,F,2.0,3.0,0.962588935509138,0.9564819309641344,0.9867800494227795,0.9156668687822073,150.28649599085753,1.052138825268354,0.9564819309641344,
LNET-03155,shunt_then_series,L,2.4365525038552382e-08,H,C,1.1695452018505142e-11,F,3.0,3.5999999999999996,0.9770254399546456,0.9780050849337839,0.9867908422069271,0.9565193849553524,150.41010739146742,2.975988877146177,0.9780050849337839,
LNET-02008,shunt_then_series,C,1.2495141045411476e-12,F,C,1.2345199352866539e-11,F,-2.6,3.8,0.9794841065597195,0.9798246937171381,0.9868050226029621,0.9600678417481154,150.57282500908065,2.9490799170150606,0.9798246937171381,
LNET-03235,shunt_then_series,L,2.761426171035937e-08,H,C,1.039595734978235e-11,F,3.4000000000000004,3.2,0.9780366195448528,0.9788966233788083,0.9868395738835622,0.9582591045708344,150.97076312764239,3.343863784608208,0.9788966233788083,
LNET-01466,series_then_shunt,L,2.4365525038552382e-08,H,C,6.497473343613968e-12,F,3.0,2.0,0.9662389423520988,0.9623607840308037,0.986865976497035,0.926613692219484,151.27626169151452,1.1455689470396928,0.9623607840308037,
LNET-00014,series_then_shunt,C,8.12184167951746e-13,F,L,5.801315485369615e-09,H,-4.0,-1.4,0.9696186787434702,0.9638289201273904,0.9868742510302095,0.9292513793057688,151.3722573548447,1.3267201641030109,0.9638289201273904,
LNET-01889,shunt_then_series,C,1.0829122239356614e-12,F,L,2.256067133199294e-09,H,-3.0,-3.6,0.9748356032472313,0.9747112296585845,0.986880167730001,0.9500997691836933,151.44097324120358,2.888804697503253,0.9747112296585845,
LNET-03195,shunt_then_series,L,2.5989893374455874e-08,H,C,1.1045704684143746e-11,F,3.2,3.4000000000000004,0.9776420911452316,0.9785590115916109,0.9868969653777397,0.9576005040562323,151.63639741913485,3.159658295965815,0.9785590115916109,
LNET-00534,series_then_shunt,C,2.320526194147846e-12,F,L,2.030460419879365e-09,H,-1.4,-4.0,0.9614927654967419,0.948177395180376,0.9869141134088758,0.9000635397864563,151.83641548265794,1.0172943482440184,0.948177395180376,
LNET-01849,shunt_then_series,C,1.0152302099396824e-12,F,L,2.388776964563959e-09,H,-3.2,-3.4,0.9754361914037418,0.9753332332046781,0.9869147749701287,0.9513086657147941,151.84414256799909,3.066475738741495,0.9753332332046781,
LNET-01360,series_then_shunt,L,2.1116788366745392e-08,H,L,2.9006577426848075e-09,H,2.5999999999999996,-2.8,0.9844885262140715,0.9844315598148805,0.9869181907600086,0.9691087811003019,151.8840516865174,1.0429663726993699,0.9844315598148805,
LNET-00095,series_then_shunt,C,9.024268532797177e-13,F,L,5.076151049698412e-09,H,-3.6,-1.6,0.9686062951514132,0.9619321671126058,0.9869459432718116,0.9256638419520105,152.20907834583593,1.2494850671221711,0.9619321671126058,
LNET-03077,shunt_then_series,L,2.2741156702648887e-08,H,L,2.1373267577677528e-09,H,2.8,-3.8,0.980365474750757,0.9816539676483993,0.9869666347978299,0.9636519983321065,152.45231020358335,3.2162572100725297,0.9816539676483993,
LNET-01444,series_then_shunt,L,2.4365525038552382e-08,H,L,3.384100699798942e-09,H,3.0,-2.4,0.9845647092915437,0.9845410283464429,0.9869768888820484,0.9693240532165182,152.5731348589288,1.060411144001832,0.9845410283464429,
LNET-01611,series_then_shunt,L,3.0862998382166346e-08,H,L,4.51213426639859e-09,H,3.8,-1.7999999999999998,0.9843800475302881,0.984412950992057,0.9869914227884932,0.9690719942810748,152.74471531220843,1.108654594512746,0.984412950992057,
LNET-03162,shunt_then_series,L,2.5989893374455874e-08,H,L,2.538075524849206e-09,H,3.2,-3.2,0.9794900273246443,0.9807116804908924,0.9870131034002083,0.9618075722771744,153.00138013203866,3.6281397455663744,0.9807116804908924,
LNET-01402,series_then_shunt,L,2.2741156702648887e-08,H,L,3.1237852613528696e-09,H,2.8,-2.6,0.984645165842993,0.9846053506039772,0.9870355041508547,0.9694507666714449,153.26747196898182,1.0508608552078311,0.9846053506039772,
LNET-01923,shunt_then_series,C,1.0829122239356614e-12,F,C,1.039595734978235e-11,F,-3.0,3.2,0.979034827109228,0.9790649964198044,0.9870421077859225,0.9585852164689371,153.34609016327457,3.3468994400189724,0.9790649964198044,
LNET-00495,series_then_shunt,C,2.0304604198793647e-12,F,L,2.256067133199294e-09,H,-1.6,-3.6,0.9626050235908532,0.9498774274874595,0.9870713044205547,0.9032078775124465,153.6946470902834,1.0290074238770301,0.9498774274874595,
LNET-00364,series_then_shunt,C,1.3536402799195768e-12,F,C,9.746210015420952e-12,F,-2.4,3.0,0.9848167717616736,0.9843737028741509,0.9871100568155506,0.9689946623428554,154.15972191505335,1.0343805222932105,0.9843737028741509,
LNET-00196,series_then_shunt,C,1.0152302099396824e-12,F,C,7.147220677975366e-12,F,-3.2,2.2,0.984809607515882,0.9844475563152354,0.9871309028900376,0.9691397036420025,154.41105820483156,1.0684996750027482,0.9844475563152354,
LNET-00449,series_then_shunt,C,1.624368335903492e-12,F,C,1.1695452018505142e-11,F,-2.0,3.5999999999999996,0.9848124741930433,0.9843046002123081,0.9871932938645013,0.9688591270192318,155.16818086082483,1.0217941565556024,0.9843046002123081,
LNET-00071,series_then_shunt,C,8.549307031071011e-13,F,C,5.847726009252571e-12,F,-3.8,1.7999999999999998,0.984856113678938,0.9845243080772,0.9873169066838474,0.9692909030821124,156.69023771613314,1.1032043197128443,0.9845243080772,
LNET-03204,shunt_then_series,L,2.761426171035937e-08,H,L,2.7072805598391537e-09,H,3.4000000000000004,-3.0,0.9796359604069396,0.9807848546313093,0.9873360496496594,0.9619528299383325,156.92860400358452,3.832894366159594,0.9807848546313093,
LNET-01688,shunt_then_series,C,8.12184167951746e-13,F,L,2.9006577426848075e-09,H,-4.0,-2.8,0.9781840193248518,0.9781267381861728,0.9873380135625707,0.9567522454773129,156.95309921418976,3.795882597672508,0.9781267381861728,
LNET-01306,series_then_shunt,L,1.7868051694938416e-08,H,C,9.096462681059554e-12,F,2.2,2.8,0.9648598541803359,0.9594388786521785,0.9873441602386169,0.921197286198035,157.02981372303924,1.0642526130993126,0.9594388786521785,
LNET-00216,series_then_shunt,C,1.0829122239356614e-12,F,L,4.06092083975873e-09,H,-3.0,-2.0,0.9677821297246649,0.9597136132896797,0.9873497125833163,0.9215072239757891,157.0991746766415,1.1546946592061054,0.9597136132896797,
LNET-00492,series_then_shunt,C,1.8048537065594359e-12,F,C,1.2994946687227937e-11,F,-1.7999999999999998,4.0,0.9849169543231924,0.9843735919813335,0.987353924939737,0.9689952588182292,157.15183687185848,1.0163559536692823,0.9843735919813335,
LNET-00322,series_then_shunt,C,1.2495141045411476e-12,F,C,9.096462681059554e-12,F,-2.6,2.8,0.9851579176342483,0.9847502260470544,0.9873731104383447,0.9697357756985536,157.39213531046525,1.0407066830628908,0.9847502260470544,
LNET-01275,series_then_shunt,L,1.7868051694938416e-08,H,L,2.388776964563959e-09,H,2.2,-3.4,0.9849588302419248,0.9848651490282166,0.987376569183766,0.9699628757863401,157.43553381921845,1.0274770651556429,0.9848651490282166,
LNET-00238,series_then_shunt,C,1.0829122239356614e-12,F,C,7.796968012336763e-12,F,-3.0,2.4000000000000004,0.9851503707961341,0.984782199185984,0.9873775231118127,0.9697985745532464,157.44750738832357,1.0572807471756627,0.984782199185984,
LNET-01426,series_then_shunt,L,2.2741156702648887e-08,H,C,7.147220677975366e-12,F,2.8,2.2,0.9668838822593158,0.9627350525214913,0.9873810900574093,0.9273520353633357,157.4922952219269,1.1172898427257212,0.9627350525214913,
LNET-01881,shunt_then_series,C,1.0152302099396824e-12,F,C,9.746210015420952e-12,F,-3.2,3.0,0.9793670315612316,0.979259576089429,0.9874379175145169,0.9589680108811622,158.20927141747632,3.545132989176885,0.979259576089429,
LNET-00280,series_then_shunt,C,1.160263097073923e-12,F,C,8.446715346698158e-12,F,-2.8,2.5999999999999996,0.9852655777814294,0.98488237792827,0.9874588727633247,0.9699959126143852,158.47529773489504,1.0482042916368628,0.98488237792827,
LNET-00416,series_then_shunt,C,1.624368335903492e-12,F,L,2.7072805598391537e-09,H,-2.0,-3.0,0.9650383006223312,0.9539227621139272,0.9874647306409361,0.9107138149988078,158.5498224020097,1.0555243070057094,0.9539227621139272,
LNET-01966,shunt_then_series,C,1.160263097073923e-12,F,C,1.1695452018505142e-11,F,-2.8,3.5999999999999996,0.9802612611054993,0.9804898246606591,0.9874936305460301,0.9613723287964129,158.91851251165005,3.1441828091410784,0.9804898246606591,
LNET-01227,series_then_shunt,L,1.4619315023131425e-08,H,C,1.1045704684143746e-11,F,1.7999999999999998,3.4000000000000004,0.9639715189097918,0.9577540101818673,0.9875124620528698,0.9180873381541331,159.15967346546694,1.0358122696320158,0.9577540101818673,
LNET-03246,shunt_then_series,L,2.923863004626285e-08,H,L,2.9006577426848075e-09,H,3.5999999999999996,-2.8,0.979603887015031,0.9806761285765363,0.9875468129920167,0.9617418487881297,159.601458784637,4.038399123123663,0.9806761285765363,
LNET-03119,shunt_then_series,L,2.4365525038552382e-08,H,L,2.256067133199294e-09,H,3.0,-3.6,0.9809284666703423,0.9821471005708502,0.9875529740156975,0.9646210800423087,159.6809532270836,3.4184275212261,0.9821471005708502,
LNET-03356,shunt_then_series,L,3.248736671806984e-08,H,C,9.096462681059554e-12,F,4.0,2.8,0.9803265151108884,0.9810017885600145,0.9875810955714159,0.9623784259611096,160.04480161685478,3.9121327552311724,0.9810017885600145,
LNET-01569,series_then_shunt,L,2.923863004626285e-08,H,L,4.06092083975873e-09,H,3.5999999999999996,-2.0,0.9852311061572404,0.9852466803794359,0.9875949209569468,0.9707136753628047,160.2242850737812,1.0891858360585085,0.9852466803794359,
LNET-01346,series_then_shunt,L,1.9492420030841907e-08,H,C,8.446715346698158e-12,F,2.4000000000000004,2.5999999999999996,0.9662491358578795,0.9613598250654419,0.9876166169983535,0.924798014800885,160.50675463514875,1.0783949911817496,0.9613598250654419,
LNET-01386,series_then_shunt,L,2.1116788366745392e-08,H,C,7.796968012336763e-12,F,2.5999999999999996,2.4000000000000004,0.966897866396325,0.9624218190606514,0.9876267499455159,0.9267836940387059,160.63901894758823,1.0955993847978214,0.9624218190606514,
LNET-01547,series_then_shunt,L,2.761426171035937e-08,H,C,5.847726009252571e-12,F,3.4000000000000004,1.7999999999999998,0.9692881656529067,0.9662152098335567,0.987650708313768,0.9339220213964701,160.95260836131706,1.182388078714697,0.9662152098335567,
LNET-03288,shunt_then_series,L,3.0862998382166346e-08,H,L,3.1237852613528696e-09,H,3.8,-2.6,0.9794006211596418,0.9803867405656276,0.987655503118703,0.9611773696235455,161.01551340907,4.244334146881262,0.9803867405656276,
LNET-03330,shunt_then_series,L,3.248736671806984e-08,H,L,3.384100699798942e-09,H,4.0,-2.4,0.9790296526785203,0.9799133717521791,0.9876689790025069,0.9602534730971322,161.19257111042202,4.45028743479274,0.9799133717521791,
LNET-01188,series_then_shunt,L,1.2994946687227934e-08,H,C,1.2345199352866539e-11,F,1.5999999999999996,3.8,0.963794204232025,0.9573120517854478,0.9876828991821418,0.9172827783418758,161.37587315192386,1.0237955654904356,0.9573120517854478,
LNET-01839,shunt_then_series,C,9.555107858255836e-13,F,C,9.096462681059554e-12,F,-3.4,2.8,0.9795085877876544,0.979250377113936,0.9877097657062002,0.9589523076937436,161.73082776045686,3.7443529127894672,0.979250377113936,
LNET-02009,shunt_then_series,C,1.2495141045411476e-12,F,C,1.2994946687227937e-11,F,-2.6,4.0,0.9810559793325279,0.9814311518005748,0.9877100089353162,0.9632160550917468,161.73404833850165,2.943820136101042,0.9814311518005748,
LNET-01232,series_then_shunt,L,1.624368335903492e-08,H,L,2.1373267577677528e-09,H,2.0,-3.8,0.9853270374780952,0.9852148190350963,0.987746704899135,0.9706518940680252,162.22140155253484,1.020935636018824,0.9852148190350963,
LNET-01728,shunt_then_series,C,8.549307031071011e-13,F,L,2.7072805598391537e-09,H,-3.8,-3.0,0.9783490069882781,0.9782792358458723,0.9878520515943408,0.9570526543509474,163.63685333634436,3.616018716886549,0.9782792358458723,
LNET-03076,shunt_then_series,L,2.2741156702648887e-08,H,L,2.030460419879365e-09,H,2.8,-4.0,0.98192285542824,0.9831294525521523,0.9878667879000779,0.9665492635048811,163.83681184579603,3.2107220081855865,0.9831294525521523,
LNET-01797,shunt_then_series,C,9.024268532797177e-13,F,C,8.446715346698158e-12,F,-3.6,2.5999999999999996,0.9794709357125134,0.9790422561568752,0.9878701032289098,0.958547800297258,163.88186484543698,3.944252223030968,0.9790422561568752,
LNET-00256,series_then_shunt,C,1.160263097073923e-12,F,L,3.691746217962481e-09,H,-2.8,-2.2,0.96849766744282,0.9601459261438952,0.9878743069067047,0.9223514967629427,163.93902530865427,1.1246155189471287,0.9601459261438952,
LNET-00407,series_then_shunt,C,1.4766984871849927e-12,F,C,1.1045704684143746e-11,F,-2.2,3.4000000000000004,0.9857115062276518,0.9852660912997181,0.987882411573319,0.9707521574204335,164.0493422929204,1.0260117946679648,0.9852660912997181,
LNET-01713,shunt_then_series,C,8.12184167951746e-13,F,C,7.147220677975366e-12,F,-4.0,2.2,0.9788818626244306,0.9780226574808426,0.9878860920369635,0.9565617268249422,164.09948780382524,4.344463002842059,0.9780226574808426,
LNET-03116,shunt_then_series,L,2.2741156702648887e-08,H,C,1.2994946687227937e-11,F,2.8,4.0,0.9781944147205127,0.9791727985489641,0.9878941978728332,0.9588049088650995,164.2100355673059,2.803093776134869,0.9791727985489641,
LNET-01317,series_then_shunt,L,1.9492420030841907e-08,H,L,2.538075524849206e-09,H,2.4000000000000004,-3.2,0.985665662108093,0.9855927629123461,0.987907718851974,0.9713960238927216,164.39476509992454,1.032440675404286,0.9855927629123461,
LNET-00113,series_then_shunt,C,9.024268532797177e-13,F,C,6.497473343613968e-12,F,-3.6,2.0,0.9857059802441902,0.9853893152187756,0.9879210325623167,0.9709944417186411,164.57706694038305,1.0846578950439518,0.9853893152187756,
LNET-01628,series_then_shunt,L,3.0862998382166346e-08,H,C,5.197978674891173e-12,F,3.8,1.5999999999999996,0.9709774715439193,0.9684856587730349,0.9879234839057996,0.9382413286133858,164.61067648976046,1.232365290812569,0.9684856587730349,
LNET-01755,shunt_then_series,C,8.549307031071011e-13,F,C,7.796968012336763e-12,F,-3.8,2.4000000000000004,0.9792608634754801,0.9786346094312367,0.9879272271384351,0.9577537891240953,164.66202503214734,4.144453984036875,0.9786346094312367,
LNET-00376,series_then_shunt,C,1.4766984871849927e-12,F,L,2.9006577426848075e-09,H,-2.2,-2.8,0.9669831466490821,0.9569016062026696,0.9879504815025324,0.9162885105711158,164.9817361515592,1.0683180666901975,0.9569016062026696,
LNET-03316,shunt_then_series,L,3.0862998382166346e-08,H,C,9.746210015420952e-12,F,3.8,3.0,0.9804146587799675,0.9811364293080874,0.9879903464500193,0.96264390941544,165.53269735688653,3.726504614132691,0.9811364293080874,
LNET-03161,shunt_then_series,L,2.5989893374455874e-08,H,L,2.388776964563959e-09,H,3.2,-3.4,0.9813016379604277,0.9824568435721079,0.9880025962463459,0.9652304797416711,165.70273344688025,3.6219253921082095,0.9824568435721079,
LNET-01924,shunt_then_series,C,1.0829122239356614e-12,F,C,1.1045704684143746e-11,F,-3.0,3.4000000000000004,0.9808228452000359,0.9809407357600903,0.988026474446073,0.9622576205590497,166.0351803228133,3.3408683046943968,0.9809407357600903,
LNET-01527,series_then_shunt,L,2.761426171035937e-08,H,L,3.691746217962481e-09,H,3.4000000000000004,-2.2,0.9858299892777846,0.9858304118221237,0.988029739812795,0.9718639797526832,166.08074584191507,1.0741358467880149,0.9858304118221237,
LNET-00135,series_then_shunt,C,9.555107858255836e-13,F,L,4.51213426639859e-09,H,-3.4,-1.7999999999999998,0.9705298399107402,0.9637722916156032,0.9880567077879946,0.9291974342717814,166.45801446519062,1.1937918084118964,0.9637722916156032,
LNET-01652,series_then_shunt,L,3.248736671806984e-08,H,L,4.51213426639859e-09,H,4.0,-1.7999999999999998,0.9857317573960866,0.9857673333405618,0.9880843039658833,0.97173974552863,166.84583915817058,1.1107658579481747,0.9857673333405618,
LNET-01928,shunt_then_series,C,1.160263097073923e-12,F,L,2.030460419879365e-09,H,-2.8,-4.0,0.9762569826254053,0.9760775689736856,0.9880883505717513,0.9527654090809425,166.90285946939943,2.7223863409949978,0.9760775689736856,
LNET-00296,series_then_shunt,C,1.2495141045411476e-12,F,L,3.384100699798942e-09,H,-2.6,-2.4,0.9686238035509539,0.9598707490540508,0.9881419764624655,0.921852597815351,167.6621715389034,1.1015629979913737,0.9598707490540508,
LNET-00336,series_then_shunt,C,1.3536402799195768e-12,F,L,3.1237852613528696e-09,H,-2.4,-2.6,0.968139502447994,0.9588258370258386,0.9881683731900514,0.9198973555096241,168.0384620919835,1.0833007367312502,0.9588258370258386,
LNET-01768,shunt_then_series,C,9.024268532797177e-13,F,L,2.538075524849206e-09,H,-3.6,-3.2,0.9783380889410179,0.9782496192681001,0.9881998596248632,0.9569969701921146,168.4895091429638,3.4364161210288495,0.9782496192681001,
LNET-03156,shunt_then_series,L,2.4365525038552382e-08,H,C,1.2345199352866539e-11,F,3.0,3.8,0.9790515481991208,0.9799647960539464,0.9882025716985556,0.9603536852708892,168.52847255322064,2.986625897715604,0.9799647960539464,
LNET-00455,series_then_shunt,C,1.8048537065594359e-12,F,L,2.388776964563959e-09,H,-1.7999999999999998,-3.4,0.9665280434582626,0.955442466173172,0.9882131354646088,0.9135939882551156,168.6804094078455,1.03823957965219,0.955442466173172,
LNET-01359,series_then_shunt,L,2.1116788366745392e-08,H,L,2.7072805598391537e-09,H,2.5999999999999996,-3.0,0.9861183730096656,0.9860627717191855,0.9882471655267279,0.9723223468557004,169.17171513376852,1.0381124171844138,0.9860627717191855,
LNET-03276,shunt_then_series,L,2.923863004626285e-08,H,C,1.039595734978235e-11,F,3.5999999999999996,3.2,0.9803430036319554,0.9811086571797933,0.9882525508535135,0.9625908715080892,169.24972613719896,3.541048355171782,0.9811086571797933,
LNET-00450,series_then_shunt,C,1.624368335903492e-12,F,C,1.2345199352866539e-11,F,-2.0,3.8,0.986124178965799,0.9856594662252817,0.9882782492877723,0.9715275418881599,169.62297681468982,1.0198150222826834,0.9856594662252817,
LNET-00054,series_then_shunt,C,8.549307031071011e-13,F,L,5.076151049698412e-09,H,-3.8,-1.6,0.9720271686736812,0.9661925656033766,0.9882818989765565,0.9337993411587178,169.676118596243,1.2468738049420187,0.9661925656033766,
LNET-01485,series_then_shunt,L,2.5989893374455874e-08,H,L,3.384100699798942e-09,H,3.2,-2.4,0.9862062294397727,0.9861928070378688,0.9883082581893807,0.9725785024463339,170.0609105465755,1.0622381336650473,0.9861928070378688,
LNET-03203,shunt_then_series,L,2.761426171035937e-08,H,L,2.538075524849206e-09,H,3.4000000000000004,-3.2,0.9815024472225798,0.9825973174367415,0.9883346305371813,0.9655076710948295,170.44763450267428,3.826536998679101,0.9825973174367415,
LNET-01888,shunt_then_series,C,1.0829122239356614e-12,F,L,2.1373267577677528e-09,H,-3.0,-3.8,0.9771251269061887,0.9769669133584066,0.9883420819669259,0.9544980764715972,170.55721925011756,2.8998797588486966,0.9769669133584066,
LNET-00365,series_then_shunt,C,1.3536402799195768e-12,F,C,1.039595734978235e-11,F,-2.4,3.2,0.9863326624214854,0.9859340640785244,0.9883594002768477,0.9720684137123968,170.8124536162977,1.0307161547573045,0.9859340640785244,
LNET-03196,shunt_then_series,L,2.5989893374455874e-08,H,C,1.1695452018505142e-11,F,3.2,3.5999999999999996,0.9796783410362284,0.9805366531698779,0.9883594575783046,0.9614724533920026,170.81329937619026,3.1709520983352286,0.9805366531698779,
LNET-00155,series_then_shunt,C,9.555107858255836e-13,F,C,7.147220677975366e-12,F,-3.4,2.2,0.9863115448467744,0.9860006245660917,0.9883611255219069,0.972199309017188,170.83792159322954,1.0703330552305625,0.9860006245660917,
LNET-00030,series_then_shunt,C,8.12184167951746e-13,F,C,5.847726009252571e-12,F,-4.0,1.7999999999999998,0.9861482213289345,0.9858560931239967,0.988370136094443,0.9719144781382635,170.97105797982383,1.1052146669794034,0.9858560931239967,
LNET-03236,shunt_then_series,L,2.761426171035937e-08,H,C,1.1045704684143746e-11,F,3.4000000000000004,3.4000000000000004,0.9801022055361718,0.980912355289424,0.9883749087304069,0.9622074010685965,171.0416600281886,3.355822095619547,0.980912355289424,
LNET-01967,shunt_then_series,C,1.160263097073923e-12,F,C,1.2345199352866539e-11,F,-2.8,3.8,0.9818302962956034,0.9821070514642904,0.9883818219366818,0.9645436072645893,171.14403059585993,3.138565597045474,0.9821070514642904,
LNET-01808,shunt_then_series,C,9.555107858255836e-13,F,L,2.388776964563959e-09,H,-3.4,-3.4,0.9781411636779063,0.9780303751171917,0.98839426506117,0.956570628467468,171.32859534888064,3.2571071860175422,0.9780303751171917,
LNET-01267,series_then_shunt,L,1.624368335903492e-08,H,C,1.039595734978235e-11,F,2.0,3.2,0.9671546007476377,0.9617410889069387,0.9883970123309591,0.9255745989099934,171.3693980418857,1.0449053611183474,0.9617410889069387,
LNET-01401,series_then_shunt,L,2.2741156702648887e-08,H,L,2.9006577426848075e-09,H,2.8,-2.8,0.9863497682644037,0.9863091952659879,0.988419196577771,0.9728081657045425,171.69958975048831,1.0447385924513213,0.9863091952659879,
LNET-01882,shunt_then_series,C,1.0152302099396824e-12,F,C,1.039595734978235e-11,F,-3.2,3.2,0.9811936056733368,0.9811973330525685,0.9884274389892663,0.9627622634499864,171.8225928681628,3.5388917771236024,0.9811973330525685,
LNET-00494,series_then_shunt,C,2.0304604198793647e-12,F,L,2.1373267577677528e-09,H,-1.6,-3.8,0.9665905816634945,0.9551869098584778,0.9884369291592612,0.9131354806689083,171.9644337171777,1.0255796705881182,0.9551869098584778,
LNET-01443,series_then_shunt,L,2.4365525038552382e-08,H,L,3.1237852613528696e-09,H,3.0,-2.6,0.9863773842999063,0.9863505761451464,0.98843767489767,0.9728896973140694,171.9755894510321,1.052637682719708,0.9863505761451464,
LNET-01848,shunt_then_series,C,1.0152302099396824e-12,F,L,2.256067133199294e-09,H,-3.2,-3.6,0.977743703914322,0.9776090426699281,0.9884417015161984,0.9557496321462197,172.03584976654636,3.0782022084397194,0.9776090426699281,
LNET-03118,shunt_then_series,L,2.4365525038552382e-08,H,L,2.1373267577677528e-09,H,3.0,-3.8,0.9824981400973759,0.9836415291197236,0.9884419631261786,0.9675568465226673,172.03976634041888,3.4125609431008934,0.9836415291197236,
LNET-01507,series_then_shunt,L,2.5989893374455874e-08,H,C,6.497473343613968e-12,F,3.2,2.0,0.970647111213048,0.9674042642762903,0.9884562736306937,0.9362181190780954,172.25427994532234,1.1450426264335285,0.9674042642762903,
LNET-01274,series_then_shunt,L,1.7868051694938416e-08,H,L,2.256067133199294e-09,H,2.2,-3.6,0.9863202284956962,0.9862318553838533,0.9884944177398969,0.9726561416544606,172.8286646244077,1.0248506304134328,0.9862318553838533,
LNET-03245,shunt_then_series,L,2.923863004626285e-08,H,L,2.7072805598391537e-09,H,3.5999999999999996,-3.0,0.9815425403357729,0.9825765462004653,0.9885630549864466,0.9654683683247688,173.87187335690513,4.032045445892612,0.9825765462004653,
LNET-00197,series_then_shunt,C,1.0152302099396824e-12,F,C,7.796968012336763e-12,F,-3.2,2.4000000000000004,0.9867027207529572,0.9863897248541097,0.9886499395476804,0.9729666359289004,175.21051521283027,1.0590167361250018,0.9863897248541097,
LNET-00323,series_then_shunt,C,1.2495141045411476e-12,F,C,9.746210015420952e-12,F,-2.6,3.0,0.9867212865384477,0.9863573592197273,0.9886580052626066,0.9729029887079746,175.33582507371526,1.036096767603625,0.9863573592197273,
LNET-01610,series_then_shunt,L,3.0862998382166346e-08,H,L,4.06092083975873e-09,H,3.8,-2.0,0.9865749538965315,0.9865947335754461,0.9886873895695717,0.973371256054088,175.7938542832221,1.0910596421408356,0.9865947335754461,
LNET-03287,shunt_then_series,L,3.0862998382166346e-08,H,L,2.9006577426848075e-09,H,3.8,-2.8,0.9814289259501239,0.9823973520079584,0.988697876784346,0.9651182595420252,175.95790090395516,4.238206630242169,0.9823973520079584,
LNET-01840,shunt_then_series,C,9.555107858255836e-13,F,C,9.746210015420952e-12,F,-3.4,3.0,0.9813909834484528,0.9812721467769586,0.9887138946950399,0.9629106321029907,176.2090500627373,3.7380216578856387,0.9812721467769586,
LNET-01231,series_then_shunt,L,1.624368335903492e-08,H,L,2.030460419879365e-09,H,2.0,-4.0,0.9865413239418924,0.9864358876806116,0.9887441264828194,0.9730588117177407,176.68501013690891,1.0191203155918036,0.9864358876806116,
LNET-03329,shunt_then_series,L,3.248736671806984e-08,H,L,3.1237852613528696e-09,H,4.0,-2.6,0.9811650063023946,0.9820580691320594,0.9887459880973462,0.9644544158656684,176.71440241043044,4.444719403164589,0.9820580691320594,
LNET-00239,series_then_shunt,C,1.0829122239356614e-12,F,C,8.446715346698158e-12,F,-3.0,2.5999999999999996,0.9868979435030201,0.9865756374876792,0.9887953021983927,0.9733334070410756,177.4965588017116,1.049891221740154,0.9865756374876792,
LNET-00281,series_then_shunt,C,1.160263097073923e-12,F,C,9.096462681059554e-12,F,-2.8,2.8,0.9869050268986462,0.9865660185850695,0.9887993935839637,0.9733144928966307,177.5617604718738,1.0423874163567515,0.9865660185850695,
LNET-00175,series_then_shunt,C,1.0152302099396824e-12,F,L,4.06092083975873e-09,H,-3.2,-2.0,0.9719042285870192,0.9650406870195258,0.9888564026272081,0.9316395960085372,178.4752567858543,1.1540625164169485,0.9650406870195258,
LNET-03160,shunt_then_series,L,2.5989893374455874e-08,H,L,2.256067133199294e-09,H,3.2,-3.6,0.9828986820208159,0.9839861208594023,0.9888888995993405,0.9682354638727978,179.0001735094826,3.6157635890186066,0.9839861208594023,
LNET-01228,series_then_shunt,L,1.4619315023131425e-08,H,C,1.1695452018505142e-11,F,1.7999999999999998,3.5999999999999996,0.9679797719571445,0.9624257138959857,0.9888932802402964,0.9268932411468215,179.07116801994286,1.0313898547462568,0.9624257138959857,
LNET-01798,shunt_then_series,C,9.024268532797177e-13,F,C,9.096462681059554e-12,F,-3.6,2.8,0.9814265914166889,0.9811715000320584,0.9888982259805147,0.9627151649786245,179.1513881015497,3.9380149893157808,0.9811715000320584,
LNET-01925,shunt_then_series,C,1.0829122239356614e-12,F,C,1.1695452018505142e-11,F,-3.0,3.5999999999999996,0.9824046900262599,0.9825862825246288,0.9889073124896257,0.9654857154770096,179.29895804145988,3.3349214475043927,0.9825862825246288,
LNET-01189,series_then_shunt,L,1.2994946687227934e-08,H,C,1.2994946687227937e-11,F,1.5999999999999996,4.0,0.9674882301611847,0.9616477650665183,0.9889248480328305,0.9254422667992802,179.5844295345729,1.0211533256274903,0.9616477650665183,
LNET-00408,series_then_shunt,C,1.4766984871849927e-12,F,C,1.1695452018505142e-11,F,-2.2,3.5999999999999996,0.987008492979771,0.9866031691004176,0.9889576110871491,0.973388165411005,180.12022822094576,1.023519561518571,0.9866031691004176,
LNET-00072,series_then_shunt,C,8.549307031071011e-13,F,C,6.497473343613968e-12,F,-3.8,2.0,0.9869874539355069,0.9867111072755641,0.9889719148651132,0.9736006573103471,180.3551469305484,1.0864414418548658,0.9867111072755641,
LNET-01307,series_then_shunt,L,1.7868051694938416e-08,H,C,9.746210015420952e-12,F,2.2,3.0,0.9693477221203048,0.96455973550138,0.9889736242657301,0.9308939807102596,180.38326211612886,1.0548165002075718,0.96455973550138,
LNET-01756,shunt_then_series,C,8.549307031071011e-13,F,C,8.446715346698158e-12,F,-3.8,2.5999999999999996,0.98130739795848,0.980896421351228,0.9889889051114776,0.9621781387026574,180.63498001318106,4.138589111403699,0.980896421351228,
LNET-01714,shunt_then_series,C,8.12184167951746e-13,F,C,7.796968012336763e-12,F,-4.0,2.4000000000000004,0.981036770761988,0.9804434855556193,0.9889912540828825,0.9612933331047568,180.67373605109674,4.339385942328823,0.9804434855556193,
LNET-01588,series_then_shunt,L,2.923863004626285e-08,H,C,5.847726009252571e-12,F,3.5999999999999996,1.7999999999999998,0.9728731417170134,0.9702518243980115,0.9889948136994529,0.9416539238572618,180.73249824044927,1.1810201802092004,0.9702518243980115,
LNET-00415,series_then_shunt,C,1.624368335903492e-12,F,L,2.538075524849206e-09,H,-2.0,-3.2,0.969295902110969,0.9594732677829328,0.9889955815612572,0.921168276939693,180.74517909630612,1.0477883145991727,0.9594732677829328,
LNET-01467,series_then_shunt,L,2.4365525038552382e-08,H,C,7.147220677975366e-12,F,3.0,2.2,0.9714677055204419,0.9680388246546553,0.9889961291869498,0.9374515893938787,180.7542239434572,1.1174078226898092,0.9680388246546553,
LNET-01316,series_then_shunt,L,1.9492420030841907e-08,H,L,2.388776964563959e-09,H,2.4000000000000004,-3.4,0.9870308351350846,0.9869615095855381,0.9890300947505145,0.974095376719298,181.3169803671553,1.0291626912813607,0.9869615095855381,
LNET-01687,shunt_then_series,C,8.12184167951746e-13,F,L,2.7072805598391537e-09,H,-4.0,-3.0,0.9804288005401036,0.980357164993305,0.9890420653943884,0.9611186765552933,181.51614669937885,3.8092320337682746,0.980357164993305,
LNET-01669,series_then_shunt,L,3.248736671806984e-08,H,C,5.197978674891173e-12,F,4.0,1.5999999999999996,0.974035642863229,0.9718739950370869,0.9891168534309648,0.9447553040420307,182.7703817837398,1.2301372977236742,0.9718739950370869,
LNET-01568,series_then_shunt,L,2.923863004626285e-08,H,L,3.691746217962481e-09,H,3.5999999999999996,-2.2,0.987188220369694,0.9871944570196816,0.9891370764792149,0.9745547330821627,183.11249938133156,1.0758480947786329,0.9871944570196816,
LNET-03357,shunt_then_series,L,3.248736671806984e-08,H,C,9.746210015420952e-12,F,4.0,3.0,0.9822946918992128,0.9829454198488815,0.9891636979464878,0.9661942668393152,183.5648072676028,3.925188278591855,0.9829454198488815,
LNET-01968,shunt_then_series,C,1.160263097073923e-12,F,C,1.2994946687227937e-11,F,-2.8,4.0,0.9832283273387871,0.9835384048450704,0.9891818957570541,0.9673551238730597,183.87527528717632,3.133115898299258,0.9835384048450704,
LNET-03202,shunt_then_series,L,2.761426171035937e-08,H,L,2.388776964563959e-09,H,3.4000000000000004,-3.4,0.9831418732411967,0.9841778924461404,0.9892261637553689,0.9686136759266587,184.63489871090712,3.8201390334322762,0.9841778924461404,
LNET-00451,series_then_shunt,C,1.624368335903492e-12,F,C,1.2994946687227937e-11,F,-2.0,4.0,0.9872760341841539,0.986849242825708,0.9892344812467104,0.9738738940355329,184.77832112259978,1.018092855525638,0.986849242825708,
LNET-03117,shunt_then_series,L,2.4365525038552382e-08,H,L,2.030460419879365e-09,H,3.0,-4.0,0.9838917809398169,0.9849627688132797,0.9892430841181458,0.9701564034737804,184.92689781778307,3.4068533172685718,0.9849627688132797,
LNET-01347,series_then_shunt,L,1.9492420030841907e-08,H,C,9.096462681059554e-12,F,2.4000000000000004,2.8,0.9707671700961231,0.9664600165223534,0.9892994900523878,0.9344904211472003,185.9069801151206,1.0661580734985565,0.9664600165223534,
LNET-01427,series_then_shunt,L,2.2741156702648887e-08,H,C,7.796968012336763e-12,F,2.8,2.4000000000000004,0.9717696037173339,0.9681161773062926,0.9893063438886328,0.9376172770658184,186.0267735535306,1.0962918797144559,0.9681161773062926,
LNET-01883,shunt_then_series,C,1.0152302099396824e-12,F,C,1.1045704684143746e-11,F,-3.2,3.4000000000000004,0.9828034672131538,0.9828890397088105,0.9893096335203124,0.9660815535881451,186.08432529419235,3.5326616197078096,0.9828890397088105,
LNET-00094,series_then_shunt,C,9.024268532797177e-13,F,L,4.51213426639859e-09,H,-3.6,-1.7999999999999998,0.9739071054086621,0.9680504089349199,0.9893373791035148,0.9373809926331127,186.5711440382617,1.1922600297595516,0.9680504089349199,
LNET-01358,series_then_shunt,L,2.1116788366745392e-08,H,L,2.538075524849206e-09,H,2.5999999999999996,-3.2,0.9875109062218967,0.9874572187884295,0.9893912464541563,0.9750737792525194,187.52356135500625,1.0340326372508113,0.9874572187884295,
LNET-00215,series_then_shunt,C,1.0829122239356614e-12,F,L,3.691746217962481e-09,H,-3.0,-2.2,0.9727658936462071,0.96573868591428,0.9893995184392437,0.9329906600933511,187.67067392524228,1.1246757881883995,0.96573868591428,
LNET-01387,series_then_shunt,L,2.1116788366745392e-08,H,C,8.446715346698158e-12,F,2.5999999999999996,2.5999999999999996,0.9715483005072835,0.9676100369034298,0.9894062327686989,0.936667019618158,187.79025339452932,1.079662179144872,0.9676100369034298,
LNET-03157,shunt_then_series,L,2.4365525038552382e-08,H,C,1.2994946687227937e-11,F,3.0,4.0,0.9808381167364315,0.9816869700716543,0.9894087739301843,0.9637295139076502,187.8355499935816,2.9965283708248953,0.9816869700716543,
LNET-01727,shunt_then_series,C,8.549307031071011e-13,F,L,2.538075524849206e-09,H,-3.8,-3.2,0.9805120329709733,0.9804214023690442,0.9894092446725689,0.9612463374365414,187.84394343619613,3.628851405598292,0.9804214023690442,
LNET-00114,series_then_shunt,C,9.024268532797177e-13,F,C,7.147220677975366e-12,F,-3.6,2.2,0.987603309927471,0.9873344076527413,0.9894241465265566,0.9748308446518474,188.1100330599442,1.0719621651522888,0.9873344076527413,
LNET-00013,series_then_shunt,C,8.12184167951746e-13,F,L,5.076151049698412e-09,H,-4.0,-1.6,0.9749256880417803,0.969789498589058,0.9894242039622418,0.940704543336519,188.11106009037192,1.2444096859879372,0.969789498589058,
LNET-00366,series_then_shunt,C,1.3536402799195768e-12,F,C,1.1045704684143746e-11,F,-2.4,3.4000000000000004,0.9876376857831337,0.9872771862032714,0.9894417822509922,0.9747181957502855,188.42590951848402,1.0276053081411904,0.9872771862032714,
LNET-01526,series_then_shunt,L,2.761426171035937e-08,H,L,3.384100699798942e-09,H,3.4000000000000004,-2.4,0.9876018229984281,0.987595992872172,0.9894468340636805,0.9753475489373736,188.51658791954105,1.0638452431372736,0.987595992872172,
LNET-03317,shunt_then_series,L,3.0862998382166346e-08,H,C,1.039595734978235e-11,F,3.8,3.2,0.9823141647637934,0.983000166958479,0.9894535675009771,0.966302992799529,188.63758599747354,3.738977275721298,0.983000166958479,
LNET-03244,shunt_then_series,L,2.923863004626285e-08,H,L,2.538075524849206e-09,H,3.5999999999999996,-3.2,0.9832395749564671,0.9842258638253065,0.9894674223579591,0.9687091185818247,188.88704075790403,4.025505014900616,0.9842258638253065,
LNET-01273,series_then_shunt,L,1.7868051694938416e-08,H,L,2.1373267577677528e-09,H,2.2,-3.8,0.9875084068725989,0.9874251301576716,0.9894742681044988,0.9750107536163723,189.01053987084902,1.0225821193238243,0.9874251301576716,
LNET-00375,series_then_shunt,C,1.4766984871849927e-12,F,L,2.7072805598391537e-09,H,-2.2,-3.0,0.9711915152889985,0.9623214169770486,0.9894997225143437,0.9265456868437331,189.47115685581284,1.0582460886595006,0.9623214169770486,
LNET-00454,series_then_shunt,C,1.8048537065594359e-12,F,L,2.256067133199294e-09,H,-1.7999999999999998,-3.6,0.9702432467972055,0.9603594034678901,0.9895142924088144,0.9228641431151136,189.73581659679502,1.0334949872982093,0.9603594034678901,
LNET-01887,shunt_then_series,C,1.0829122239356614e-12,F,L,2.030460419879365e-09,H,-3.0,-4.0,0.979137980227342,0.9789506018943164,0.9895815164833179,0.9583743272400018,190.96651766042555,2.9102029106088825,0.9789506018943164,
LNET-00493,series_then_shunt,C,2.0304604198793647e-12,F,L,2.030460419879365e-09,H,-1.6,-4.0,0.9699911059711648,0.9597332574382751,0.9896007228431689,0.9216967204412845,191.32105941961916,1.022723060249248,0.9597332574382751,
LNET-03197,shunt_then_series,L,2.5989893374455874e-08,H,C,1.2345199352866539e-11,F,3.2,3.8,0.9814681078375886,0.9822679224267286,0.9896012820866341,0.9648683844729292,191.33140245388526,3.181481512534076,0.9822679224267286,
LNET-01400,series_then_shunt,L,2.2741156702648887e-08,H,L,2.7072805598391537e-09,H,2.8,-3.0,0.9877938057476088,0.9877534527131924,0.9896022666014725,0.9756586935902524,191.3496134535671,1.0396524146627046,0.9877534527131924,
LNET-01841,shunt_then_series,C,9.555107858255836e-13,F,C,1.039595734978235e-11,F,-3.4,3.2,0.983044008051449,0.9830286550874918,0.9896057547293218,0.9663570663878763,191.41416263688953,3.7315832237439692,0.9830286550874918,
LNET-03277,shunt_then_series,L,2.923863004626285e-08,H,C,1.1045704684143746e-11,F,3.5999999999999996,3.4000000000000004,0.982189693007564,0.9829106230704981,0.9896209707904822,0.966128208513111,191.6962492952568,3.5528819654866344,0.9829106230704981,
LNET-03286,shunt_then_series,L,3.0862998382166346e-08,H,L,2.7072805598391537e-09,H,3.8,-3.0,0.9831991713936343,0.9841342436072849,0.989622569344675,0.9685301122725274,191.72593249984544,4.231668993633189,0.9841342436072849,
LNET-01484,series_then_shunt,L,2.5989893374455874e-08,H,L,3.1237852613528696e-09,H,3.2,-2.6,0.9878354235709014,0.9878182698730028,0.989625745184011,0.9757865943547354,191.78493110826307,1.054184561573741,0.9878182698730028,
LNET-01767,shunt_then_series,C,9.024268532797177e-13,F,L,2.388776964563959e-09,H,-3.6,-3.4,0.9804363338314088,0.9803230766324517,0.9896411240722213,0.9610554576469091,192.07114149680356,3.4486476967757773,0.9803230766324517,
LNET-01651,series_then_shunt,L,3.248736671806984e-08,H,L,4.06092083975873e-09,H,4.0,-2.0,0.987744905576026,0.9877676231144011,0.9896424944783623,0.9756865378927466,192.09668682501086,1.0927469626653854,0.9877676231144011,
LNET-03237,shunt_then_series,L,2.761426171035937e-08,H,C,1.1695452018505142e-11,F,3.4000000000000004,3.5999999999999996,0.9819122043569062,0.9826702486311514,0.9896702796243355,0.9656571938964196,192.61608323026311,3.3669999101455783,0.9826702486311514,
LNET-01442,series_then_shunt,L,2.4365525038552382e-08,H,L,2.9006577426848075e-09,H,3.0,-2.8,0.9878991076593063,0.987870679017936,0.9896779700925554,0.9758901734027835,192.76033764032564,1.046263890599404,0.987870679017936,
LNET-03159,shunt_then_series,L,2.5989893374455874e-08,H,L,2.1373267577677528e-09,H,3.2,-3.8,0.9843112624759078,0.9853319135151561,0.9896850700811023,0.9708841238939634,192.89370705620146,3.60972895431605,0.9853319135151561,
LNET-01926,shunt_then_series,C,1.0829122239356614e-12,F,C,1.2345199352866539e-11,F,-3.0,3.8,0.9838088153250143,0.98403596203749,0.9896980196057106,0.9683344733961617,193.13743022736062,3.329120629974117,0.98403596203749,
LNET-03328,shunt_then_series,L,3.248736671806984e-08,H,L,2.9006577426848075e-09,H,4.0,-2.8,0.9830244244074612,0.9839030293296752,0.9896985348986017,0.9680768382063865,193.1471412380484,4.438405857025946,0.9839030293296752,
LNET-00255,series_then_shunt,C,1.160263097073923e-12,F,L,3.384100699798942e-09,H,-2.8,-2.4,0.9731387522783821,0.9658606445213637,0.9897224086905199,0.9332393103122562,193.59812516140653,1.1022336093318517,0.9658606445213637,
LNET-01847,shunt_then_series,C,1.0152302099396824e-12,F,L,2.1373267577677528e-09,H,-3.2,-3.8,0.9797661953474784,0.979603201435947,0.9897270730696287,0.9596493599733185,193.686481618702,3.089154672357287,0.979603201435947,
LNET-00156,series_then_shunt,C,9.555107858255836e-13,F,C,7.796968012336763e-12,F,-3.4,2.4000000000000004,0.9880261804861085,0.9877580008509576,0.9897405082320179,0.9756673504601849,193.941430358335,1.0605450668988876,0.9877580008509576,
LNET-01268,series_then_shunt,L,1.624368335903492e-08,H,C,1.1045704684143746e-11,F,2.0,3.4000000000000004,0.9709665325182881,0.9661526660572866,0.9897411223082345,0.9339444851033423,193.95309916847393,1.0390711700393598,0.9661526660572866,
LNET-01807,shunt_then_series,C,9.555107858255836e-13,F,L,2.256067133199294e-09,H,-3.4,-3.6,0.9801923623667689,0.9800545238942122,0.9897460808404944,0.960531197634357,194.04737348606486,3.2687018942419352,0.9800545238942122,
LNET-00324,series_then_shunt,C,1.2495141045411476e-12,F,C,1.039595734978235e-11,F,-2.6,3.2,0.9880564850776391,0.9877296115333514,0.98976386938698,0.9756114789837429,194.38633059801663,1.0322239765712558,0.9877296115333514,
LNET-00335,series_then_shunt,C,1.3536402799195768e-12,F,L,2.9006577426848075e-09,H,-2.4,-2.8,0.9723968408367151,0.9642347059327703,0.9897742422021474,0.9301679100306955,194.58452679370075,1.0702511153131897,0.9642347059327703,
LNET-01548,series_then_shunt,L,2.761426171035937e-08,H,C,6.497473343613968e-12,F,3.4000000000000004,2.0,0.9742598704601023,0.9715209141215104,0.9897767320381007,0.9441112455493319,194.6321606216054,1.144369061570683,0.9715209141215104,
LNET-01799,shunt_then_series,C,9.024268532797177e-13,F,C,9.746210015420952e-12,F,-3.6,3.0,0.9831381447058561,0.9830127005745064,0.9898079323593948,0.9663270764042913,195.23103677530537,3.9314865606136356,0.9830127005745064,
LNET-00295,series_then_shunt,C,1.2495141045411476e-12,F,L,3.1237852613528696e-09,H,-2.6,-2.6,0.9730246955007128,0.965379359507623,0.9898454199545779,0.9323351655360412,195.9554615802783,1.084573761535983,0.965379359507623,
LNET-00031,series_then_shunt,C,8.12184167951746e-13,F,C,6.497473343613968e-12,F,-4.0,2.0,0.9881053994539083,0.9878628151604844,0.9898921744536194,0.9758744175434314,196.86649372041887,1.0880482555498523,0.9878628151604844,
LNET-00409,series_then_shunt,C,1.4766984871849927e-12,F,C,1.2345199352866539e-11,F,-2.2,3.8,0.9881399941084339,0.9877696045989203,0.9898998277413077,0.9756907278928257,197.0164247474869,1.021367785254027,0.9877696045989203,
LNET-01757,shunt_then_series,C,8.549307031071011e-13,F,C,9.096462681059554e-12,F,-3.8,2.8,0.9830932197247795,0.9828437917938038,0.9899247403985543,0.9659968393493508,197.5060513689408,4.1321532941012915,0.9828437917938038,
LNET-00198,series_then_shunt,C,1.0152302099396824e-12,F,C,8.446715346698158e-12,F,-3.2,2.5999999999999996,0.9882762233024613,0.9880027741147205,0.9899304724626317,0.9761509132057238,197.61905065336342,1.0513613454690551,0.9880027741147205,
LNET-00282,series_then_shunt,C,1.160263097073923e-12,F,C,9.746210015420952e-12,F,-2.8,3.0,0.9882933328339661,0.9879912315830635,0.9899452921020506,0.976128206254614,197.91179537974375,1.037557501746798,0.9879912315830635,
LNET-01715,shunt_then_series,C,8.12184167951746e-13,F,C,8.446715346698158e-12,F,-4.0,2.5999999999999996,0.9829129478111559,0.9825202196499814,0.9899617969785446,0.9653632880642413,198.23884740378807,4.333319958698816,0.9825202196499814,
LNET-00240,series_then_shunt,C,1.0829122239356614e-12,F,C,9.096462681059554e-12,F,-3.0,2.8,0.9883644629429843,0.988079850130032,0.9899988300320819,0.9763032387423275,198.97660337896738,1.0438358160959378,0.988079850130032,
LNET-01315,series_then_shunt,L,1.9492420030841907e-08,H,L,2.256067133199294e-09,H,2.4000000000000004,-3.6,0.9882140195598945,0.9881483023419043,0.9900080103113534,0.976438982930109,199.1603346601236,1.0263554814316915,0.9881483023419043,
LNET-03201,shunt_then_series,L,2.761426171035937e-08,H,L,2.256067133199294e-09,H,3.4000000000000004,-3.6,0.984586520558372,0.9855622259393255,0.9900244602105716,0.9713385679333068,199.49040374932846,3.8138116926951002,0.9855622259393255,
LNET-01229,series_then_shunt,L,1.4619315023131425e-08,H,C,1.2345199352866539e-11,F,1.7999999999999998,3.8,0.9713767811257203,0.9663981075085677,0.9900613017562557,0.9344295585699889,200.23359729317298,1.027735438258581,0.9663981075085677,
LNET-01609,series_then_shunt,L,3.0862998382166346e-08,H,L,3.691746217962481e-09,H,3.8,-2.2,0.9883618182728431,0.9883722867777796,0.9900984958045896,0.9768812138650819,200.98951194981657,1.0773778130960285,0.9883722867777796,
LNET-01884,shunt_then_series,C,1.0152302099396824e-12,F,C,1.1695452018505142e-11,F,-3.2,3.5999999999999996,0.9842270526167466,0.9843723044022932,0.9900987391373172,0.9689970493201774,200.9944760306095,3.5265352216624817,0.9843723044022932,
LNET-00134,series_then_shunt,C,9.555107858255836e-13,F,L,4.06092083975873e-09,H,-3.4,-2.0,0.9752960194615845,0.9694015973763609,0.9901113076457436,0.9399912126035336,201.2512106101817,1.1532858613306594,0.9694015973763609,
LNET-01629,series_then_shunt,L,3.0862998382166346e-08,H,C,5.847726009252571e-12,F,3.8,1.7999999999999998,0.9758743447059658,0.9736194793595486,0.9901324366598868,0.9481390715568395,201.68428294447205,1.1796659223775297,0.9736194793595486,
LNET-00414,series_then_shunt,C,1.624368335903492e-12,F,L,2.388776964563959e-09,H,-2.0,-3.4,0.9728515431021793,0.9641337890151096,0.9902684348069114,0.9300090103400478,204.51678587329496,1.041554043255737,0.9641337890151096,
LNET-03243,shunt_then_series,L,2.923863004626285e-08,H,L,2.388776964563959e-09,H,3.5999999999999996,-3.4,0.9847295892138079,0.9856634583992423,0.9902745952733579,0.9715388049340166,204.64696855454648,4.018942420662735,0.9856634583992423,
LNET-01308,series_then_shunt,L,1.7868051694938416e-08,H,C,1.039595734978235e-11,F,2.2,3.2,0.9730657187975547,0.9688247450410593,0.9903153044955708,0.9390243594113795,205.5113971921288,1.0473035935666628,0.9688247450410593,
LNET-01508,series_then_shunt,L,2.5989893374455874e-08,H,C,7.147220677975366e-12,F,3.2,2.2,0.9751791043302116,0.9723135963634876,0.9903226433462254,0.9456510188683076,205.6680056914012,1.1172697562803828,0.9723135963634876,
LNET-01272,series_then_shunt,L,1.7868051694938416e-08,H,L,2.030460419879365e-09,H,2.2,-4.0,0.9885509917558868,0.9884725518803182,0.9903372852919863,0.977079954571379,205.98117045112704,1.0206095504639536,0.9884725518803182,
LNET-00073,series_then_shunt,C,8.549307031071011e-13,F,C,7.147220677975366e-12,F,-3.8,2.2,0.988722023181948,0.9884879424864759,0.9903487669660992,0.9771096787396389,206.22740741776965,1.0734184492357874,0.9884879424864759,
LNET-01357,series_then_shunt,L,2.1116788366745392e-08,H,L,2.388776964563959e-09,H,2.5999999999999996,-3.4,0.9887088584003596,0.9886573931643459,0.9903818227154427,0.9774450586803324,206.9396065209938,1.0305714734790612,0.9886573931643459,
LNET-00367,series_then_shunt,C,1.3536402799195768e-12,F,C,1.1695452018505142e-11,F,-2.4,3.5999999999999996,0.9887683036598047,0.988440697452516,0.9903846201802831,0.9770165978670259,207.00010373993487,1.0249422931227525,0.988440697452516,
LNET-01842,shunt_then_series,C,9.555107858255836e-13,F,C,1.1045704684143746e-11,F,-3.4,3.4000000000000004,0.9845002985111115,0.9845613078349563,0.9904005916307124,0.969369884699067,207.3461733328071,3.7251756554077597,0.9845613078349563,
LNET-03158,shunt_then_series,L,2.5989893374455874e-08,H,L,2.030460419879365e-09,H,3.2,-4.0,0.985564887765605,0.9865211404546492,0.9904023037472705,0.9732279063090307,207.38333984899842,3.603869022347344,0.9865211404546492,
LNET-01927,shunt_then_series,C,1.0829122239356614e-12,F,C,1.2994946687227937e-11,F,-3.0,4.0,0.9850593326658311,0.9853183186738504,0.990410001344268,0.9708582261533851,207.55060274743593,3.3235043658538035,0.9853183186738504,
LNET-00053,series_then_shunt,C,8.549307031071011e-13,F,L,4.51213426639859e-09,H,-3.8,-1.7999999999999998,0.9767435956062644,0.9716278851950784,0.990424032224542,0.9442614098152514,207.85617484279234,1.190751623192626,0.9716278851950784,
LNET-01567,series_then_shunt,L,2.923863004626285e-08,H,L,3.384100699798942e-09,H,3.5999999999999996,-2.4,0.9887978010897888,0.9887975935345302,0.9904278825115499,0.9777219894977578,207.9401851171632,1.0652687708171484,0.9887975935345302,
LNET-01686,shunt_then_series,C,8.12184167951746e-13,F,L,2.538075524849206e-09,H,-4.0,-3.2,0.9823825528149772,0.9822923790186915,0.9904447325765988,0.9649150122205413,208.30863694112114,3.821926567668979,0.9822923790186915,
LNET-03285,shunt_then_series,L,3.0862998382166346e-08,H,L,2.538075524849206e-09,H,3.8,-3.2,0.9847482482736412,0.9856409396059695,0.990445233773663,0.971495310741039,208.3196162651421,4.2249634308922435,0.9856409396059695,
LNET-03358,shunt_then_series,L,3.248736671806984e-08,H,C,1.039595734978235e-11,F,4.0,3.2,0.984010285636085,0.9846284565108439,0.9904822801452592,0.9695044795661341,209.13436311679126,3.9375384731894307,0.9846284565108439,
LNET-03327,shunt_then_series,L,3.248736671806984e-08,H,L,2.7072805598391537e-09,H,4.0,-3.0,0.9846467743765055,0.9854961280423118,0.9905433237007273,0.971211046173673,210.4907962064657,4.431701364631538,0.9854961280423118,
LNET-00453,series_then_shunt,C,1.8048537065594359e-12,F,L,2.1373267577677528e-09,H,-1.7999999999999998,-3.8,0.9733927469664168,0.9645428406468475,0.9906152097702826,0.9308024585979902,212.11078362379416,1.0295776982972273,0.9645428406468475,
LNET-01800,shunt_then_series,C,9.024268532797177e-13,F,C,1.039595734978235e-11,F,-3.6,3.2,0.9846405645316733,0.9846115224623005,0.9906156516930396,0.9694696967097873,212.1208193238719,3.9248711609033093,0.9846115224623005,
LNET-01399,series_then_shunt,L,2.2741156702648887e-08,H,L,2.538075524849206e-09,H,2.8,-3.2,0.9890262372226333,0.9889867328922138,0.9906199095952039,0.9780961819054963,212.21756120574028,1.0353822203486822,0.9889867328922138,
LNET-01525,series_then_shunt,L,2.761426171035937e-08,H,L,3.1237852613528696e-09,H,3.4000000000000004,-2.6,0.9890736380533253,0.9890636789330526,0.9906408893472636,0.9782482116597173,212.6955181115674,1.055541945715816,0.9890636789330526,
LNET-00174,series_then_shunt,C,1.0152302099396824e-12,F,L,3.691746217962481e-09,H,-3.2,-2.2,0.9762371390561505,0.970261245539555,0.990656571417618,0.9416564920772955,213.05418603736135,1.1244776166073658,0.970261245539555,
LNET-03198,shunt_then_series,L,2.5989893374455874e-08,H,C,1.2994946687227937e-11,F,3.2,4.0,0.9830463246390063,0.9837894847211934,0.9906625276212222,0.9678578778987157,213.19072730491803,3.1912926386992444,0.9837894847211934,
LNET-01468,series_then_shunt,L,2.4365525038552382e-08,H,C,7.796968012336763e-12,F,3.0,2.4000000000000004,0.9756613106976196,0.972642944233039,0.9906691335488634,0.9462975461663341,213.34236686094525,1.0966111327580201,0.972642944233039,
LNET-01348,series_then_shunt,L,1.9492420030841907e-08,H,C,9.746210015420952e-12,F,2.4000000000000004,3.0,0.9744798425909296,0.9706772743146067,0.9906707617491656,0.9425570840958251,213.37977530706925,1.056557924741081,0.9706772743146067,
LNET-03318,shunt_then_series,L,3.0862998382166346e-08,H,C,1.1045704684143746e-11,F,3.8,3.4000000000000004,0.9839739048930265,0.984619563261953,0.9906803436928555,0.969487902919997,213.60018847119844,3.750696935189487,0.984619563261953,
LNET-00115,series_then_shunt,C,9.024268532797177e-13,F,C,7.796968012336763e-12,F,-3.6,2.4000000000000004,0.9891632180269004,0.988931778073588,0.9906820840157271,0.9779872056624627,213.64026971005856,1.0618997687846283,0.988931778073588,
LNET-01726,shunt_then_series,C,8.549307031071011e-13,F,L,2.388776964563959e-09,H,-3.8,-3.4,0.9823979430974715,0.9822855713840319,0.9907007801150968,0.9649030713407426,214.07180438295575,3.64095407125282,0.9822855713840319,
LNET-00325,series_then_shunt,C,1.2495141045411476e-12,F,C,1.1045704684143746e-11,F,-2.6,3.4000000000000004,0.9892046921015355,0.9889094776039975,0.9907211377500964,0.9779433079309848,214.54366754617777,1.0289398083029273,0.9889094776039975,
LNET-00410,series_then_shunt,C,1.4766984871849927e-12,F,C,1.2994946687227937e-11,F,-2.2,4.0,0.989132474591197,0.9887927099885191,0.9907294934865101,0.9777126317834266,214.7379423756092,1.0194973637981588,0.9887927099885191,
LNET-01441,series_then_shunt,L,2.4365525038552382e-08,H,L,2.7072805598391537e-09,H,3.0,-3.0,0.9891868736330405,0.9891578436971846,0.9907376275526515,0.9784345466243618,214.9273999581532,1.0409746713210672,0.9891578436971846,
LNET-03200,shunt_then_series,L,2.761426171035937e-08,H,L,2.1373267577677528e-09,H,3.4000000000000004,-3.8,0.9858637924277589,0.9867798747905308,0.9907413475125634,0.9737388212292364,215.0141557007207,3.8076275128676453,0.9867798747905308,
LNET-01483,series_then_shunt,L,2.5989893374455874e-08,H,L,2.9006577426848075e-09,H,3.2,-2.8,0.989201742728985,0.9891823651074468,0.9907435828288268,0.9784830024251304,215.06632058767832,1.0475885874314503,0.9891823651074468,
LNET-01758,shunt_then_series,C,8.549307031071011e-13,F,C,9.746210015420952e-12,F,-3.8,3.0,0.984655593499064,0.9845269272774,0.9907525247752309,0.969304342817704,215.27524825836326,4.125446881578631,0.9845269272774,
LNET-03238,shunt_then_series,L,2.761426171035937e-08,H,C,1.2345199352866539e-11,F,3.4000000000000004,3.8,0.9835031280577352,0.9842092598806322,0.9907703974949287,0.968682455120241,215.6940557733743,3.3774307378553665,0.9842092598806322,
LNET-00374,series_then_shunt,C,1.4766984871849927e-12,F,L,2.538075524849206e-09,H,-2.2,-3.2,0.9746788199862928,0.9668410092202284,0.9907756540243201,0.9351573646458032,215.81753972292734,1.0502332576298865,0.9668410092202284,
LNET-03278,shunt_then_series,L,2.923863004626285e-08,H,C,1.1695452018505142e-11,F,3.5999999999999996,3.5999999999999996,0.983807863610092,0.9844821730914358,0.9907756942788976,0.9692184535245995,215.81848590779035,3.5639537328046873,0.9844821730914358,
LNET-01885,shunt_then_series,C,1.0152302099396824e-12,F,C,1.2345199352866539e-11,F,-3.2,3.8,0.9854901529368644,0.9856783303745369,0.9908068400412623,0.9715681501443746,216.55305128777678,3.5205720792807527,0.9856783303745369,
LNET-01716,shunt_then_series,C,8.12184167951746e-13,F,C,9.096462681059554e-12,F,-4.0,2.8,0.9845496144348282,0.9843074695641414,0.9908170456417833,0.9688738762459257,216.7948318136249,4.326703904651779,0.9843074695641414,
LNET-01846,shunt_then_series,C,1.0152302099396824e-12,F,L,2.030460419879365e-09,H,-3.2,-4.0,0.9815442717552783,0.9813569970356463,0.9908170975067698,0.9630855317988922,216.79606191772612,3.0993736392460622,0.9813569970356463,
LNET-01428,series_then_shunt,L,2.2741156702648887e-08,H,C,8.446715346698158e-12,F,2.8,2.5999999999999996,0.9757182186269592,0.9725045701784051,0.9908383618199794,0.9460428510615474,217.30157016695316,1.0804161712813616,0.9725045701784051,
LNET-01388,series_then_shunt,L,2.1116788366745392e-08,H,C,9.096462681059554e-12,F,2.5999999999999996,2.8,0.9753379896304023,0.9718696085991975,0.9908398038174778,0.9448335020393664,217.33593518619585,1.0673704153596066,0.9718696085991975,
LNET-01766,shunt_then_series,C,9.024268532797177e-13,F,L,2.256067133199294e-09,H,-3.6,-3.6,0.9822701692171731,0.9821335284402704,0.9908456584513677,0.96460603431503,217.47557133137747,3.460122117856552,0.9821335284402704,
LNET-01314,series_then_shunt,L,1.9492420030841907e-08,H,L,2.1373267577677528e-09,H,2.4000000000000004,-3.8,0.9892455038264,0.9891833313462508,0.9908644446106868,0.9784852370707611,217.92483979021173,1.0239333655806264,0.9891833313462508,
LNET-01269,series_then_shunt,L,1.624368335903492e-08,H,C,1.1695452018505142e-11,F,2.0,3.5999999999999996,0.9741749789023153,0.9698788949945351,0.9908691487714637,0.9410564274114048,218.03762857831668,1.0342989989998046,0.9698788949945351,
LNET-01806,shunt_then_series,C,9.555107858255836e-13,F,L,2.1373267577677528e-09,H,-3.4,-3.8,0.9819901450223677,0.9818282286460503,0.9908842993030289,0.96400835690349,218.40167481195894,3.2795422365154807,0.9818282286460503,
LNET-01589,series_then_shunt,L,2.923863004626285e-08,H,C,6.497473343613968e-12,F,3.5999999999999996,2.0,0.9772545886029917,0.9749194519047878,0.9908846424085628,0.9506636265785662,218.4099331746193,1.143619673693511,0.9749194519047878,
LNET-00157,series_then_shunt,C,9.555107858255836e-13,F,C,8.446715346698158e-12,F,-3.4,2.5999999999999996,0.9894500132268755,0.9892161607078277,0.9909025901033417,0.9785496970424846,218.8427929178664,1.0526524934324926,0.9892161607078277,
LNET-00283,series_then_shunt,C,1.160263097073923e-12,F,C,1.039595734978235e-11,F,-2.8,3.2,0.9894777801693384,0.9892068377778107,0.9909307507516729,0.9785313706996286,219.52542004719086,1.0335043215531226,0.9892068377778107,
LNET-01650,series_then_shunt,L,3.248736671806984e-08,H,L,3.691746217962481e-09,H,4.0,-2.2,0.9893825195340248,0.9893960388101892,0.9909384091130125,0.9789056579801763,219.71179607898674,1.0787520307720317,0.9893960388101892,
LNET-03242,shunt_then_series,L,2.923863004626285e-08,H,L,2.256067133199294e-09,H,3.5999999999999996,-3.6,0.9860420852552761,0.986921979285691,0.9909971414522738,0.974019757925134,221.15166320758516,4.012466788357874,0.986921979285691,
LNET-00214,series_then_shunt,C,1.0829122239356614e-12,F,L,3.384100699798942e-09,H,-3.0,-2.4,0.9767633679159564,0.9706400231639525,0.9910096976896453,0.9423960371638733,221.46192963905955,1.1025248150565137,0.9706400231639525,
LNET-00199,series_then_shunt,C,1.0152302099396824e-12,F,C,9.096462681059554e-12,F,-3.2,2.8,0.9895953935174312,0.9893543352406362,0.991016754587628,0.9788230762883179,221.63668732076795,1.0450950707132693,0.9893543352406362,
LNET-00241,series_then_shunt,C,1.0829122239356614e-12,F,C,9.746210015420952e-12,F,-3.0,3.0,0.9896050856975049,0.9893518561286528,0.9910268698124219,0.978818209174463,221.88766107157312,1.0388133583134396,0.9893518561286528,
LNET-01230,series_then_shunt,L,1.4619315023131425e-08,H,C,1.2994946687227937e-11,F,1.7999999999999998,4.0,0.9742765864397532,0.9697975025551544,0.9910573351813353,0.9409145226654644,222.64698225362315,1.0246816287086191,0.9697975025551544,
LNET-00334,series_then_shunt,C,1.3536402799195768e-12,F,L,2.7072805598391537e-09,H,-2.4,-3.0,0.9758960763110957,0.9687141859122931,0.991083062841874,0.9387301157627873,223.29226140473529,1.0600212981003718,0.9687141859122931,
LNET-01670,series_then_shunt,L,3.248736671806984e-08,H,C,5.847726009252571e-12,F,4.0,1.7999999999999998,0.9784102248011052,0.9764554429721579,0.9911035187742631,0.9536246065969834,223.80798298254484,1.1783510259315344,0.9764554429721579,
LNET-01843,shunt_then_series,C,9.555107858255836e-13,F,C,1.1695452018505142e-11,F,-3.4,3.5999999999999996,0.9857875626271391,0.9859044403217259,0.991111312144766,0.9720144158067755,224.00508877947865,3.718889366503492,0.9859044403217259,
LNET-00032,series_then_shunt,C,8.12184167951746e-13,F,C,7.147220677975366e-12,F,-4.0,2.2,0.9896970252653778,0.9894920295238062,0.9911578783269991,0.9790954822725689,225.19005640998188,1.074727344382643,0.9894920295238062,
LNET-00093,series_then_shunt,C,9.024268532797177e-13,F,L,4.06092083975873e-09,H,-3.6,-2.0,0.9781176846017571,0.9730111410590504,0.9911671335945822,0.9469424716456701,225.4270632207527,1.1524369216167212,0.9730111410590504,
LNET-03284,shunt_then_series,L,3.0862998382166346e-08,H,L,2.388776964563959e-09,H,3.8,-3.4,0.98610788616519,0.9869536390682795,0.991179283842589,0.9740828578236181,225.73895909456766,4.21825245937636,0.9869536390682795,
LNET-00254,series_then_shunt,C,1.160263097073923e-12,F,L,3.1237852613528696e-09,H,-2.8,-2.6,0.9768902192823379,0.9705328157332096,0.9911933183000855,0.942200104379835,226.100293634936,1.085324760252836,0.9705328157332096,
LNET-00368,series_then_shunt,C,1.3536402799195768e-12,F,C,1.2345199352866539e-11,F,-2.4,3.8,0.989753612887542,0.9894546039166099,0.9912101453369335,0.979021713796441,226.53504769580218,1.022645406608667,0.9894546039166099,
LNET-00294,series_then_shunt,C,1.2495141045411476e-12,F,L,2.9006577426848075e-09,H,-2.6,-2.8,0.9766117259936625,0.9699109051267286,0.9912180219021003,0.9410152558307817,226.73912411354314,1.0714807228485155,0.9699109051267286,
LNET-01356,series_then_shunt,L,2.1116788366745392e-08,H,L,2.256067133199294e-09,H,2.5999999999999996,-3.6,0.98974601951838,0.9896969244379547,0.9912441940545148,0.97950131298865,227.41986362560615,1.0276104108120951,0.9896969244379547,
LNET-01608,series_then_shunt,L,3.0862998382166346e-08,H,L,3.384100699798942e-09,H,3.8,-2.4,0.9898301647579343,0.9898341147754796,0.9912790082755489,0.9797725926764191,228.3317162992593,1.0665376190486777,0.9898341147754796,
LNET-03326,shunt_then_series,L,3.248736671806984e-08,H,L,2.538075524849206e-09,H,4.0,-3.2,0.986065991709287,0.9868775082188075,0.9912947104913467,0.973933382780889,228.74537469568745,4.424846143743415,0.9868775082188075,
LNET-01801,shunt_then_series,C,9.024268532797177e-13,F,C,1.1045704684143746e-11,F,-3.6,3.4000000000000004,0.9859636780931589,0.9860059159107917,0.9913352674673616,0.9722151475968712,229.820742875371,3.918304549429129,0.9860059159107917,
LNET-00413,series_then_shunt,C,1.624368335903492e-12,F,L,2.256067133199294e-09,H,-2.0,-3.6,0.9758450938007751,0.9680733766664089,0.9913369161355281,0.9375271229302273,229.86467028239025,1.036458502948745,0.9680733766664089,
LNET-00012,series_then_shunt,C,8.12184167951746e-13,F,L,4.51213426639859e-09,H,-4.0,-1.7999999999999998,0.9791473577419654,0.9746468004596618,0.9913537115874819,0.950093749763576,230.31312588467344,1.1892919797574515,0.9746468004596618,
LNET-03199,shunt_then_series,L,2.761426171035937e-08,H,L,2.030460419879365e-09,H,3.4000000000000004,-4.0,0.9869968998002527,0.9878553777444596,0.9913869640581293,0.9758615450554757,231.2061597673556,3.801632173918398,0.9878553777444596,
LNET-01549,series_then_shunt,L,2.761426171035937e-08,H,C,7.147220677975366e-12,F,3.4000000000000004,2.2,0.978222389622816,0.9758026582987921,0.9914249088895822,0.952382366962412,232.2336734673555,1.1169755480339887,0.9758026582987921,
LNET-01309,series_then_shunt,L,1.7868051694938416e-08,H,C,1.1045704684143746e-11,F,2.2,3.4000000000000004,0.9761721702666478,0.9724024287186055,0.9914315428831562,0.9458830279411515,232.41425098205923,1.0412274158208459,0.9724024287186055,
LNET-01886,shunt_then_series,C,1.0152302099396824e-12,F,C,1.2994946687227937e-11,F,-3.2,4.0,0.9866146117829583,0.9868330456309137,0.9914442183522447,0.9738444613365299,232.76005633859606,3.5148086998463075,0.9868330456309137,
LNET-01759,shunt_then_series,C,8.549307031071011e-13,F,C,1.039595734978235e-11,F,-3.8,3.2,0.9860265892258664,0.9859878281277294,0.9914872816427306,0.9721803113511802,233.94257839413962,4.118671878760919,0.9859878281277294,
LNET-01398,series_then_shunt,L,2.2741156702648887e-08,H,L,2.388776964563959e-09,H,2.8,-3.4,0.9900853969516853,0.9900471310847385,0.9915003370272394,0.9801944576057665,234.30344749074422,1.0317631483379395,0.9900471310847385,
LNET-00074,series_then_shunt,C,8.549307031071011e-13,F,C,7.796968012336763e-12,F,-3.8,2.4000000000000004,0.9901469769233083,0.9899459155751787,0.9915004670288909,0.9799938097048141,234.30704649281816,1.063107993113342,0.9899459155751787,
LNET-01566,series_then_shunt,L,2.923863004626285e-08,H,L,3.1237852613528696e-09,H,3.5999999999999996,-2.6,0.9901336841067458,0.990129100861655,0.9915149024509927,0.9803565921874927,234.70736676256493,1.0567415627697299,0.990129100861655,
LNET-00452,series_then_shunt,C,1.8048537065594359e-12,F,L,2.030460419879365e-09,H,-1.7999999999999998,-4.0,0.9760820163680283,0.9681245893858211,0.9915542441608579,0.9376365731598857,235.80533016724743,1.0263067636067542,0.9681245893858211,
LNET-00326,series_then_shunt,C,1.2495141045411476e-12,F,C,1.1695452018505142e-11,F,-2.6,3.5999999999999996,0.9901984503067254,0.9899305050737106,0.9915543339772941,0.9799634991508739,235.80784850159384,1.0261312186718885,0.9899305050737106,
LNET-01717,shunt_then_series,C,8.12184167951746e-13,F,C,9.746210015420952e-12,F,-4.0,3.0,0.9859810501225209,0.9858515544545069,0.9915733306887509,0.9719126935474814,236.34169766578015,4.319836085288072,0.9858515544545069,
LNET-03359,shunt_then_series,L,3.248736671806984e-08,H,C,1.1045704684143746e-11,F,4.0,3.4000000000000004,0.9855092931108775,0.9860908870707532,0.9915879259896068,0.9723853231271327,236.75349545533865,3.9491537152576326,0.9860908870707532,
LNET-01685,shunt_then_series,C,8.12184167951746e-13,F,L,2.388776964563959e-09,H,-4.0,-3.4,0.9840858702920957,0.98397643272367,0.9916082954379234,0.9682245872455709,237.33060198976796,3.8339112477275106,0.98397643272367,
LNET-01313,series_then_shunt,L,1.9492420030841907e-08,H,L,2.030460419879365e-09,H,2.4000000000000004,-4.0,0.9901496623622357,0.9900909109265683,0.9916181393734934,0.9802813175690727,237.610505366225,1.0218292400231797,0.9900909109265683,
LNET-03241,shunt_then_series,L,2.923863004626285e-08,H,L,2.1373267577677528e-09,H,3.5999999999999996,-3.8,0.9872020990893551,0.9880284819858669,0.991645820560525,0.9762038958581286,238.4011302354404,4.006148759076341,0.9880284819858669,
LNET-01440,series_then_shunt,L,2.4365525038552382e-08,H,L,2.538075524849206e-09,H,3.0,-3.2,0.9902848790895182,0.9902559271612132,0.9916484600568587,0.9806078251873211,238.4767927371883,1.0365384452885547,0.9902559271612132,
LNET-01524,series_then_shunt,L,2.761426171035937e-08,H,L,2.9006577426848075e-09,H,3.4000000000000004,-2.8,0.9903068698894555,0.9902942733105743,0.9916533662267932,0.9806836859069552,238.61755772969562,1.0487484236553903,0.9902942733105743,
LNET-01482,series_then_shunt,L,2.5989893374455874e-08,H,L,2.7072805598391537e-09,H,3.2,-3.0,0.9903569289977426,0.9903363654264393,0.9916979755924823,0.9807670770965301,239.90509757944656,1.0421205013689314,0.9903363654264393,
LNET-00133,series_then_shunt,C,9.555107858255836e-13,F,L,3.691746217962481e-09,H,-3.4,-2.2,0.9790948763045136,0.9739632957615311,0.9917043287320982,0.9487915216552301,240.08959183792052,1.1241223609115614,0.9739632957615311,
LNET-03239,shunt_then_series,L,2.761426171035937e-08,H,C,1.2994946687227937e-11,F,3.4000000000000004,4.0,0.9849060709110928,0.9855619876100039,0.9917107240256403,0.9713454163011758,240.27559586463053,3.387157833132744,0.9855619876100039,
LNET-03319,shunt_then_series,L,3.0862998382166346e-08,H,C,1.1695452018505142e-11,F,3.8,3.5999999999999996,0.9854282690236987,0.9860319722888853,0.9917157003291533,0.9722699461249369,240.4205279220182,3.7616715276907273,0.9860319722888853,
LNET-00116,series_then_shunt,C,9.024268532797177e-13,F,C,8.446715346698158e-12,F,-3.6,2.5999999999999996,0.9904574885077692,0.9902560306743886,0.9917412637283551,0.9806078392038817,241.1678007647128,1.053794407783211,0.9902560306743886,
LNET-01844,shunt_then_series,C,9.555107858255836e-13,F,C,1.2345199352866539e-11,F,-3.4,3.8,0.9869292693901268,0.9870865208934013,0.9917488656561363,0.9743451173927313,241.3909145882931,3.712781800479456,0.9870865208934013,
LNET-03279,shunt_then_series,L,2.923863004626285e-08,H,C,1.2345199352866539e-11,F,3.5999999999999996,3.8,0.9852302186617051,0.9858581561616542,0.9917565361003383,0.9719281521229487,241.6164564245961,3.574294124295608,0.9858581561616542,
LNET-01725,shunt_then_series,C,8.549307031071011e-13,F,L,2.256067133199294e-09,H,-3.8,-3.6,0.9840461380865884,0.9839133166783988,0.991780387194479,0.9681016051682781,242.32046378834718,3.652318415527747,0.9839133166783988,
LNET-00284,series_then_shunt,C,1.160263097073923e-12,F,C,1.1045704684143746e-11,F,-2.8,3.4000000000000004,0.9904953723074748,0.9902509867621895,0.9917831625410997,0.9805979741378883,242.40264852551437,1.0300705546728013,0.9902509867621895,
LNET-01509,series_then_shunt,L,2.5989893374455874e-08,H,C,7.796968012336763e-12,F,3.2,2.4000000000000004,0.9788143243533555,0.9762918933976206,0.9917893420034121,0.953338147060697,242.58583694889387,1.0966920666035795,0.9762918933976206,
LNET-01349,series_then_shunt,L,1.9492420030841907e-08,H,C,1.039595734978235e-11,F,2.4000000000000004,3.2,0.977557696863967,0.9741898027392283,0.9918007643566665,0.9493123611694031,242.9251763212995,1.048892472845609,0.9741898027392283,
LNET-01630,series_then_shunt,L,3.0862998382166346e-08,H,C,6.497473343613968e-12,F,3.8,2.0,0.9797625895369251,0.9777543934897941,0.991822971240033,0.956154238097357,243.5876196243295,1.1428383817118788,0.9777543934897941,
LNET-01270,series_then_shunt,L,1.624368335903492e-08,H,C,1.2345199352866539e-11,F,2.0,3.8,0.9768962822022993,0.9730476288213792,0.9918241541812827,0.9471350866855706,243.62300835239702,1.0303469723781797,0.9730476288213792,
LNET-03283,shunt_then_series,L,3.0862998382166346e-08,H,L,2.256067133199294e-09,H,3.8,-3.6,0.9873051371809173,0.9881023416234445,0.9918362004440044,0.9763502662141216,243.98396687498106,4.211643284694324,0.9881023416234445,
LNET-00373,series_then_shunt,C,1.4766984871849927e-12,F,L,2.388776964563959e-09,H,-2.2,-3.4,0.9775932986811061,0.9706359923282768,0.9918374315142598,0.9424296689143226,244.0209151070476,1.0437574158102028,0.9706359923282768,
LNET-01805,shunt_then_series,C,9.555107858255836e-13,F,L,2.030460419879365e-09,H,-3.4,-4.0,0.9835706922238826,0.9833882487636749,0.9918497591209452,0.9670717496270159,244.39152028497384,3.28966553896426,0.9833882487636749,
LNET-01765,shunt_then_series,C,9.024268532797177e-13,F,L,2.1373267577677528e-09,H,-3.6,-3.8,0.9838774297790285,0.9837200522069048,0.9918600853707781,0.9677227548091476,244.7028225849066,3.470859765761829,0.9837200522069048,
LNET-00158,series_then_shunt,C,9.555107858255836e-13,F,C,9.096462681059554e-12,F,-3.4,2.8,0.9906426799155019,0.9904368549400531,0.9918877929263149,0.9809659747440663,245.54203003369207,1.0461985996521075,0.9904368549400531,
LNET-00242,series_then_shunt,C,1.0829122239356614e-12,F,C,1.039595734978235e-11,F,-3.0,3.2,0.9906625622017494,0.9904357585148351,0.9919103586109469,0.9809638624954383,246.22974774956015,1.0346027267862932,0.9904357585148351,
LNET-00369,series_then_shunt,C,1.3536402799195768e-12,F,C,1.2994946687227937e-11,F,-2.4,4.0,0.9906170155102936,0.9903430255474072,0.9919364837037581,0.9807803853872137,247.03075067041425,1.0206507035794699,0.9903430255474072,
LNET-00200,series_then_shunt,C,1.0152302099396824e-12,F,C,9.746210015420952e-12,F,-3.2,3.0,0.9907103736656809,0.9904962072585385,0.9919440414853274,0.981083560265135,247.26344330812287,1.039902852366675,0.9904962072585385,
LNET-03325,shunt_then_series,L,3.248736671806984e-08,H,L,2.388776964563959e-09,H,4.0,-3.4,0.9873112659771275,0.9880805453361697,0.9919649957615656,0.9763077324327378,247.91088301276315,4.418000804468356,0.9880805453361697,
LNET-01802,shunt_then_series,C,9.024268532797177e-13,F,C,1.1695452018505142e-11,F,-3.6,3.5999999999999996,0.9871328004064251,0.9872273331020647,0.9919785285567442,0.9746235534941714,248.33081344838934,3.9118750517467666,0.9872273331020647,
LNET-01355,series_then_shunt,L,2.1116788366745392e-08,H,L,2.1373267577677528e-09,H,2.5999999999999996,-3.8,0.990649326347955,0.9906026437426091,0.9919988588186534,0.9812946713527376,248.96434316928097,1.0250579114767264,0.9906026437426091,
LNET-01469,series_then_shunt,L,2.4365525038552382e-08,H,C,8.446715346698158e-12,F,3.0,2.5999999999999996,0.9790516748920214,0.9763963458264111,0.9920013037952043,0.9535484483763033,249.04075024138203,1.0808381109557357,0.9763963458264111,
LNET-01389,series_then_shunt,L,2.1116788366745392e-08,H,C,9.746210015420952e-12,F,2.5999999999999996,3.0,0.9784539928879193,0.9753916597011327,0.9920088256476198,0.9516221961258864,249.2761060900017,1.0576987388113996,0.9753916597011327,
LNET-01649,series_then_shunt,L,3.248736671806984e-08,H,L,3.384100699798942e-09,H,4.0,-2.4,0.9907272172178987,0.9907342283550474,0.992022057181599,0.9815551124258021,249.69119264517965,1.0676750523577996,0.9907342283550474,
LNET-00052,series_then_shunt,C,8.549307031071011e-13,F,L,4.06092083975873e-09,H,-3.8,-2.0,0.980488439246907,0.9760290244677565,0.9920635813465509,0.9527810089141577,251.0028349475772,1.151560143360074,0.9760290244677565,
LNET-00173,series_then_shunt,C,1.0152302099396824e-12,F,L,3.384100699798942e-09,H,-3.2,-2.4,0.9797130550041542,0.9745052244975299,0.9920714715495023,0.9498472902023147,251.25361963283908,1.102573341645641,0.9745052244975299,
LNET-01429,series_then_shunt,L,2.2741156702648887e-08,H,C,9.096462681059554e-12,F,2.8,2.8,0.9789375325748766,0.9761069041319855,0.9920734548036587,0.9529963636570762,251.31673452428623,1.0681346303468378,0.9761069041319855,
LNET-01760,shunt_then_series,C,8.549307031071011e-13,F,C,1.1045704684143746e-11,F,-3.8,3.4000000000000004,0.987233557679478,0.9872613849940948,0.992141702340869,0.9746913568175058,253.50804827634346,4.111961950564298,0.9872613849940948,
LNET-00333,series_then_shunt,C,1.3536402799195768e-12,F,L,2.538075524849206e-09,H,-2.4,-3.2,0.9787977137005852,0.9724497176096396,0.9921618330737593,0.9459098848546621,254.16170028280087,1.0518588133313311,0.9724497176096396,
LNET-00033,series_then_shunt,C,8.12184167951746e-13,F,C,7.796968012336763e-12,F,-4.0,2.4000000000000004,0.991003608402952,0.9908278674491185,0.9922161352324359,0.981740569462996,255.94177117954803,1.0641916344960782,0.9908278674491185,
LNET-03240,shunt_then_series,L,2.923863004626285e-08,H,L,2.030460419879365e-09,H,3.5999999999999996,-4.0,0.98823082899636,0.9890054148204517,0.9922298525954677,0.9781344821716846,256.395374357172,4.000032326512912,0.9890054148204517,
LNET-00412,series_then_shunt,C,1.624368335903492e-12,F,L,2.1373267577677528e-09,H,-2.0,-3.8,0.9783848392323372,0.9714256781428624,0.9922417126439396,0.9439571397750551,256.7888531594138,1.0322416057079542,0.9714256781428624,
LNET-01718,shunt_then_series,C,8.12184167951746e-13,F,C,1.039595734978235e-11,F,-4.0,3.2,0.9872367579132314,0.9871912150217436,0.9922444383050921,0.9745535548468532,256.87945202127065,4.312916461959703,0.9871912150217436,
LNET-01397,series_then_shunt,L,2.2741156702648887e-08,H,L,2.256067133199294e-09,H,2.8,-3.6,0.9910015509853763,0.9909647507454905,0.9922662657852037,0.9820120544189483,257.6072839397006,1.0286697998086463,0.9909647507454905,
LNET-01607,series_then_shunt,L,3.0862998382166346e-08,H,L,3.1237852613528696e-09,H,3.8,-2.6,0.9910478862694633,0.9910473242550006,0.992272636522088,0.9821755389938889,257.8204897720703,1.0578085985985781,0.9910473242550006,
LNET-00327,series_then_shunt,C,1.2495141045411476e-12,F,C,1.2345199352866539e-11,F,-2.6,3.8,0.9910636882598625,0.9908194017823804,0.9922833219590242,0.9817239816969178,258.1788836310067,1.0237109594799714,0.9908194017823804,
LNET-00213,series_then_shunt,C,1.0829122239356614e-12,F,L,3.1237852613528696e-09,H,-3.0,-2.6,0.9799956919094538,0.9746456243305953,0.9922920689018951,0.9501259957792204,258.47299924512015,1.085736686729333,0.9746456243305953,
LNET-01845,shunt_then_series,C,9.555107858255836e-13,F,C,1.2994946687227937e-11,F,-3.4,4.0,0.9879452867289736,0.9881311890369026,0.99232256454909,0.976407415021978,259.50365552248707,3.7068876486044893,0.9881311890369026,
LNET-00293,series_then_shunt,C,1.2495141045411476e-12,F,L,2.7072805598391537e-09,H,-2.6,-3.0,0.9795617698833736,0.9736636228321182,0.9923375522482202,0.9482429315162292,260.0131990179565,1.0611857898841464,0.9736636228321182,
LNET-01590,series_then_shunt,L,2.923863004626285e-08,H,C,7.147220677975366e-12,F,3.5999999999999996,2.2,0.9807463860631798,0.9786833216047419,0.9923503904148945,0.9579661724494394,260.4512515637635,1.1165881923244776,0.9786833216047419,
LNET-01310,series_then_shunt,L,1.7868051694938416e-08,H,C,1.1695452018505142e-11,F,2.2,3.5999999999999996,0.9787888502061968,0.9754249598698873,0.9923690873269806,0.9517050951866138,261.09184742362385,1.0362454090181876,0.9754249598698873,
LNET-00253,series_then_shunt,C,1.160263097073923e-12,F,L,2.9006577426848075e-09,H,-2.8,-2.8,0.9799494089920461,0.9743755622154824,0.9923793724608547,0.9496108486843123,261.44557810055613,1.0722532172481407,0.9743755622154824,
LNET-03282,shunt_then_series,L,3.0862998382166346e-08,H,L,2.1373267577677528e-09,H,3.8,-3.8,0.9883629526109061,0.9891118938674556,0.9924258101849737,0.9783453940900007,263.0546446343643,4.205204815375177,0.9891118938674556,
LNET-01439,series_then_shunt,L,2.4365525038552382e-08,H,L,2.388776964563959e-09,H,3.0,-3.4,0.9912276813907867,0.991199251306483,0.9924359474809509,0.9824767695065632,263.4085290210835,1.0327820324835648,0.991199251306483,
LNET-01565,series_then_shunt,L,2.923863004626285e-08,H,L,2.9006577426848075e-09,H,3.5999999999999996,-2.8,0.9912521255212402,0.9912446306019256,0.9924361058130903,0.9825666315541722,263.41406378492877,1.0497713488560358,0.9912446306019256,
LNET-00075,series_then_shunt,C,8.549307031071011e-13,F,C,8.446715346698158e-12,F,-3.8,2.5999999999999996,0.9913283909536713,0.9911536683166016,0.9924697118461631,0.9823862420923332,264.59408606175737,1.0548107484842402,0.9911536683166016,
LNET-01523,series_then_shunt,L,2.761426171035937e-08,H,L,2.7072805598391537e-09,H,3.4000000000000004,-3.0,0.9913486775780528,0.9913344838069894,0.9925172866678743,0.9827447760930442,266.2827236897287,1.0431216938903698,0.9913344838069894,
LNET-01481,series_then_shunt,L,2.5989893374455874e-08,H,L,2.538075524849206e-09,H,3.2,-3.2,0.9913410555212852,0.9913200142610341,0.992517806037413,0.9827161202528173,266.30127687153634,1.0375383751310197,0.9913200142610341,
LNET-03360,shunt_then_series,L,3.248736671806984e-08,H,C,1.1695452018505142e-11,F,4.0,3.5999999999999996,0.9868228372279435,0.9873664758759624,0.9925211900414859,0.9749015497385426,266.4222250724705,3.9600390483170833,0.9873664758759624,
LNET-00285,series_then_shunt,C,1.160263097073923e-12,F,C,1.1695452018505142e-11,F,-2.8,3.5999999999999996,0.9913753098539595,0.991153749839366,0.9925245798941855,0.9823865274694814,266.54349209676843,1.0271366329001776,0.991153749839366,
LNET-01803,shunt_then_series,C,9.024268532797177e-13,F,C,1.2345199352866539e-11,F,-3.6,3.8,0.988169366113216,0.9883018365535533,0.992555398152335,0.9767449794751555,267.65103613664553,3.9056382428464573,0.9883018365535533,
LNET-03324,shunt_then_series,L,3.248736671806984e-08,H,L,2.256067133199294e-09,H,4.0,-3.6,0.9884074812385317,0.9891328872434818,0.992564705461388,0.9783872934849385,267.9873265428632,4.411270789035743,0.9891328872434818,
LNET-01684,shunt_then_series,C,8.12184167951746e-13,F,L,2.256067133199294e-09,H,-4.0,-3.6,0.9855744572973733,0.9854469521371739,0.9925811088808076,0.9711190593065531,268.582066628001,3.8451746010164563,0.9854469521371739,
LNET-00092,series_then_shunt,C,9.024268532797177e-13,F,L,3.691746217962481e-09,H,-3.6,-2.2,0.9814735095520741,0.9770276635679459,0.9925864671930399,0.9547255790156525,268.7769136628522,1.123674151078873,0.9770276635679459,
LNET-03280,shunt_then_series,L,2.923863004626285e-08,H,C,1.2994946687227937e-11,F,3.5999999999999996,4.0,0.9864845833206801,0.9870677142855352,0.9925950657585764,0.9743132166244426,269.09017700817435,3.583943872788318,0.9870677142855352,
LNET-03320,shunt_then_series,L,3.0862998382166346e-08,H,C,1.2345199352866539e-11,F,3.8,3.8,0.9867066912920529,0.9872687248573846,0.9925952973005346,0.9747092363690943,269.0986226151126,3.771928814639452,0.9872687248573846,
LNET-01671,series_then_shunt,L,3.248736671806984e-08,H,C,6.497473343613968e-12,F,4.0,2.0,0.9818825628760348,0.9801416716769266,0.9926244233057517,0.9607952458424276,270.1652366871421,1.1420522276756269,0.9801416716769266,
LNET-00117,series_then_shunt,C,9.024268532797177e-13,F,C,9.096462681059554e-12,F,-3.6,2.8,0.9915407938175348,0.9913637438642147,0.9926387407415644,0.9828026929597333,270.69264520986957,1.0471726025345924,0.9913637438642147,
LNET-01271,series_then_shunt,L,1.624368335903492e-08,H,C,1.2994946687227937e-11,F,2.0,4.0,0.9792211483248004,0.9757599385189041,0.9926391907514505,0.9523607800547071,270.70925539119276,1.0270380877693324,0.9757599385189041,
LNET-01354,series_then_shunt,L,2.1116788366745392e-08,H,L,2.030460419879365e-09,H,2.5999999999999996,-4.0,0.991440422659558,0.9913961265211777,0.9926625175418441,0.9828671675647443,271.57305368776986,1.022842391449176,0.9913961265211777,
LNET-00243,series_then_shunt,C,1.0829122239356614e-12,F,C,1.1045704684143746e-11,F,-3.0,3.4000000000000004,0.9915703030388733,0.991365971382965,0.9926740698534889,0.9828071798118734,272.0028760856381,1.0310387078027374,0.991365971382965,
LNET-01724,shunt_then_series,C,8.549307031071011e-13,F,L,2.1373267577677528e-09,H,-3.8,-3.8,0.9854907062337888,0.9853398126274021,0.9926897897709754,0.97090896942988,272.5899430168468,3.662961821616325,0.9853398126274021,
LNET-01764,shunt_then_series,C,9.024268532797177e-13,F,L,2.030460419879365e-09,H,-3.6,-4.0,0.9852905202465725,0.985115548201215,0.9927207323409715,0.9704683160568122,273.75291384832985,3.480895152344048,0.985115548201215,
LNET-01550,series_then_shunt,L,2.761426171035937e-08,H,C,7.796968012336763e-12,F,3.4000000000000004,2.4000000000000004,0.9814013799221626,0.9792708587140925,0.9927208461971108,0.9591146564131274,273.7572113679149,1.0966201512269484,0.9792708587140925,
LNET-01761,shunt_then_series,C,8.549307031071011e-13,F,C,1.1695452018505142e-11,F,-3.8,3.5999999999999996,0.9882997065312077,0.988376500421945,0.9927265232521617,0.9768929549461485,273.9716633925321,4.10540351207134,0.988376500421945,
LNET-00159,series_then_shunt,C,9.555107858255836e-13,F,C,9.746210015420952e-12,F,-3.4,3.0,0.9916499401129341,0.9914673227740021,0.9927283081681979,0.9830080707476452,274.0391581850565,1.0408557061543067,0.9914673227740021,
LNET-00372,series_then_shunt,C,1.4766984871849927e-12,F,L,2.256067133199294e-09,H,-2.2,-3.6,0.9800489407190853,0.9738446525880713,0.992729422325145,0.9486080564043881,274.0813057010495,1.038451191658622,0.9738446525880713,
LNET-00201,series_then_shunt,C,1.0152302099396824e-12,F,C,1.039595734978235e-11,F,-3.2,3.2,0.9916599806196731,0.9914684032890211,0.9927404542936777,0.9830102361312931,274.4993330034719,1.0355537401029764,0.9914684032890211,
LNET-01350,series_then_shunt,L,1.9492420030841907e-08,H,C,1.1045704684143746e-11,F,2.4000000000000004,3.4000000000000004,0.9801311879615353,0.9771369913201372,0.9927416102857206,0.9550063379368005,274.54320982041116,1.0426774891948558,0.9771369913201372,
LNET-00011,series_then_shunt,C,8.12184167951746e-13,F,L,4.06092083975873e-09,H,-4.0,-2.0,0.9824983039700191,0.9785755498091394,0.9928309898289265,0.9577264564125839,277.9785412873129,1.1506828560723694,0.9785755498091394,
LNET-01719,shunt_then_series,C,8.12184167951746e-13,F,C,1.1045704684143746e-11,F,-4.0,3.4000000000000004,0.9883418970578257,0.9883586230548671,0.9928420114017623,0.9768581275399769,278.4081008305049,4.306076773936128,0.9883586230548671,
LNET-00328,series_then_shunt,C,1.2495141045411476e-12,F,C,1.2994946687227937e-11,F,-2.6,4.0,0.9918212292550914,0.9915976034566156,0.9929242808485662,0.9832665460589551,281.6567811972482,1.0216108456183257,0.9915976034566156,
LNET-01648,series_then_shunt,L,3.248736671806984e-08,H,L,3.1237852613528696e-09,H,4.0,-2.6,0.991841616393943,0.9918440595890153,0.9929337335429925,0.9837552184891318,282.03489716505663,1.058763268460084,0.9918440595890153,
LNET-01396,series_then_shunt,L,2.2741156702648887e-08,H,L,2.1373267577677528e-09,H,2.8,-3.8,0.9917987925135523,0.9917635752164506,0.9929360841338379,0.9835957380416893,282.1290799456579,1.0260054616841014,0.9917635752164506,
LNET-03281,shunt_then_series,L,3.0862998382166346e-08,H,L,2.030460419879365e-09,H,3.8,-4.0,0.9893007596813599,0.9900029002638835,0.9929565311499482,0.9801080849335978,282.95099667194387,4.198979505453963,0.9900029002638835,
LNET-00132,series_then_shunt,C,9.555107858255836e-13,F,L,3.384100699798942e-09,H,-3.4,-2.4,0.9821429388584776,0.9776698520176431,0.9929570823703988,0.9559784350213211,282.97322035885463,1.1024662188117527,0.9776698520176431,
LNET-01510,series_then_shunt,L,2.5989893374455874e-08,H,C,8.446715346698158e-12,F,3.2,2.5999999999999996,0.9817543086171413,0.9795344934285932,0.9929579405262758,0.9596330332027727,283.0078257592888,1.0810421747227412,0.9795344934285932,
LNET-01390,series_then_shunt,L,2.1116788366745392e-08,H,C,1.039595734978235e-11,F,2.5999999999999996,3.2,0.9810389424672467,0.9783257717935402,0.9929728596943305,0.9573030073472799,283.6107965691805,1.0499565429677804,0.9783257717935402,
LNET-00411,series_then_shunt,C,1.624368335903492e-12,F,L,2.030460419879365e-09,H,-2.0,-4.0,0.9805551997777312,0.9742966055328502,0.9930140607857042,0.9494878283332377,285.28935045802643,1.0287131888240337,0.9742966055328502,
LNET-00332,series_then_shunt,C,1.3536402799195768e-12,F,L,2.388776964563959e-09,H,-2.4,-3.4,0.9812244935201592,0.9755871007249954,0.9930602030220431,0.9519680653607211,287.1928688047604,1.045245083623971,0.9755871007249954,
LNET-01804,shunt_then_series,C,9.024268532797177e-13,F,C,1.2994946687227937e-11,F,-3.6,4.0,0.9890915138658817,0.9892510551764842,0.9930743465670115,0.9786211448347455,287.7814152630779,3.8996271630675294,0.9892510551764842,
LNET-01470,series_then_shunt,L,2.4365525038552382e-08,H,C,9.096462681059554e-12,F,3.0,2.8,0.9818172071847681,0.9794774139650134,0.9930759770173933,0.9595275543401524,287.8494167370661,1.0686036013441536,0.9794774139650134,
LNET-01430,series_then_shunt,L,2.2741156702648887e-08,H,C,9.746210015420952e-12,F,2.8,3.0,0.9815861296992751,0.979085890572794,0.9930813156976133,0.958772369621215,288.0723022743011,1.0584459644076145,0.979085890572794,
LNET-03323,shunt_then_series,L,3.248736671806984e-08,H,L,2.1373267577677528e-09,H,4.0,-3.8,0.9893757451817852,0.9900574220985331,0.993102846793806,0.9802162959097434,288.9747098852173,4.404723416360031,0.9900574220985331,
LNET-00034,series_then_shunt,C,8.12184167951746e-13,F,C,8.446715346698158e-12,F,-4.0,2.5999999999999996,0.9920861511660909,0.9919336727895074,0.9931063402421497,0.9839329210388648,289.1216581979498,1.0557205415327398,0.9919336727895074,
LNET-01606,series_then_shunt,L,3.0862998382166346e-08,H,L,2.9006577426848075e-09,H,3.8,-2.8,0.9920666682014707,0.9920630226084315,0.9931142719332375,0.9841895912791135,289.4558502177913,1.050679489632513,0.9920630226084315,
LNET-01438,series_then_shunt,L,2.4365525038552382e-08,H,L,2.256067133199294e-09,H,3.0,-3.6,0.992042528624362,0.9920149017588638,0.9931205903243417,0.9840942202710129,289.7226192789035,1.0295738967037462,0.9920149017588638,
LNET-01631,series_then_shunt,L,3.0862998382166346e-08,H,C,7.147220677975366e-12,F,3.8,2.2,0.9828612776442945,0.9810866644185614,0.9931347151071991,0.9626427723545307,290.32075816653185,1.1161479447838438,0.9810866644185614,
LNET-01311,series_then_shunt,L,1.7868051694938416e-08,H,C,1.2345199352866539e-11,F,2.2,3.8,0.9810099949235549,0.9779961908782886,0.9931634263530453,0.9566779502870347,291.54420463837084,1.032110916103232,0.9779961908782886,
LNET-00286,series_then_shunt,C,1.160263097073923e-12,F,C,1.2345199352866539e-11,F,-2.8,3.8,0.9921408269493502,0.9919390331215965,0.9931728488538236,0.9839436744674022,291.94795987051225,1.024610404776898,0.9919390331215965,
LNET-00172,series_then_shunt,C,1.0152302099396824e-12,F,L,3.1237852613528696e-09,H,-3.2,-2.6,0.9825246692790376,0.9779728188927265,0.9931989816570652,0.9565721425020521,293.0736076793108,1.0859255137709343,0.9779728188927265,
LNET-01564,series_then_shunt,L,2.923863004626285e-08,H,L,2.7072805598391537e-09,H,3.5999999999999996,-3.0,0.9921962660352711,0.9921868901842316,0.9932217243163707,0.984435368754695,294.06029163587095,1.0440030435607757,0.9921868901842316,
LNET-01480,series_then_shunt,L,2.5989893374455874e-08,H,L,2.388776964563959e-09,H,3.2,-3.4,0.9921854171983373,0.9921643761235428,0.9932261913303032,0.9843907429155883,294.2548702692431,1.0336615508981861,0.9921643761235428,
LNET-01762,shunt_then_series,C,8.549307031071011e-13,F,C,1.2345199352866539e-11,F,-3.8,3.8,0.9892446801774419,0.9893571118753687,0.9932508458094258,0.978831256250917,295.3334283862086,4.099050430836418,0.9893571118753687,
LNET-01522,series_then_shunt,L,2.761426171035937e-08,H,L,2.538075524849206e-09,H,3.4000000000000004,-3.2,0.9922355442608168,0.9922204747809927,0.9932589805503514,0.9845020283872419,295.6910294412918,1.0384104563152836,0.9922204747809927,
LNET-00292,series_then_shunt,C,1.2495141045411476e-12,F,L,2.538075524849206e-09,H,-2.6,-3.2,0.9820096389598217,0.9767937103751473,0.9932609495379865,0.954299058742882,295.77771538787914,1.0529499352570582,0.9767937103751473,
LNET-00076,series_then_shunt,C,8.549307031071011e-13,F,C,9.096462681059554e-12,F,-3.8,2.8,0.9923165503552464,0.9921632101185696,0.9932905841459757,0.9843883160406545,297.0885435503904,1.0480378659903482,0.9921632101185696,
LNET-03361,shunt_then_series,L,3.248736671806984e-08,H,C,1.2345199352866539e-11,F,4.0,3.8,0.9879775302575893,0.9884835224494283,0.9933141799827945,0.9771076795704239,298.140568375028,3.9702198133666853,0.9884835224494283,
LNET-00212,series_then_shunt,C,1.0829122239356614e-12,F,L,2.9006577426848075e-09,H,-3.0,-2.8,0.9826328332257728,0.9779400259468625,0.9933267473604234,0.95651329111425,298.70392371161375,1.0727232599227092,0.9779400259468625,
LNET-00051,series_then_shunt,C,8.549307031071011e-13,F,L,3.691746217962481e-09,H,-3.8,-2.2,0.9834730695619356,0.9795900866549456,0.9933359138520523,0.9597070308137023,299.11616830852915,1.123174064557151,0.9795900866549456,
LNET-00244,series_then_shunt,C,1.0829122239356614e-12,F,C,1.1695452018505142e-11,F,-3.0,3.5999999999999996,0.9923546403767437,0.9921695854720112,0.9933379314097918,0.9844010411971326,299.20705624969946,1.0279959124810538,0.9921695854720112,
LNET-00252,series_then_shunt,C,1.160263097073923e-12,F,L,2.7072805598391537e-09,H,-2.8,-3.0,0.9824668301027717,0.977558200983625,0.9933473927917053,0.9557767855789135,299.63401270802774,1.0619479588088734,0.977558200983625,
LNET-03321,shunt_then_series,L,3.0862998382166346e-08,H,C,1.2994946687227937e-11,F,3.8,4.0,0.9878341957569093,0.9883560061598385,0.9933474032868362,0.976856227472844,299.6344869879937,3.7815072809689676,0.9883560061598385,
LNET-01720,shunt_then_series,C,8.12184167951746e-13,F,C,1.1695452018505142e-11,F,-4.0,3.5999999999999996,0.9893178115126566,0.9893804177463591,0.9933758964909198,0.9788777249180607,300.9276491163595,4.299401682009463,0.9893804177463591,
LNET-01683,shunt_then_series,C,8.12184167951746e-13,F,L,2.1373267577677528e-09,H,-4.0,-3.8,0.9868791620951457,0.9867357409234362,0.993400713152656,0.9736593251794178,302.0630500331914,3.8557313335884986,0.9867357409234362,
LNET-00118,series_then_shunt,C,9.024268532797177e-13,F,C,9.746210015420952e-12,F,-3.6,3.0,0.9924550446325956,0.9922981550104425,0.9934040162930238,0.9846560997207303,302.2148181149545,1.0416951617241181,0.9922981550104425,
LNET-00202,series_then_shunt,C,1.0152302099396824e-12,F,C,1.1045704684143746e-11,F,-3.2,3.4000000000000004,0.9924745154366782,0.9923021073634052,0.993428496758935,0.9846639792677477,303.3443678916702,1.031875421400332,0.9923021073634052,
LNET-00160,series_then_shunt,C,9.555107858255836e-13,F,C,1.039595734978235e-11,F,-3.4,3.2,0.992507180187063,0.9923440132528528,0.9934498000472954,0.9847471206431652,304.33419047371297,1.0363839571103988,0.9923440132528528,
LNET-01723,shunt_then_series,C,8.549307031071011e-13,F,L,2.030460419879365e-09,H,-3.8,-4.0,0.9867608117718716,0.9865946507649903,0.9934614936945068,0.9733818363003693,304.8802586639285,3.6729162971772884,0.9865946507649903,
LNET-00371,series_then_shunt,C,1.4766984871849927e-12,F,L,2.1373267577677528e-09,H,-2.2,-3.8,0.9821339537423402,0.9765759825559959,0.9934853150417491,0.9538888638416197,305.99872869016934,1.0340502703761338,0.9765759825559959,
LNET-01591,series_then_shunt,L,2.923863004626285e-08,H,C,7.796968012336763e-12,F,3.5999999999999996,2.4000000000000004,0.9835483173923004,0.9817311226337814,0.9935034669325942,0.9639046111960015,306.8565104262037,1.0964505466443994,0.9817311226337814,
LNET-01395,series_then_shunt,L,2.2741156702648887e-08,H,L,2.030460419879365e-09,H,2.8,-4.0,0.9924964547060933,0.9924628641536227,0.9935247596368928,0.9849831543938217,307.86884313901845,1.0236946032220993,0.9924628641536227,
LNET-01351,series_then_shunt,L,1.9492420030841907e-08,H,C,1.1695452018505142e-11,F,2.4000000000000004,3.5999999999999996,0.9823005793067304,0.9796278277743414,0.9935324037000566,0.959837270490621,308.2338957546709,1.0375705850398833,0.9796278277743414,
LNET-03322,shunt_then_series,L,3.248736671806984e-08,H,L,2.030460419879365e-09,H,4.0,-4.0,0.9902339198812583,0.9908731212546744,0.9935871339843388,0.9818315327880516,310.8730369721912,4.398399729398647,0.9908731212546744,
LNET-00091,series_then_shunt,C,9.024268532797177e-13,F,L,3.384100699798942e-09,H,-3.6,-2.4,0.9841666787287411,0.9802901130134744,0.9937031821854434,0.9610755463734255,316.62075049662735,1.1022598366154515,0.9802901130134744,
LNET-01647,series_then_shunt,L,3.248736671806984e-08,H,L,2.9006577426848075e-09,H,4.0,-2.8,0.9927733519350596,0.9927726147685956,0.9937056033794688,0.9855978942871442,316.7429260616261,1.0514905607011227,0.9927726147685956,
LNET-01437,series_then_shunt,L,2.4365525038552382e-08,H,L,2.1373267577677528e-09,H,3.0,-3.8,0.9927510846610965,0.9927244307018537,0.9937189691946315,0.985502328552396,317.4190719603827,1.026812723910609,0.9927244307018537,
LNET-01763,shunt_then_series,C,8.549307031071011e-13,F,C,1.2994946687227937e-11,F,-3.8,4.0,0.9900850967078398,0.9902230743313176,0.993722405010672,0.980544683957455,317.593347197458,4.092934240222191,0.9902230743313176,
LNET-00287,series_then_shunt,C,1.160263097073923e-12,F,C,1.2994946687227937e-11,F,-2.8,4.0,0.992810559293242,0.9926259982116765,0.993742492149109,0.9853068903651696,318.6160592455723,1.0224199469004576,0.9926259982116765,
LNET-01551,series_then_shunt,L,2.761426171035937e-08,H,C,8.446715346698158e-12,F,3.4000000000000004,2.5999999999999996,0.9839733364196549,0.9820974794706873,0.9937539588191332,0.9646237335366329,319.20282000805634,1.0811018938566204,0.9820974794706873,
LNET-01391,series_then_shunt,L,2.1116788366745392e-08,H,C,1.1045704684143746e-11,F,2.5999999999999996,3.4000000000000004,0.9832018348573861,0.9807885471502883,0.9937760633017197,0.9620892307839919,320.34002914146345,1.0436654907079743,0.9807885471502883,
LNET-01672,series_then_shunt,L,3.248736671806984e-08,H,C,7.147220677975366e-12,F,4.0,2.2,0.9846498770155255,0.9831109370537594,0.9938050231474576,0.9665943793836841,321.8422070986741,1.115680766892852,0.9831109370537594,
LNET-00331,series_then_shunt,C,1.3536402799195768e-12,F,L,2.256067133199294e-09,H,-2.4,-3.6,0.9832707414075293,0.9782407819446182,0.9938154362782756,0.9571123796887958,322.385785964925,1.0398137054290426,0.9782407819446182,
LNET-01605,series_then_shunt,L,3.0862998382166346e-08,H,L,2.7072805598391537e-09,H,3.8,-3.0,0.9929261116383041,0.9929203953665451,0.9938316879549824,0.9858913292391283,323.2378118038787,1.0447841316471607,0.9929203953665451,
LNET-01479,series_then_shunt,L,2.5989893374455874e-08,H,L,2.256067133199294e-09,H,3.2,-3.6,0.9929146612185937,0.9928939376151804,0.9938417177463531,0.9858388477359683,323.76588724325075,1.03035299085921,0.9928939376151804,
LNET-01312,series_then_shunt,L,1.7868051694938416e-08,H,C,1.2994946687227937e-11,F,2.2,4.0,0.9829090636226574,0.9801980497475017,0.9938418210748964,0.9609511901545535,323.77133651428414,1.028642798095284,0.9801980497475017,
LNET-01721,shunt_then_series,C,8.12184167951746e-13,F,C,1.2345199352866539e-11,F,-4.0,3.8,0.9901825634733762,0.9902786520519861,0.993854438084955,0.980654999406296,324.4381011285204,4.2929434876844885,0.9902786520519861,
LNET-00035,series_then_shunt,C,8.12184167951746e-13,F,C,9.096462681059554e-12,F,-4.0,2.8,0.9929910451906175,0.992857402399006,0.9938599403302002,0.9857661981606929,324.72973351335696,1.0488110639722068,0.992857402399006,
LNET-01563,series_then_shunt,L,2.923863004626285e-08,H,L,2.538075524849206e-09,H,3.5999999999999996,-3.2,0.9929994474158115,0.9929889139758021,0.9938958521761593,0.9860274046308253,326.6460625983993,1.0391768243303139,0.9929889139758021,
LNET-01521,series_then_shunt,L,2.761426171035937e-08,H,L,2.388776964563959e-09,H,3.4000000000000004,-3.4,0.992995930749845,0.9929804828498401,0.9938995094073229,0.9860106796799378,326.842485717582,1.0344272994448054,0.9929804828498401,
LNET-01511,series_then_shunt,L,2.5989893374455874e-08,H,C,9.096462681059554e-12,F,3.2,2.8,0.9841536317376355,0.9821965082095497,0.9939012120014842,0.9648208958471154,326.9340092632689,1.0688749389548513,0.9821965082095497,
LNET-01431,series_then_shunt,L,2.2741156702648887e-08,H,C,1.039595734978235e-11,F,2.8,3.2,0.983784760828711,0.9815683641307338,0.9939129855089675,0.9636036982130928,327.56829944243106,1.0506728714882267,0.9815683641307338,
LNET-00245,series_then_shunt,C,1.0829122239356614e-12,F,C,1.2345199352866539e-11,F,-3.0,3.8,0.9930365011954778,0.9928681106766366,0.9939180573131916,0.9857875362210425,327.8422964487906,1.0253778271146483,0.9928681106766366,
LNET-01471,series_then_shunt,L,2.4365525038552382e-08,H,C,9.746210015420952e-12,F,3.0,3.0,0.984093782678213,0.9820258954160885,0.99395347313269,0.9644918338421574,329.7683971128648,1.0589301622235923,0.9820258954160885,
LNET-00131,series_then_shunt,C,9.555107858255836e-13,F,L,3.1237852613528696e-09,H,-3.4,-2.6,0.9846093777616783,0.9806980088302342,0.9939559170018354,0.9618746274779227,329.9021402597108,1.0859663039583063,0.9806980088302342,
LNET-00010,series_then_shunt,C,8.12184167951746e-13,F,L,3.691746217962481e-09,H,-4.0,-2.2,0.9851691024386194,0.9817527070865996,0.9939778511736446,0.9639249228745919,331.10736859361003,1.1226486232550013,0.9817527070865996,
LNET-00077,series_then_shunt,C,8.549307031071011e-13,F,C,9.746210015420952e-12,F,-3.8,3.0,0.9931499702938639,0.9930142502237759,0.9939902118482383,0.9860776648999009,331.7904327898366,1.0424396154317441,0.9930142502237759,
LNET-03362,shunt_then_series,L,3.248736671806984e-08,H,C,1.2994946687227937e-11,F,4.0,4.0,0.9889959818659536,0.9894656670403672,0.9939923439332184,0.9790494293802438,331.90853833306215,3.9797324801789937,0.9894656670403672,
LNET-00203,series_then_shunt,C,1.0152302099396824e-12,F,C,1.1695452018505142e-11,F,-3.2,3.5999999999999996,0.9931778331422018,0.9930218389607574,0.99402625860513,0.9860927787672676,333.7985571852063,1.0287372864658288,0.9930218389607574,
LNET-00291,series_then_shunt,C,1.2495141045411476e-12,F,L,2.388776964563959e-09,H,-2.6,-3.4,0.9840583369551256,0.9794235382525855,0.9940304333534381,0.9594068725064103,334.03269473536693,1.0462616510815284,0.9794235382525855,
LNET-00119,series_then_shunt,C,9.024268532797177e-13,F,C,1.039595734978235e-11,F,-3.6,3.2,0.9932326204455946,0.9930925917010345,0.9940605996681816,0.986233260127322,335.7343314586248,1.03711412742015,0.9930925917010345,
LNET-00161,series_then_shunt,C,9.555107858255836e-13,F,C,1.1045704684143746e-11,F,-3.4,3.4000000000000004,0.9932419949240463,0.993095301842692,0.9940727944536948,0.9862386567376346,336.4271373542497,1.0326046252352337,0.993095301842692,
LNET-01682,shunt_then_series,C,8.12184167951746e-13,F,L,2.030460419879365e-09,H,-4.0,-4.0,0.9880263519417657,0.9878695372090729,0.9940963516808813,0.9758968105110352,337.7735671047824,3.86561121195959,0.9878695372090729,
LNET-00171,series_then_shunt,C,1.0152302099396824e-12,F,L,2.9006577426848075e-09,H,-3.2,-2.8,0.984819672667238,0.9808249317744515,0.9941092299444002,0.9621256094823054,338.51418594225913,1.0729901656787142,0.9808249317744515,
LNET-00370,series_then_shunt,C,1.4766984871849927e-12,F,L,2.030460419879365e-09,H,-2.2,-4.0,0.9839171013652233,0.9789161755748261,0.9941309938218605,0.9584292666036703,339.7731972492186,1.030360689153358,0.9789161755748261,
LNET-00251,series_then_shunt,C,1.160263097073923e-12,F,L,2.538075524849206e-09,H,-2.8,-3.2,0.9845570538960922,0.9802135791564233,0.994146323572205,0.9609409944109198,340.66562239474075,1.0536850261226904,0.9802135791564233,
LNET-01632,series_then_shunt,L,3.0862998382166346e-08,H,C,7.796968012336763e-12,F,3.8,2.4000000000000004,0.9853483305202875,0.9837844342104237,0.9941671193113878,0.9679154962693647,341.88374934613165,1.0962194149856093,0.9837844342104237,
LNET-00211,series_then_shunt,C,1.0829122239356614e-12,F,L,2.7072805598391537e-09,H,-3.0,-3.0,0.9848041825125383,0.9806690604318479,0.9941717254345394,0.9618250733962848,342.1547325948477,1.0624400460751657,0.9806690604318479,
LNET-01352,series_then_shunt,L,1.9492420030841907e-08,H,C,1.2345199352866539e-11,F,2.4000000000000004,3.8,0.9841434431558052,0.9817477707212785,0.9942028523288887,0.9639623941787684,343.99724924492244,1.0333243233566558,0.9817477707212785,
LNET-01436,series_then_shunt,L,2.4365525038552382e-08,H,L,2.030460419879365e-09,H,3.0,-4.0,0.9933707131413294,0.9933451253418405,0.9942445694349201,0.9867349766838494,346.4978939255508,1.0244194839872236,0.9933451253418405,
LNET-01722,shunt_then_series,C,8.12184167951746e-13,F,C,1.2994946687227937e-11,F,-4.0,4.0,0.9909514281009737,0.991071609369614,0.9942847257142691,0.9822254341359075,348.9394604723189,4.286732343567976,0.991071609369614,
LNET-00050,series_then_shunt,C,8.549307031071011e-13,F,L,3.384100699798942e-09,H,-3.8,-2.4,0.985868893340177,0.982481888503269,0.9943374253078764,0.9653534034389067,352.19622411019327,1.1019912786952084,0.982481888503269,
LNET-01646,series_then_shunt,L,3.248736671806984e-08,H,L,2.7072805598391537e-09,H,4.0,-3.0,0.9935588932192643,0.9935559650342547,0.9943632643716124,0.9871537805489655,353.8152923702217,1.0454805994080074,0.9935559650342547,
LNET-01478,series_then_shunt,L,2.5989893374455874e-08,H,L,2.1373267577677528e-09,H,3.2,-3.8,0.993548362289779,0.9935281616630225,0.9943794069294551,0.9870985948057649,354.8343354335954,1.0275072672266012,0.9935281616630225,
LNET-01592,series_then_shunt,L,2.923863004626285e-08,H,C,8.446715346698158e-12,F,3.5999999999999996,2.5999999999999996,0.9858160489678486,0.9842151202170698,0.9944231556182933,0.9687615815749645,357.62575017521584,1.0810655479891673,0.9842151202170698,
LNET-00246,series_then_shunt,C,1.0829122239356614e-12,F,C,1.2994946687227937e-11,F,-3.0,4.0,0.9936326520402357,0.993478768018619,0.9944275506873872,0.9870004329851445,357.90860334488036,1.0231092112260456,0.993478768018619,
LNET-01604,series_then_shunt,L,3.0862998382166346e-08,H,L,2.538075524849206e-09,H,3.8,-3.2,0.9936567961065944,0.993649726242857,0.9944470109402084,0.9873401011093196,359.1663857906196,1.0398549220911262,0.993649726242857,
LNET-01392,series_then_shunt,L,2.1116788366745392e-08,H,C,1.1695452018505142e-11,F,2.5999999999999996,3.5999999999999996,0.9850264084378797,0.9828709539586391,0.9944515929608104,0.966149141398795,359.4638206738577,1.0384861056549533,0.9828709539586391,
LNET-01520,series_then_shunt,L,2.761426171035937e-08,H,L,2.256067133199294e-09,H,3.4000000000000004,-3.6,0.9936522293604703,0.9936367428620982,0.9944557962190209,0.987314329105371,359.7371011256025,1.0310302290408087,0.9936367428620982,
LNET-00330,series_then_shunt,C,1.3536402799195768e-12,F,L,2.1373267577677528e-09,H,-2.4,-3.8,0.9850094380609504,0.9805007738719735,0.9944558479361423,0.9615081422981768,359.74046616397527,1.0353000712308673,0.9805007738719735,
LNET-01562,series_then_shunt,L,2.923863004626285e-08,H,L,2.388776964563959e-09,H,3.5999999999999996,-3.4,0.99368765521764,0.9936764702722426,0.9944777525925389,0.9873932591819816,361.1713864717113,1.0350991531731577,0.9936764702722426,
LNET-00036,series_then_shunt,C,8.12184167951746e-13,F,C,9.746210015420952e-12,F,-4.0,3.0,0.9937537970615674,0.993635641541643,0.9945019602003231,0.9873120722778843,362.7660098636493,1.0431037910791157,0.993635641541643,
LNET-00204,series_then_shunt,C,1.0152302099396824e-12,F,C,1.2345199352866539e-11,F,-3.2,3.8,0.9937888723119355,0.9936470452314242,0.994548357420952,0.9873347797164763,365.8619083148457,1.0260389187830863,0.9936470452314242,
LNET-01552,series_then_shunt,L,2.761426171035937e-08,H,C,9.096462681059554e-12,F,3.4000000000000004,2.8,0.9860733005630634,0.9844183585056467,0.9945883131181186,0.9691622982820985,368.5705320084372,1.069012328335318,0.9844183585056467,
LNET-00078,series_then_shunt,C,8.549307031071011e-13,F,C,1.039595734978235e-11,F,-3.8,3.2,0.9938583820494379,0.9937373692996126,0.9945902048349143,0.9875142395120472,368.6997647725782,1.0377606395022159,0.9937373692996126,
LNET-00090,series_then_shunt,C,9.024268532797177e-13,F,L,3.1237852613528696e-09,H,-3.6,-2.6,0.9863467397231588,0.9829553735051841,0.994593989892926,0.9662822135996686,368.9586128007643,1.0859085526396972,0.9829553735051841,
LNET-01432,series_then_shunt,L,2.2741156702648887e-08,H,C,1.1045704684143746e-11,F,2.8,3.4000000000000004,0.9856256419693984,0.9836529425963937,0.9946063257673142,0.9676734298330177,369.8047452847559,1.0443444767360472,0.9836529425963937,
LNET-00162,series_then_shunt,C,9.555107858255836e-13,F,C,1.1695452018505142e-11,F,-3.4,3.5999999999999996,0.9938760875665709,0.9937434768224914,0.9946137812840515,0.9875263998061038,370.3180072094079,1.0293823946088403,0.9937434768224914,
LNET-00120,series_then_shunt,C,9.024268532797177e-13,F,C,1.1045704684143746e-11,F,-3.6,3.4000000000000004,0.9938987482365172,0.9937729743694269,0.9946272838664927,0.9875850108519582,371.2511947964013,1.0332449504884271,0.9937729743694269,
LNET-01512,series_then_shunt,L,2.5989893374455874e-08,H,C,9.746210015420952e-12,F,3.2,3.0,0.9861298323705293,0.9843989744726491,0.9946718444157956,0.9691270537709038,374.3644142691897,1.0592355727342082,0.9843989744726491,
LNET-00290,series_then_shunt,C,1.2495141045411476e-12,F,L,2.256067133199294e-09,H,-2.6,-3.6,0.9857869974395855,0.9816489404938789,0.9946777108166559,0.9637432556478874,374.7781531786969,1.0407581634313232,0.9816489404938789,
LNET-01472,series_then_shunt,L,2.4365525038552382e-08,H,C,1.039595734978235e-11,F,3.0,3.2,0.9859847559418098,0.9841503859319499,0.9946779878474464,0.9686433075520416,374.7977138478301,1.0511541233676123,0.9841503859319499,
LNET-01673,series_then_shunt,L,3.248736671806984e-08,H,C,7.796968012336763e-12,F,4.0,2.4000000000000004,0.9868714894813151,0.9855145173228802,0.9947346104074549,0.9713042754562755,378.83893971144505,1.095950763669315,0.9855145173228802,
LNET-00130,series_then_shunt,C,9.555107858255836e-13,F,L,2.9006577426848075e-09,H,-3.4,-2.8,0.9866235626087873,0.983189012861731,0.9947627030921354,0.966741816539983,380.87638302436295,1.0731190637037769,0.983189012861731,
LNET-01353,series_then_shunt,L,1.9492420030841907e-08,H,C,1.2994946687227937e-11,F,2.4000000000000004,4.0,0.9857202545152796,0.9835641474730559,0.9947757938126123,0.9675067674620595,381.83328189235687,1.0297564033846418,0.9835641474730559,
LNET-00250,series_then_shunt,C,1.160263097073923e-12,F,L,2.388776964563959e-09,H,-2.8,-3.4,0.9863075705998462,0.9824454937682869,0.9948124765469086,0.9652956703050524,384.5404256164186,1.0469614372621903,0.9824454937682869,
LNET-01477,series_then_shunt,L,2.5989893374455874e-08,H,L,2.030460419879365e-09,H,3.2,-4.0,0.9941021936031499,0.994082643769714,0.9948514676878706,0.9882006200317052,387.4602210397328,1.0250422285617822,0.994082643769714,
LNET-00170,series_then_shunt,C,1.0152302099396824e-12,F,L,2.7072805598391537e-09,H,-3.2,-3.0,0.9867103346830507,0.9831881816722418,0.994852993520193,0.9667425928517936,387.5753802421832,1.0627478715369527,0.9831881816722418,
LNET-00210,series_then_shunt,C,1.0829122239356614e-12,F,L,2.538075524849206e-09,H,-3.0,-3.2,0.9866081452336521,0.9829467717526186,0.9948694986105998,0.9662728649958892,388.82544749565346,1.0541783080002558,0.9829467717526186,
LNET-00009,series_then_shunt,C,8.12184167951746e-13,F,L,3.384100699798942e-09,H,-4.0,-2.4,0.9873135153759093,0.9843323362641637,0.9948809782910117,0.9689751246027939,389.69965194488054,1.101685219422457,0.9843323362641637,
LNET-01645,series_then_shunt,L,3.248736671806984e-08,H,L,2.538075524849206e-09,H,4.0,-3.2,0.9942263796489285,0.9942219655678584,0.9949271025453744,0.9884775669893531,393.252006449757,1.040458654197809,0.9942219655678584,
LNET-01519,series_then_shunt,L,2.761426171035937e-08,H,L,2.1373267577677528e-09,H,3.4000000000000004,-3.8,0.9942222069212536,0.994206911033397,0.9949415097215586,0.9884476672776207,394.3748826055327,1.0281101198186557,0.994206911033397,
LNET-01603,series_then_shunt,L,3.0862998382166346e-08,H,L,2.388776964563959e-09,H,3.8,-3.4,0.9942825342433536,0.9942746180056387,0.9949779227116858,0.9885822691932976,397.24158115881363,1.0356927426725433,0.9942746180056387,
LNET-01561,series_then_shunt,L,2.923863004626285e-08,H,L,2.256067133199294e-09,H,3.5999999999999996,-3.6,0.9942813158190451,0.9942698319719843,0.9949828950726776,0.9885727633661842,397.6362711109122,1.0316235498785913,0.9942698319719843,
LNET-01633,series_then_shunt,L,3.0862998382166346e-08,H,C,8.446715346698158e-12,F,3.8,2.5999999999999996,0.9873619413688556,0.9859832757789558,0.9949909414828164,0.9722263962335133,398.27662915875237,1.08096537509785,0.9859832757789558,
LNET-00329,series_then_shunt,C,1.3536402799195768e-12,F,L,2.030460419879365e-09,H,-2.4,-4.0,0.986497485306588,0.9824381630726671,0.9950032094442429,0.9652871955876571,399.2569204538079,1.0315093572575282,0.9824381630726671,
LNET-00205,series_then_shunt,C,1.0152302099396824e-12,F,C,1.2994946687227937e-11,F,-3.2,4.0,0.9943227915771037,0.994193279946465,0.9950066714278837,0.9884205476613809,399.53442730934523,1.023702117187549,0.994193279946465,
LNET-01393,series_then_shunt,L,2.1116788366745392e-08,H,C,1.2345199352866539e-11,F,2.5999999999999996,3.8,0.9865774498240549,0.9846442210745057,0.9950246551220744,0.9696157251749247,400.98218396346954,1.0341722551081993,0.9846442210745057,
LNET-00037,series_then_shunt,C,8.12184167951746e-13,F,C,1.039595734978235e-11,F,-4.0,3.2,0.9944017951141534,0.994296542536392,0.9950523277857372,0.9886258328231617,403.23049737097045,1.0383365838455265,0.994296542536392,
LNET-00163,series_then_shunt,C,9.555107858255836e-13,F,C,1.2345199352866539e-11,F,-3.4,3.8,0.9944266724995084,0.994306198732269,0.9950860772680045,0.9886450610905061,406.006806797673,1.026613338817079,0.994306198732269,
LNET-00079,series_then_shunt,C,8.549307031071011e-13,F,C,1.1045704684143746e-11,F,-3.8,3.4000000000000004,0.9944649305379009,0.9943563309767515,0.9951078301294627,0.9887447325444203,407.8165482651849,1.0338110839806072,0.9943563309767515,
LNET-00121,series_then_shunt,C,9.024268532797177e-13,F,C,1.1695452018505142e-11,F,-3.6,3.5999999999999996,0.9944732517351877,0.994359644409531,0.9951191586138214,0.9887513304573066,408.76541578743496,1.0299480534838177,0.994359644409531,
LNET-00049,series_then_shunt,C,8.549307031071011e-13,F,L,3.1237852613528696e-09,H,-3.8,-2.6,0.9878089498176502,0.9848444176326322,0.9951366957760373,0.9699812744296619,410.24303722261214,1.0857854259184256,0.9848444176326322,
LNET-01593,series_then_shunt,L,2.923863004626285e-08,H,C,9.096462681059554e-12,F,3.5999999999999996,2.8,0.9876684514240812,0.9862550748045563,0.9951662682828833,0.9727619793337845,412.7589996808948,1.069058145137581,0.9862550748045563,
LNET-01433,series_then_shunt,L,2.2741156702648887e-08,H,C,1.1695452018505142e-11,F,2.8,3.5999999999999996,0.9871796075640532,0.9854164399956871,0.9951897829555235,0.9711254884380847,414.7816542387784,1.0391255080875954,0.9854164399956871,
LNET-00289,series_then_shunt,C,1.2495141045411476e-12,F,L,2.1373267577677528e-09,H,-2.6,-3.8,0.987256849526182,0.9835451806621277,0.9952268909663933,0.9674484680918569,418.01410295015427,1.0361766138413238,0.9835451806621277,
LNET-01553,series_then_shunt,L,2.761426171035937e-08,H,C,9.746210015420952e-12,F,3.4000000000000004,3.0,0.9878038320603488,0.9863391565419227,0.9952703063765412,0.9729289875962265,421.8603709297825,1.0594177391366149,0.9863391565419227,
LNET-01473,series_then_shunt,L,2.4365525038552382e-08,H,C,1.1045704684143746e-11,F,3.0,3.4000000000000004,0.987569025711055,0.9859351587051665,0.9952823221602416,0.97214023003182,422.93738358836754,1.044812572742071,0.9859351587051665,
LNET-01513,series_then_shunt,L,2.5989893374455874e-08,H,C,1.039595734978235e-11,F,3.2,3.2,0.9877722512185736,0.9862357197885594,0.9953084578741099,0.9727278963090128,425.2990603799735,1.051473632880125,0.9862357197885594,
LNET-00089,series_then_shunt,C,9.024268532797177e-13,F,L,2.9006577426848075e-09,H,-3.6,-2.8,0.9881278445840587,0.9851482337775402,0.9953138603917694,0.9705790770575009,425.7905284954066,1.0731534826041498,0.9851482337775402,
LNET-01518,series_then_shunt,L,2.761426171035937e-08,H,L,2.030460419879365e-09,H,3.4000000000000004,-4.0,0.9947200762658039,0.994705122461605,0.9953677522473837,0.989438514238309,430.75583578628874,1.025582020919168,0.994705122461605,
LNET-00249,series_then_shunt,C,1.160263097073923e-12,F,L,2.256067133199294e-09,H,-2.8,-3.6,0.9877855874638595,0.9843350961113015,0.9953731383069863,0.9689925378405224,431.2584362138747,1.0414192791592845,0.9843350961113015,
LNET-01644,series_then_shunt,L,3.248736671806984e-08,H,L,2.388776964563959e-09,H,4.0,-3.4,0.99479770714579,0.9947923100462912,0.9954134023872115,0.9896119358888728,435.05307656018357,1.0362205046864656,0.9947923100462912,
LNET-00129,series_then_shunt,C,9.555107858255836e-13,F,L,2.7072805598391537e-09,H,-3.4,-3.0,0.9882837239502722,0.9852536342514838,0.9954222512201067,0.9707875938061241,435.89597139636766,1.0629283134625087,0.9852536342514838,
LNET-01560,series_then_shunt,L,2.923863004626285e-08,H,L,2.1373267577677528e-09,H,3.5999999999999996,-3.8,0.9947966223811995,0.9947850836811465,0.9954237674078289,0.9895975764599668,436.04072284733667,1.0286375496695281,0.9947850836811465,
LNET-01602,series_then_shunt,L,3.0862998382166346e-08,H,L,2.256067133199294e-09,H,3.8,-3.6,0.9948220292793356,0.9948136249643756,0.9954386159102142,0.9896543499033826,437.4634051051646,1.0321470355886229,0.9948136249643756,
LNET-00209,series_then_shunt,C,1.0829122239356614e-12,F,L,2.388776964563959e-09,H,-3.0,-3.4,0.9881198408694617,0.9848620827896689,0.995451610548505,0.9700232448220842,438.71608441370444,1.047443996081521,0.9848620827896689,
LNET-00169,series_then_shunt,C,1.0152302099396824e-12,F,L,2.538075524849206e-09,H,-3.2,-3.2,0.9882819825392923,0.9851613293773609,0.9954674961516633,0.970608244557959,440.25720946358234,1.0545045618723663,0.9851613293773609,
LNET-01674,series_then_shunt,L,3.248736671806984e-08,H,C,8.446715346698158e-12,F,4.0,2.5999999999999996,0.9886708162890621,0.9874737588166933,0.9954767041227655,0.9751540087337073,441.15546678382685,1.0808232105038205,0.9874737588166933,
LNET-00164,series_then_shunt,C,9.555107858255836e-13,F,C,1.2994946687227937e-11,F,-3.4,4.0,0.9949075163662789,0.994797579746651,0.9955004970537898,0.9896224243539555,443.49354159986984,1.0242165997805512,0.994797579746651,
LNET-01394,series_then_shunt,L,2.1116788366745392e-08,H,C,1.2994946687227937e-11,F,2.5999999999999996,4.0,0.9879054784546996,0.9861644177648294,0.9955146403926617,0.9725944785473719,444.8951288382501,1.0305420754920323,0.9861644177648294,
LNET-00038,series_then_shunt,C,8.12184167951746e-13,F,C,1.1045704684143746e-11,F,-4.0,3.4000000000000004,0.9949563447988428,0.9948619652012752,0.9955269599483227,0.9897505003239976,446.1232041059099,1.0343147357007254,0.9948619652012752,
LNET-00122,series_then_shunt,C,9.024268532797177e-13,F,C,1.2345199352866539e-11,F,-3.6,3.8,0.9949718416390056,0.9948687059564516,0.9955484033295502,0.9897639260168511,448.2770006043497,1.0271163383298458,0.9948687059564516,
LNET-00080,series_then_shunt,C,8.549307031071011e-13,F,C,1.1695452018505142e-11,F,-3.8,3.5999999999999996,0.9949877892387053,0.9948897689402912,0.995556945642047,0.9898058268039313,449.14079029216225,1.0304474961365662,0.9948897689402912,
LNET-00008,series_then_shunt,C,8.12184167951746e-13,F,L,3.1237852613528696e-09,H,-4.0,-2.6,0.9890505837826202,0.9864399730639215,0.9956020315527386,0.973113139874122,453.7554226418808,1.0856194506480434,0.9864399730639215,
LNET-01634,series_then_shunt,L,3.0862998382166346e-08,H,C,9.096462681059554e-12,F,3.8,2.8,0.9890074667072892,0.9877894393817594,0.9956568892409486,0.9757765403985422,459.4994233296615,1.0690410809128825,0.9877894393817594,
LNET-01434,series_then_shunt,L,2.2741156702648887e-08,H,C,1.2345199352866539e-11,F,2.8,3.8,0.9885014677143051,0.9869189446709532,0.9956849964310867,0.9740733245483383,462.49903726815774,1.0347721823758127,0.9869189446709532,
LNET-00288,series_then_shunt,C,1.2495141045411476e-12,F,L,2.030460419879365e-09,H,-2.6,-4.0,0.9885156453534244,0.9851716453155039,0.9956965236083467,0.9706340733519286,463.7405534462912,1.0323228953880754,0.9851716453155039,
LNET-01594,series_then_shunt,L,2.923863004626285e-08,H,C,9.746210015420952e-12,F,3.5999999999999996,3.0,0.9891957155958431,0.9879439003160535,0.9957739599338961,0.976081874319971,472.25627980707577,1.0595140147088034,0.9879439003160535,
LNET-00048,series_then_shunt,C,8.549307031071011e-13,F,L,2.9006577426848075e-09,H,-3.8,-2.8,0.9893946346380514,0.9867885875502214,0.9957828739491448,0.9737998521423402,473.2566325695681,1.0731230052417782,0.9867885875502214,
LNET-01474,series_then_shunt,L,2.4365525038552382e-08,H,C,1.1695452018505142e-11,F,3.0,3.5999999999999996,0.9889071952448752,0.9874457781356938,0.995791134359276,0.9751066779572517,474.18741882574653,1.039574962539345,0.9874457781356938,
LNET-01559,series_then_shunt,L,2.923863004626285e-08,H,L,2.030460419879365e-09,H,3.5999999999999996,-4.0,0.9952465184731263,0.9952350920482836,0.9958105071153869,0.9904930630380705,476.3847468139786,1.0260536782802145,0.9952350920482836,
LNET-01554,series_then_shunt,L,2.761426171035937e-08,H,C,1.039595734978235e-11,F,3.4000000000000004,3.2,0.9892428440393067,0.9879416235839906,0.9958339613116953,0.9760787831057225,479.0723540121225,1.051680174558534,0.9879416235839906,
LNET-01643,series_then_shunt,L,3.248736671806984e-08,H,L,2.256067133199294e-09,H,4.0,-3.6,0.9952900610447863,0.9952840397922799,0.9958352292525372,0.990590475265476,479.21850931852885,1.0326118719513482,0.9952840397922799,
LNET-01514,series_then_shunt,L,2.5989893374455874e-08,H,C,1.1045704684143746e-11,F,3.2,3.4000000000000004,0.9891490726137798,0.9877794492197827,0.9958397294210631,0.9757611970579511,479.737962123389,1.0451341251046802,0.9877794492197827,
LNET-01601,series_then_shunt,L,3.0862998382166346e-08,H,L,2.1373267577677528e-09,H,3.8,-3.8,0.9952900970273094,0.99528145704491,0.9958405418772783,0.9905853411193484,479.83186342824246,1.0291023064041271,0.99528145704491,
LNET-00248,series_then_shunt,C,1.160263097073923e-12,F,L,2.1373267577677528e-09,H,-2.8,-3.8,0.9890431138611617,0.9859460541853953,0.9958490693790089,0.972151588938139,480.81966470026117,1.036798456039425,0.9859460541853953,
LNET-00088,series_then_shunt,C,9.024268532797177e-13,F,L,2.7072805598391537e-09,H,-3.6,-3.0,0.9895965908373432,0.986966282813547,0.9959026176594604,0.9741505378062104,487.1165177610988,1.063019796396467,0.986966282813547,
LNET-00123,series_then_shunt,C,9.024268532797177e-13,F,C,1.2994946687227937e-11,F,-3.6,4.0,0.9954070723654224,0.9953130172229816,0.9959249037535056,0.9906481522864593,489.78595425089867,1.0246665507484016,0.9953130172229816,
LNET-00039,series_then_shunt,C,8.12184167951746e-13,F,C,1.1695452018505142e-11,F,-4.0,3.5999999999999996,0.9954341635492787,0.9953490379164787,0.9959386256193867,0.9907198424192302,491.44413653340644,1.030891256014758,0.9953490379164787,
LNET-00208,series_then_shunt,C,1.0829122239356614e-12,F,L,2.256067133199294e-09,H,-3.0,-3.6,0.98939697413877,0.9864844296370869,0.9959417779491886,0.9732073488375267,491.8266553576375,1.041884527006531,0.9864844296370869,
LNET-00081,series_then_shunt,C,8.549307031071011e-13,F,C,1.2345199352866539e-11,F,-3.8,3.8,0.9954413503968216,0.9953524240940959,0.9959487311646321,0.990726588540838,492.67249651266025,1.0275598991956298,0.9953524240940959,
LNET-00128,series_then_shunt,C,9.555107858255836e-13,F,L,2.538075524849206e-09,H,-3.4,-3.2,0.9896644825413636,0.9869780928060639,0.9959674242239674,0.9741749999802056,494.9609220208375,1.0547137845756198,0.9869780928060639,
LNET-00168,series_then_shunt,C,1.0152302099396824e-12,F,L,2.388776964563959e-09,H,-3.2,-3.4,0.9895997390547185,0.9868212593150028,0.9959803817515263,0.9738679267338853,496.559687604514,1.0477749918427848,0.9868212593150028,
LNET-01675,series_then_shunt,L,3.248736671806984e-08,H,C,9.096462681059554e-12,F,4.0,2.8,0.9901418208404084,0.98908347644043,0.996076829883578,0.9783241564386209,508.7918113793281,1.0689808580436377,0.98908347644043,
LNET-01435,series_then_shunt,L,2.2741156702648887e-08,H,C,1.2994946687227937e-11,F,2.8,4.0,0.9896339758461798,0.9882077320806629,0.9961086231372632,0.9766067716047033,512.9569028000584,1.0311039136383777,0.9882077320806629,
LNET-00007,series_then_shunt,C,8.12184167951746e-13,F,L,2.9006577426848075e-09,H,-4.0,-2.8,0.9904709185406039,0.9881747527645122,0.9961852059839917,0.9765272130368621,523.2747030658206,1.0730480300679364,0.9881747527645122,
LNET-01600,series_then_shunt,L,3.0862998382166346e-08,H,L,2.030460419879365e-09,H,3.8,-4.0,0.9956985716085651,0.9956898728675888,0.9961929921573153,0.9913984552876242,524.346960827269,1.0264687956632388,0.9956898728675888,
LNET-01635,series_then_shunt,L,3.0862998382166346e-08,H,C,9.746210015420952e-12,F,3.8,3.0,0.9903647817545684,0.9892851814850909,0.9962017057602871,0.9787228251250414,525.5521504598273,1.0595499680739382,0.9892851814850909,
LNET-01642,series_then_shunt,L,3.248736671806984e-08,H,L,2.1373267577677528e-09,H,4.0,-3.8,0.9957170454173201,0.9957106560594425,0.9962031202344197,0.9914398355464131,525.7483100546192,1.0295145016117049,0.9957106560594425,
LNET-01475,series_then_shunt,L,2.4365525038552382e-08,H,C,1.2345199352866539e-11,F,3.0,3.8,0.9900461676908057,0.9887334992329477,0.9962231929010545,0.9776402732834897,528.5478290533905,1.0352003379427084,0.9887334992329477,
LNET-00247,series_then_shunt,C,1.160263097073923e-12,F,L,2.030460419879365e-09,H,-2.8,-4.0,0.9901207249218172,0.9873285775299981,0.9962562528941005,0.9748680846387678,533.2241191581367,1.0329064027126198,0.9873285775299981,
LNET-01595,series_then_shunt,L,2.923863004626285e-08,H,C,1.039595734978235e-11,F,3.5999999999999996,3.2,0.9904663311129434,0.9893533732225948,0.9962764206976431,0.9788582723796715,536.1176058299794,1.0518068363976871,0.9893533732225948,
LNET-01515,series_then_shunt,L,2.5989893374455874e-08,H,C,1.1695452018505142e-11,F,3.2,3.5999999999999996,0.9903126732433986,0.98908667903333,0.9962872284045264,0.97833475695397,537.6811304089663,1.039891336394183,0.98908667903333,
LNET-00082,series_then_shunt,C,8.549307031071011e-13,F,C,1.2994946687227937e-11,F,-3.8,4.0,0.9958371068893287,0.9957560577842797,0.9962922567203782,0.9915302408933666,538.4116715124973,1.0250628678866365,0.9957560577842797,
LNET-00040,series_then_shunt,C,8.12184167951746e-13,F,C,1.2345199352866539e-11,F,-4.0,3.8,0.9958484817423227,0.995771301470675,0.9962976216096763,0.9915605933355185,539.1932998601817,1.0279535445314647,0.995771301470675,
LNET-01555,series_then_shunt,L,2.761426171035937e-08,H,C,1.1045704684143746e-11,F,3.4000000000000004,3.4000000000000004,0.9904497916914858,0.9892890337877206,0.9963045528425434,0.978732461849417,540.2064940407625,1.045352244507633,0.9892890337877206,
LNET-00047,series_then_shunt,C,8.549307031071011e-13,F,L,2.7072805598391537e-09,H,-3.8,-3.0,0.9907028123867259,0.9884009349911037,0.9963115761261611,0.9769737657724068,541.2370281749596,1.06304872481689,0.9884009349911037,
LNET-00207,series_then_shunt,C,1.0829122239356614e-12,F,L,2.1373267577677528e-09,H,-3.0,-3.8,0.9904842107203716,0.9878682510737244,0.9963580553778776,0.9759286832275023,548.1571694559319,1.0372430192315456,0.9878682510737244,
LNET-00087,series_then_shunt,C,9.024268532797177e-13,F,L,2.538075524849206e-09,H,-3.6,-3.2,0.9908187387108606,0.9884853532476794,0.9963894784769682,0.9771410058244469,552.9365953760043,1.054840049228124,0.9884853532476794,
LNET-00167,series_then_shunt,C,1.0152302099396824e-12,F,L,2.256067133199294e-09,H,-3.2,-3.6,0.9907136340024734,0.988227952151546,0.996412445532545,0.9766358293324936,556.4828251789074,1.0422119725160188,0.988227952151546,
LNET-00127,series_then_shunt,C,9.555107858255836e-13,F,L,2.388776964563959e-09,H,-3.4,-3.4,0.9908227841134334,0.9884294271938052,0.9964226384206687,0.9770317276764022,558.0712472441345,1.0479986492998072,0.9884294271938052,
LNET-01641,series_then_shunt,L,3.248736671806984e-08,H,L,2.030460419879365e-09,H,4.0,-4.0,0.9960895194861219,0.9960829444013755,0.9965256212688173,0.9921813337710699,574.6424830862273,1.0268365558693653,0.9960829444013755,
LNET-01676,series_then_shunt,L,3.248736671806984e-08,H,C,9.746210015420952e-12,F,4.0,3.0,0.9913556961976586,0.990416943319015,0.9965679847314883,0.9809552407148392,581.7479901822588,1.0595433762288524,0.990416943319015,
LNET-01476,series_then_shunt,L,2.4365525038552382e-08,H,C,1.2994946687227937e-11,F,3.0,4.0,0.991022541752605,0.9898386358548862,0.9965929530571992,0.9798182142450707,586.0186215737533,1.0315098090095862,0.9898386358548862,
LNET-00041,series_then_shunt,C,8.12184167951746e-13,F,C,1.2994946687227937e-11,F,-4.0,4.0,0.9962098578522242,0.9961395527309956,0.9966122979921842,0.9922940966589463,589.370698303978,1.02541420068738,0.9961395527309956,
LNET-01636,series_then_shunt,L,3.0862998382166346e-08,H,C,1.039595734978235e-11,F,3.8,3.2,0.9914945252291785,0.9905339659090115,0.9966523545011654,0.9811870711181684,596.4348241760525,1.0518764681538175,0.9905339659090115,
LNET-00006,series_then_shunt,C,8.12184167951746e-13,F,L,2.7072805598391537e-09,H,-4.0,-3.0,0.9916431684505348,0.9896138723303737,0.9966625366080594,0.9793650363059384,598.2575094095824,1.0630335176547008,0.9896138723303737,
LNET-01516,series_then_shunt,L,2.5989893374455874e-08,H,C,1.2345199352866539e-11,F,3.2,3.8,0.9913035996161452,0.9902015718271641,0.9966673808110437,0.98053327430511,599.1285735338802,1.0355073092730038,0.9902015718271641,
LNET-01596,series_then_shunt,L,2.923863004626285e-08,H,C,1.1045704684143746e-11,F,3.5999999999999996,3.4000000000000004,0.9915325595105613,0.9905389988848265,0.9966960879434287,0.9811977498286254,604.3429890853467,1.045496389746872,0.9905389988848265,
LNET-01556,series_then_shunt,L,2.761426171035937e-08,H,C,1.1695452018505142e-11,F,3.4000000000000004,3.5999999999999996,0.9914703518685035,0.9904305417834482,0.9967011005822163,0.980984379401091,605.2628006232603,1.040112967808796,0.9904305417834482,
LNET-00206,series_then_shunt,C,1.0829122239356614e-12,F,L,2.030460419879365e-09,H,-3.0,-4.0,0.9914164090668725,0.9890564642996119,0.996714350388973,0.9782693084610299,607.7076337317923,1.0333288536993277,0.9890564642996119,
LNET-00046,series_then_shunt,C,8.549307031071011e-13,F,L,2.538075524849206e-09,H,-3.8,-3.2,0.991791837200501,0.9897486123030135,0.9967489414082573,0.9796316387790949,614.1842372449918,1.0549069798375013,0.9897486123030135,
LNET-00166,series_then_shunt,C,1.0152302099396824e-12,F,L,2.1373267577677528e-09,H,-3.2,-3.8,0.9916624024463608,0.9894284111285021,0.9967795261864921,0.9790019508218207,620.0266301844315,1.0375619801146365,0.9894284111285021,
LNET-00086,series_then_shunt,C,9.024268532797177e-13,F,L,2.388776964563959e-09,H,-3.6,-3.4,0.9918444705916162,0.9897643502421445,0.9967961593501848,0.9796633642325538,623.2507723083503,1.048145328707886,0.9897643502421445,
LNET-00126,series_then_shunt,C,9.555107858255836e-13,F,L,2.256067133199294e-09,H,-3.4,-3.6,0.9918023823943715,0.9896599012793331,0.996806269708236,0.9794579213625951,625.2269563455735,1.042440967773802,0.9896599012793331,
LNET-01677,series_then_shunt,L,3.248736671806984e-08,H,C,1.039595734978235e-11,F,4.0,3.2,0.9923664787598662,0.991530634292009,0.9969743913181065,0.9831561739851571,660.0240154217008,1.051905101357841,0.991530634292009,
LNET-01517,series_then_shunt,L,2.5989893374455874e-08,H,C,1.2994946687227937e-11,F,3.2,4.0,0.9921535019524936,0.9911588579923849,0.996992844313144,0.9824236641063974,664.0802978847594,1.031805031519276,0.9911588579923849,
LNET-01637,series_then_shunt,L,3.0862998382166346e-08,H,C,1.1045704684143746e-11,F,3.8,3.4000000000000004,0.992442968208555,0.9915848355838527,0.9970288827710121,0.9832639057697242,672.147454596158,1.0455870532601066,0.9915848355838527,
LNET-01557,series_then_shunt,L,2.761426171035937e-08,H,C,1.2345199352866539e-11,F,3.4000000000000004,3.8,0.9923398942547678,0.9914045470105204,0.9970380957798853,0.9829085928576382,674.2412810710584,1.0357273847617174,0.9914045470105204,
LNET-01597,series_then_shunt,L,2.923863004626285e-08,H,C,1.1695452018505142e-11,F,3.5999999999999996,3.5999999999999996,0.9924345574383047,0.9915438770551658,0.9970498535139942,0.983183467999949,676.9324380965952,1.0402662160429454,0.9915438770551658,
LNET-00005,series_then_shunt,C,8.12184167951746e-13,F,L,2.538075524849206e-09,H,-4.0,-3.2,0.9926194407476591,0.9908171689528681,0.9970575420610415,0.981741777312816,678.7038535435753,1.0549312081300706,0.9908171689528681,
LNET-00165,series_then_shunt,C,1.0152302099396824e-12,F,L,2.030460419879365e-09,H,-3.2,-4.0,0.9924762855269221,0.9904596850587681,0.9970938305152616,0.9810375714772341,687.1911087783684,1.033636509596281,0.9904596850587681,
LNET-00045,series_then_shunt,C,8.549307031071011e-13,F,L,2.388776964563959e-09,H,-3.8,-3.4,0.9927062406072314,0.9908837418823878,0.9971144063002876,0.9818738582323272,692.0982695863669,1.0482362352356087,0.9908837418823878,
LNET-00125,series_then_shunt,C,9.555107858255836e-13,F,L,2.1373267577677528e-09,H,-3.4,-3.8,0.9926371627269822,0.990710458069283,0.997132320700779,0.9815324220748606,696.4280563880566,1.0377905501288602,0.990710458069283,
LNET-00085,series_then_shunt,C,9.024268532797177e-13,F,L,2.256067133199294e-09,H,-3.6,-3.6,0.9927123500665346,0.9908491733050401,0.9971390113889137,0.9818060289986685,698.0590568064551,1.0425986954164446,0.9908491733050401,
LNET-01678,series_then_shunt,L,3.248736671806984e-08,H,C,1.1045704684143746e-11,F,4.0,3.4000000000000004,0.9932154034440095,0.9924681674012872,0.9973140658606424,0.9850114583711705,743.6198961819508,1.0456387197785277,0.9924681674012872,
LNET-01558,series_then_shunt,L,2.761426171035937e-08,H,C,1.2994946687227937e-11,F,3.4000000000000004,4.0,0.9930860382440286,0.9922412462362316,0.9973267104938869,0.9845635702621481,747.1419410155613,1.0320204095559307,0.9922412462362316,
LNET-01638,series_then_shunt,L,3.0862998382166346e-08,H,C,1.1695452018505142e-11,F,3.8,3.5999999999999996,0.9932456708370787,0.9924758595239401,0.9973463892726544,0.9850270971412199,752.6900493316117,1.0403695302611387,0.9924758595239401,
LNET-01598,series_then_shunt,L,2.923863004626285e-08,H,C,1.2345199352866539e-11,F,3.5999999999999996,3.8,0.993203428900553,0.9924016714120392,0.9973505931919684,0.984880646583719,753.8859593540157,1.0358842641468213,0.9924016714120392,
LNET-00004,series_then_shunt,C,8.12184167951746e-13,F,L,2.388776964563959e-09,H,-4.0,-3.4,0.9934395018958527,0.991831058598397,0.9973877166979772,0.983747207874614,764.6137442869712,1.0482864102009553,0.991831058598397,
LNET-00124,series_then_shunt,C,9.555107858255836e-13,F,L,2.030460419879365e-09,H,-3.4,-4.0,0.9933535896473582,0.9916133672285746,0.9974115881094822,0.9833176276356375,771.6745528123342,1.0338610401959183,0.9916133672285746,
LNET-00044,series_then_shunt,C,8.549307031071011e-13,F,L,2.256067133199294e-09,H,-3.8,-3.6,0.9934802500179172,0.9918469225794362,0.997422611103786,0.9837789725768282,774.9791325778953,1.0427042588831876,0.9918469225794362,
LNET-00084,series_then_shunt,C,9.024268532797177e-13,F,L,2.1373267577677528e-09,H,-3.6,-3.8,0.9934522514653185,0.9917757722654242,0.9974304996903915,0.9836385487553042,777.361455151864,1.0379531810330003,0.9917757722654242,
LNET-01679,series_then_shunt,L,3.248736671806984e-08,H,C,1.1695452018505142e-11,F,4.0,3.5999999999999996,0.9939341661460109,0.9932633924972916,0.9976005824997743,0.9865869196362014,832.5356393007511,1.0404360319323305,0.9932633924972916,
LNET-01599,series_then_shunt,L,2.923863004626285e-08,H,C,1.2994946687227937e-11,F,3.5999999999999996,4.0,0.9938634710582464,0.9931388551874248,0.9976082378731792,0.9863407510893037,835.2035578590176,1.0321773493172892,0.9931388551874248,
LNET-01639,series_then_shunt,L,3.0862998382166346e-08,H,C,1.2345199352866539e-11,F,3.8,3.8,0.9939301847032128,0.9932367693315882,0.9976163876614244,0.9865344636630387,838.0626141812646,1.0359946222801204,0.9932367693315882,
LNET-00003,series_then_shunt,C,8.12184167951746e-13,F,L,2.256067133199294e-09,H,-4.0,-3.6,0.9941339227902878,0.992691685059539,0.9976662428244499,0.9854515135552796,855.9871882787464,1.042771293663124,0.992691685059539,
LNET-00083,series_then_shunt,C,9.024268532797177e-13,F,L,2.030460419879365e-09,H,-3.6,-4.0,0.9940875150064618,0.9925724812889681,0.9976802395100182,0.9852159374911988,861.1579721860248,1.0340245392471106,0.9925724812889681,
LNET-00043,series_then_shunt,C,8.549307031071011e-13,F,L,2.1373267577677528e-09,H,-3.8,-3.8,0.9941403881704516,0.9926699486314541,0.9976847211428526,0.9854087284579377,862.8268318418101,1.038067147842313,0.9926699486314541,
LNET-01680,series_then_shunt,L,3.248736671806984e-08,H,C,1.2345199352866539e-11,F,4.0,3.8,0.994547331403767,0.9939427450691273,0.9978442962098445,0.9879341276893195,926.7712499896502,1.0360703811201866,0.9939427450691273,
LNET-01640,series_then_shunt,L,3.0862998382166346e-08,H,C,1.2994946687227937e-11,F,3.8,4.0,0.9945180394446702,0.9938909476285277,0.9978477617586141,0.9878316142565984,928.2651536161471,1.0322909802805054,0.9938909476285277,
LNET-00002,series_then_shunt,C,8.12184167951746e-13,F,L,2.1373267577677528e-09,H,-4.0,-3.8,0.9947263993548541,0.9934273518201597,0.9979031775250062,0.9869098393306426,952.8241905795803,1.0381448464088312,0.9934273518201597,
LNET-00042,series_then_shunt,C,8.549307031071011e-13,F,L,2.030460419879365e-09,H,-3.8,-4.0,0.9947073838397817,0.9933778800820705,0.9979093523872815,0.9868119492294111,955.6413717132281,1.034142687017654,0.9933778800820705,
LNET-01681,series_then_shunt,L,3.248736671806984e-08,H,C,1.2994946687227937e-11,F,4.0,4.0,0.995074101066649,0.9945270175236997,0.9980531996908291,0.9890937521739999,1026.3267322685592,1.0323721684223885,0.9945270175236997,
LNET-00001,series_then_shunt,C,8.12184167951746e-13,F,L,2.030460419879365e-09,H,-4.0,-4.0,0.9952354571270958,0.994060369278599,0.9981062843282912,0.9881657761437322,1055.1247550933954,1.0342267862734815,0.994060369278599,
